id,season,week,date,home,away,homeName,awayName,hs,as,neutral,fbs,prob,outcome,previousProb,benchmark,cutoff,homeScore,awayScore,margin,actualMargin
401525434,2023,1,2023-08-26T18:30Z,87,2426,Notre Dame Fighting Irish,Navy Midshipmen,42,3,True,True,0.8809486748180009,1,0.7222764835841973,0.7298603226484333,2023-08-26T18:30Z,30.509993912016547,21.073179494826345,9.436814417190202,39
401520145,2023,1,2023-08-26T21:30Z,55,2638,Jacksonville State Gamecocks,UTEP Miners,17,14,False,True,0.605288287508711,1,0.6752573369479589,0.7651517835927217,2023-08-26T18:30Z,31.49796742883116,22.77366701577983,8.724300413051331,3
401525450,2023,1,2023-08-26T23:00Z,166,113,New Mexico State Aggies,Massachusetts Minutemen,30,41,False,True,0.7627762295965206,0,0.7649875303379349,0.7367289024819447,2023-08-26T18:30Z,32.75964008960874,23.531091520952657,9.22854856865608,-11
401532392,2023,1,2023-08-26T23:00Z,21,195,San Diego State Aztecs,Ohio Bobcats,20,13,False,True,0.6367859420705515,1,0.6266195255536997,0.5456357285601169,2023-08-26T18:30Z,27.301803612792753,22.669409762045657,4.632393850747096,7
401523986,2023,1,2023-08-27T00:00Z,30,23,USC Trojans,San José State Spartans,56,28,False,True,0.8164093701632131,1,0.7304870355863046,0.8185440389136119,2023-08-26T18:30Z,34.24248268937586,25.623585242156047,8.618897447219815,28
401520146,2023,1,2023-08-27T01:00Z,2348,2229,Louisiana Tech Bulldogs,Florida International Panthers,22,17,False,True,0.698663255849719,1,0.7226438251723803,0.755740045770701,2023-08-26T18:30Z,34.37029519985807,25.97913053673533,8.39116466312274,5
401520147,2023,1,2023-08-27T01:10Z,238,62,Vanderbilt Commodores,Hawai'i Rainbow Warriors,35,28,False,True,0.5976870900645552,1,0.5864017423379186,0.7859708022131692,2023-08-26T18:30Z,29.63671860063405,27.55894051144228,2.0777780891917708,7
401525816,2023,1,2023-08-31T23:00Z,2116,2309,UCF Knights,Kent State Golden Flashes,56,6,False,True,0.7458929096727526,1,0.7147769086220506,0.7844312350530643,2023-08-26T18:30Z,36.38606636998112,26.850484334479514,9.535582035501609,50
401520174,2023,1,2023-08-31T23:30Z,41,152,UConn Huskies,NC State Wolfpack,14,24,False,True,0.1912601689581266,0,0.31795849162619017,0.22131148439211648,2023-08-26T18:30Z,21.468764326392414,30.26049716997728,-8.791732843584867,-10
401520176,2023,1,2023-09-01T00:00Z,254,57,Utah Utes,Florida Gators,24,11,False,True,0.6307313895673244,1,0.7704945985526248,0.73557904129137,2023-08-26T18:30Z,32.414415021597414,25.2678450384647,7.146569983132714,13
401520148,2023,1,2023-09-01T00:00Z,135,158,Minnesota Golden Gophers,Nebraska Cornhuskers,13,10,False,True,0.6872344567879975,1,0.7564387129086844,0.7824990287404121,2023-08-26T18:30Z,28.84886727011475,21.370793858203854,7.478073411910895,3
401520163,2023,1,2023-09-01T23:00Z,127,2117,Michigan State Spartans,Central Michigan Chippewas,31,7,False,True,0.7603756033720622,1,0.6769312847911921,0.8033134586348942,2023-08-26T18:30Z,30.93612179459885,24.142765903694475,6.793355890904376,24
401525463,2023,1,2023-09-01T23:00Z,2390,193,Miami Hurricanes,Miami (OH) RedHawks,38,3,False,True,0.7430571703766062,1,0.610616161359768,0.6168877436783045,2023-08-26T18:30Z,28.078282568868715,23.904211587405186,4.1740709814635295,35
401525462,2023,1,2023-09-01T23:30Z,59,97,Georgia Tech Yellow Jackets,Louisville Cardinals,34,39,True,True,0.2667343947074481,0,0.2222941086540064,0.19818880657426524,2023-08-26T18:30Z,22.709023946911145,31.234462981802395,-8.52543903489125,-5
401523988,2023,1,2023-09-02T03:00Z,62,24,Hawai'i Rainbow Warriors,Stanford Cardinal,24,37,False,True,0.47616777362813034,0,0.574091054032085,0.3261020316772581,2023-08-26T18:30Z,28.842788508426388,27.95494779905211,0.8878407093742773,-13
401520162,2023,1,2023-09-02T16:00Z,130,151,Michigan Wolverines,East Carolina Pirates,30,3,False,True,0.9255722975521881,1,0.8533617358125287,0.8936947580797493,2023-08-26T18:30Z,37.19053020719337,23.18020935627748,14.010320850915889,27
401520179,2023,1,2023-09-02T16:00Z,2633,258,Tennessee Volunteers,Virginia Cavaliers,49,13,True,True,0.8806127410537296,1,0.8578454402300257,0.9313495411603334,2023-08-26T18:30Z,35.218234370191965,24.77575362327346,10.442480746918505,36
401523994,2023,1,2023-09-02T16:00Z,2628,38,TCU Horned Frogs,Colorado Buffaloes,42,45,False,True,0.8834661592992337,0,0.9122797921957683,0.9505960197143185,2023-08-26T18:30Z,37.25344678589673,22.750124594998024,14.503322190898704,-3
401525822,2023,1,2023-09-02T16:00Z,201,2032,Oklahoma Sooners,Arkansas State Red Wolves,73,0,False,True,0.9246744284240631,1,0.866414141571024,0.8900261593465303,2023-08-26T18:30Z,40.41559815515654,23.942555468363263,16.473042686793274,73
401520157,2023,1,2023-09-02T16:00Z,2294,328,Iowa Hawkeyes,Utah State Aggies,24,14,False,True,0.858390188448082,1,0.7449603157870519,0.8456114087647038,2023-08-26T18:30Z,30.259780127822616,19.45659485367483,10.803185274147786,10
401520159,2023,1,2023-09-02T16:00Z,96,2050,Kentucky Wildcats,Ball State Cardinals,44,14,False,True,0.8308766356765459,1,0.7265063989651468,0.8339999235652749,2023-08-26T18:30Z,29.181585032567245,20.2506711429705,8.930913889596745,30
401520160,2023,1,2023-09-02T16:00Z,2335,189,Liberty Flames,Bowling Green Falcons,34,24,False,True,0.7617309173166775,1,0.7813653978390752,0.7640426587542498,2023-08-26T18:30Z,34.04288476460604,20.86681425993156,13.176070504674485,10
401520170,2023,1,2023-09-02T16:00Z,2509,278,Purdue Boilermakers,Fresno State Bulldogs,35,39,False,True,0.5410826715844792,0,0.43749765132743695,0.49342707010425635,2023-08-26T18:30Z,28.563393014121726,27.983151450329874,0.5802415637918514,-4
401520172,2023,1,2023-09-02T16:00Z,2567,2348,SMU Mustangs,Louisiana Tech Bulldogs,38,14,False,True,0.8094354072919454,1,0.8149241563356486,0.8689586727011668,2023-08-26T18:30Z,39.52721476611296,27.771732078781618,11.755482687331344,24
401525464,2023,1,2023-09-02T16:00Z,103,2459,Boston College Eagles,Northern Illinois Huskies,24,27,False,True,0.6686101821747794,0,0.5631771149508811,0.6004589510309409,2023-08-26T18:30Z,30.0415206717886,25.99732315689261,4.044197514895991,-3
401531387,2023,1,2023-09-02T18:00Z,218,2006,Temple Owls,Akron Zips,24,21,False,True,0.6364562086112666,1,0.5751687931060862,0.6354078086298122,2023-08-26T18:30Z,29.767952885316404,24.791379313321325,4.976573571995079,3
401520156,2023,1,2023-09-02T19:30Z,84,194,Indiana Hoosiers,Ohio State Buckeyes,3,23,False,True,0.07428821612108544,0,0.1239113369417083,0.09058199647339225,2023-08-26T18:30Z,24.281219587645637,38.4688487630437,-14.187629175398065,-20
401523997,2023,1,2023-09-02T19:30Z,264,68,Washington Huskies,Boise State Broncos,56,19,False,True,0.6072152986636105,1,0.5769366342897357,0.6678197918747449,2023-08-26T18:30Z,28.882483179720413,27.19005998224427,1.692423197476142,37
401525824,2023,1,2023-09-02T19:30Z,251,242,Texas Longhorns,Rice Owls,37,10,False,True,0.9577836233336817,1,0.8913288786914765,0.9524115023907217,2023-08-26T18:30Z,37.657488144701674,19.70514572068355,17.952342424018124,27
401520180,2023,1,2023-09-02T19:30Z,275,2084,Wisconsin Badgers,Buffalo Bulls,38,17,False,True,0.8252964302396291,1,0.7713203895256877,0.7976244139477207,2023-08-26T18:30Z,31.090674952378016,21.44486727235446,9.645807680023555,21
401520151,2023,1,2023-09-02T19:30Z,2,113,Auburn Tigers,Massachusetts Minutemen,59,14,False,True,0.9554145840058837,1,0.9049872079189214,0.939375963044657,2023-08-26T18:30Z,37.382095974122564,16.34320012418761,21.038895849934953,45
401520181,2023,1,2023-09-02T19:30Z,98,58,Western Kentucky Hilltoppers,South Florida Bulls,41,24,False,True,0.7883595855985807,1,0.8674574789360249,0.851307535933869,2023-08-26T18:30Z,38.49605014646626,24.86344277048045,13.63260737598581,17
401523991,2023,1,2023-09-02T20:00Z,249,25,North Texas Mean Green,California Golden Bears,21,58,False,True,0.43106038341016284,0,0.6648774907967497,0.5152199051126053,2023-08-26T18:30Z,27.83676292828706,26.51571331308041,1.3210496152066504,-37
401523996,2023,1,2023-09-02T22:30Z,30,2440,USC Trojans,Nevada Wolf Pack,66,14,False,True,0.8634680959713392,1,0.824805880932995,0.9146856211343336,2023-08-26T18:30Z,35.96353516476311,26.166814813502082,9.796720351261026,52
401520173,2023,1,2023-09-02T23:00Z,245,167,Texas A&M Aggies,New Mexico Lobos,52,10,False,True,0.9393025655810838,1,0.8705627717760206,0.9010448270975311,2023-08-26T18:30Z,31.598034358557168,14.851093693272652,16.746940665284516,42
401520175,2023,1,2023-09-02T23:00Z,2433,349,UL Monroe Warhawks,Army Black Knights,17,13,False,True,0.2858822176643684,1,0.3597639423891152,0.3250855653038379,2023-08-26T18:30Z,23.882321130674676,30.379872803514235,-6.49755167283956,4
401523990,2023,1,2023-09-02T23:00Z,36,265,Colorado State Rams,Washington State Cougars,24,50,False,True,0.3410309849587296,0,0.4235997529606532,0.2069191484329948,2023-08-26T18:30Z,24.02636220330819,28.168688208939177,-4.142326005630988,-26
401525817,2023,1,2023-09-02T23:00Z,239,326,Baylor Bears,Texas State Bobcats,31,42,False,True,0.887251900446738,0,0.8200626269868675,0.8757261014603158,2023-08-26T18:30Z,33.6879906923985,19.765049083258575,13.922941609139926,-11
401525819,2023,1,2023-09-02T23:00Z,248,2636,Houston Cougars,UTSA Roadrunners,17,14,False,True,0.5686613967464633,1,0.5580177910295108,0.5354332898315958,2023-08-26T18:30Z,32.91941675642752,29.34786956561807,3.5715471908094543,3
401520149,2023,1,2023-09-02T23:30Z,333,2393,Alabama Crimson Tide,Middle Tennessee Blue Raiders,56,7,False,True,0.9774915836042994,1,0.9164614421770085,0.9601238944655861,2023-08-26T18:30Z,41.323972910021574,19.344603317965813,21.97936959205576,49
401520169,2023,1,2023-09-02T23:30Z,213,277,Penn State Nittany Lions,West Virginia Mountaineers,38,15,False,True,0.8839886788190908,1,0.8401369345166734,0.8649283162173327,2023-08-26T18:30Z,32.35500276700277,20.85840753036147,11.496595236641301,23
401520167,2023,1,2023-09-02T23:30Z,2579,153,South Carolina Gamecocks,North Carolina Tar Heels,17,31,True,True,0.5171547530883625,0,0.4950337534161508,0.5481824697751405,2023-08-26T18:30Z,30.553120508236454,32.13735366647686,-1.5842331582404086,-14
401520155,2023,1,2023-09-02T23:30Z,356,2649,Illinois Fighting Illini,Toledo Rockets,30,28,False,True,0.6813467477931322,1,0.6338290125430455,0.7991377543289512,2023-08-26T18:30Z,28.38526448577511,23.944009328539725,4.4412551572353856,2
401531347,2023,1,2023-09-03T00:00Z,2655,6,Tulane Green Wave,South Alabama Jaguars,37,17,False,True,0.7173080194000375,1,0.717458617758187,0.7270050224233898,2023-08-26T18:30Z,31.248503969556285,23.602933433923308,7.645570535632977,20
401525467,2023,1,2023-09-03T00:00Z,259,295,Virginia Tech Hokies,Old Dominion Monarchs,36,17,False,True,0.7124856583341246,1,0.6032583412518276,0.596887384396609,2023-08-26T18:30Z,28.019651497748438,23.00285683248663,5.016794665261809,19
401525825,2023,1,2023-09-03T00:50Z,2751,2641,Wyoming Cowboys,Texas Tech Red Raiders,35,33,False,True,0.41423083309408915,1,0.4348452797940364,0.2728510871246276,2023-08-26T18:30Z,27.30161333355134,27.729488277818973,-0.4278749442676322,2
401520152,2023,1,2023-09-03T02:15Z,252,2534,BYU Cougars,Sam Houston Bearkats,14,0,False,True,0.7382587938631457,1,0.6344041804039436,0.5893533671929888,2023-08-26T18:30Z,31.658160840878633,25.051499848432584,6.606660992446049,14
401523995,2023,1,2023-09-03T02:30Z,26,324,UCLA Bruins,Coastal Carolina Chanticleers,27,13,False,True,0.7426140993486199,1,0.7396725599889384,0.7908772480837543,2023-08-26T18:30Z,35.61522079645949,29.832026665931323,5.783194130528166,14
401520171,2023,1,2023-09-03T16:00Z,164,77,Rutgers Scarlet Knights,Northwestern Wildcats,24,7,False,True,0.5132627241811581,1,0.5095872977182971,0.4946741703704371,2023-08-26T18:30Z,23.35792531751835,22.968941238781383,0.38898407873696783,17
401532573,2023,1,2023-09-03T19:30Z,23,204,San José State Spartans,Oregon State Beavers,17,42,False,True,0.397984656821438,0,0.38562912122378423,0.2786620759896774,2023-08-26T18:30Z,25.806188241472505,27.935219501882777,-2.1290312604102724,-25
401520182,2023,1,2023-09-03T23:30Z,52,99,Florida State Seminoles,LSU Tigers,45,24,True,True,0.35652660818385956,1,0.45988203361441427,0.4628488163659596,2023-08-26T18:30Z,27.79085148397332,30.666058657934443,-2.8752071739611225,21
401525468,2023,1,2023-09-05T00:00Z,150,228,Duke Blue Devils,Clemson Tigers,28,7,False,True,0.15206933154456265,1,0.3395195981452104,0.35885923176985746,2023-08-26T18:30Z,22.66491574217804,32.36721461982735,-9.702298877649312,21
401520195,2023,2,2023-09-08T23:30Z,2305,356,Kansas Jayhawks,Illinois Fighting Illini,34,23,False,True,0.3737896339574992,1,0.37655261117929495,0.45191057697346915,2023-09-07T23:30Z,26.612989999001805,29.987255991120776,-3.3742659921189713,11
401520216,2023,2,2023-09-09T15:00Z,154,238,Wake Forest Demon Deacons,Vanderbilt Commodores,36,20,False,True,0.7907137597063532,1,0.8329638461304878,0.8239880407033567,2023-09-07T23:30Z,37.35004401986367,24.298094754866213,13.051949264997454,16
401520191,2023,2,2023-09-09T16:00Z,61,2050,Georgia Bulldogs,Ball State Cardinals,45,3,False,True,0.9895123785459689,1,0.9657251660800108,0.9871040244118985,2023-09-07T23:30Z,39.537982824994735,13.282506391236245,26.25547643375849,42
401525436,2023,2,2023-09-09T16:00Z,152,87,NC State Wolfpack,Notre Dame Fighting Irish,24,45,False,True,0.1827389665367661,0,0.29753522735151405,0.21791945018157277,2023-09-07T23:30Z,19.422014921091854,27.15397642832534,-7.7319615072334855,-21
401523999,2023,2,2023-09-09T16:00Z,239,254,Baylor Bears,Utah Utes,13,20,False,True,0.2629579530421465,0,0.3066638304828204,0.18150348073916106,2023-09-07T23:30Z,23.064650600099675,29.599492292552256,-6.534841692452581,-7
401525829,2023,2,2023-09-09T16:00Z,2306,2653,Kansas State Wildcats,Troy Trojans,42,13,False,True,0.7869437585206743,1,0.6927630539370939,0.7937218936083698,2023-09-07T23:30Z,27.963053621577252,19.48376703910604,8.479286582471211,29
401520188,2023,2,2023-09-09T16:00Z,38,158,Colorado Buffaloes,Nebraska Cornhuskers,36,14,False,True,0.4131238206161519,1,0.3333565705116917,0.3783163756711032,2023-09-07T23:30Z,25.209217105645088,27.804361349736567,-2.595144244091479,22
401520215,2023,2,2023-09-09T16:00Z,259,2509,Virginia Tech Hokies,Purdue Boilermakers,17,24,False,True,0.5849399282376954,0,0.5177641547798808,0.5012044243549444,2023-09-07T23:30Z,29.455545928269892,27.30597762801184,2.1495683002580535,-7
401525498,2023,2,2023-09-09T16:00Z,258,256,Virginia Cavaliers,James Madison Dukes,35,36,False,True,0.49284415040247903,0,0.26123852071936005,0.23036696530517528,2023-09-07T23:30Z,24.206250762510177,29.615010175238822,-5.408759412728646,-1
401520202,2023,2,2023-09-09T19:30Z,130,2439,Michigan Wolverines,UNLV Rebels,35,7,False,True,0.9708761055199343,1,0.9343283194187089,0.9648668582985461,2023-09-07T23:30Z,36.926182776721625,14.95290210653582,21.973280670185805,28
401520214,2023,2,2023-09-09T19:30Z,2655,145,Tulane Green Wave,Ole Miss Rebels,20,37,False,True,0.5442919911422857,0,0.6607320083404409,0.642455423676328,2023-09-07T23:30Z,31.19280743051631,27.6370849613182,3.555722469198109,-17
401520201,2023,2,2023-09-09T19:30Z,2390,245,Miami Hurricanes,Texas A&M Aggies,48,33,False,True,0.4495395816951953,1,0.49278860991347295,0.396134116954327,2023-09-07T23:30Z,24.130089921209873,25.534282071228255,-1.4041921500183818,15
401520194,2023,2,2023-09-09T19:30Z,66,2294,Iowa State Cyclones,Iowa Hawkeyes,13,20,False,True,0.5454274305399457,0,0.5699028126540481,0.5188662753623553,2023-09-07T23:30Z,21.218490090141362,18.602774834906956,2.615715255234406,-7
401520207,2023,2,2023-09-09T19:30Z,77,2638,Northwestern Wildcats,UTEP Miners,38,7,False,True,0.5593830918836313,1,0.41722766210660256,0.4690804932034758,2023-09-07T23:30Z,21.150871368268977,19.633766320036262,1.5171050482327146,31
401525497,2023,2,2023-09-09T19:30Z,183,2711,Syracuse Orange,Western Michigan Broncos,48,7,False,True,0.74091593587176,1,0.6716108014817204,0.8238424074424411,2023-09-07T23:30Z,27.82693256741332,23.321421677984418,4.505510889428901,41
401526833,2023,2,2023-09-09T19:30Z,113,193,Massachusetts Minutemen,Miami (OH) RedHawks,28,41,False,True,0.3763049875715903,0,0.4156486526774267,0.44007340929489225,2023-09-07T23:30Z,24.43735879816944,29.645126807031502,-5.207768008862061,-13
401531395,2023,2,2023-09-09T19:30Z,2636,326,UTSA Roadrunners,Texas State Bobcats,20,13,False,True,0.7607625819805084,1,0.809904798852465,0.6937755668750407,2023-09-07T23:30Z,31.04377668185349,23.157120544469088,7.886656137384403,7
401520184,2023,2,2023-09-09T20:00Z,8,2309,Arkansas Razorbacks,Kent State Golden Flashes,28,6,False,True,0.887323498032854,1,0.860224496723724,0.9373281935380423,2023-09-07T23:30Z,38.617657762343335,22.947977308307923,15.669680454035412,22
401531411,2023,2,2023-09-09T20:00Z,151,276,East Carolina Pirates,Marshall Thundering Herd,13,31,False,True,0.5360123534601302,0,0.4879038388140571,0.4990721787170865,2023-09-07T23:30Z,22.820023649761087,23.958360086771354,-1.1383364370102669,-18
401524004,2023,2,2023-09-09T21:00Z,264,202,Washington Huskies,Tulsa Golden Hurricane,43,10,False,True,0.9063199924570798,1,0.8397058187393034,0.9301394528426385,2023-09-07T23:30Z,35.610540134016865,22.16186110826619,13.448679025750675,33
401525495,2023,2,2023-09-09T21:15Z,153,2026,North Carolina Tar Heels,Appalachian State Mountaineers,40,34,False,True,0.7600296396879918,1,0.6364403288765561,0.7396469265691071,2023-09-07T23:30Z,31.9481387268625,27.99520316941487,3.9529355574476277,6
401525830,2023,2,2023-09-09T22:00Z,201,2567,Oklahoma Sooners,SMU Mustangs,28,11,False,True,0.8940859098703953,1,0.7862391814076823,0.894553676274667,2023-09-07T23:30Z,40.67765125684279,25.77181363868928,14.905837618153512,17
401520198,2023,2,2023-09-09T22:00Z,2335,166,Liberty Flames,New Mexico State Aggies,33,17,False,True,0.8559800890163168,1,0.8131097905712927,0.8995644689032659,2023-09-07T23:30Z,36.89018726318735,21.160685870637277,15.729501392550073,16
401531378,2023,2,2023-09-09T22:00Z,290,5,Georgia Southern Eagles,UAB Blazers,49,35,False,True,0.4794792263617076,1,0.4606413646492959,0.47608681224757765,2023-09-07T23:30Z,26.238000816405822,26.92365548196594,-0.6856546655601186,14
401531419,2023,2,2023-09-09T22:00Z,2226,195,Florida Atlantic Owls,Ohio Bobcats,10,17,False,True,0.5983402572122201,0,0.5300256485343902,0.5497086398650785,2023-09-07T23:30Z,26.297914992640305,23.626132773812905,2.671782218827399,-7
401531842,2023,2,2023-09-09T22:00Z,295,309,Old Dominion Monarchs,Louisiana Ragin' Cajuns,38,31,False,True,0.2687008212688347,1,0.362046165719233,0.2864354569590835,2023-09-07T23:30Z,21.281312106809317,28.379547581884854,-7.098235475075537,7
401520189,2023,2,2023-09-09T22:30Z,2229,249,Florida International Panthers,North Texas Mean Green,46,39,False,True,0.4555393566604998,1,0.40092604721815184,0.41028665417400423,2023-09-07T23:30Z,30.07178586490531,29.65397728603579,0.4178085788695185,7
401525496,2023,2,2023-09-09T22:30Z,221,2132,Pittsburgh Panthers,Cincinnati Bearcats,21,27,False,True,0.577183457628811,0,0.6235852304397396,0.5948968934058707,2023-09-07T23:30Z,25.296783581326505,24.79328170944081,0.5035018718856961,-6
401520183,2023,2,2023-09-09T23:00Z,333,251,Alabama Crimson Tide,Texas Longhorns,24,34,False,True,0.8603524242779818,0,0.8022648274338695,0.8410837955109578,2023-09-07T23:30Z,37.00976313838324,22.748975258788267,14.260787879594975,-10
401524002,2023,2,2023-09-09T23:00Z,2641,2483,Texas Tech Red Raiders,Oregon Ducks,30,38,False,True,0.30122607279572977,0,0.48851292239040844,0.41036060982906275,2023-09-07T23:30Z,30.923089182705375,31.456153207212473,-0.5330640245070981,-8
401520187,2023,2,2023-09-09T23:00Z,324,55,Coastal Carolina Chanticleers,Jacksonville State Gamecocks,30,16,False,True,0.636773794879426,1,0.5582496819637244,0.47760157985750895,2023-09-07T23:30Z,26.366780718799273,23.105279896060424,3.2615008227388493,14
401520192,2023,2,2023-09-09T23:00Z,2247,41,Georgia State Panthers,UConn Huskies,35,14,False,True,0.7692298367541025,1,0.7869991141359145,0.7269273167312861,2023-09-07T23:30Z,32.92906081314027,21.29375825985592,11.635302553284347,21
401520206,2023,2,2023-09-09T23:00Z,142,2393,Missouri Tigers,Middle Tennessee Blue Raiders,23,19,False,True,0.8312220617837477,1,0.7553740633056166,0.8790085580456999,2023-09-07T23:30Z,32.725607702181804,22.06607972527211,10.659527976909693,4
401525827,2023,2,2023-09-09T23:00Z,68,2116,Boise State Broncos,UCF Knights,16,18,False,True,0.39626986676513737,0,0.34386406987594137,0.11498477309685501,2023-09-07T23:30Z,25.52121270205802,33.54950618750484,-8.02829348544682,-2
401525831,2023,2,2023-09-09T23:00Z,242,248,Rice Owls,Houston Cougars,43,41,False,True,0.27839420972250484,1,0.2498866554078931,0.19299557925947847,2023-09-07T23:30Z,20.828770771395995,29.036251478832618,-8.207480707436623,2
401531427,2023,2,2023-09-09T23:00Z,2032,235,Arkansas State Red Wolves,Memphis Tigers,3,37,False,True,0.10900732979248247,0,0.13040296241966265,0.05092230608616236,2023-09-07T23:30Z,23.04202810528908,37.601702189150416,-14.559674083861335,-34
401520217,2023,2,2023-09-09T23:30Z,265,275,Washington State Cougars,Wisconsin Badgers,31,22,False,True,0.4650216970997613,1,0.5029495934401209,0.562351937255916,2023-09-07T23:30Z,27.537015754599643,26.26248714650564,1.274528608094002,9
401520200,2023,2,2023-09-09T23:30Z,120,2429,Maryland Terrapins,Charlotte 49ers,38,20,False,True,0.8875384674071454,1,0.8346144329632402,0.9186454329135273,2023-09-07T23:30Z,34.74616469406625,22.691374358899978,12.054790335166274,18
401520204,2023,2,2023-09-09T23:30Z,135,2199,Minnesota Golden Gophers,Eastern Michigan Eagles,25,6,False,True,0.8056152091136101,1,0.719767218121698,0.8213423113225478,2023-09-07T23:30Z,28.520743212455525,19.103435977112767,9.417307235342758,19
401520205,2023,2,2023-09-09T23:30Z,344,12,Mississippi State Bulldogs,Arizona Wildcats,31,24,False,True,0.7795998694991269,1,0.7762608985996994,0.8164110739007044,2023-09-07T23:30Z,33.178838571215636,21.78713587649913,11.391702694716507,7
401520210,2023,2,2023-09-09T23:30Z,164,218,Rutgers Scarlet Knights,Temple Owls,36,7,False,True,0.7749116100386176,1,0.6551912844052136,0.7442745694408566,2023-09-07T23:30Z,27.15035276444691,18.149760954483597,9.000591809963314,29
401524001,2023,2,2023-09-09T23:30Z,21,26,San Diego State Aztecs,UCLA Bruins,10,35,False,True,0.43552113847058127,0,0.4343713869574526,0.3369151527078405,2023-09-07T23:30Z,22.919698157803946,24.031577439430023,-1.1118792816260772,-25
401520211,2023,2,2023-09-10T00:00Z,2534,2005,Sam Houston Bearkats,Air Force Falcons,3,13,True,True,0.2216655304417592,0,0.29648399215667043,0.3104225691094544,2023-09-07T23:30Z,18.258910905299285,24.062291792503544,-5.803380887204259,-10
401525493,2023,2,2023-09-10T00:30Z,52,2572,Florida State Seminoles,Southern Miss Golden Eagles,66,13,False,True,0.9271082586479349,1,0.8703856283059652,0.9457580191228976,2023-09-07T23:30Z,35.03157416187042,18.952961756196164,16.078612405674253,53
401524003,2023,2,2023-09-10T02:30Z,30,24,USC Trojans,Stanford Cardinal,56,10,False,True,0.9210116990131011,1,0.9038277019815042,0.9337778553648424,2023-09-07T23:30Z,41.55307276954568,24.72040112334881,16.832671646196868,46
401520186,2023,2,2023-09-10T02:30Z,25,2,California Golden Bears,Auburn Tigers,10,14,False,True,0.40154637887075123,0,0.5084695990215303,0.4752880911867132,2023-09-07T23:30Z,27.245828858719587,27.1237681798268,0.12206067889278671,-4
401523998,2023,2,2023-09-10T02:30Z,9,197,Arizona State Sun Devils,Oklahoma State Cowboys,15,27,False,True,0.4247263909150353,0,0.47099991826590415,0.3901624126335863,2023-09-07T23:30Z,25.89639487415251,26.763974454080778,-0.8675795799282682,-12
401531428,2023,3,2023-09-14T23:30Z,235,2426,Memphis Tigers,Navy Midshipmen,28,24,False,True,0.8747752085801591,1,0.8046344219197764,0.8568597920627087,2023-09-14T23:30Z,29.55548613942629,16.407974844991948,13.147511294434342,4
401520231,2023,3,2023-09-15T23:00Z,120,258,Maryland Terrapins,Virginia Cavaliers,42,14,False,True,0.8482761497314123,1,0.8194968435313722,0.8249360993363261,2023-09-14T23:30Z,32.99593158549652,22.846077438910875,10.149854146585646,28
401531396,2023,3,2023-09-15T23:00Z,2636,349,UTSA Roadrunners,Army Black Knights,29,37,False,True,0.6776373187115697,0,0.7545912239728709,0.7274999242439254,2023-09-14T23:30Z,22.438737951360213,17.17374680984219,5.264991141518024,-8
401532581,2023,3,2023-09-16T00:00Z,2005,328,Air Force Falcons,Utah State Aggies,39,21,False,True,0.8047505378384605,1,0.823580086223445,0.7973166222947204,2023-09-14T23:30Z,27.08187397418688,16.642341487111793,10.439532487075088,18
401525500,2023,3,2023-09-16T16:00Z,103,52,Boston College Eagles,Florida State Seminoles,29,31,False,True,0.11094819565957789,0,0.1122948110441459,0.03074140026198226,2023-09-14T23:30Z,20.85337897571533,36.021658721475674,-15.168279745760344,-2
401520226,2023,3,2023-09-16T16:00Z,356,213,Illinois Fighting Illini,Penn State Nittany Lions,13,30,False,True,0.22608297511587674,0,0.30505755685653413,0.21447254027770857,2023-09-14T23:30Z,20.250531798508746,28.140599356794297,-7.890067558285551,-17
401520235,2023,3,2023-09-16T16:00Z,344,99,Mississippi State Bulldogs,LSU Tigers,14,41,False,True,0.47652318506300745,0,0.49078760556764,0.545010090967184,2023-09-14T23:30Z,28.46346052068164,26.144454368337218,2.3190061523444214,-27
401520236,2023,3,2023-09-16T16:00Z,142,2306,Missouri Tigers,Kansas State Wildcats,30,27,False,True,0.33568984486332937,1,0.32757903226452095,0.14076777985998795,2023-09-14T23:30Z,21.291550898455853,28.454517646287556,-7.162966747831703,3
401520222,2023,3,2023-09-16T16:00Z,2084,2335,Buffalo Bulls,Liberty Flames,27,55,False,True,0.4784827775352331,0,0.4439290264943824,0.42223704843724136,2023-09-14T23:30Z,27.2637569177112,27.535987857156826,-0.2722309394456275,-28
401520230,2023,3,2023-09-16T16:00Z,84,97,Indiana Hoosiers,Louisville Cardinals,14,21,True,True,0.32623930093697934,0,0.20473706855235635,0.2578654520948306,2023-09-14T23:30Z,21.656959895419288,28.240712184617575,-6.583752289198287,-7
401520249,2023,3,2023-09-16T16:00Z,275,290,Wisconsin Badgers,Georgia Southern Eagles,35,14,False,True,0.8004074095252367,1,0.7681183360223451,0.7461026048689494,2023-09-14T23:30Z,32.8064491943278,23.46890498470333,9.337544209624468,21
401525504,2023,3,2023-09-16T16:00Z,295,154,Old Dominion Monarchs,Wake Forest Demon Deacons,24,27,False,True,0.25257493638869,0,0.34138829825059513,0.1795795670726705,2023-09-14T23:30Z,26.98023627638445,33.42209461948072,-6.441858343096268,-3
401525838,2023,3,2023-09-16T16:00Z,195,66,Ohio Bobcats,Iowa State Cyclones,10,7,False,True,0.33981186096830424,1,0.5528199184406319,0.42140263493353036,2023-09-14T23:30Z,20.664989820804315,21.658514919861236,-0.9935250990569209,3
401526834,2023,3,2023-09-16T18:00Z,2199,113,Eastern Michigan Eagles,Massachusetts Minutemen,19,17,False,True,0.8626346502450823,1,0.8580085886631381,0.8468746996974553,2023-09-14T23:30Z,37.741379149911445,22.883445281235968,14.857933868675477,2
401525437,2023,3,2023-09-16T18:30Z,87,2117,Notre Dame Fighting Irish,Central Michigan Chippewas,41,17,False,True,0.971785891763076,1,0.9282528293463247,0.9760031607962292,2023-09-14T23:30Z,38.242904811061884,14.65770058373566,23.585204227326223,24
401520225,2023,3,2023-09-16T19:30Z,61,2579,Georgia Bulldogs,South Carolina Gamecocks,24,14,False,True,0.9607818656489714,1,0.9452115988311642,0.9597906812394043,2023-09-14T23:30Z,36.53128860830396,12.727881656454027,23.803406951849933,10
401520244,2023,3,2023-09-16T19:30Z,58,333,South Florida Bulls,Alabama Crimson Tide,3,17,False,True,0.0333049739433201,0,0.08806715084309859,0.03516123640178441,2023-09-14T23:30Z,20.763779973945415,42.404448226957456,-21.64066825301204,-14
401524009,2023,3,2023-09-16T19:30Z,204,21,Oregon State Beavers,San Diego State Aztecs,26,9,False,True,0.8344305372437695,1,0.8520585332813917,0.9167536748435895,2023-09-14T23:30Z,28.610460847981628,16.03344623578457,12.577014612197058,17
401525842,2023,3,2023-09-16T19:30Z,202,201,Tulsa Golden Hurricane,Oklahoma Sooners,17,66,False,True,0.04791923901301071,0,0.16448481838878193,0.04873462308781331,2023-09-14T23:30Z,19.314358706434415,36.04302620452781,-16.728667498093397,-49
401520239,2023,3,2023-09-16T19:30Z,153,135,North Carolina Tar Heels,Minnesota Golden Gophers,31,13,False,True,0.7201534850284864,1,0.5742526852445589,0.5898162145671795,2023-09-14T23:30Z,25.81138669576707,22.839043534909045,2.972343160858024,18
401520223,2023,3,2023-09-16T19:30Z,150,77,Duke Blue Devils,Northwestern Wildcats,38,14,False,True,0.7316602971445926,1,0.7391173833278337,0.8199720138989746,2023-09-14T23:30Z,25.1861302690588,19.212365432147575,5.973764836911226,24
401520227,2023,3,2023-09-16T19:30Z,2294,2711,Iowa Hawkeyes,Western Michigan Broncos,41,10,False,True,0.9366979770213628,1,0.8537640131160521,0.9506617872615617,2023-09-14T23:30Z,30.97734801501403,12.56408248905107,18.41326552596296,31
401520243,2023,3,2023-09-16T19:30Z,164,259,Rutgers Scarlet Knights,Virginia Tech Hokies,35,16,False,True,0.6893409724041842,1,0.6335792586772293,0.721090873144332,2023-09-14T23:30Z,23.657486370293334,18.829049835690753,4.828436534602581,19
401520246,2023,3,2023-09-16T19:30Z,41,2229,UConn Huskies,Florida International Panthers,17,24,False,True,0.6316833049454724,0,0.6683641621492118,0.6578690670366039,2023-09-14T23:30Z,26.9274713883929,24.362631987729777,2.5648394006631214,-7
401531412,2023,3,2023-09-16T19:30Z,2026,151,Appalachian State Mountaineers,East Carolina Pirates,43,28,False,True,0.6696530200977946,1,0.7180903256570043,0.7205189511216348,2023-09-14T23:30Z,33.506405957365445,22.900849623445936,10.605556333919509,15
401520240,2023,3,2023-09-16T20:00Z,194,98,Ohio State Buckeyes,Western Kentucky Hilltoppers,63,10,False,True,0.9341011937103281,1,0.8374340112398364,0.8718181196091577,2023-09-14T23:30Z,36.58447245483355,22.166412195095734,14.418060259737818,53
401520245,2023,3,2023-09-16T20:00Z,245,2433,Texas A&M Aggies,UL Monroe Warhawks,47,3,False,True,0.9219103391169254,1,0.8440497564017737,0.8566478239620722,2023-09-14T23:30Z,35.308112745490334,19.335856074623354,15.97225667086698,44
401531348,2023,3,2023-09-16T20:00Z,2572,2655,Southern Miss Golden Eagles,Tulane Green Wave,3,21,False,True,0.2499334195227232,0,0.23904834205309694,0.11719316795794152,2023-09-14T23:30Z,22.712327052694242,33.083852931181724,-10.371525878487482,-18
401520233,2023,3,2023-09-16T21:00Z,127,264,Michigan State Spartans,Washington Huskies,7,41,False,True,0.3413417439324,0,0.32439206557169187,0.2077386085614238,2023-09-14T23:30Z,24.16589558585312,29.781581163266267,-5.615685577413146,-34
401531403,2023,3,2023-09-16T22:00Z,2429,2247,Charlotte 49ers,Georgia State Panthers,25,41,False,True,0.32691573846373556,0,0.2925107212069056,0.20915171730822768,2023-09-14T23:30Z,25.898165715671215,32.66972006766263,-6.771554351991416,-16
401520224,2023,3,2023-09-16T23:00Z,57,2633,Florida Gators,Tennessee Volunteers,29,16,False,True,0.31854912432950855,1,0.21331334062836343,0.11957426452863691,2023-09-14T23:30Z,25.290554587077473,31.87245726861166,-6.581902681534189,13
401520229,2023,3,2023-09-16T23:00Z,2348,249,Louisiana Tech Bulldogs,North Texas Mean Green,37,40,False,True,0.6389048984766537,0,0.570894741737247,0.6191620361153213,2023-09-14T23:30Z,34.71121287282391,30.27116203174299,4.440050841080918,-3
401520237,2023,3,2023-09-16T23:00Z,158,2459,Nebraska Cornhuskers,Northern Illinois Huskies,35,11,False,True,0.653454355536835,1,0.6408321915958028,0.6157442830998756,2023-09-14T23:30Z,27.35780026897882,22.871405602618193,4.486394666360628,24
401520247,2023,3,2023-09-16T23:00Z,2439,238,UNLV Rebels,Vanderbilt Commodores,40,37,False,True,0.5254310840148635,1,0.6045769058651336,0.5389844276990969,2023-09-14T23:30Z,27.501254085520902,24.69630263875408,2.8049514467668217,3
401525835,2023,3,2023-09-16T23:00Z,2132,193,Cincinnati Bearcats,Miami (OH) RedHawks,24,31,False,True,0.8693068313919586,0,0.8583349252889263,0.9039165172212542,2023-09-14T23:30Z,30.876038308750847,14.976332031720336,15.89970627703051,-7
401525839,2023,3,2023-09-16T23:00Z,197,6,Oklahoma State Cowboys,South Alabama Jaguars,7,33,False,True,0.8583418597532423,0,0.7338068007023621,0.8078926679267334,2023-09-14T23:30Z,31.39126828397224,17.386346640244795,14.004921643727446,-26
401531379,2023,3,2023-09-16T23:00Z,5,309,UAB Blazers,Louisiana Ragin' Cajuns,21,41,False,True,0.5873924277665217,0,0.5829808864733252,0.5613934404371116,2023-09-14T23:30Z,29.531378332945664,28.420026993305072,1.111351339640592,-20
401531848,2023,3,2023-09-16T23:00Z,2653,256,Troy Trojans,James Madison Dukes,14,16,False,True,0.5432720730116342,0,0.45695727390357443,0.4343463014481663,2023-09-14T23:30Z,25.93323181492179,27.71427854899693,-1.7810467340751401,-2
401532403,2023,3,2023-09-16T23:00Z,2649,23,Toledo Rockets,San José State Spartans,21,17,False,True,0.7435788315464933,1,0.7474032263790995,0.7183856087694942,2023-09-14T23:30Z,33.6860249652132,24.2782812719846,9.4077436932286,4
401520232,2023,3,2023-09-16T23:30Z,130,189,Michigan Wolverines,Bowling Green Falcons,31,6,False,True,0.9801055480237946,1,0.9491245753019812,0.9752153854596719,2023-09-14T23:30Z,37.363556436962625,11.835227130897822,25.528329306064805,25
401520241,2023,3,2023-09-16T23:30Z,145,59,Ole Miss Rebels,Georgia Tech Yellow Jackets,48,23,False,True,0.8963014641602837,1,0.8557329244262728,0.8920292456065863,2023-09-14T23:30Z,36.60167305928213,21.61648658717796,14.985186472104168,25
401520220,2023,3,2023-09-16T23:30Z,8,252,Arkansas Razorbacks,BYU Cougars,31,38,False,True,0.6577269245039911,0,0.6355362373735323,0.615170977500583,2023-09-14T23:30Z,23.91717249120095,21.82906813658153,2.0881043546194213,-7
401520228,2023,3,2023-09-16T23:30Z,96,2006,Kentucky Wildcats,Akron Zips,35,3,False,True,0.9444499469130249,1,0.8678004198250862,0.9368165147458619,2023-09-14T23:30Z,34.16119025099012,14.038107113868735,20.123083137121384,32
401520242,2023,3,2023-09-16T23:30Z,2509,183,Purdue Boilermakers,Syracuse Orange,20,35,False,True,0.47748358488284004,0,0.4800918130212895,0.3493762141927931,2023-09-14T23:30Z,27.02484336859468,27.02741293626739,-0.0025695676727082173,-15
401525503,2023,3,2023-09-16T23:30Z,277,221,West Virginia Mountaineers,Pittsburgh Panthers,17,6,False,True,0.5145590631613431,1,0.4225064727879654,0.431968237551443,2023-09-14T23:30Z,25.41040800481796,27.134612145729335,-1.7242041409113753,11
401525840,2023,3,2023-09-17T00:00Z,251,2751,Texas Longhorns,Wyoming Cowboys,31,10,False,True,0.9335197308065001,1,0.8782068038462235,0.9458087331837316,2023-09-14T23:30Z,34.42379812636078,17.150679031251194,17.273119095109585,21
401524008,2023,3,2023-09-17T00:00Z,2483,62,Oregon Ducks,Hawai'i Rainbow Warriors,55,10,False,True,0.9294025047909831,1,0.9040439816903256,0.9590645353686852,2023-09-14T23:30Z,39.67230317940583,21.026924550308415,18.645378629097415,45
401520238,2023,3,2023-09-17T00:00Z,167,166,New Mexico Lobos,New Mexico State Aggies,17,27,False,True,0.5343780256468891,0,0.46989455785540646,0.48073428408343966,2023-09-14T23:30Z,26.972860869253545,24.974928383760954,1.9979324854925906,-10
401525501,2023,3,2023-09-17T00:00Z,228,2226,Clemson Tigers,Florida Atlantic Owls,48,14,False,True,0.8788460919701557,1,0.814562900595155,0.809211170064822,2023-09-14T23:30Z,26.622190550329773,15.594915098770315,11.027275451559458,34
401525836,2023,3,2023-09-17T00:00Z,248,2628,Houston Cougars,TCU Horned Frogs,13,36,False,True,0.41443698977361193,0,0.5458071523750349,0.4138450786663969,2023-09-14T23:30Z,34.45754879278651,32.222910346109444,2.2346384466770672,-23
401524007,2023,3,2023-09-17T02:00Z,38,36,Colorado Buffaloes,Colorado State Rams,43,35,False,True,0.7819635228306248,1,0.641355503929173,0.8558905873109293,2023-09-14T23:30Z,34.412553132645556,24.046565991531796,10.36598714111376,8
401524005,2023,3,2023-09-17T02:30Z,9,278,Arizona State Sun Devils,Fresno State Bulldogs,0,29,False,True,0.36515062967861267,0,0.3124674581104293,0.26315902528947677,2023-09-14T23:30Z,25.519073474121996,28.41469683666519,-2.895623362543194,-29
401525837,2023,3,2023-09-17T02:30Z,2440,2305,Nevada Wolf Pack,Kansas Jayhawks,24,31,False,True,0.2745924821301115,0,0.2963086482799274,0.09253421967286157,2023-09-14T23:30Z,29.582004364734644,32.842399195734444,-3.2603948309998003,-7
401520219,2023,3,2023-09-17T03:00Z,12,2638,Arizona Wildcats,UTEP Miners,31,10,False,True,0.8036377343958141,1,0.6894671501169929,0.8577044694248022,2023-09-14T23:30Z,29.80413777883267,21.522435053916094,8.281702724916574,21
401531849,2023,4,2023-09-21T23:30Z,324,2247,Coastal Carolina Chanticleers,Georgia State Panthers,17,30,False,True,0.5756685192478144,0,0.5179733904311699,0.5151069982383273,2023-09-21T23:30Z,28.95936236608183,26.14470102784651,2.8146613382353216,-13
401520266,2023,4,2023-09-22T23:00Z,2509,275,Purdue Boilermakers,Wisconsin Badgers,17,38,False,True,0.4075564868176655,0,0.364166331552615,0.37897764480685636,2023-09-21T23:30Z,23.536070911999957,27.470587191603517,-3.93451627960356,-21
401525505,2023,4,2023-09-22T23:30Z,258,152,Virginia Cavaliers,NC State Wolfpack,21,24,False,True,0.3286518419577003,0,0.35268632209320266,0.2749575227216556,2023-09-21T23:30Z,24.164060635044205,29.454536767432042,-5.2904761323878375,-3
401532583,2023,4,2023-09-23T02:30Z,21,68,San Diego State Aztecs,Boise State Broncos,31,34,False,True,0.3853560845187707,0,0.42260282730458004,0.4236580771216832,2023-09-21T23:30Z,20.914193281553317,21.92583808333497,-1.011644801781653,-3
401532584,2023,4,2023-09-23T02:30Z,23,2005,San José State Spartans,Air Force Falcons,20,45,False,True,0.2104382990850059,0,0.21950606386661775,0.2325497688150066,2023-09-21T23:30Z,18.801951261836756,27.54697048850595,-8.745019226669193,-25
401520260,2023,4,2023-09-23T16:00Z,130,164,Michigan Wolverines,Rutgers Scarlet Knights,31,7,False,True,0.862975869334178,1,0.9201604218437123,0.8498652451537282,2023-09-21T23:30Z,28.03307282600934,13.411103532493726,14.621969293515615,24
401525507,2023,4,2023-09-23T16:00Z,228,52,Clemson Tigers,Florida State Seminoles,24,31,False,True,0.5544462499806072,0,0.4493114797441199,0.28052195430751375,2023-09-21T23:30Z,29.274050051407308,29.49667534102341,-0.22262528961610073,-7
401525845,2023,4,2023-09-23T16:00Z,2132,201,Cincinnati Bearcats,Oklahoma Sooners,6,20,False,True,0.10882352815028139,0,0.2408193000432175,0.062460676788370174,2023-09-21T23:30Z,22.412487829561694,35.24312698945924,-12.830639159897547,-14
401520268,2023,4,2023-09-23T16:00Z,183,349,Syracuse Orange,Army Black Knights,29,16,False,True,0.7906254891076053,1,0.7256276604177219,0.8786899078804091,2023-09-21T23:30Z,28.575973239556877,19.47205036251127,9.103922877045608,13
401520270,2023,4,2023-09-23T16:00Z,245,2,Texas A&M Aggies,Auburn Tigers,27,10,False,True,0.6122084560245518,1,0.6377599002104577,0.5327163770179434,2023-09-21T23:30Z,28.431666584915366,24.21838377408639,4.213282810828975,17
401520271,2023,4,2023-09-23T16:00Z,2653,98,Troy Trojans,Western Kentucky Hilltoppers,27,24,False,True,0.5924073930998421,1,0.5665902112023915,0.5202241586143179,2023-09-21T23:30Z,26.84178946583511,26.00099220130032,0.840797264534789,3
401520274,2023,4,2023-09-23T16:00Z,238,96,Vanderbilt Commodores,Kentucky Wildcats,28,45,False,True,0.14353456656191343,0,0.19281164675343265,0.1305852186571965,2023-09-21T23:30Z,19.59239527916076,31.73407291389931,-12.141677634738553,-17
401525511,2023,4,2023-09-23T16:00Z,276,259,Marshall Thundering Herd,Virginia Tech Hokies,24,17,False,True,0.6852878491024011,1,0.8222157104851944,0.7917990341299926,2023-09-21T23:30Z,27.354565105661262,16.280159970420087,11.074405135241175,7
401525849,2023,4,2023-09-23T16:00Z,2628,2567,TCU Horned Frogs,SMU Mustangs,34,17,False,True,0.8225400892151868,1,0.697673142500577,0.6634022281011895,2023-09-21T23:30Z,32.24830878009061,27.78736931332258,4.460939466768032,17
401531338,2023,4,2023-09-23T16:00Z,2459,202,Northern Illinois Huskies,Tulsa Golden Hurricane,14,22,False,True,0.5948817840141367,0,0.5976805206083624,0.617046733016006,2023-09-21T23:30Z,31.399464927461104,26.66275700020843,4.736707927252674,-8
401532406,2023,4,2023-09-23T17:30Z,2649,2711,Toledo Rockets,Western Michigan Broncos,49,31,False,True,0.8652601395223297,1,0.8513450161718888,0.8932931768138342,2023-09-21T23:30Z,33.0725438212604,20.32259832581555,12.749945495444852,18
401531871,2023,4,2023-09-23T18:00Z,2050,290,Ball State Cardinals,Georgia Southern Eagles,3,40,False,True,0.4073685079155172,0,0.41578020757769707,0.3087216759158394,2023-09-21T23:30Z,27.71372240433391,30.744906033615074,-3.0311836292811627,-37
401524015,2023,4,2023-09-23T19:30Z,2483,38,Oregon Ducks,Colorado Buffaloes,42,6,False,True,0.8523600788167471,1,0.8982372846499236,0.85985067759526,2023-09-21T23:30Z,39.21420460220012,25.338966353349637,13.875238248850483,36
401524017,2023,4,2023-09-23T19:30Z,254,26,Utah Utes,UCLA Bruins,14,7,False,True,0.6037804137995071,1,0.6023194350356031,0.6058489792744993,2023-09-21T23:30Z,27.129189313188945,22.842351842733763,4.286837470455183,7
401520250,2023,4,2023-09-23T19:30Z,333,145,Alabama Crimson Tide,Ole Miss Rebels,24,10,False,True,0.7932771276441513,1,0.7360090379275104,0.6494203169752212,2023-09-21T23:30Z,33.907757147149965,24.2710899924454,9.636667154704565,14
401520272,2023,4,2023-09-23T19:30Z,41,150,UConn Huskies,Duke Blue Devils,7,41,False,True,0.09787973791143305,0,0.1813037422118291,0.04139529242134864,2023-09-21T23:30Z,16.372186381818256,30.653581043862417,-14.28139466204416,-34
401525509,2023,4,2023-09-23T19:30Z,218,2390,Temple Owls,Miami Hurricanes,7,41,False,True,0.0668731106823463,0,0.17655225104414968,0.06157182984333062,2023-09-21T23:30Z,17.868224920964874,34.685760210830644,-16.81753528986577,-34
401520255,2023,4,2023-09-23T19:30Z,356,2226,Illinois Fighting Illini,Florida Atlantic Owls,23,17,False,True,0.7795764186936477,1,0.7820497512937572,0.849220881105995,2023-09-21T23:30Z,27.532827363492462,19.364905324325143,8.167922039167319,6
401520261,2023,4,2023-09-23T19:30Z,127,120,Michigan State Spartans,Maryland Terrapins,9,31,False,True,0.3977047776200587,0,0.39993965404360765,0.3574326233562074,2023-09-21T23:30Z,23.612629442559705,25.30967418189532,-1.6970447393356167,-22
401520263,2023,4,2023-09-23T19:30Z,158,2348,Nebraska Cornhuskers,Louisiana Tech Bulldogs,28,14,False,True,0.8480560452715962,1,0.812666823815325,0.8474376827332439,2023-09-21T23:30Z,30.030685688231046,17.728631739658443,12.302053948572603,14
401525506,2023,4,2023-09-23T19:30Z,97,103,Louisville Cardinals,Boston College Eagles,56,28,False,True,0.7517734783312994,1,0.8188472094984656,0.7884041537381209,2023-09-21T23:30Z,30.16279361353434,20.51033740214051,9.65245621139383,28
401525847,2023,4,2023-09-23T19:30Z,2305,252,Kansas Jayhawks,BYU Cougars,38,27,False,True,0.3787396161478353,1,0.47044244000179086,0.45122812208722357,2023-09-21T23:30Z,25.669156795764412,30.92982804010809,-5.26067124434368,11
401525850,2023,4,2023-09-23T19:30Z,277,2641,West Virginia Mountaineers,Texas Tech Red Raiders,20,13,False,True,0.6205863081225248,1,0.4698717953517121,0.500776381840739,2023-09-21T23:30Z,28.63274895189654,26.562416705296666,2.0703322465998752,7
401526835,2023,4,2023-09-23T19:30Z,113,167,Massachusetts Minutemen,New Mexico Lobos,31,34,False,True,0.5829930286504107,0,0.5804730099892841,0.6813604005646905,2023-09-21T23:30Z,28.93497911916799,25.20283849043109,3.7321406287369,-3
401532405,2023,4,2023-09-23T19:30Z,189,195,Bowling Green Falcons,Ohio Bobcats,7,38,False,True,0.4139036743247727,0,0.379095257003351,0.42407942481224387,2023-09-21T23:30Z,18.761148621312433,23.381083234723565,-4.619934613411132,-31
401520269,2023,4,2023-09-23T20:00Z,2633,2636,Tennessee Volunteers,UTSA Roadrunners,45,14,False,True,0.8582429414367326,1,0.820519682935202,0.908862223561417,2023-09-21T23:30Z,33.61001362513721,20.51384997044183,13.096163654695385,31
401525846,2023,4,2023-09-23T20:00Z,66,197,Iowa State Cyclones,Oklahoma State Cowboys,34,27,False,True,0.6740727916869431,1,0.6766021162552416,0.6924322756533162,2023-09-21T23:30Z,22.928947983534314,16.954679441578275,5.9742685419560395,7
401531423,2023,4,2023-09-23T20:00Z,58,242,South Florida Bulls,Rice Owls,42,29,False,True,0.5478450562208897,1,0.6216271987641389,0.5626471626739982,2023-09-21T23:30Z,28.36117284954887,25.534306842417475,2.826866007131393,13
401520257,2023,4,2023-09-23T21:00Z,55,2199,Jacksonville State Gamecocks,Eastern Michigan Eagles,21,0,False,True,0.5963456438184849,1,0.6849866394479787,0.6667823396047038,2023-09-21T23:30Z,25.581105769581235,19.503108927089354,6.077996842491881,21
401531876,2023,4,2023-09-23T21:00Z,6,2117,South Alabama Jaguars,Central Michigan Chippewas,30,34,False,True,0.7841669121479339,0,0.8018987343323523,0.8737770473517331,2023-09-21T23:30Z,29.643457270608078,18.972245257856137,10.67121201275194,-4
401520275,2023,4,2023-09-23T22:30Z,2229,2335,Florida International Panthers,Liberty Flames,6,38,False,True,0.22436771967720562,0,0.21226592090432506,0.14617249806803237,2023-09-21T23:30Z,23.037374640787394,33.702252335953546,-10.664877695166151,-32
401525508,2023,4,2023-09-23T22:30Z,154,59,Wake Forest Demon Deacons,Georgia Tech Yellow Jackets,16,30,False,True,0.7962446710264729,0,0.824188678775433,0.7890860782961487,2023-09-21T23:30Z,36.72572310252566,24.307265482955778,12.418457619569885,-14
401520258,2023,4,2023-09-23T23:00Z,99,8,LSU Tigers,Arkansas Razorbacks,34,31,False,True,0.7186623332334906,1,0.7702209493573502,0.8017233423765272,2023-09-21T23:30Z,32.389997389969906,24.137186872010687,8.252810517959219,3
401524019,2023,4,2023-09-23T23:00Z,265,204,Washington State Cougars,Oregon State Beavers,38,35,False,True,0.5227762588671325,1,0.42308477153942226,0.49961067089173966,2023-09-21T23:30Z,28.531013334878516,26.51086678196737,2.0201465529111466,3
401520251,2023,4,2023-09-23T23:00Z,57,2429,Florida Gators,Charlotte 49ers,22,7,False,True,0.9479688595277751,1,0.8924057376420597,0.9525398842076955,2023-09-21T23:30Z,36.80188677952718,17.44072875625431,19.36115802327287,15
401520254,2023,4,2023-09-23T23:00Z,248,2534,Houston Cougars,Sam Houston Bearkats,38,7,False,True,0.6455695484284788,1,0.5981295010627272,0.5030496646584713,2023-09-21T23:30Z,22.766580568672627,20.99147765889992,1.7751029097727056,31
401520262,2023,4,2023-09-23T23:00Z,2393,36,Middle Tennessee Blue Raiders,Colorado State Rams,23,31,False,True,0.5414245932820524,0,0.640822181215142,0.5615499617965304,2023-09-21T23:30Z,30.536012188799575,26.623632118453,3.9123800703465754,-8
401524016,2023,4,2023-09-23T23:00Z,24,12,Stanford Cardinal,Arizona Wildcats,20,21,False,True,0.41494514029640767,0,0.3583893073569513,0.33877016397321325,2023-09-21T23:30Z,26.57352990902222,27.30757139621844,-0.7340414871962189,-1
401531870,2023,4,2023-09-23T23:00Z,2751,2026,Wyoming Cowboys,Appalachian State Mountaineers,22,19,False,True,0.42975248115231907,1,0.4244549583789334,0.4008062249861739,2023-09-21T23:30Z,26.513574202184238,29.44995541886134,-2.936381216677102,3
401531874,2023,4,2023-09-23T23:00Z,2032,2572,Arkansas State Red Wolves,Southern Miss Golden Eagles,44,37,False,True,0.37904893807478024,1,0.37573545850447326,0.25732960810180466,2023-09-21T23:30Z,24.512440629432568,27.073897403692996,-2.561456774260428,7
401531877,2023,4,2023-09-23T23:00Z,326,2440,Texas State Bobcats,Nevada Wolf Pack,35,24,False,True,0.7373254739327483,1,0.7802115379839141,0.8151119020757001,2023-09-21T23:30Z,31.555029043309617,22.695552582819257,8.85947646049036,11
401520252,2023,4,2023-09-23T23:30Z,61,5,Georgia Bulldogs,UAB Blazers,49,21,False,True,0.9793496095508563,1,0.9526198641566543,0.9836343439993956,2023-09-21T23:30Z,39.13894157938506,13.86643412555938,25.272507453825682,28
401525844,2023,4,2023-09-23T23:30Z,239,251,Baylor Bears,Texas Longhorns,6,38,False,True,0.14925283132219613,0,0.2449878920071234,0.11885042165995621,2023-09-21T23:30Z,21.0764206232856,31.337141681163125,-10.260721057877525,-32
401521330,2023,4,2023-09-23T23:30Z,87,194,Notre Dame Fighting Irish,Ohio State Buckeyes,14,17,False,True,0.3547382998301794,0,0.4061507570804066,0.2773972840768985,2023-09-21T23:30Z,28.318533969686356,31.48782092910534,-3.169286959418983,-3
401520265,2023,4,2023-09-23T23:30Z,213,2294,Penn State Nittany Lions,Iowa Hawkeyes,31,0,False,True,0.7956647935892973,1,0.7529281395093932,0.812242103724001,2023-09-21T23:30Z,24.748441803520144,17.815104769392633,6.933337034127511,31
401520256,2023,4,2023-09-23T23:30Z,84,2006,Indiana Hoosiers,Akron Zips,29,27,False,True,0.8483930338473507,1,0.7282585836682637,0.8696822962923147,2023-09-21T23:30Z,27.040179998427398,13.984739188187353,13.055440810240045,2
401520259,2023,4,2023-09-23T23:30Z,142,235,Missouri Tigers,Memphis Tigers,34,27,True,True,0.5148925113748427,1,0.4461243004514749,0.4797321501609636,2023-09-21T23:30Z,23.55450541682096,26.444256957304553,-2.8897515404835943,7
401520264,2023,4,2023-09-23T23:30Z,77,135,Northwestern Wildcats,Minnesota Golden Gophers,37,34,False,True,0.44669438475516815,1,0.32957902391993676,0.392744853844976,2023-09-21T23:30Z,16.619630454032773,20.06266597798684,-3.443035523954066,3
401520267,2023,4,2023-09-23T23:30Z,2579,344,South Carolina Gamecocks,Mississippi State Bulldogs,37,30,False,True,0.7087264882272735,1,0.6091349221745098,0.6563508462746643,2023-09-21T23:30Z,27.018829863465466,21.885175683901107,5.13365417956436,7
401531875,2023,4,2023-09-23T23:30Z,309,2084,Louisiana Ragin' Cajuns,Buffalo Bulls,45,38,False,True,0.8129308536917113,1,0.841480733378378,0.8399025705707502,2023-09-21T23:30Z,37.092721359648685,23.36361349175567,13.729107867893013,7
401525510,2023,4,2023-09-24T00:00Z,221,153,Pittsburgh Panthers,North Carolina Tar Heels,24,41,False,True,0.2504919214438432,0,0.4546726538565977,0.2324288334766735,2023-09-21T23:30Z,24.940144937610384,28.47779356043281,-3.5376486228224273,-17
401525848,2023,4,2023-09-24T00:00Z,2306,2116,Kansas State Wildcats,UCF Knights,44,31,False,True,0.7173560165455941,1,0.5271761686155164,0.5723882954874986,2023-09-21T23:30Z,27.330964654694842,25.956524083587635,1.3744405711072076,13
401531872,2023,4,2023-09-24T00:00Z,328,256,Utah State Aggies,James Madison Dukes,38,45,False,True,0.5035504789976658,0,0.414693165161798,0.39140210814304494,2023-09-21T23:30Z,26.885922859090183,27.815823001316367,-0.9299001422261846,-7
401520273,2023,4,2023-09-24T01:00Z,2638,2439,UTEP Miners,UNLV Rebels,28,45,False,True,0.44773863145286297,0,0.5488518246318279,0.3226111110313922,2023-09-21T23:30Z,24.51225133300964,25.511464460888423,-0.9992131278787824,-17
401524018,2023,4,2023-09-24T02:30Z,264,25,Washington Huskies,California Golden Bears,59,32,False,True,0.8693114115799311,1,0.8745341849744148,0.8795381095472843,2023-09-21T23:30Z,31.714533490817594,17.78839584138792,13.926137649429673,27
401532407,2023,4,2023-09-24T02:30Z,278,2309,Fresno State Bulldogs,Kent State Golden Flashes,53,10,False,True,0.9212828496700501,1,0.9060609547677563,0.9639527062749428,2023-09-21T23:30Z,37.76392288191561,15.982031977911962,21.78189090400365,43
401524014,2023,4,2023-09-24T02:45Z,9,30,Arizona State Sun Devils,USC Trojans,28,42,False,True,0.05645565412996657,0,0.11609974011326851,0.019242336546106173,2023-09-21T23:30Z,20.62940592703451,39.430494555942126,-18.801088628907614,-14
401520253,2023,4,2023-09-24T03:59Z,62,166,Hawai'i Rainbow Warriors,New Mexico State Aggies,20,17,False,True,0.5104719969495886,1,0.45398214383475277,0.43759845105915757,2023-09-21T23:30Z,28.90500108997837,28.28149348116618,0.62350760881219,3
401520277,2023,5,2023-09-28T23:30Z,98,2393,Western Kentucky Hilltoppers,Middle Tennessee Blue Raiders,31,10,False,True,0.6811037189142751,1,0.738940508956256,0.790318152485398,2023-09-28T23:30Z,34.99471840041778,25.256131838080133,9.738586562337648,21
401531339,2023,5,2023-09-28T23:30Z,202,218,Tulsa Golden Hurricane,Temple Owls,48,26,False,True,0.7367766023035346,1,0.7578170422260726,0.7172354431631015,2023-09-28T23:30Z,30.564951994023605,19.914895268034396,10.65005672598921,22
401520276,2023,5,2023-09-29T00:00Z,2534,55,Sam Houston Bearkats,Jacksonville State Gamecocks,28,35,False,True,0.3872924230803062,0,0.44599997415066495,0.45922333064051407,2023-09-28T23:30Z,17.334046735899502,17.705681056804814,-0.37163432090531145,-7
401525512,2023,5,2023-09-29T23:00Z,152,97,NC State Wolfpack,Louisville Cardinals,10,13,False,True,0.35446527141920425,0,0.400355198538795,0.2795862151477908,2023-09-28T23:30Z,26.03715344734999,29.004730721617666,-2.9675772742676756,-3
401524020,2023,5,2023-09-30T01:00Z,204,254,Oregon State Beavers,Utah Utes,21,7,False,True,0.43578335293227777,1,0.5628770004858477,0.5270603606613472,2023-09-28T23:30Z,23.183754588727865,22.348576978731497,0.8351776099963679,14
401520278,2023,5,2023-09-30T01:00Z,2638,2348,UTEP Miners,Louisiana Tech Bulldogs,10,24,False,True,0.572696284199635,0,0.6049213878524846,0.5187384002681865,2023-09-28T23:30Z,25.9374885832394,25.147972036819333,0.7895165464200673,-14
401525851,2023,5,2023-09-30T02:15Z,252,2132,BYU Cougars,Cincinnati Bearcats,35,27,False,True,0.5323745888390503,1,0.5406396987454056,0.6066386830266409,2023-09-28T23:30Z,24.479644228358328,21.432935457978655,3.0467087703796736,8
401520287,2023,5,2023-09-30T16:00Z,77,213,Northwestern Wildcats,Penn State Nittany Lions,13,41,False,True,0.10729603991810277,0,0.12377287790505985,0.06925401349408995,2023-09-28T23:30Z,16.611290800891226,31.709767796379772,-15.098476995488546,-28
401524023,2023,5,2023-09-30T16:00Z,38,30,Colorado Buffaloes,USC Trojans,41,48,False,True,0.14814070115303263,0,0.09263626668868363,0.08605650214868399,2023-09-28T23:30Z,28.91937882137841,43.59726242255078,-14.677883601172368,-7
401520282,2023,5,2023-09-30T16:00Z,96,57,Kentucky Wildcats,Florida Gators,33,14,False,True,0.5584336007003361,1,0.6435718841663003,0.5890713987907393,2023-09-28T23:30Z,24.960826706740335,20.017912971140387,4.942913735599948,19
401520279,2023,5,2023-09-30T16:00Z,8,245,Arkansas Razorbacks,Texas A&M Aggies,22,34,True,True,0.23049551406816818,0,0.31938625916434316,0.20796736280265496,2023-09-28T23:30Z,23.322739978914417,32.31604287999896,-8.993302901084544,-12
401520284,2023,5,2023-09-30T16:00Z,135,309,Minnesota Golden Gophers,Louisiana Ragin' Cajuns,35,24,False,True,0.5885437011108777,1,0.5445735341136304,0.6229390393771801,2023-09-28T23:30Z,26.895044717547226,24.803608177643767,2.0914365399034587,11
401520292,2023,5,2023-09-30T16:00Z,41,328,UConn Huskies,Utah State Aggies,33,34,False,True,0.28473914138885414,0,0.32005653540817264,0.2868269966573093,2023-09-28T23:30Z,23.176100184916603,31.188651783186245,-8.012551598269642,-1
401525514,2023,5,2023-09-30T16:00Z,183,228,Syracuse Orange,Clemson Tigers,14,31,False,True,0.42490011269042927,0,0.5336230575578491,0.59686299630749,2023-09-28T23:30Z,25.14163593443738,23.20212501880531,1.93951091563207,-17
401531370,2023,5,2023-09-30T16:00Z,2655,5,Tulane Green Wave,UAB Blazers,35,23,False,True,0.7825229479856807,1,0.8193138406786089,0.8780235726919112,2023-09-28T23:30Z,33.39930703262099,22.744301411361043,10.655005621259946,12
401531880,2023,5,2023-09-30T16:00Z,256,6,James Madison Dukes,South Alabama Jaguars,31,23,False,True,0.5805413857741542,1,0.6892652066521721,0.6126760834235639,2023-09-28T23:30Z,30.724804058017657,24.967071995064654,5.7577320629530035,8
401532412,2023,5,2023-09-30T16:00Z,2006,2084,Akron Zips,Buffalo Bulls,10,13,False,True,0.45321214740984944,0,0.5115657146863231,0.4649003636933399,2023-09-28T23:30Z,28.50842223180816,31.701004485292557,-3.192582253484396,-3
401532410,2023,5,2023-09-30T17:30Z,2117,2199,Central Michigan Chippewas,Eastern Michigan Eagles,26,23,False,True,0.6918101397763649,1,0.6706342077379891,0.7386699303369698,2023-09-28T23:30Z,26.728523707862518,19.932549891852013,6.795973816010505,3
401525513,2023,5,2023-09-30T18:00Z,103,258,Boston College Eagles,Virginia Cavaliers,27,24,False,True,0.6758082725357913,1,0.5878126633548509,0.5970571586899949,2023-09-28T23:30Z,30.13690895551081,26.255180489413107,3.8817284660977016,3
401532413,2023,5,2023-09-30T18:30Z,2309,193,Kent State Golden Flashes,Miami (OH) RedHawks,3,23,False,True,0.28878836008131237,0,0.3668551265189646,0.18179751439824665,2023-09-28T23:30Z,22.745231297674216,31.398680450511335,-8.65344915283712,-20
401524022,2023,5,2023-09-30T19:00Z,25,9,California Golden Bears,Arizona State Sun Devils,24,21,False,True,0.7958738831190081,1,0.7398048338458697,0.8527264814377673,2023-09-28T23:30Z,29.100792209046524,18.963014645400687,10.137777563645837,3
401520280,2023,5,2023-09-30T19:30Z,2,61,Auburn Tigers,Georgia Bulldogs,20,27,False,True,0.2014922585852077,0,0.19120192857613455,0.24979561105309017,2023-09-28T23:30Z,18.77367389649348,26.917672277859893,-8.143998381366412,-7
401520286,2023,5,2023-09-30T19:30Z,158,130,Nebraska Cornhuskers,Michigan Wolverines,7,45,False,True,0.13006841921087126,0,0.1544859449265477,0.0846383305061248,2023-09-28T23:30Z,13.881915328064396,25.808891520525158,-11.926976192460762,-38
401525854,2023,5,2023-09-30T19:30Z,251,2305,Texas Longhorns,Kansas Jayhawks,40,14,False,True,0.907374997760564,1,0.8848152737572144,0.9036701141075616,2023-09-28T23:30Z,38.8034704146111,20.04687046247664,18.756599952134458,26
401520283,2023,5,2023-09-30T19:30Z,120,84,Maryland Terrapins,Indiana Hoosiers,44,17,False,True,0.8556597485731365,1,0.867444626479206,0.8783253714714636,2023-09-28T23:30Z,30.015788266016184,16.23975438726233,13.776033878753854,27
401520289,2023,5,2023-09-30T19:30Z,2509,356,Purdue Boilermakers,Illinois Fighting Illini,44,19,False,True,0.5206999248180482,1,0.5059127690726413,0.5117920736867194,2023-09-28T23:30Z,27.189472753391584,24.476819201245746,2.712653552145838,25
401525515,2023,5,2023-09-30T19:30Z,59,189,Georgia Tech Yellow Jackets,Bowling Green Falcons,27,38,False,True,0.8542027703384736,0,0.7376175252801779,0.845872222955696,2023-09-28T23:30Z,32.62779873895075,20.348619490212496,12.279179248738256,-11
401525855,2023,5,2023-09-30T19:30Z,2641,248,Texas Tech Red Raiders,Houston Cougars,49,28,False,True,0.6220622999861304,1,0.6138680535337168,0.6514440449398141,2023-09-28T23:30Z,31.369309427941754,28.126795556639507,3.242513871302247,21
401525856,2023,5,2023-09-30T19:30Z,2116,239,UCF Knights,Baylor Bears,35,36,False,True,0.6958746605713287,0,0.838301876336335,0.8587950512172506,2023-09-28T23:30Z,33.45861742139657,20.335357335979474,13.123260085417094,-1
401526836,2023,5,2023-09-30T19:30Z,113,2032,Massachusetts Minutemen,Arkansas State Red Wolves,28,52,False,True,0.5695891072274646,0,0.6031920657847193,0.6965372047555475,2023-09-28T23:30Z,35.73188284100796,30.806321272653044,4.925561568354915,-24
401531424,2023,5,2023-09-30T19:30Z,2426,58,Navy Midshipmen,South Florida Bulls,30,44,False,True,0.540768848074852,0,0.5965108387168652,0.5633361893813803,2023-09-28T23:30Z,27.336619918099327,22.831942043304945,4.504677874794382,-14
401531881,2023,5,2023-09-30T19:30Z,276,295,Marshall Thundering Herd,Old Dominion Monarchs,41,35,False,True,0.8084000718691577,1,0.8062707814458756,0.8325826503842606,2023-09-28T23:30Z,28.993027873342236,16.8753249726968,12.117702900645437,6
401532409,2023,5,2023-09-30T19:30Z,2711,2050,Western Michigan Broncos,Ball State Cardinals,42,24,False,True,0.6079385168620892,1,0.6265459161251349,0.5869478305366693,2023-09-28T23:30Z,30.178470834008763,25.6916375132241,4.486833320784662,18
401532411,2023,5,2023-09-30T19:30Z,2649,2459,Toledo Rockets,Northern Illinois Huskies,35,33,False,True,0.8052579001277833,1,0.8477730896048372,0.8265016641375088,2023-09-28T23:30Z,32.93967075509621,21.37494551521518,11.564725239881028,2
401520293,2023,5,2023-09-30T20:00Z,238,142,Vanderbilt Commodores,Missouri Tigers,21,38,False,True,0.29567707892556433,0,0.28694614191730805,0.224619802266369,2023-09-28T23:30Z,25.731565999828714,32.52644142328589,-6.794875423457174,-17
401531429,2023,5,2023-09-30T20:00Z,235,68,Memphis Tigers,Boise State Broncos,35,32,False,True,0.589010719239834,1,0.5708172360888015,0.6266898657575557,2023-09-28T23:30Z,29.055022452071263,25.28431007388666,3.7707123781846015,3
401532586,2023,5,2023-09-30T20:00Z,2439,62,UNLV Rebels,Hawai'i Rainbow Warriors,44,20,False,True,0.7430194544055608,1,0.7774776828553546,0.845399160433911,2023-09-28T23:30Z,35.1281530198484,25.146328354594885,9.981824665253512,24
401532588,2023,5,2023-09-30T20:00Z,2751,167,Wyoming Cowboys,New Mexico Lobos,35,26,False,True,0.8411791018138761,1,0.8559059428068778,0.9219189611459049,2023-09-28T23:30Z,30.924948957550633,15.007760161586056,15.917188795964577,9
401520288,2023,5,2023-09-30T22:00Z,145,99,Ole Miss Rebels,LSU Tigers,55,49,False,True,0.5820386330648369,1,0.5499913216118437,0.6621950688350672,2023-09-28T23:30Z,32.303822074942886,27.147322758471386,5.1564993164715,6
401524024,2023,5,2023-09-30T22:30Z,24,2483,Stanford Cardinal,Oregon Ducks,6,42,False,True,0.09757532304322428,0,0.11495880181412649,0.051406629090854965,2023-09-28T23:30Z,18.946662912668266,35.62748910477152,-16.680826192103254,-36
401525852,2023,5,2023-09-30T23:00Z,201,66,Oklahoma Sooners,Iowa State Cyclones,50,20,False,True,0.9411467465260491,1,0.8795788576481982,0.9514969984958326,2023-09-28T23:30Z,34.62430863800929,14.931635027636837,19.692673610372452,30
401531414,2023,5,2023-09-30T23:00Z,242,151,Rice Owls,East Carolina Pirates,24,17,False,True,0.5134635712481388,1,0.42064408073786164,0.4972452919716186,2023-09-28T23:30Z,29.743848423123215,29.50250633559541,0.24134208752780495,7
401531878,2023,5,2023-09-30T23:00Z,290,324,Georgia Southern Eagles,Coastal Carolina Chanticleers,38,28,False,True,0.677915840287722,1,0.712885206194242,0.6881560842080301,2023-09-28T23:30Z,30.38896121902616,24.619587640735638,5.769373578290523,10
401531879,2023,5,2023-09-30T23:00Z,2247,2653,Georgia State Panthers,Troy Trojans,7,28,False,True,0.6730077988199272,0,0.6582364293398814,0.7381180340525156,2023-09-28T23:30Z,28.4733500205395,19.218222361388904,9.255127659150595,-21
401531883,2023,5,2023-09-30T23:00Z,2572,326,Southern Miss Golden Eagles,Texas State Bobcats,36,50,False,True,0.3589427132820259,0,0.3975059883981976,0.1928585588315688,2023-09-28T23:30Z,23.2370877972518,30.4371412827891,-7.2000534855373,-14
401525438,2023,5,2023-09-30T23:30Z,150,87,Duke Blue Devils,Notre Dame Fighting Irish,14,21,False,True,0.3475364614278567,0,0.37509676224876687,0.47612919954412214,2023-09-28T23:30Z,22.884641287585502,27.659860287694887,-4.775219000109384,-7
401520291,2023,5,2023-09-30T23:30Z,2633,2579,Tennessee Volunteers,South Carolina Gamecocks,41,20,False,True,0.8050369785606113,1,0.8789083433790874,0.8651872242223656,2023-09-28T23:30Z,35.049461388397205,21.657198168662255,13.39226321973495,21
401520281,2023,5,2023-09-30T23:30Z,2294,127,Iowa Hawkeyes,Michigan State Spartans,26,16,False,True,0.7277292248056774,1,0.7424268762369801,0.7282175823438928,2023-09-28T23:30Z,23.175103073701315,12.26897666848881,10.906126405212506,10
401531404,2023,5,2023-09-30T23:30Z,2567,2429,SMU Mustangs,Charlotte 49ers,34,16,False,True,0.7927589884797152,1,0.8682618560786419,0.8674896238519897,2023-09-28T23:30Z,34.849208054883164,20.479810618233035,14.369397436650129,18
401525516,2023,5,2023-10-01T00:00Z,259,221,Virginia Tech Hokies,Pittsburgh Panthers,38,21,False,True,0.5326041759671857,1,0.4280267150693614,0.5115478307629542,2023-09-28T23:30Z,24.341533001203448,23.639626823118878,0.7019061780845703,17
401525853,2023,5,2023-10-01T00:00Z,2628,277,TCU Horned Frogs,West Virginia Mountaineers,21,24,False,True,0.7590838288750721,0,0.807182168535862,0.7809547319395402,2023-09-28T23:30Z,29.676968200644097,20.47386541430858,9.203102786335517,-3
401531882,2023,5,2023-10-01T00:00Z,2433,2026,UL Monroe Warhawks,Appalachian State Mountaineers,40,41,False,True,0.21592874755283517,0,0.21728960279448362,0.17899404408124275,2023-09-28T23:30Z,22.275286276887424,33.32406423798434,-11.048777961096913,-1
401532589,2023,5,2023-10-01T00:00Z,2005,21,Air Force Falcons,San Diego State Aztecs,49,10,False,True,0.8406709792424879,1,0.8696516730940155,0.8459112570846342,2023-09-28T23:30Z,27.833182808899632,13.994962557896717,13.838220251002916,39
401520285,2023,5,2023-10-01T01:00Z,344,333,Mississippi State Bulldogs,Alabama Crimson Tide,17,40,False,True,0.10187810814488028,0,0.1737435229970482,0.10162372325910493,2023-09-28T23:30Z,18.15814217335847,33.246379087520765,-15.088236914162295,-23
401524021,2023,5,2023-10-01T02:00Z,12,264,Arizona Wildcats,Washington Huskies,24,31,False,True,0.13546330961783054,0,0.18058021768494797,0.05617285079642814,2023-09-28T23:30Z,21.452752715503635,37.86501415929047,-16.412261443786832,-7
401532587,2023,5,2023-10-01T02:30Z,278,2440,Fresno State Bulldogs,Nevada Wolf Pack,27,9,False,True,0.9351570948942363,1,0.9547545623474063,0.966707632553974,2023-09-28T23:30Z,39.0858469208842,16.349955510342607,22.735891410541594,18
401520294,2023,6,2023-10-05T00:00Z,2393,55,Middle Tennessee Blue Raiders,Jacksonville State Gamecocks,30,45,False,True,0.4107732111435261,0,0.39044200040876564,0.3343728775239829,2023-10-05T00:00Z,21.751981668489513,26.50634460778653,-4.7543629392970175,-15
401520297,2023,6,2023-10-05T01:00Z,166,2229,New Mexico State Aggies,Florida International Panthers,34,17,False,True,0.6835513514640025,1,0.7254481387018393,0.6031502339513847,2023-10-05T00:00Z,26.93678054748908,22.11003875764787,4.826741789841208,17
401520296,2023,6,2023-10-05T23:00Z,2335,2534,Liberty Flames,Sam Houston Bearkats,21,16,False,True,0.8838542100630759,1,0.858757674050293,0.8893506727577255,2023-10-05T00:00Z,31.49919043652123,16.357839229481723,15.141351207039506,5
401520295,2023,6,2023-10-06T00:00Z,2348,98,Louisiana Tech Bulldogs,Western Kentucky Hilltoppers,28,35,False,True,0.3149059993722124,0,0.30455739560307354,0.1935378738209042,2023-10-05T00:00Z,24.9315750438371,31.63911133140968,-6.70753628757258,-7
401525857,2023,6,2023-10-06T23:30Z,197,2306,Oklahoma State Cowboys,Kansas State Wildcats,29,21,False,True,0.3063960461539482,1,0.29324043862088944,0.11207006729223129,2023-10-05T00:00Z,24.495362048136165,31.33586953033717,-6.840507482201005,8
401520301,2023,6,2023-10-07T00:00Z,356,158,Illinois Fighting Illini,Nebraska Cornhuskers,7,20,False,True,0.6141016452302931,0,0.6439776717795931,0.6190509022198276,2023-10-05T00:00Z,23.218488598561105,20.726865489630583,2.491623108930522,-13
401525861,2023,6,2023-10-07T16:00Z,251,201,Texas Longhorns,Oklahoma Sooners,30,34,True,True,0.3694952940413142,0,0.47127751420800645,0.40755170317148004,2023-10-05T00:00Z,26.17894422747529,30.69845348668735,-4.519509259212057,-4
401520307,2023,6,2023-10-07T16:00Z,194,120,Ohio State Buckeyes,Maryland Terrapins,37,17,False,True,0.8884889096615349,1,0.8706669241069949,0.8669978529322236,2023-10-05T00:00Z,35.66276428702842,20.10526228611805,15.557502000910372,20
401520305,2023,6,2023-10-07T16:00Z,142,99,Missouri Tigers,LSU Tigers,39,49,False,True,0.41125171102756014,0,0.45059878383756313,0.41534264561720924,2023-10-05T00:00Z,30.341848958145942,31.23059779205296,-0.8887488339070195,-10
401520298,2023,6,2023-10-07T16:00Z,349,103,Army Black Knights,Boston College Eagles,24,27,False,True,0.5756881457601515,0,0.7220171847822048,0.7006408293079203,2023-10-05T00:00Z,30.086543285033752,21.13589132645444,8.95065195857931,-3
401520304,2023,6,2023-10-07T16:00Z,344,2711,Mississippi State Bulldogs,Western Michigan Broncos,41,28,False,True,0.8486121103920548,1,0.7957347088652768,0.8920455865135173,2023-10-05T00:00Z,35.84172816146656,25.14095027587005,10.700777885596512,13
401520311,2023,6,2023-10-07T16:00Z,275,164,Wisconsin Badgers,Rutgers Scarlet Knights,24,13,False,True,0.7750554709480634,1,0.8365320076495613,0.7793871299399511,2023-10-05T00:00Z,27.289073211126105,14.748436013399758,12.540637197726348,11
401526837,2023,6,2023-10-07T16:00Z,113,2649,Massachusetts Minutemen,Toledo Rockets,24,41,False,True,0.1637409282524791,0,0.13111080840433054,0.126714175679753,2023-10-05T00:00Z,26.191257716155576,39.612173571033395,-13.42091585487782,-17
401525521,2023,6,2023-10-07T18:00Z,152,276,NC State Wolfpack,Marshall Thundering Herd,48,41,False,True,0.55114274718869,1,0.4845138341988996,0.44958189822151073,2023-10-05T00:00Z,21.96167567959586,22.49237446290994,-0.5306987833140795,7
401531389,2023,6,2023-10-07T18:00Z,218,2636,Temple Owls,UTSA Roadrunners,34,49,False,True,0.2271789077039613,0,0.17521374181973404,0.18743454596137632,2023-10-05T00:00Z,20.652312093068847,30.757979074198843,-10.105666981129996,-15
401532415,2023,6,2023-10-07T18:00Z,2084,2117,Buffalo Bulls,Central Michigan Chippewas,37,13,False,True,0.5792614794048159,1,0.5182941497088297,0.5442877790253388,2023-10-05T00:00Z,31.05250849865287,28.343535222437612,2.708973276215257,24
401524028,2023,6,2023-10-07T19:00Z,26,265,UCLA Bruins,Washington State Cougars,25,17,False,True,0.594874360620193,1,0.6518821395968029,0.45429154109071695,2023-10-05T00:00Z,29.91758582778692,27.514655736987912,2.402930090799007,8
401525518,2023,6,2023-10-07T19:30Z,52,259,Florida State Seminoles,Virginia Tech Hokies,39,17,False,True,0.8852400866689034,1,0.8865442361222071,0.9285647671627614,2023-10-05T00:00Z,35.97471363984972,19.728760449069995,16.245953190779723,22
401520310,2023,6,2023-10-07T19:30Z,245,333,Texas A&M Aggies,Alabama Crimson Tide,20,26,False,True,0.4227252995890969,0,0.4114323863065714,0.36586627832260066,2023-10-05T00:00Z,23.461655280219077,26.568581347926745,-3.1069260677076684,-6
401525520,2023,6,2023-10-07T19:30Z,153,183,North Carolina Tar Heels,Syracuse Orange,40,7,False,True,0.7090306568724324,1,0.6388312951539286,0.6056480866253052,2023-10-05T00:00Z,30.69885379583471,24.799670887437436,5.899182908397275,33
401520302,2023,6,2023-10-07T19:30Z,2294,2509,Iowa Hawkeyes,Purdue Boilermakers,20,14,False,True,0.6846666900999554,1,0.6404930487557169,0.6385139084182768,2023-10-05T00:00Z,27.08958766430915,19.840601562893873,7.2489861014152766,6
401525517,2023,6,2023-10-07T19:30Z,228,154,Clemson Tigers,Wake Forest Demon Deacons,17,12,False,True,0.873149008848546,1,0.7932221311255432,0.8664039455532967,2023-10-05T00:00Z,32.969545943589594,19.81943758476073,13.150108358828863,5
401531433,2023,6,2023-10-07T19:30Z,2426,249,Navy Midshipmen,North Texas Mean Green,27,24,False,True,0.693187176505761,1,0.6084081327867692,0.7419938275704244,2023-10-05T00:00Z,36.07598791197311,30.200472563729694,5.875515348243415,3
401531884,2023,6,2023-10-07T19:30Z,309,326,Louisiana Ragin' Cajuns,Texas State Bobcats,34,30,False,True,0.6738360074749965,1,0.7178188314992244,0.6059010169189708,2023-10-05T00:00Z,35.28856670458343,27.807029516679634,7.481537187903797,4
401532414,2023,6,2023-10-07T19:30Z,2199,2050,Eastern Michigan Eagles,Ball State Cardinals,24,10,False,True,0.7600481228355525,1,0.7095245924471995,0.7585123904224987,2023-10-05T00:00Z,26.430601122905735,17.552544141453218,8.878056981452517,14
401532416,2023,6,2023-10-07T19:30Z,193,189,Miami (OH) RedHawks,Bowling Green Falcons,27,0,False,True,0.7653617390613573,1,0.7136848993299697,0.6468265127451996,2023-10-05T00:00Z,28.96386882762142,18.770896258838246,10.192972568783173,27
401532417,2023,6,2023-10-07T19:30Z,195,2309,Ohio Bobcats,Kent State Golden Flashes,42,17,False,True,0.9062390694708093,1,0.8970983698024281,0.9558251045477205,2023-10-05T00:00Z,32.118577132231465,11.676136001805371,20.442441130426094,25
401532418,2023,6,2023-10-07T19:30Z,2006,2459,Akron Zips,Northern Illinois Huskies,14,55,False,True,0.46576500321646297,0,0.5314279181435532,0.49793138594396047,2023-10-05T00:00Z,22.77257639551426,23.963665202154733,-1.1910888066404723,-41
401520299,2023,6,2023-10-07T20:00Z,57,238,Florida Gators,Vanderbilt Commodores,38,14,False,True,0.8743051558972192,1,0.8613783280985312,0.8815902669063957,2023-10-05T00:00Z,34.79073003082826,18.795710221292257,15.995019809536,24
401525860,2023,6,2023-10-07T20:00Z,2305,2116,Kansas Jayhawks,UCF Knights,51,22,False,True,0.5538763597074295,1,0.38133223489674967,0.45236821606213873,2023-10-05T00:00Z,30.027145704287513,33.518893572045926,-3.491747867758413,29
401531380,2023,6,2023-10-07T20:00Z,5,58,UAB Blazers,South Florida Bulls,56,35,False,True,0.49937609284322254,1,0.5362115943212015,0.3785570102577497,2023-10-05T00:00Z,32.65289804726498,31.037636959928314,1.6152610873366697,21
401531887,2023,6,2023-10-07T20:00Z,2653,2032,Troy Trojans,Arkansas State Red Wolves,37,3,False,True,0.897051792232725,1,0.90283682350547,0.9393997366167606,2023-10-05T00:00Z,34.57617061946194,17.256944656738156,17.319225962723785,34
401520309,2023,6,2023-10-07T21:00Z,242,41,Rice Owls,UConn Huskies,31,38,False,True,0.8079648337481781,0,0.6977571788429064,0.7825844956732887,2023-10-05T00:00Z,32.13580784665862,21.467228643793,10.668579202865622,-7
401531340,2023,6,2023-10-07T22:00Z,2226,202,Florida Atlantic Owls,Tulsa Golden Hurricane,20,17,False,True,0.5489701875724938,1,0.5422885993579826,0.5257143166162594,2023-10-05T00:00Z,27.35579324795787,25.35541810958084,2.0003751383770307,3
401524026,2023,6,2023-10-07T22:30Z,9,38,Arizona State Sun Devils,Colorado Buffaloes,24,27,False,True,0.382124298871889,0,0.6390400736204203,0.36306800845330384,2023-10-05T00:00Z,28.214899450589815,27.293770664993495,0.9211287855963199,-3
401520300,2023,6,2023-10-07T23:00Z,61,96,Georgia Bulldogs,Kentucky Wildcats,51,13,False,True,0.8454789205804177,1,0.8146808853166483,0.7545259634090741,2023-10-05T00:00Z,30.62376553214967,19.685830630978153,10.937934901171516,38
401531885,2023,6,2023-10-07T23:00Z,2433,6,UL Monroe Warhawks,South Alabama Jaguars,7,55,False,True,0.3494134886494803,0,0.3006514338339842,0.3003551907729174,2023-10-05T00:00Z,24.049903802132242,29.18986860364542,-5.139964801513177,-48
401531886,2023,6,2023-10-07T23:00Z,2572,295,Southern Miss Golden Eagles,Old Dominion Monarchs,13,17,False,True,0.4271359868594754,0,0.3779539913206047,0.23767000164277632,2023-10-05T00:00Z,26.851243429981253,33.370210884809936,-6.518967454828683,-4
401520303,2023,6,2023-10-07T23:30Z,135,130,Minnesota Golden Gophers,Michigan Wolverines,10,52,False,True,0.13127495015195959,0,0.1659501465186175,0.09699458506216257,2023-10-05T00:00Z,15.610695160862807,27.480671457029672,-11.869976296166865,-42
401520308,2023,6,2023-10-07T23:30Z,145,8,Ole Miss Rebels,Arkansas Razorbacks,27,20,False,True,0.7245049856123335,1,0.7767372615661235,0.8262037022479334,2023-10-05T00:00Z,36.49057346661786,26.479206542602963,10.011366924014897,7
401525439,2023,6,2023-10-07T23:37Z,97,87,Louisville Cardinals,Notre Dame Fighting Irish,33,20,False,True,0.26122896198158885,1,0.354800408128757,0.2395581040364328,2023-10-05T00:00Z,22.287929387378206,29.038825987542754,-6.750896600164548,13
401525519,2023,6,2023-10-08T00:00Z,2390,59,Miami Hurricanes,Georgia Tech Yellow Jackets,20,23,False,True,0.9305409898950256,0,0.8628150430009787,0.9150996038312225,2023-10-05T00:00Z,37.88816038932286,20.12760712256664,17.760553266756222,-3
401532591,2023,6,2023-10-08T00:00Z,2751,278,Wyoming Cowboys,Fresno State Bulldogs,24,19,False,True,0.2687142904451619,1,0.25324045467415746,0.21465284516638378,2023-10-05T00:00Z,19.76869582742656,28.031420872601917,-8.262725045175358,5
401525858,2023,6,2023-10-08T00:00Z,239,2641,Baylor Bears,Texas Tech Red Raiders,14,39,False,True,0.48531163383859655,0,0.41280046336084814,0.3373136701112647,2023-10-05T00:00Z,29.43902434327694,31.14242923271155,-1.7034048894346085,-25
401525859,2023,6,2023-10-08T00:00Z,66,2628,Iowa State Cyclones,TCU Horned Frogs,27,14,False,True,0.45350378722391155,1,0.3879592446099788,0.2929247569044439,2023-10-05T00:00Z,26.06223466793883,26.906781989562383,-0.8445473216235513,13
401532590,2023,6,2023-10-08T00:00Z,328,36,Utah State Aggies,Colorado State Rams,44,24,False,True,0.5675203076025918,1,0.678699537889869,0.6234372939597299,2023-10-05T00:00Z,34.14274026255239,28.825996799571985,5.316743462980401,20
401532592,2023,6,2023-10-08T00:00Z,68,23,Boise State Broncos,San José State Spartans,35,27,False,True,0.8105018175051231,1,0.7677705351142418,0.7513855958234278,2023-10-05T00:00Z,33.77709190679946,23.126933752386503,10.65015815441296,8
401524027,2023,6,2023-10-08T02:00Z,25,204,California Golden Bears,Oregon State Beavers,40,52,False,True,0.34686989438787097,0,0.2811425149077882,0.2554931754916571,2023-10-05T00:00Z,23.45005830810177,28.065161026937677,-4.615102718835907,-12
401524025,2023,6,2023-10-08T02:30Z,30,12,USC Trojans,Arizona Wildcats,43,41,False,True,0.9005663727444929,1,0.8656933029755506,0.9276198779697491,2023-10-05T00:00Z,43.61576975527752,24.3497622673266,19.26600748795092,2
401520313,2023,7,2023-10-10T23:00Z,2393,2348,Middle Tennessee Blue Raiders,Louisiana Tech Bulldogs,31,23,False,True,0.5668949004736191,1,0.609598039178156,0.5041438880843178,2023-10-10T23:00Z,28.012114623761597,26.52515884535378,1.4869557784078182,8
401520312,2023,7,2023-10-10T23:30Z,55,2335,Jacksonville State Gamecocks,Liberty Flames,13,31,False,True,0.39148196498379567,0,0.45497089341122515,0.33664066190342495,2023-10-10T23:00Z,26.499302616745354,28.746737622791628,-2.247435006046274,-18
401531888,2023,7,2023-10-10T23:30Z,2026,324,Appalachian State Mountaineers,Coastal Carolina Chanticleers,24,27,False,True,0.7052182045921417,0,0.7020743099471305,0.6661752597224254,2023-10-10T23:00Z,33.78300849335571,27.484660320719804,6.2983481726359045,-3
401520314,2023,7,2023-10-11T23:30Z,2229,2638,Florida International Panthers,UTEP Miners,14,27,False,True,0.5493127222727385,0,0.4696203652631259,0.5483423141316817,2023-10-10T23:00Z,24.640048728756344,21.748885938947748,2.8911627898085968,-13
401520315,2023,7,2023-10-12T01:00Z,166,2534,New Mexico State Aggies,Sam Houston Bearkats,27,13,False,True,0.5410264664881473,1,0.527258444269521,0.37524026092388907,2023-10-10T23:00Z,19.664821471129713,21.613606159635033,-1.9487846885053202,14
401525862,2023,7,2023-10-12T23:00Z,248,277,Houston Cougars,West Virginia Mountaineers,41,39,False,True,0.4287331308935861,1,0.5748021576045571,0.33998288768504215,2023-10-10T23:00Z,24.098710420564775,24.74527962171635,-0.6465692011515749,2
401531415,2023,7,2023-10-12T23:30Z,151,2567,East Carolina Pirates,SMU Mustangs,10,31,False,True,0.4798168501976523,0,0.40876291620446004,0.24782996637218524,2023-10-10T23:00Z,22.980061350041375,28.102752454599006,-5.1226911045576315,-21
401531371,2023,7,2023-10-13T23:00Z,235,2655,Memphis Tigers,Tulane Green Wave,21,31,False,True,0.5120581727733058,0,0.43657658343649686,0.4062374641900956,2023-10-10T23:00Z,25.67050744646984,25.154536443484297,0.5159710029855447,-10
401532594,2023,7,2023-10-14T00:00Z,328,278,Utah State Aggies,Fresno State Bulldogs,32,37,False,True,0.3063042570641206,0,0.31523507904820225,0.21640804543657102,2023-10-10T23:00Z,25.374405633298217,33.090338973454486,-7.715933340156269,-5
401524029,2023,7,2023-10-14T02:00Z,38,24,Colorado Buffaloes,Stanford Cardinal,43,46,False,True,0.7824627802639138,0,0.6679996637022424,0.790955496914582,2023-10-10T23:00Z,33.495829275070854,24.028498121140583,9.467331153930271,-3
401520327,2023,7,2023-10-14T16:00Z,238,61,Vanderbilt Commodores,Georgia Bulldogs,20,37,False,True,0.028731045439189036,0,0.030835555945939026,0.022090770922844737,2023-10-10T23:00Z,15.652433849744673,42.77169775927048,-27.119263909525806,-17
401520321,2023,7,2023-10-14T16:00Z,130,84,Michigan Wolverines,Indiana Hoosiers,52,7,False,True,0.9747402197786219,1,0.9790879398110404,0.9807270010994663,2023-10-10T23:00Z,38.01065731518032,8.987152517267392,29.023504797912928,45
401520323,2023,7,2023-10-14T16:00Z,2509,194,Purdue Boilermakers,Ohio State Buckeyes,7,41,False,True,0.07368991911599415,0,0.12398257483690803,0.05898006733895554,2023-10-10T23:00Z,20.106977133024298,37.65429088801485,-17.54731375499055,-34
401525524,2023,7,2023-10-14T16:00Z,52,183,Florida State Seminoles,Syracuse Orange,41,3,False,True,0.8375719975861122,1,0.850156762293054,0.8798356196947599,2023-10-10T23:00Z,34.60466144630519,20.650731988320416,13.95392945798477,38
401520316,2023,7,2023-10-14T16:00Z,333,8,Alabama Crimson Tide,Arkansas Razorbacks,24,21,False,True,0.9043396001135802,1,0.9033795383747325,0.9091470987813611,2023-10-10T23:00Z,33.71912169836181,15.238090913408957,18.481030784952853,3
401520324,2023,7,2023-10-14T16:00Z,164,127,Rutgers Scarlet Knights,Michigan State Spartans,27,24,False,True,0.6715060053642905,1,0.5738105489581993,0.7385313563421451,2023-10-10T23:00Z,23.335176125387633,16.711257139822443,6.62391898556519,3
401525863,2023,7,2023-10-14T16:00Z,2132,66,Cincinnati Bearcats,Iowa State Cyclones,10,30,False,True,0.525013331487917,0,0.6371174231630159,0.48610862651486275,2023-10-10T23:00Z,22.958579813610438,20.272910239004364,2.6856695746060737,-20
401531390,2023,7,2023-10-14T16:00Z,249,218,North Texas Mean Green,Temple Owls,45,14,False,True,0.7060576001810571,1,0.8011470818108426,0.6975635382550633,2023-10-10T23:00Z,39.37367511121012,29.26122316222194,10.11245194898818,31
401531890,2023,7,2023-10-14T16:00Z,256,290,James Madison Dukes,Georgia Southern Eagles,41,13,False,True,0.5953016931353393,1,0.7023039288814091,0.619567594742732,2023-10-10T23:00Z,32.625802143593965,28.372591336073427,4.253210807520539,28
401532422,2023,7,2023-10-14T16:00Z,2199,2309,Eastern Michigan Eagles,Kent State Golden Flashes,28,14,False,True,0.7322313482016175,1,0.7312138903435608,0.7863789530076606,2023-10-10T23:00Z,28.132116416593682,17.10003774380695,11.032078672786731,14
401531405,2023,7,2023-10-14T18:00Z,2429,2426,Charlotte 49ers,Navy Midshipmen,0,14,False,True,0.4697081620786025,0,0.47214294798328826,0.5240950323343362,2023-10-10T23:00Z,26.040988227605354,25.424098901788508,0.616889325816846,-14
401532419,2023,7,2023-10-14T18:00Z,2050,2649,Ball State Cardinals,Toledo Rockets,6,13,False,True,0.15731001425804936,0,0.19052439354247963,0.11646591406847674,2023-10-10T23:00Z,21.62630044516206,32.7463080556081,-11.120007610446038,-7
401524033,2023,7,2023-10-14T19:00Z,254,25,Utah Utes,California Golden Bears,34,14,False,True,0.7832879469147564,1,0.8043754168329555,0.7779461122185733,2023-10-10T23:00Z,28.740215865367517,18.04129040621322,10.698925459154296,20
401520322,2023,7,2023-10-14T19:30Z,213,113,Penn State Nittany Lions,Massachusetts Minutemen,63,0,False,True,0.9910532410512888,1,0.9869447367574706,0.9960465880226013,2023-10-10T23:00Z,48.69908586830474,11.780297541941087,36.918788326363654,63
401524034,2023,7,2023-10-14T19:30Z,264,2483,Washington Huskies,Oregon Ducks,36,33,False,True,0.5331478141065092,1,0.583641265868028,0.5703663214986391,2023-10-10T23:00Z,31.890122452071285,29.30269372341205,2.5874287286592335,3
401520326,2023,7,2023-10-14T19:30Z,2633,245,Tennessee Volunteers,Texas A&M Aggies,20,13,False,True,0.5271464148190789,1,0.7520634454505138,0.7035510532635866,2023-10-10T23:00Z,31.67277897634812,26.65245768881119,5.02032128753693,7
401525864,2023,7,2023-10-14T19:30Z,197,2305,Oklahoma State Cowboys,Kansas Jayhawks,39,32,False,True,0.578214949818871,1,0.5607336907915079,0.3940751748198228,2023-10-10T23:00Z,31.048924518768995,28.04723210996689,3.0016924088021035,7
401520317,2023,7,2023-10-14T19:30Z,349,2653,Army Black Knights,Troy Trojans,0,19,False,True,0.3663786709014895,0,0.34107954263230567,0.30285092704004374,2023-10-10T23:00Z,18.50960909420695,20.58120457610028,-2.071595481893329,-19
401520320,2023,7,2023-10-14T19:30Z,120,356,Maryland Terrapins,Illinois Fighting Illini,24,27,False,True,0.8273871497810255,0,0.7933794567603063,0.8996919149039393,2023-10-10T23:00Z,32.4314960659897,17.258787357170643,15.172708708819055,-3
401520325,2023,7,2023-10-14T19:30Z,2579,57,South Carolina Gamecocks,Florida Gators,39,41,False,True,0.4712690650307092,0,0.5037571074643398,0.5109274798970804,2023-10-10T23:00Z,23.456689314753877,23.727285986096685,-0.2705966713428083,-2
401525527,2023,7,2023-10-14T19:30Z,259,154,Virginia Tech Hokies,Wake Forest Demon Deacons,30,13,False,True,0.47662412192185444,1,0.44636106217582683,0.4818345108411341,2023-10-10T23:00Z,25.029699625449968,25.08128713413493,-0.051587508684960426,17
401525865,2023,7,2023-10-14T19:30Z,2628,252,TCU Horned Frogs,BYU Cougars,44,11,False,True,0.6588501705091593,1,0.7160993737229647,0.6448484811665874,2023-10-10T23:00Z,30.13043511794827,27.271321557885035,2.8591135600632356,33
401531420,2023,7,2023-10-14T19:30Z,58,2226,South Florida Bulls,Florida Atlantic Owls,14,56,False,True,0.6298496389851372,0,0.6376177816090255,0.6241326408142667,2023-10-10T23:00Z,29.57767385352737,26.2708409850052,3.306832868522168,-42
401532420,2023,7,2023-10-14T19:30Z,2117,2006,Central Michigan Chippewas,Akron Zips,17,10,False,True,0.7823867107272697,1,0.8052793521044566,0.7737104986737074,2023-10-10T23:00Z,30.91393797196612,18.915045002173738,11.998892969792383,7
401532421,2023,7,2023-10-14T19:30Z,2084,189,Buffalo Bulls,Bowling Green Falcons,14,24,False,True,0.7186472005627476,0,0.6844422856322256,0.6393522781096819,2023-10-10T23:00Z,31.041419497931884,22.22721466200738,8.814204835924503,-10
401532423,2023,7,2023-10-14T19:30Z,2711,193,Western Michigan Broncos,Miami (OH) RedHawks,21,34,False,True,0.2489344094189716,0,0.33717696669940567,0.18700549970866462,2023-10-10T23:00Z,22.94192843803047,30.53168334710911,-7.589754909078639,-13
401520328,2023,7,2023-10-14T20:00Z,275,2294,Wisconsin Badgers,Iowa Hawkeyes,6,15,False,True,0.691196220482334,0,0.7323260544799566,0.742096854730205,2023-10-10T23:00Z,22.252804953836026,14.55499824269004,7.6978067111459865,-9
401532424,2023,7,2023-10-14T20:00Z,2459,195,Northern Illinois Huskies,Ohio Bobcats,23,13,False,True,0.4414837550902728,1,0.4110959351196475,0.35292494370534117,2023-10-10T23:00Z,23.53731223084872,26.138020413661792,-2.6007081828130723,10
401532597,2023,7,2023-10-14T21:00Z,2440,2439,Nevada Wolf Pack,UNLV Rebels,27,45,False,True,0.351404977571117,0,0.33102449977884296,0.27701117544539106,2023-10-10T23:00Z,27.68902003327585,30.289511542233566,-2.6004915089577167,-18
401532596,2023,7,2023-10-14T22:00Z,167,23,New Mexico Lobos,San José State Spartans,24,52,False,True,0.417363865662214,0,0.38231206936166373,0.3051923980363289,2023-10-10T23:00Z,25.400652386986927,28.672758084562297,-3.2721056975753697,-28
401525525,2023,7,2023-10-14T22:30Z,221,97,Pittsburgh Panthers,Louisville Cardinals,38,21,False,True,0.24489103426078865,1,0.32862130193992367,0.1725475740034473,2023-10-10T23:00Z,23.06833769509767,30.20679335284767,-7.138455657749997,17
401524030,2023,7,2023-10-14T23:00Z,265,12,Washington State Cougars,Arizona Wildcats,6,44,False,True,0.6914925165295468,0,0.6762519118933299,0.7861512349220522,2023-10-10T23:00Z,33.62790670709166,23.309298535041908,10.318608172049753,-38
401520319,2023,7,2023-10-14T23:00Z,99,2,LSU Tigers,Auburn Tigers,48,18,False,True,0.6939222625751823,1,0.7352979657554465,0.6462331546596111,2023-10-10T23:00Z,31.7612249863797,27.121857602170557,4.639367384209141,30
401525866,2023,7,2023-10-14T23:00Z,2641,2306,Texas Tech Red Raiders,Kansas State Wildcats,21,38,False,True,0.5679575414912525,0,0.5469204791045708,0.5179851632680968,2023-10-10T23:00Z,31.662916223038863,29.924894345457275,1.7380218775815877,-17
401531889,2023,7,2023-10-14T23:00Z,2247,276,Georgia State Panthers,Marshall Thundering Herd,41,24,False,True,0.4823568257453576,1,0.5329952864392198,0.49961613199995086,2023-10-10T23:00Z,29.127002346405682,28.173932942621033,0.9530694037846494,17
401531891,2023,7,2023-10-14T23:00Z,326,2433,Texas State Bobcats,UL Monroe Warhawks,21,20,False,True,0.8117807908987932,1,0.8529972699895452,0.8678844667839769,2023-10-10T23:00Z,37.58634915000865,22.63011344280732,14.95623570720133,1
401532598,2023,7,2023-10-14T23:00Z,2005,2751,Air Force Falcons,Wyoming Cowboys,34,27,False,True,0.8542302810284608,1,0.8772939645219269,0.8405948522390788,2023-10-10T23:00Z,29.906168225910147,16.14790501273857,13.758263213171578,7
401524031,2023,7,2023-10-14T23:30Z,87,30,Notre Dame Fighting Irish,USC Trojans,48,20,False,True,0.6275810253049484,1,0.6319927965985415,0.5481133123091829,2023-10-10T23:00Z,36.0930617383927,32.294519188783184,3.7985425496095147,28
401525526,2023,7,2023-10-14T23:30Z,153,2390,North Carolina Tar Heels,Miami Hurricanes,41,31,False,True,0.5701080041228543,1,0.677465761968087,0.655471057184727,2023-10-10T23:00Z,31.557991628876476,25.47293547699273,6.0850561518837445,10
401520318,2023,7,2023-10-14T23:30Z,96,142,Kentucky Wildcats,Missouri Tigers,21,38,False,True,0.6672271662459324,0,0.635931013954226,0.6642628080744023,2023-10-10T23:00Z,31.429824536464462,24.111147311475115,7.318677224989347,-17
401524032,2023,7,2023-10-15T00:00Z,204,26,Oregon State Beavers,UCLA Bruins,36,24,False,True,0.5785578260340608,1,0.6342757755119104,0.6445811837314472,2023-10-10T23:00Z,29.21027890057945,24.52163422687477,4.68864467370468,12
401525523,2023,7,2023-10-15T00:00Z,150,152,Duke Blue Devils,NC State Wolfpack,24,3,False,True,0.7638527734515241,1,0.7271729227965007,0.8615882966491006,2023-10-10T23:00Z,28.419150610979305,19.69250829906765,8.726642311911654,21
401531381,2023,7,2023-10-15T00:00Z,2636,5,UTSA Roadrunners,UAB Blazers,41,20,False,True,0.6098142366580016,1,0.6782099159797976,0.5860197252506484,2023-10-10T23:00Z,33.12356021439129,29.846042778164595,3.2775174362266952,21
401532593,2023,7,2023-10-15T02:00Z,36,68,Colorado State Rams,Boise State Broncos,31,30,False,True,0.36426741170043775,1,0.2948017002203402,0.28785229640848925,2023-10-10T23:00Z,27.252421000877803,32.83367190942358,-5.581250908545776,1
401532595,2023,7,2023-10-15T03:00Z,62,21,Hawai'i Rainbow Warriors,San Diego State Aztecs,34,41,False,True,0.3878393705251479,0,0.3729535441693076,0.2574934764987115,2023-10-10T23:00Z,22.66682684742935,27.702171579172916,-5.035344731743567,-7
401520330,2023,8,2023-10-17T23:00Z,2335,2393,Liberty Flames,Middle Tennessee Blue Raiders,42,35,False,True,0.8864881646738827,1,0.8815295743064433,0.9301890922120245,2023-10-17T23:00Z,37.29730040813065,18.16459157168479,19.13270883644586,7
401520329,2023,8,2023-10-17T23:30Z,55,98,Jacksonville State Gamecocks,Western Kentucky Hilltoppers,20,17,False,True,0.5350218829271552,1,0.5242684523918413,0.4608083141163287,2023-10-17T23:00Z,28.780892045348924,27.810776777400843,0.9701152679480813,3
401531892,2023,8,2023-10-17T23:30Z,6,2572,South Alabama Jaguars,Southern Miss Golden Eagles,55,3,False,True,0.8905033543063414,1,0.9013819301519191,0.9514239598897339,2023-10-17T23:00Z,37.45118850318694,17.004836186490667,20.446352316696274,52
401520331,2023,8,2023-10-18T23:00Z,2534,2229,Sam Houston Bearkats,Florida International Panthers,27,33,False,True,0.718525520499524,0,0.7858817782373073,0.7912858039778675,2023-10-17T23:00Z,26.520716782254723,15.233920347540874,11.28679643471385,-6
401520332,2023,8,2023-10-19T01:00Z,2638,166,UTEP Miners,New Mexico State Aggies,7,28,False,True,0.4914359338852867,0,0.5146992156698267,0.47536890195066756,2023-10-17T23:00Z,22.285966090405328,22.216072536018068,0.06989355438726008,-21
401531341,2023,8,2023-10-19T23:00Z,202,242,Tulsa Golden Hurricane,Rice Owls,10,42,False,True,0.6873881170825095,0,0.726266628240634,0.7038273255880354,2023-10-17T23:00Z,32.53910012512713,24.18608417729379,8.353015947833338,-32
401531893,2023,8,2023-10-19T23:00Z,276,256,Marshall Thundering Herd,James Madison Dukes,9,20,False,True,0.42138829203384326,0,0.38883014158844353,0.30474311272363797,2023-10-17T23:00Z,28.65055162875119,31.7607681188696,-3.1102164901184075,-11
401531391,2023,8,2023-10-20T23:00Z,218,2567,Temple Owls,SMU Mustangs,0,55,False,True,0.15543942944780254,0,0.11180593627018334,0.04351412056790903,2023-10-17T23:00Z,18.33940569489721,38.122715633660476,-19.783309938763267,-55
401520343,2023,8,2023-10-21T16:00Z,194,213,Ohio State Buckeyes,Penn State Nittany Lions,20,12,False,True,0.7106273616554482,1,0.6641524094844868,0.6174816217200609,2023-10-17T23:00Z,28.69341236336598,22.636721745675366,6.056690617690613,8
401525871,2023,8,2023-10-21T16:00Z,201,2116,Oklahoma Sooners,UCF Knights,31,29,False,True,0.9625947275295197,1,0.8773043198155794,0.9638442456323761,2023-10-17T23:00Z,43.498617159768834,20.91554900151405,22.583068158254783,2
401531434,2023,8,2023-10-21T16:00Z,2426,2005,Navy Midshipmen,Air Force Falcons,6,17,False,True,0.14490136754820873,0,0.14525002484965743,0.10416730626089393,2023-10-17T23:00Z,15.637265583589663,28.928332165352305,-13.291066581762642,-11
401520334,2023,8,2023-10-21T16:00Z,8,344,Arkansas Razorbacks,Mississippi State Bulldogs,3,7,False,True,0.7298587572775298,0,0.640038580457504,0.6978189380850223,2023-10-17T23:00Z,30.897717955712455,23.320907383449924,7.576810572262531,-4
401520337,2023,8,2023-10-21T16:00Z,84,164,Indiana Hoosiers,Rutgers Scarlet Knights,14,31,False,True,0.33510167324917334,0,0.3908462705784609,0.2530119047405034,2023-10-17T23:00Z,19.570820388143417,24.46499641043741,-4.894176022293994,-17
401525528,2023,8,2023-10-21T16:00Z,59,103,Georgia Tech Yellow Jackets,Boston College Eagles,23,38,False,True,0.6023655067394865,0,0.605060565786151,0.6569711989166266,2023-10-17T23:00Z,30.808953131954514,26.49038542871285,4.318567703241662,-15
401525868,2023,8,2023-10-21T16:00Z,2132,239,Cincinnati Bearcats,Baylor Bears,29,32,False,True,0.7036938746222767,0,0.7209149206807363,0.6784454157984108,2023-10-17T23:00Z,28.312312943058828,20.181266675658712,8.131046267400116,-3
401531382,2023,8,2023-10-21T16:00Z,5,235,UAB Blazers,Memphis Tigers,21,45,False,True,0.44968210959414606,0,0.45648284184196253,0.2922202980976673,2023-10-17T23:00Z,30.031279373120064,32.78687901894364,-2.7555996458235725,-24
401532428,2023,8,2023-10-21T16:00Z,195,2711,Ohio Bobcats,Western Michigan Broncos,20,17,False,True,0.8793723689042776,1,0.8685364014304702,0.9208149321171983,2023-10-17T23:00Z,34.873916076071076,18.744761792950527,16.12915428312055,3
401531406,2023,8,2023-10-21T18:00Z,151,2429,East Carolina Pirates,Charlotte 49ers,7,10,False,True,0.7264046472067764,0,0.7525601539242462,0.6683675316992458,2023-10-17T23:00Z,26.424333385649827,19.50020173906655,6.924131646583277,-3
401531894,2023,8,2023-10-21T18:00Z,290,2433,Georgia Southern Eagles,UL Monroe Warhawks,38,28,False,True,0.8544875305973815,1,0.8744137638760514,0.878265843545846,2023-10-17T23:00Z,36.986496510428765,21.215370923287857,15.771125587140908,10
401532429,2023,8,2023-10-21T18:00Z,189,2006,Bowling Green Falcons,Akron Zips,41,14,False,True,0.7837369490509788,1,0.7627999208301837,0.8443898116875332,2023-10-17T23:00Z,26.946292884079153,15.413607176301706,11.532685707777446,27
401524035,2023,8,2023-10-21T19:30Z,2483,265,Oregon Ducks,Washington State Cougars,38,24,False,True,0.9158671655631184,1,0.8939943708229173,0.9133347471152315,2023-10-17T23:00Z,37.38914739997777,20.182030113232038,17.207117286745735,14
401520333,2023,8,2023-10-21T19:30Z,333,2633,Alabama Crimson Tide,Tennessee Volunteers,34,20,False,True,0.7256239592664727,1,0.5951940536595086,0.5627523984680599,2023-10-17T23:00Z,28.41995246756483,22.26439740092669,6.15555506663814,14
401520341,2023,8,2023-10-21T19:30Z,142,2579,Missouri Tigers,South Carolina Gamecocks,34,12,False,True,0.6285804115798436,1,0.6896003592527034,0.6517382928883717,2023-10-17T23:00Z,32.66903621297759,26.28239693047407,6.386639282503516,22
401531372,2023,8,2023-10-21T19:30Z,2655,249,Tulane Green Wave,North Texas Mean Green,35,28,False,True,0.864476533148797,1,0.8498142072767533,0.9234859903786311,2023-10-17T23:00Z,37.871854157150665,22.70365471448728,15.168199442663386,7
401520338,2023,8,2023-10-21T19:30Z,2294,135,Iowa Hawkeyes,Minnesota Golden Gophers,10,12,False,True,0.7813103297756612,0,0.6984983597844968,0.7741843705440339,2023-10-17T23:00Z,22.8128347867759,13.210988227772006,9.601846559003892,-2
401520336,2023,8,2023-10-21T19:30Z,356,275,Illinois Fighting Illini,Wisconsin Badgers,21,25,False,True,0.3400268203460146,0,0.3838814620022871,0.2837362613274886,2023-10-17T23:00Z,18.225394337776784,24.659902068887277,-6.434507731110493,-4
401520342,2023,8,2023-10-21T19:30Z,158,77,Nebraska Cornhuskers,Northwestern Wildcats,17,9,False,True,0.6891656852086139,1,0.7352589408296385,0.6092756023836032,2023-10-17T23:00Z,25.089654909866685,18.63399492480714,6.455659985059544,8
401520344,2023,8,2023-10-21T19:30Z,41,58,UConn Huskies,South Florida Bulls,21,24,False,True,0.483373717830085,0,0.5055133116834414,0.5376996230992153,2023-10-17T23:00Z,31.286113782375416,30.435512811941745,0.8506009704336712,-3
401525532,2023,8,2023-10-21T19:30Z,154,221,Wake Forest Demon Deacons,Pittsburgh Panthers,21,17,False,True,0.5396043940456341,1,0.5699661790001131,0.5267107642587543,2023-10-17T23:00Z,27.082730117909385,24.985351650318844,2.0973784675905414,4
401525872,2023,8,2023-10-21T19:30Z,277,197,West Virginia Mountaineers,Oklahoma State Cowboys,34,48,False,True,0.6000964401826442,0,0.5734586981544223,0.6369627141127703,2023-10-17T23:00Z,25.884663439762154,22.719772627636814,3.164890812125339,-14
401532425,2023,8,2023-10-21T19:30Z,2050,2117,Ball State Cardinals,Central Michigan Chippewas,24,17,False,True,0.32350324164308386,1,0.38272346795327217,0.26361655345091023,2023-10-17T23:00Z,20.813886897108297,24.96350406541395,-4.149617168305653,7
401532426,2023,8,2023-10-21T19:30Z,2459,2199,Northern Illinois Huskies,Eastern Michigan Eagles,20,13,False,True,0.7800383577668035,1,0.7511688506325978,0.8176382146915804,2023-10-17T23:00Z,27.935349759312263,18.625001920266627,9.310347839045637,7
401532430,2023,8,2023-10-21T19:30Z,2309,2084,Kent State Golden Flashes,Buffalo Bulls,6,24,False,True,0.32815304664030853,0,0.38330853058879466,0.205535313411527,2023-10-17T23:00Z,24.651666832432344,31.88328289535947,-7.231616062927127,-18
401525869,2023,8,2023-10-21T20:00Z,248,251,Houston Cougars,Texas Longhorns,24,31,False,True,0.14129494015720326,0,0.2076171268656467,0.07691810065656175,2023-10-17T23:00Z,22.926998104230172,36.55164487645933,-13.624646772229156,-7
401532427,2023,8,2023-10-21T20:00Z,193,2649,Miami (OH) RedHawks,Toledo Rockets,17,21,False,True,0.5867895434075281,0,0.5107239880369399,0.5919181443875534,2023-10-17T23:00Z,25.18116993821534,21.11432244803798,4.066847490177359,-4
401531397,2023,8,2023-10-21T22:00Z,2226,2636,Florida Atlantic Owls,UTSA Roadrunners,10,36,False,True,0.5273965248958615,0,0.46879842735347416,0.5725875789399505,2023-10-17T23:00Z,27.195724902221652,24.316867443794802,2.8788574584268503,-26
401532600,2023,8,2023-10-21T22:00Z,167,62,New Mexico Lobos,Hawai'i Rainbow Warriors,42,21,False,True,0.4498911568543042,1,0.49951740395960664,0.46429532736539825,2023-10-17T23:00Z,30.05642421790597,29.811435471380122,0.24498874652584846,21
401525531,2023,8,2023-10-21T22:30Z,153,258,North Carolina Tar Heels,Virginia Cavaliers,27,31,False,True,0.9295806353930396,0,0.9005940882593372,0.9436980391610184,2023-10-17T23:00Z,39.641465847034276,20.100362461297678,19.541103385736598,-4
401520335,2023,8,2023-10-21T23:00Z,2,145,Auburn Tigers,Ole Miss Rebels,21,28,False,True,0.4165664970392706,0,0.3576340341409324,0.27670393594901116,2023-10-17T23:00Z,25.393424408814706,28.86171310210831,-3.468288693293605,-7
401525867,2023,8,2023-10-21T23:00Z,252,2641,BYU Cougars,Texas Tech Red Raiders,27,14,False,True,0.467048916054749,1,0.3800779266158322,0.3425507252684808,2023-10-17T23:00Z,29.421145873182176,29.82721311805372,-0.40606724487154366,13
401525870,2023,8,2023-10-21T23:00Z,2306,2628,Kansas State Wildcats,TCU Horned Frogs,41,3,False,True,0.60456851965746,1,0.5985740512400364,0.6554746786555794,2023-10-17T23:00Z,31.242218624943778,25.882755357962775,5.3594632669810025,38
401531895,2023,8,2023-10-21T23:00Z,295,2026,Old Dominion Monarchs,Appalachian State Mountaineers,28,21,False,True,0.36554727409638715,1,0.4265828553236609,0.3855813313707095,2023-10-17T23:00Z,28.07295494420809,31.20995963708168,-3.1370046928735924,7
401531896,2023,8,2023-10-21T23:00Z,2032,324,Arkansas State Red Wolves,Coastal Carolina Chanticleers,17,27,False,True,0.24897353815624718,0,0.21389657430748882,0.14763171617171003,2023-10-17T23:00Z,23.539088016667808,34.890205194483734,-11.351117177815926,-10
401532599,2023,8,2023-10-21T23:00Z,2439,36,UNLV Rebels,Colorado State Rams,25,23,False,True,0.7126992297255316,1,0.7473643675138892,0.8257691029796537,2023-10-17T23:00Z,36.85045618545796,26.699308905271106,10.151147280186851,2
401532602,2023,8,2023-10-21T23:00Z,23,328,San José State Spartans,Utah State Aggies,42,21,False,True,0.4563939852039269,1,0.5212631481380616,0.4439873935223687,2023-10-17T23:00Z,32.615527435400026,32.25203631723074,0.3634911181692857,21
401520340,2023,8,2023-10-21T23:30Z,127,130,Michigan State Spartans,Michigan Wolverines,0,49,False,True,0.0736571703801172,0,0.07893803157016349,0.0396392188736454,2023-10-17T23:00Z,13.564589467953958,34.82033959435812,-21.25575012640416,-49
401525530,2023,8,2023-10-21T23:30Z,52,150,Florida State Seminoles,Duke Blue Devils,38,20,False,True,0.7539007272203941,1,0.7817978136156571,0.7221840826374236,2023-10-17T23:00Z,30.999114341119487,20.93905621492858,10.060058126190906,18
401520339,2023,8,2023-10-21T23:30Z,99,349,LSU Tigers,Army Black Knights,62,0,False,True,0.9418039446205718,1,0.9120323174223991,0.9483168831761384,2023-10-17T23:00Z,38.632791419726026,20.708541833876254,17.924249585849772,62
401524037,2023,8,2023-10-22T00:00Z,30,254,USC Trojans,Utah Utes,32,34,False,True,0.6472825861145637,0,0.6353384786432423,0.6561088613679368,2023-10-17T23:00Z,31.77898140713402,27.212716437721884,4.566264969412135,-2
401525529,2023,8,2023-10-22T00:00Z,2390,228,Miami Hurricanes,Clemson Tigers,28,20,False,True,0.546555762349426,1,0.4714893930173132,0.4856181199207838,2023-10-17T23:00Z,25.400850195124587,25.336368828964027,0.06448136616056033,8
401531897,2023,8,2023-10-22T00:00Z,309,2247,Louisiana Ragin' Cajuns,Georgia State Panthers,17,20,False,True,0.5791290447657927,0,0.5736522906859345,0.426818075190501,2023-10-17T23:00Z,31.72329815489883,29.760581918660364,1.9627162362384674,-3
401532601,2023,8,2023-10-22T01:00Z,21,2440,San Diego State Aztecs,Nevada Wolf Pack,0,6,False,True,0.7232159099705991,0,0.77330690355841,0.7502653938432868,2023-10-17T23:00Z,29.657450706266822,21.1911845058493,8.466266200417522,-6
401524036,2023,8,2023-10-22T02:30Z,24,26,Stanford Cardinal,UCLA Bruins,7,42,False,True,0.22265933608930488,0,0.17392229570746098,0.16122854244513188,2023-10-17T23:00Z,20.840483928703968,31.069375513716977,-10.22889158501301,-35
401524038,2023,8,2023-10-22T02:45Z,264,9,Washington Huskies,Arizona State Sun Devils,15,7,False,True,0.9564683629271555,1,0.945189507973965,0.9775470850366526,2023-10-17T23:00Z,38.70911172663644,14.99985089963873,23.709260826997713,8
401520345,2023,9,2023-10-24T23:00Z,2348,166,Louisiana Tech Bulldogs,New Mexico State Aggies,24,27,False,True,0.4800320489127482,0,0.4860031501401171,0.4978452313271446,2023-10-24T23:00Z,25.186326544570317,24.1900979792255,0.9962285653448184,-3
401520346,2023,9,2023-10-24T23:30Z,98,2335,Western Kentucky Hilltoppers,Liberty Flames,29,42,False,True,0.3743332732898147,0,0.431359825308295,0.38664300329620316,2023-10-24T23:00Z,28.34499720007452,30.390975539338854,-2.045978339264334,-13
401520347,2023,9,2023-10-25T23:00Z,2229,55,Florida International Panthers,Jacksonville State Gamecocks,16,41,False,True,0.2840962222366732,0,0.22157764705241526,0.21505710451584595,2023-10-24T23:00Z,20.645124985409296,29.29669142161253,-8.651566436203233,-25
401520348,2023,9,2023-10-26T00:00Z,2534,2638,Sam Houston Bearkats,UTEP Miners,34,37,False,True,0.6705842436154569,0,0.6709862845432162,0.7188417341514439,2023-10-24T23:00Z,23.57884607099539,15.142467751603885,8.436378319391505,-3
401525533,2023,9,2023-10-26T23:30Z,259,183,Virginia Tech Hokies,Syracuse Orange,38,10,False,True,0.5635035097367346,1,0.6088792491751982,0.5539268584301107,2023-10-24T23:00Z,24.80024620299868,20.750031880548853,4.0502143224498255,28
401531929,2023,9,2023-10-26T23:30Z,290,2247,Georgia Southern Eagles,Georgia State Panthers,44,27,False,True,0.4903529494586812,1,0.48445215570400335,0.4284655488642475,2023-10-24T23:00Z,29.06895486505706,29.613739515848586,-0.5447846507915273,17
401531407,2023,9,2023-10-27T23:30Z,2429,2226,Charlotte 49ers,Florida Atlantic Owls,16,38,False,True,0.44356376423999017,0,0.4780006399301092,0.41693047532595734,2023-10-24T23:00Z,20.612894088139498,22.865295193905716,-2.252401105766218,-22
401525536,2023,9,2023-10-28T16:00Z,154,52,Wake Forest Demon Deacons,Florida State Seminoles,16,41,False,True,0.1382681711192794,0,0.18781696141348903,0.06316725307096514,2023-10-24T23:00Z,20.966221192485957,34.52611710848242,-13.55989591599646,-25
401525874,2023,9,2023-10-28T16:00Z,2305,201,Kansas Jayhawks,Oklahoma Sooners,38,33,False,True,0.135523690127841,1,0.21286290008064712,0.14121592234177735,2023-10-24T23:00Z,26.622343203663885,40.41793408666942,-13.795590883005534,5
401520358,2023,9,2023-10-28T16:00Z,213,84,Penn State Nittany Lions,Indiana Hoosiers,33,24,False,True,0.9752879180022909,1,0.973901722836328,0.9865047085347551,2023-10-24T23:00Z,38.80753870931534,8.265382553783743,30.542156155531593,9
401520349,2023,9,2023-10-28T16:00Z,349,113,Army Black Knights,Massachusetts Minutemen,14,21,False,True,0.8280459364947732,0,0.8635105982353194,0.8495634917796552,2023-10-24T23:00Z,35.46225189252077,20.719840180647,14.742411711873768,-7
401520351,2023,9,2023-10-28T16:00Z,103,41,Boston College Eagles,UConn Huskies,21,14,False,True,0.8287423938386423,1,0.7906901683875524,0.8269363087002188,2023-10-24T23:00Z,32.90450717703981,19.998911177876117,12.905595999163694,7
401520356,2023,9,2023-10-28T16:00Z,77,120,Northwestern Wildcats,Maryland Terrapins,33,27,False,True,0.29729806801033876,1,0.2775507994232661,0.2100250021715174,2023-10-24T23:00Z,22.64492143932985,29.498501894754916,-6.853580455425067,6
401520359,2023,9,2023-10-28T16:00Z,245,2579,Texas A&M Aggies,South Carolina Gamecocks,30,17,False,True,0.8290174519579182,1,0.8155851278290326,0.8342249824632654,2023-10-24T23:00Z,33.408399514891414,19.614305447009038,13.794094067882376,13
401525875,2023,9,2023-10-28T16:00Z,2306,248,Kansas State Wildcats,Houston Cougars,41,0,False,True,0.8574670656426707,1,0.8522512989147505,0.9288358633151143,2023-10-24T23:00Z,38.402167399039946,21.761351737211864,16.640815661828082,41
401525878,2023,9,2023-10-28T16:00Z,2116,277,UCF Knights,West Virginia Mountaineers,28,41,False,True,0.539625118122442,0,0.6981623473741166,0.6125704336836293,2023-10-24T23:00Z,31.343490522901465,25.627641605113922,5.715848917787543,-13
401531342,2023,9,2023-10-28T16:00Z,2567,202,SMU Mustangs,Tulsa Golden Hurricane,69,10,False,True,0.8559093095509684,1,0.902688740766936,0.9420063354376564,2023-10-24T23:00Z,36.8446491110427,17.212312810146283,19.632336300896416,59
401532431,2023,9,2023-10-28T17:00Z,2199,2711,Eastern Michigan Eagles,Western Michigan Broncos,21,45,False,True,0.6173403172066867,0,0.6037776874118642,0.615468138284569,2023-10-24T23:00Z,27.841491671057767,22.99982507144091,4.8416665996168575,-24
401525534,2023,9,2023-10-28T18:00Z,152,228,NC State Wolfpack,Clemson Tigers,24,17,False,True,0.2741222518828924,1,0.33880884088545704,0.29164474056206063,2023-10-24T23:00Z,19.688464592127737,25.166982348580216,-5.478517756452479,7
401531430,2023,9,2023-10-28T19:00Z,249,235,North Texas Mean Green,Memphis Tigers,42,45,False,True,0.2731201695382533,0,0.38780513971468433,0.204616698991222,2023-10-24T23:00Z,29.650942316885345,36.236223337924876,-6.585281021039531,-3
401520352,2023,9,2023-10-28T19:30Z,57,61,Florida Gators,Georgia Bulldogs,20,43,True,True,0.15236857063489384,0,0.11706221232211964,0.15712579293535436,2023-10-24T23:00Z,18.882721356343197,32.44859408157143,-13.565872725228232,-23
401525877,2023,9,2023-10-28T19:30Z,251,252,Texas Longhorns,BYU Cougars,35,6,False,True,0.9072222040265069,1,0.9048379896496893,0.9299543730191059,2023-10-24T23:00Z,34.132982933156484,17.185826049951192,16.94715688320529,29
401524044,2023,9,2023-10-28T19:30Z,254,2483,Utah Utes,Oregon Ducks,6,35,False,True,0.42297317328856704,0,0.4572579093554695,0.3731961710910249,2023-10-24T23:00Z,22.09033858060861,23.45970698502333,-1.3693684044147219,-29
401525440,2023,9,2023-10-28T19:30Z,87,221,Notre Dame Fighting Irish,Pittsburgh Panthers,58,7,False,True,0.9011514857913702,1,0.8765420672625273,0.9352066820462216,2023-10-24T23:00Z,33.88238717830869,15.669745907735795,18.212641270572895,51
401525535,2023,9,2023-10-28T19:30Z,97,150,Louisville Cardinals,Duke Blue Devils,23,0,False,True,0.5197948034210368,1,0.5962434549594922,0.351884740384147,2023-10-24T23:00Z,25.216928100183356,24.180722104592,1.0362059955913558,23
401520350,2023,9,2023-10-28T19:30Z,2,344,Auburn Tigers,Mississippi State Bulldogs,27,13,False,True,0.6706285992402767,1,0.5616779275390429,0.6404724314099798,2023-10-24T23:00Z,24.823972200201496,19.521290356127686,5.30268184407381,14
401520354,2023,9,2023-10-28T19:30Z,135,127,Minnesota Golden Gophers,Michigan State Spartans,27,12,False,True,0.7175773816429155,1,0.742421034605188,0.7400628621462005,2023-10-24T23:00Z,27.743331272066538,17.816680211782163,9.926651060284374,15
401520355,2023,9,2023-10-28T19:30Z,158,2509,Nebraska Cornhuskers,Purdue Boilermakers,31,14,False,True,0.6427343177174658,1,0.6321963983028017,0.5644759478625668,2023-10-24T23:00Z,25.28782003533881,21.11377491384706,4.174045121491751,17
401525538,2023,9,2023-10-28T19:30Z,2390,258,Miami Hurricanes,Virginia Cavaliers,29,26,False,True,0.8762662047537755,1,0.8160014832604685,0.8543739899170576,2023-10-24T23:00Z,34.042326691010985,21.240320522249007,12.802006168761977,3
401525873,2023,9,2023-10-28T19:30Z,239,66,Baylor Bears,Iowa State Cyclones,18,30,False,True,0.35363457836413675,0,0.40381342160740263,0.2778077886672733,2023-10-24T23:00Z,21.564405253780954,27.028154686374712,-5.463749432593758,-12
401531398,2023,9,2023-10-28T19:30Z,2636,151,UTSA Roadrunners,East Carolina Pirates,41,27,False,True,0.8032206345996935,1,0.8346970761694206,0.7916223148350338,2023-10-24T23:00Z,29.483406299673547,18.160049997998037,11.32335630167551,14
401531898,2023,9,2023-10-28T19:30Z,2026,2572,Appalachian State Mountaineers,Southern Miss Golden Eagles,48,38,False,True,0.8625769863684699,1,0.881102744062142,0.9078528136410489,2023-10-24T23:00Z,39.85494548159621,20.7537331324111,19.10121234918511,10
401532432,2023,9,2023-10-28T19:30Z,195,193,Ohio Bobcats,Miami (OH) RedHawks,16,30,False,True,0.6164913453412685,0,0.6485890133542769,0.6239951809029555,2023-10-24T23:00Z,20.177458788842525,16.35588358035515,3.821575208487374,-14
401531373,2023,9,2023-10-28T20:00Z,242,2655,Rice Owls,Tulane Green Wave,28,30,False,True,0.3245819392096977,0,0.2434753520455731,0.215508285145887,2023-10-24T23:00Z,23.110664813732427,30.125659333036147,-7.01499451930372,-2
401524041,2023,9,2023-10-28T20:00Z,25,30,California Golden Bears,USC Trojans,49,50,False,True,0.24299836388579088,0,0.275148079692925,0.2124595286644486,2023-10-24T23:00Z,33.871743447417686,41.297094555212304,-7.425351107794619,-1
401531901,2023,9,2023-10-28T21:00Z,2433,2032,UL Monroe Warhawks,Arkansas State Red Wolves,24,34,False,True,0.6537836852479367,0,0.6236124236621935,0.6854025127704978,2023-10-24T23:00Z,32.296963748335585,27.060639497198,5.236324251137585,-10
401531902,2023,9,2023-10-28T21:00Z,6,309,South Alabama Jaguars,Louisiana Ragin' Cajuns,20,33,False,True,0.764455057871694,0,0.7679604813613605,0.8421207644774406,2023-10-24T23:00Z,33.26867812167797,23.620518598489074,9.648159523188898,-13
401532607,2023,9,2023-10-28T21:30Z,68,2751,Boise State Broncos,Wyoming Cowboys,32,7,False,True,0.6408286297229036,1,0.6647390451538235,0.4872600541222288,2023-10-24T23:00Z,28.407143481193376,25.383605305387377,3.0235381758059994,25
401531899,2023,9,2023-10-28T22:00Z,324,276,Coastal Carolina Chanticleers,Marshall Thundering Herd,34,6,False,True,0.5043715522953168,1,0.5437435139735076,0.4811502601497568,2023-10-24T23:00Z,27.50203976705544,24.998055476470274,2.5039842905851657,28
401524042,2023,9,2023-10-28T23:00Z,24,264,Stanford Cardinal,Washington Huskies,33,42,False,True,0.10071966533562907,0,0.0772860437245364,0.03713323283675193,2023-10-24T23:00Z,18.37977488361941,38.32471487394906,-19.94493999032965,-9
401532603,2023,9,2023-10-28T23:00Z,36,2005,Colorado State Rams,Air Force Falcons,13,30,False,True,0.1765052820522409,0,0.11751935728977575,0.09695655048362388,2023-10-24T23:00Z,18.151998171292483,32.334028820960455,-14.182030649667972,-17
401520353,2023,9,2023-10-28T23:00Z,96,2633,Kentucky Wildcats,Tennessee Volunteers,27,33,False,True,0.3170216619391846,0,0.27574314761900637,0.20587263475856032,2023-10-24T23:00Z,24.684247280367998,30.63429121424967,-5.950043933881673,-6
401531903,2023,9,2023-10-28T23:00Z,326,2653,Texas State Bobcats,Troy Trojans,13,31,False,True,0.2930314466297569,0,0.29689863034954855,0.23778166347517066,2023-10-24T23:00Z,19.608066806884445,25.406750968385253,-5.798684161500809,-18
401520360,2023,9,2023-10-28T23:30Z,275,194,Wisconsin Badgers,Ohio State Buckeyes,10,24,False,True,0.12733066160881404,0,0.1950626279862611,0.10676570581678185,2023-10-24T23:00Z,16.658623448237606,29.139469221604866,-12.48084577336726,-14
401520357,2023,9,2023-10-28T23:30Z,145,238,Ole Miss Rebels,Vanderbilt Commodores,33,7,False,True,0.9300039411283164,1,0.9375870579485104,0.9566134483649794,2023-10-24T23:00Z,42.73035979065576,20.694205543028048,22.036154247627714,26
401524043,2023,9,2023-10-28T23:30Z,26,38,UCLA Bruins,Colorado Buffaloes,28,16,False,True,0.8311641109468655,1,0.9130864399304628,0.8657571000453868,2023-10-24T23:00Z,38.39864952788811,23.102443252960953,15.296206274927158,12
401525537,2023,9,2023-10-29T00:00Z,59,153,Georgia Tech Yellow Jackets,North Carolina Tar Heels,46,42,False,True,0.22583040379785443,1,0.2522332215485692,0.18393739183548685,2023-10-24T23:00Z,25.782513363260406,35.450940123489644,-9.668426760229238,4
401531900,2023,9,2023-10-29T00:00Z,256,295,James Madison Dukes,Old Dominion Monarchs,30,27,False,True,0.8565338920780395,1,0.8724114391042885,0.8955978858988736,2023-10-24T23:00Z,33.15350713787405,18.07687699597326,15.07663014190079,3
401524040,2023,9,2023-10-29T00:00Z,9,265,Arizona State Sun Devils,Washington State Cougars,38,27,False,True,0.44424403156270525,1,0.44756253880526464,0.3090554792845194,2023-10-24T23:00Z,21.813821649302742,24.0665675962231,-2.2527459469203563,11
401525876,2023,9,2023-10-29T00:00Z,197,2132,Oklahoma State Cowboys,Cincinnati Bearcats,45,13,False,True,0.7146226630356205,1,0.6955318581095407,0.8027946760625206,2023-10-24T23:00Z,31.074587415241506,22.2948847519945,8.779702663247008,32
401524039,2023,9,2023-10-29T02:30Z,12,204,Arizona Wildcats,Oregon State Beavers,27,24,False,True,0.4381984252521433,1,0.40477215081618256,0.3617899165609665,2023-10-24T23:00Z,26.860668505829,30.272444311545414,-3.411775805716413,3
401532604,2023,9,2023-10-29T02:30Z,2440,167,Nevada Wolf Pack,New Mexico Lobos,34,24,False,True,0.6361260993327376,1,0.6488124484597727,0.6693976110465774,2023-10-24T23:00Z,29.173810978529147,22.290810248877985,6.883000729651162,10
401532606,2023,9,2023-10-29T02:30Z,278,2439,Fresno State Bulldogs,UNLV Rebels,31,24,False,True,0.7568825012722307,1,0.8117240905889069,0.8096424568299043,2023-10-24T23:00Z,35.55356124966329,23.012661298807842,12.540899950855447,7
401532605,2023,9,2023-10-29T03:59Z,62,23,Hawai'i Rainbow Warriors,San José State Spartans,0,35,False,True,0.29735966861637264,0,0.24792637943284163,0.15033286365838766,2023-10-24T23:00Z,25.923866826087302,35.62402935790289,-9.70016253181559,-35
401532433,2023,10,2023-10-31T23:00Z,2117,2459,Central Michigan Chippewas,Northern Illinois Huskies,37,31,False,True,0.377834835055727,1,0.4946144612943289,0.3220867010203569,2023-10-31T23:00Z,24.61846965862138,27.298090068381413,-2.679620409760034,6
401532434,2023,10,2023-10-31T23:30Z,2649,2084,Toledo Rockets,Buffalo Bulls,31,13,False,True,0.7513049421801987,1,0.790122246257454,0.7588140837051159,2023-10-31T23:00Z,30.74018705928768,21.79041972979632,8.949767329491362,18
401532435,2023,10,2023-11-01T23:00Z,189,2050,Bowling Green Falcons,Ball State Cardinals,24,21,False,True,0.7799291508810546,1,0.7102325595952859,0.8569614771965209,2023-10-31T23:00Z,26.190534795975253,16.540643274406683,9.64989152156857,3
401532436,2023,10,2023-11-01T23:30Z,2006,2309,Akron Zips,Kent State Golden Flashes,31,27,False,True,0.5689962306382981,1,0.5764699968814042,0.6182957196765927,2023-10-31T23:00Z,24.775255609792374,22.43069662278576,2.3445589870066144,4
401525879,2023,10,2023-11-02T23:00Z,2641,2628,Texas Tech Red Raiders,TCU Horned Frogs,35,28,False,True,0.47830946345314895,1,0.5286299059870656,0.4760978883533139,2023-10-31T23:00Z,29.16599099693157,28.124918341249842,1.0410726556817274,7
401525539,2023,10,2023-11-02T23:30Z,150,154,Duke Blue Devils,Wake Forest Demon Deacons,24,21,False,True,0.7826847479198399,1,0.7331263177315237,0.8734576639305305,2023-10-31T23:00Z,27.11513104740027,16.803565957309274,10.311565090090994,3
401531904,2023,10,2023-11-02T23:30Z,2653,6,Troy Trojans,South Alabama Jaguars,28,10,False,True,0.5949054381762191,1,0.5818575007783044,0.5769795099387136,2023-10-31T23:00Z,22.83205324492727,19.204612184909497,3.627441060017773,18
401525540,2023,10,2023-11-03T23:30Z,183,103,Syracuse Orange,Boston College Eagles,10,17,False,True,0.5214458997152879,0,0.5214967523965048,0.5467500230553728,2023-10-31T23:00Z,25.580343784390248,23.823784465855464,1.7565593185347836,-7
401532609,2023,10,2023-11-04T00:00Z,2751,36,Wyoming Cowboys,Colorado State Rams,24,15,False,True,0.6103112504486176,1,0.6896329635714632,0.748144495672218,2023-10-31T23:00Z,29.014489827524322,20.54525361212632,8.469236215398002,9
401520375,2023,10,2023-11-04T16:00Z,164,194,Rutgers Scarlet Knights,Ohio State Buckeyes,16,35,False,True,0.08232583316359636,0,0.07771265159760812,0.07036391527339028,2023-10-31T23:00Z,12.39562479295845,30.633356428630755,-18.237731635672304,-19
401525884,2023,10,2023-11-04T16:00Z,251,2306,Texas Longhorns,Kansas State Wildcats,33,30,False,True,0.6439147267173189,1,0.5911548571675111,0.5404400248533628,2023-10-31T23:00Z,26.74489757666321,23.428854623612782,3.3160429530504274,3
401520374,2023,10,2023-11-04T16:00Z,145,245,Ole Miss Rebels,Texas A&M Aggies,38,35,False,True,0.5543789612917138,1,0.6355375148662707,0.6261182079128138,2023-10-31T23:00Z,28.428379829512327,24.959798012642224,3.4685818168701026,3
401525441,2023,10,2023-11-04T16:00Z,228,87,Clemson Tigers,Notre Dame Fighting Irish,31,23,False,True,0.28990723144812286,1,0.33831694987597966,0.19266859709595663,2023-10-31T23:00Z,20.5288966446725,28.434725934771322,-7.905829290098822,8
401520377,2023,10,2023-11-04T16:00Z,2633,41,Tennessee Volunteers,UConn Huskies,59,3,False,True,0.9653712590881125,1,0.9705851219755386,0.9787878673221583,2023-10-31T23:00Z,39.35262908646738,12.087556914258,27.26507217220938,56
401520363,2023,10,2023-11-04T16:00Z,57,8,Florida Gators,Arkansas Razorbacks,36,39,False,True,0.6346457134151361,0,0.6207831002345137,0.5525621013016024,2023-10-31T23:00Z,26.193579986031004,23.081048211707152,3.112531774323852,-3
401520365,2023,10,2023-11-04T16:00Z,84,275,Indiana Hoosiers,Wisconsin Badgers,20,14,False,True,0.2518320906185982,1,0.21874623745901395,0.18662017588783744,2023-10-31T23:00Z,17.56037013867386,27.893112140739106,-10.332742002065245,6
401520369,2023,10,2023-11-04T16:00Z,127,158,Michigan State Spartans,Nebraska Cornhuskers,20,17,False,True,0.35922149902106043,1,0.3871681180585176,0.3315577395623127,2023-10-31T23:00Z,17.692502451628755,21.867599411069182,-4.1750969594404275,3
401520376,2023,10,2023-11-04T16:00Z,2579,55,South Carolina Gamecocks,Jacksonville State Gamecocks,38,28,False,True,0.6688155646222843,1,0.5239940060656574,0.6586663897251087,2023-10-31T23:00Z,26.581533274930766,24.654626238751042,1.926907036179724,10
401524049,2023,10,2023-11-04T18:00Z,254,9,Utah Utes,Arizona State Sun Devils,55,3,False,True,0.8311676256556019,1,0.8311053934200008,0.8435952037331618,2023-10-31T23:00Z,23.073055832158012,10.862625644755669,12.210430187402343,52
401525542,2023,10,2023-11-04T18:00Z,258,59,Virginia Cavaliers,Georgia Tech Yellow Jackets,17,45,False,True,0.5533221321796303,0,0.5871803978021373,0.5159625029831802,2023-10-31T23:00Z,31.406772036177934,27.9349603160276,3.4718117201503347,-28
401531392,2023,10,2023-11-04T18:00Z,218,2426,Temple Owls,Navy Midshipmen,32,18,False,True,0.18088403950227577,1,0.2248329354016097,0.11309385467005711,2023-10-31T23:00Z,16.321745573691736,29.69465031544849,-13.372904741756756,14
401520361,2023,10,2023-11-04T18:30Z,2005,349,Air Force Falcons,Army Black Knights,3,23,True,True,0.9243343759323006,0,0.924370596928987,0.9472079694108491,2023-10-31T23:00Z,30.29774357307768,10.177923415294362,20.119820157783316,-20
401531383,2023,10,2023-11-04T19:00Z,5,2226,UAB Blazers,Florida Atlantic Owls,45,42,False,True,0.5435162508671968,1,0.5755043731000031,0.4513705177110364,2023-10-31T23:00Z,28.958405220324835,28.84255869294363,0.11584652738120482,3
401531399,2023,10,2023-11-04T19:00Z,249,2636,North Texas Mean Green,UTSA Roadrunners,29,37,False,True,0.37367939946773404,0,0.34284466973472544,0.3274182471891429,2023-10-31T23:00Z,32.342065802870955,36.28855762762811,-3.946491824757153,-8
401531425,2023,10,2023-11-04T19:00Z,235,58,Memphis Tigers,South Florida Bulls,59,50,False,True,0.8444100438078176,1,0.8358513113732315,0.8858398635191398,2023-10-31T23:00Z,40.56114318460285,24.631398838189302,15.929744346413546,9
401531908,2023,10,2023-11-04T19:00Z,2032,309,Arkansas State Red Wolves,Louisiana Ragin' Cajuns,37,17,False,True,0.18281225279585225,1,0.19207210499875998,0.1275801083688867,2023-10-31T23:00Z,24.028022330613464,36.762223045083736,-12.734200714470273,20
401520364,2023,10,2023-11-04T19:30Z,61,142,Georgia Bulldogs,Missouri Tigers,30,21,False,True,0.8834261084634895,1,0.8894486018678583,0.823265667903556,2023-10-31T23:00Z,35.31083212921255,20.04794834901717,15.26288378019538,9
401525541,2023,10,2023-11-04T19:30Z,221,52,Pittsburgh Panthers,Florida State Seminoles,7,24,False,True,0.11577023698296474,0,0.1288119155071454,0.04683217950553262,2023-10-31T23:00Z,20.23337342077078,36.84962782619666,-16.61625440542588,-17
401525883,2023,10,2023-11-04T19:30Z,197,201,Oklahoma State Cowboys,Oklahoma Sooners,27,24,False,True,0.2908620661609298,1,0.3844478768838592,0.23963665267941248,2023-10-31T23:00Z,28.339625752061085,34.26446340806823,-5.924837656007146,3
401520367,2023,10,2023-11-04T19:30Z,120,213,Maryland Terrapins,Penn State Nittany Lions,15,51,False,True,0.22564423204569414,0,0.261320863860722,0.1815010904559792,2023-10-31T23:00Z,21.85914366032161,31.415248509698806,-9.556104849377196,-36
401525543,2023,10,2023-11-04T19:30Z,97,259,Louisville Cardinals,Virginia Tech Hokies,34,3,False,True,0.8018817232369144,1,0.779143773439422,0.7895699013531949,2023-10-31T23:00Z,28.971625716788036,19.573371765808954,9.398253950979083,31
401531374,2023,10,2023-11-04T19:30Z,151,2655,East Carolina Pirates,Tulane Green Wave,10,13,False,True,0.26313044352643156,0,0.24330365092379755,0.1693210685222961,2023-10-31T23:00Z,18.43977551193388,26.99574578617541,-8.555970274241528,-3
401520370,2023,10,2023-11-04T19:30Z,135,356,Minnesota Golden Gophers,Illinois Fighting Illini,26,27,False,True,0.6345785977511171,0,0.6583135168157213,0.6486855115153842,2023-10-31T23:00Z,25.406340691068767,18.2955935286354,7.110747162433366,-1
401520373,2023,10,2023-11-04T19:30Z,77,2294,Northwestern Wildcats,Iowa Hawkeyes,7,10,True,True,0.2921576806004936,0,0.27723348741493614,0.2763937475567508,2023-10-31T23:00Z,13.840359517978953,22.39916044422798,-8.558800926249027,-3
401525880,2023,10,2023-11-04T19:30Z,239,248,Baylor Bears,Houston Cougars,24,25,False,True,0.5368750957558923,0,0.48359727221726767,0.456724996734571,2023-10-31T23:00Z,29.71723846443402,28.791095200922076,0.9261432635119426,-1
401525881,2023,10,2023-11-04T19:30Z,2132,2116,Cincinnati Bearcats,UCF Knights,26,28,False,True,0.5237495999646671,0,0.4461751501746432,0.3032641520057455,2023-10-31T23:00Z,27.102695120523613,29.207966040653183,-2.10527092012957,-2
401531906,2023,10,2023-11-04T19:30Z,2247,256,Georgia State Panthers,James Madison Dukes,14,42,False,True,0.42055598019268675,0,0.4043142297205713,0.3530890007851366,2023-10-31T23:00Z,26.552760456292436,28.768115403390194,-2.215354947097758,-28
401531907,2023,10,2023-11-04T19:30Z,295,324,Old Dominion Monarchs,Coastal Carolina Chanticleers,24,28,False,True,0.48406533416295905,0,0.4660433074483982,0.426866486878037,2023-10-31T23:00Z,23.15324712790973,25.433958892812548,-2.2807117649028186,-4
401520379,2023,10,2023-11-04T20:00Z,238,2,Vanderbilt Commodores,Auburn Tigers,15,31,False,True,0.20656385184851517,0,0.24397094550085324,0.16157950631835022,2023-10-31T23:00Z,19.557746230806522,30.299648573699805,-10.741902342893283,-16
401531343,2023,10,2023-11-04T20:00Z,202,2429,Tulsa Golden Hurricane,Charlotte 49ers,26,33,False,True,0.5392584185569385,0,0.5605336033097266,0.4820006285874104,2023-10-31T23:00Z,25.936282541007863,24.02026308209698,1.9160194589108812,-7
401531909,2023,10,2023-11-04T20:00Z,2572,2433,Southern Miss Golden Eagles,UL Monroe Warhawks,24,7,False,True,0.5695564333477303,1,0.6235667282491564,0.516597563288278,2023-10-31T23:00Z,30.34212169810712,28.30957579082876,2.0325459072783616,17
401532610,2023,10,2023-11-04T20:00Z,2440,62,Nevada Wolf Pack,Hawai'i Rainbow Warriors,14,27,False,True,0.7149706878629766,0,0.6945631438376154,0.7865140660285838,2023-10-31T23:00Z,31.733050839734595,20.932099069318202,10.800951770416393,-13
401531910,2023,10,2023-11-04T21:00Z,326,290,Texas State Bobcats,Georgia Southern Eagles,45,24,False,True,0.47105453794611774,1,0.4732752614237067,0.37662086200138783,2023-10-31T23:00Z,29.477905080662197,32.05526868566459,-2.5773636050023967,21
401524047,2023,10,2023-11-04T21:30Z,2483,25,Oregon Ducks,California Golden Bears,63,19,False,True,0.9124073174577426,1,0.9155012137893473,0.929580711421473,2023-10-31T23:00Z,40.52991066379748,21.058088457331387,19.471822206466094,44
401520366,2023,10,2023-11-04T22:00Z,2335,2348,Liberty Flames,Louisiana Tech Bulldogs,56,30,False,True,0.8784268472361424,1,0.891441856948952,0.9137219933996559,2023-10-31T23:00Z,37.57934252644619,19.513137257652627,18.066205268793563,26
401520372,2023,10,2023-11-04T22:00Z,166,2393,New Mexico State Aggies,Middle Tennessee Blue Raiders,13,7,False,True,0.6254991497094595,1,0.6406418796237354,0.6092263095504241,2023-10-31T23:00Z,28.42388291806793,23.67642450858954,4.747458409478391,6
401531905,2023,10,2023-11-04T22:00Z,2026,276,Appalachian State Mountaineers,Marshall Thundering Herd,31,9,False,True,0.6239893518982659,1,0.6047340408592087,0.5504932812523454,2023-10-31T23:00Z,32.74828815318166,28.45268720048736,4.295600952694301,22
401532611,2023,10,2023-11-04T22:00Z,167,2439,New Mexico Lobos,UNLV Rebels,14,56,False,True,0.24278516827850122,0,0.2590213625840355,0.15383150816804014,2023-10-31T23:00Z,26.750048529871762,35.53969303109508,-8.789644501223314,-42
401525882,2023,10,2023-11-04T23:00Z,66,2305,Iowa State Cyclones,Kansas Jayhawks,21,28,False,True,0.6717265354875739,0,0.6241960761344931,0.4958741730153393,2023-10-31T23:00Z,30.56340108722224,25.15231972542117,5.41108136180107,-7
401525885,2023,10,2023-11-04T23:00Z,277,252,West Virginia Mountaineers,BYU Cougars,37,7,False,True,0.6745031782228312,1,0.6669634617673827,0.6817784992420798,2023-10-31T23:00Z,28.25225309917151,23.2446862607298,5.007566838441711,30
401532612,2023,10,2023-11-04T23:00Z,21,328,San Diego State Aztecs,Utah State Aggies,24,32,False,True,0.43752800332810715,0,0.46929044899769035,0.41251293212698087,2023-10-31T23:00Z,27.832134194499318,27.90823372486282,-0.07609953036350348,-8
401520368,2023,10,2023-11-04T23:30Z,130,2509,Michigan Wolverines,Purdue Boilermakers,41,13,False,True,0.9707836098396769,1,0.9705996314860579,0.9825589610992136,2023-10-31T23:00Z,42.49242106355212,12.962420042788882,29.53000102076324,28
401524048,2023,10,2023-11-04T23:30Z,30,264,USC Trojans,Washington Huskies,42,52,False,True,0.5588430277063512,0,0.480542433991284,0.46696023838262946,2023-10-31T23:00Z,38.867173983258596,38.60901821596838,0.25815576729021217,-10
401520371,2023,10,2023-11-04T23:30Z,344,96,Mississippi State Bulldogs,Kentucky Wildcats,3,24,False,True,0.4676472243262809,0,0.5144304360864,0.46699129307695936,2023-10-31T23:00Z,25.183576190075428,25.329453966325044,-0.14587777624961618,-21
401531440,2023,10,2023-11-04T23:30Z,242,2567,Rice Owls,SMU Mustangs,31,36,False,True,0.27845795542461327,0,0.1647788723357455,0.12276205057654554,2023-10-31T23:00Z,23.227135509290626,36.543974706737394,-13.316839197446768,-5
401520362,2023,10,2023-11-04T23:45Z,333,99,Alabama Crimson Tide,LSU Tigers,42,28,False,True,0.6274909633936396,1,0.6253912522692435,0.5645096685555796,2023-10-31T23:00Z,34.5549539928443,29.470442490879257,5.084511501965039,14
401525544,2023,10,2023-11-05T00:00Z,152,2390,NC State Wolfpack,Miami Hurricanes,20,6,False,True,0.3441903285306457,1,0.4681332321339118,0.3984246567766696,2023-10-31T23:00Z,24.48559579080283,25.828460506437732,-1.342864715634903,14
401520378,2023,10,2023-11-05T01:00Z,2638,98,UTEP Miners,Western Kentucky Hilltoppers,13,21,False,True,0.32781254927070874,0,0.31414238952110557,0.19476371923162572,2023-10-31T23:00Z,22.12299145540987,30.91464431632896,-8.79165286091909,-8
401524050,2023,10,2023-11-05T01:00Z,265,24,Washington State Cougars,Stanford Cardinal,7,10,False,True,0.7274197816313983,0,0.8055161700849706,0.8355561812835199,2023-10-31T23:00Z,36.19798615862634,23.984280248395905,12.213705910230438,-3
401524046,2023,10,2023-11-05T02:00Z,38,204,Colorado Buffaloes,Oregon State Beavers,19,26,False,True,0.3026748123297216,0,0.16049428611728944,0.18722034041840177,2023-10-31T23:00Z,27.77030335978844,36.824188078991426,-9.053884719202987,-7
401532608,2023,10,2023-11-05T02:00Z,278,68,Fresno State Bulldogs,Boise State Broncos,37,30,False,True,0.6642038375243695,1,0.6245982049977352,0.7492706485384538,2023-10-31T23:00Z,31.064843105671656,23.352685992749425,7.712157112922231,7
401524045,2023,10,2023-11-05T02:30Z,12,26,Arizona Wildcats,UCLA Bruins,27,10,False,True,0.5071375901614416,1,0.4398968303419438,0.48049820543444227,2023-10-31T23:00Z,23.67919360173954,24.960846506373212,-1.2816529046336704,17
401532437,2023,11,2023-11-08T00:00Z,2459,2050,Northern Illinois Huskies,Ball State Cardinals,17,20,False,True,0.8321249836308894,0,0.7641357005251488,0.8463765903122268,2023-11-08T00:00Z,30.329669082529726,18.650706171826695,11.678962910703031,-3
401532438,2023,11,2023-11-08T00:00Z,2711,2117,Western Michigan Broncos,Central Michigan Chippewas,38,28,False,True,0.6015851651123119,1,0.5802462615176944,0.5601334734670502,2023-11-08T00:00Z,32.43718471296322,28.76557680496966,3.6716079079935646,10
401532439,2023,11,2023-11-08T00:30Z,2084,195,Buffalo Bulls,Ohio Bobcats,10,20,False,True,0.4172441779293429,0,0.41677579689044875,0.3509386040252996,2023-11-08T00:00Z,20.779007756395185,22.645062143153524,-1.8660543867583392,-10
401532441,2023,11,2023-11-09T00:00Z,193,2006,Miami (OH) RedHawks,Akron Zips,19,0,False,True,0.9049844179144069,1,0.8940245916976352,0.9350172756757186,2023-11-08T00:00Z,32.11332135324197,10.60349100422378,21.50983034901819,19
401532442,2023,11,2023-11-09T00:00Z,2309,189,Kent State Golden Flashes,Bowling Green Falcons,19,49,False,True,0.3272700740852024,0,0.3518834648621417,0.14991045562318808,2023-11-08T00:00Z,20.94079915045398,28.31652443554391,-7.375725285089931,-30
401532440,2023,11,2023-11-09T00:30Z,2649,2199,Toledo Rockets,Eastern Michigan Eagles,49,23,False,True,0.8699214466500033,1,0.8778783115199226,0.8835201173980416,2023-11-08T00:00Z,29.107537902283195,14.495866525481336,14.611671376801858,26
401525546,2023,11,2023-11-10T00:30Z,97,258,Louisville Cardinals,Virginia Cavaliers,31,24,False,True,0.9054843852068815,1,0.9108778452554591,0.9254728282788843,2023-11-08T00:00Z,34.92949669098341,17.118588290148747,17.810908400834666,7
401531911,2023,11,2023-11-10T00:30Z,309,2572,Louisiana Ragin' Cajuns,Southern Miss Golden Eagles,31,34,False,True,0.8292990187407717,0,0.8454525404377689,0.8686089001336478,2023-11-08T00:00Z,36.688932309030726,20.534079933430483,16.154852375600242,-3
401531437,2023,11,2023-11-11T02:00Z,2567,249,SMU Mustangs,North Texas Mean Green,45,21,False,True,0.8669748536775479,1,0.8788865268961785,0.9380094337764789,2023-11-08T00:00Z,43.92067677120874,24.362786546917256,19.557890224291484,24
401532618,2023,11,2023-11-11T03:45Z,2439,2751,UNLV Rebels,Wyoming Cowboys,34,14,False,True,0.7427377668370613,1,0.6947012365399275,0.6904174000981658,2023-11-08T00:00Z,30.281508541696194,23.853379682013156,6.428128859683039,20
401520394,2023,11,2023-11-11T17:00Z,213,130,Penn State Nittany Lions,Michigan Wolverines,15,24,False,True,0.4789325714603773,0,0.42622490174281313,0.44004963067233593,2023-11-08T00:00Z,24.75965920475747,26.275993125217276,-1.5163339204598074,-9
401520386,2023,11,2023-11-11T17:00Z,96,333,Kentucky Wildcats,Alabama Crimson Tide,21,49,False,True,0.22075873651642253,0,0.2453159248098027,0.1948650527689105,2023-11-08T00:00Z,19.83791559004427,29.142256859244007,-9.304341269199739,-28
401525888,2023,11,2023-11-11T17:00Z,2305,2641,Kansas Jayhawks,Texas Tech Red Raiders,13,16,False,True,0.5820083259322204,0,0.5233876478380386,0.6126621495782514,2023-11-08T00:00Z,34.258249316236004,31.063646130487307,3.194603185748697,-3
401531344,2023,11,2023-11-11T17:00Z,2655,202,Tulane Green Wave,Tulsa Golden Hurricane,24,22,False,True,0.8965124346823429,1,0.9269746887168366,0.9440375539879381,2023-11-08T00:00Z,35.13672026359352,15.50279455912478,19.633925704468737,2
401520383,2023,11,2023-11-11T17:00Z,356,84,Illinois Fighting Illini,Indiana Hoosiers,48,45,False,True,0.6806131522273173,1,0.7574210862419959,0.6543678903298881,2023-11-08T00:00Z,26.554653650780217,20.13386545782837,6.420788192951846,3
401520392,2023,11,2023-11-11T17:00Z,158,120,Nebraska Cornhuskers,Maryland Terrapins,10,13,False,True,0.5208656831202456,0,0.5580941034986862,0.40835381401808013,2023-11-08T00:00Z,24.064448812284265,22.985468563982568,1.078980248301697,-3
401520396,2023,11,2023-11-11T17:00Z,2579,238,South Carolina Gamecocks,Vanderbilt Commodores,47,6,False,True,0.8142901343315885,1,0.8358373061959523,0.8202136846193699,2023-11-08T00:00Z,35.111732324952015,22.631877989216054,12.479854335735961,41
401525547,2023,11,2023-11-11T17:00Z,103,259,Boston College Eagles,Virginia Tech Hokies,22,48,False,True,0.6212214759738862,0,0.5543418074233197,0.5137743106493899,2023-11-08T00:00Z,25.27821328083207,23.30240974072358,1.9758035401084904,-26
401525548,2023,11,2023-11-11T17:00Z,228,59,Clemson Tigers,Georgia Tech Yellow Jackets,42,21,False,True,0.818693762151372,1,0.8213355728723597,0.7696729626917409,2023-11-08T00:00Z,33.394029248193675,21.843162621607874,11.550866626585801,21
401531393,2023,11,2023-11-11T17:00Z,58,218,South Florida Bulls,Temple Owls,27,23,False,True,0.8196732739802809,1,0.8023120626070072,0.8455788250592261,2023-11-08T00:00Z,39.73080520013417,26.87497577030134,12.85582942983283,4
401520388,2023,11,2023-11-11T18:00Z,2335,295,Liberty Flames,Old Dominion Monarchs,38,10,False,True,0.8370296587197902,1,0.8490003242162171,0.8344682555212284,2023-11-08T00:00Z,36.53473771819742,22.81831287229598,13.71642484590144,28
401524052,2023,11,2023-11-11T19:00Z,38,12,Colorado Buffaloes,Arizona Wildcats,31,34,False,True,0.3584235812019605,0,0.22320879777567995,0.261986173738221,2023-11-08T00:00Z,26.61551776110514,31.966669472300353,-5.3511517111952145,-3
401520385,2023,11,2023-11-11T19:00Z,256,41,James Madison Dukes,UConn Huskies,44,6,False,True,0.9347977515525526,1,0.9607167437002091,0.9606240542764708,2023-11-08T00:00Z,37.72241555597769,12.536781868969452,25.185633687008238,38
401525551,2023,11,2023-11-11T19:00Z,154,152,Wake Forest Demon Deacons,NC State Wolfpack,6,26,False,True,0.48617420965535996,0,0.5525491156348166,0.4561241020729102,2023-11-08T00:00Z,22.853617316175466,22.752472532172572,0.10114478400289428,-20
401531408,2023,11,2023-11-11T19:00Z,2429,235,Charlotte 49ers,Memphis Tigers,38,44,False,True,0.21841502190204484,0,0.24567279568066724,0.14606158597241678,2023-11-08T00:00Z,22.56351129726283,33.508882999709996,-10.945371702447165,-6
401531913,2023,11,2023-11-11T19:00Z,2247,2026,Georgia State Panthers,Appalachian State Mountaineers,14,42,False,True,0.5053235577806523,0,0.5468396542348484,0.5452608785359133,2023-11-08T00:00Z,31.32815810940233,30.613382369036756,0.7147757403655746,-28
401531915,2023,11,2023-11-11T19:00Z,2433,2653,UL Monroe Warhawks,Troy Trojans,14,45,False,True,0.09246085918777251,0,0.08170072897884956,0.044105589456369804,2023-11-08T00:00Z,10.982045730300788,30.482314191614222,-19.500268461313432,-31
401525889,2023,11,2023-11-11T20:00Z,2306,239,Kansas State Wildcats,Baylor Bears,59,25,False,True,0.9212282949345066,1,0.9273895529364713,0.9692300041414051,2023-11-08T00:00Z,37.98119987042265,15.19775398315111,22.78344588727154,34
401520387,2023,11,2023-11-11T20:00Z,2348,2534,Louisiana Tech Bulldogs,Sam Houston Bearkats,27,42,False,True,0.6486181140445958,0,0.5873645303606567,0.5746205360865905,2023-11-08T00:00Z,27.186015697710662,24.573240829983092,2.6127748677275697,-15
401532615,2023,11,2023-11-11T20:00Z,328,2440,Utah State Aggies,Nevada Wolf Pack,41,24,False,True,0.7801388283949323,1,0.823141640570672,0.8055141026743835,2023-11-08T00:00Z,33.90727647236002,23.409410953217005,10.497865519143012,17
401525550,2023,11,2023-11-11T20:30Z,52,2390,Florida State Seminoles,Miami Hurricanes,27,20,False,True,0.8104893152270782,1,0.869830655576038,0.8973123166065495,2023-11-08T00:00Z,34.89662251209437,19.755209717285112,15.141412794809256,7
401524056,2023,11,2023-11-11T20:30Z,264,254,Washington Huskies,Utah Utes,35,28,False,True,0.6576214973484292,1,0.6488851118262364,0.6972374583137516,2023-11-08T00:00Z,28.06690084344778,22.11583040748707,5.951070435960709,7
401520391,2023,11,2023-11-11T20:30Z,142,2633,Missouri Tigers,Tennessee Volunteers,36,7,False,True,0.3693931537026201,1,0.30631230878089416,0.31506677375550446,2023-11-08T00:00Z,26.12764901231643,30.681683431278906,-4.554034418962477,29
401525892,2023,11,2023-11-11T20:30Z,2116,197,UCF Knights,Oklahoma State Cowboys,45,3,False,True,0.3494067958404671,1,0.4649652598776641,0.3533460423293803,2023-11-08T00:00Z,29.34214325112755,32.155880546110915,-2.8137372949833654,42
401520384,2023,11,2023-11-11T20:30Z,2294,164,Iowa Hawkeyes,Rutgers Scarlet Knights,22,0,False,True,0.6323670173601853,1,0.709951132541053,0.6065287786109237,2023-11-08T00:00Z,19.1781228008082,12.166790464058616,7.011332336749584,22
401520390,2023,11,2023-11-11T20:30Z,2393,2229,Middle Tennessee Blue Raiders,Florida International Panthers,40,6,False,True,0.761708751396451,1,0.7946571333461101,0.7520350321855477,2023-11-08T00:00Z,31.359580073102602,21.85559554890053,9.503984524202071,34
401520395,2023,11,2023-11-11T20:30Z,2509,135,Purdue Boilermakers,Minnesota Golden Gophers,49,30,False,True,0.5063717517392422,1,0.4647318530196128,0.46609922911465534,2023-11-08T00:00Z,25.84196223503194,26.496176246795628,-0.6542140117636883,19
401520398,2023,11,2023-11-11T20:30Z,275,77,Wisconsin Badgers,Northwestern Wildcats,10,24,False,True,0.7598037421972587,0,0.8188011960418642,0.7641870196461913,2023-11-08T00:00Z,26.33922351499509,15.548317457486686,10.790906057508405,-14
401520399,2023,11,2023-11-11T20:30Z,98,166,Western Kentucky Hilltoppers,New Mexico State Aggies,29,38,False,True,0.7034120641869578,0,0.701232510730855,0.7577790897717667,2023-11-08T00:00Z,28.38771639712165,19.261868985618193,9.125847411503457,-9
401525552,2023,11,2023-11-11T20:30Z,183,221,Syracuse Orange,Pittsburgh Panthers,28,13,True,True,0.462962465393004,1,0.4092004003559607,0.4957410167250704,2023-11-08T00:00Z,21.264993839584086,22.636081015002194,-1.3710871754181078,15
401531384,2023,11,2023-11-11T20:30Z,2426,5,Navy Midshipmen,UAB Blazers,31,6,False,True,0.49380235293026364,1,0.45656206727564264,0.518714322255946,2023-11-08T00:00Z,27.41215833756161,26.340380918059495,1.0717774195021157,25
401531912,2023,11,2023-11-11T20:30Z,324,326,Coastal Carolina Chanticleers,Texas State Bobcats,31,23,False,True,0.6461302278821213,1,0.6835994074664731,0.6576410970645753,2023-11-08T00:00Z,30.690885624551047,22.861125398722816,7.829760225828231,8
401520380,2023,11,2023-11-11T21:00Z,8,2,Arkansas Razorbacks,Auburn Tigers,10,48,False,True,0.5559400696615348,0,0.591944087708186,0.5169710517560678,2023-11-08T00:00Z,23.604619071638254,21.51321623167562,2.091402839962633,-38
401524051,2023,11,2023-11-11T21:00Z,25,265,California Golden Bears,Washington State Cougars,42,39,False,True,0.6128662392085281,1,0.5736476382190552,0.5259690274172436,2023-11-08T00:00Z,31.640784280695808,30.087573453112288,1.55321082758352,3
401531416,2023,11,2023-11-11T21:00Z,2226,151,Florida Atlantic Owls,East Carolina Pirates,7,22,False,True,0.6814284817270545,0,0.6408223010333998,0.6575792317860656,2023-11-08T00:00Z,26.217989858262655,19.443650875690864,6.774338982571791,-15
401531916,2023,11,2023-11-11T22:00Z,6,2032,South Alabama Jaguars,Arkansas State Red Wolves,21,14,False,True,0.8788148990563948,1,0.8958628344545918,0.9284448654053178,2023-11-08T00:00Z,36.98865336084132,19.845410487179954,17.143242873661364,7
401524054,2023,11,2023-11-11T22:30Z,204,24,Oregon State Beavers,Stanford Cardinal,62,17,False,True,0.8766504627169892,1,0.9218819508768642,0.9254323433323105,2023-11-08T00:00Z,35.86802326890259,17.17700843240238,18.69101483650021,45
401520382,2023,11,2023-11-12T00:00Z,61,145,Georgia Bulldogs,Ole Miss Rebels,52,17,False,True,0.8159597411148186,1,0.8249903185761158,0.7352684527461563,2023-11-08T00:00Z,34.79185824189911,23.546581859178577,11.24527638272053,35
401525890,2023,11,2023-11-12T00:00Z,201,277,Oklahoma Sooners,West Virginia Mountaineers,59,20,False,True,0.8528764810488794,1,0.8218927644944738,0.8579531904313933,2023-11-08T00:00Z,35.83274102444147,21.675522612053456,14.157218412388012,39
401525887,2023,11,2023-11-12T00:00Z,248,2132,Houston Cougars,Cincinnati Bearcats,14,24,False,True,0.6070097689344777,0,0.6408947471216059,0.6704529640254092,2023-11-08T00:00Z,29.103692229421892,24.687122097755946,4.416570131665946,-10
401531914,2023,11,2023-11-12T00:00Z,276,290,Marshall Thundering Herd,Georgia Southern Eagles,38,33,False,True,0.5201066585972286,1,0.538152223219003,0.47011162298253584,2023-11-08T00:00Z,29.572077809548148,28.727149079179785,0.8449287303683626,5
401532617,2023,11,2023-11-12T00:00Z,36,21,Colorado State Rams,San Diego State Aztecs,22,19,False,True,0.6537403893533505,1,0.5746674432471077,0.5903464432396869,2023-11-08T00:00Z,25.21319255357363,22.230354019509573,2.982838534064058,3
401520393,2023,11,2023-11-12T00:30Z,194,127,Ohio State Buckeyes,Michigan State Spartans,38,3,False,True,0.9792897207279719,1,0.9719044108258035,0.9853545896381883,2023-11-08T00:00Z,38.36921213810325,7.620141538098393,30.749070600004856,35
401525891,2023,11,2023-11-12T00:30Z,2628,251,TCU Horned Frogs,Texas Longhorns,26,29,False,True,0.27156408823294165,0,0.3228604089919467,0.2038952540795738,2023-11-08T00:00Z,22.873815377100186,31.273264266974024,-8.399448889873838,-3
401520389,2023,11,2023-11-12T00:30Z,99,57,LSU Tigers,Florida Gators,52,35,False,True,0.8283031982377026,1,0.8671059631766729,0.8764440386802534,2023-11-08T00:00Z,41.653421990717135,27.576804494740944,14.07661749597619,17
401520397,2023,11,2023-11-12T00:30Z,245,344,Texas A&M Aggies,Mississippi State Bulldogs,51,10,False,True,0.8624171343563571,1,0.8081773747881931,0.8555971389669612,2023-11-08T00:00Z,30.12024471223008,16.028191974684216,14.092052737545863,41
401531400,2023,11,2023-11-12T00:30Z,2636,242,UTSA Roadrunners,Rice Owls,34,14,False,True,0.7277423159682332,1,0.8383914476867942,0.7326187839919375,2023-11-08T00:00Z,35.04330615590516,24.873773730593154,10.169532425312003,20
401525549,2023,11,2023-11-12T01:00Z,153,150,North Carolina Tar Heels,Duke Blue Devils,47,45,False,True,0.6187676237787959,1,0.6235651304706992,0.4999901110561435,2023-11-08T00:00Z,29.595959661649598,25.051439244050464,4.544520417599134,2
401524055,2023,11,2023-11-12T02:00Z,26,9,UCLA Bruins,Arizona State Sun Devils,7,17,False,True,0.8673329919019824,0,0.892268783726663,0.8921109888543376,2023-11-08T00:00Z,29.399533677285625,13.860421649944483,15.539112027341142,-10
401532616,2023,11,2023-11-12T03:00Z,68,167,Boise State Broncos,New Mexico Lobos,42,14,False,True,0.9159224845876872,1,0.9364413007674544,0.9366016546829004,2023-11-08T00:00Z,40.71865186485111,19.55882252362437,21.15982934122674,28
401525886,2023,11,2023-11-12T03:15Z,252,66,BYU Cougars,Iowa State Cyclones,13,45,False,True,0.34125273502379083,0,0.38645907698977844,0.35195266563264005,2023-11-08T00:00Z,20.414994385127414,23.56045489937185,-3.145460514244437,-32
401524053,2023,11,2023-11-12T03:30Z,2483,30,Oregon Ducks,USC Trojans,36,27,False,True,0.7942214561861856,1,0.831305374491593,0.8353686574896604,2023-11-08T00:00Z,45.51802704935853,32.46027677923632,13.057750270122213,9
401532614,2023,11,2023-11-12T03:30Z,23,278,San José State Spartans,Fresno State Bulldogs,42,18,False,True,0.36328506077185957,1,0.44276289633156396,0.313312084567101,2023-11-08T00:00Z,25.1969763267736,29.148078612060132,-3.951102285286531,24
401532613,2023,11,2023-11-12T04:00Z,62,2005,Hawai'i Rainbow Warriors,Air Force Falcons,27,13,False,True,0.138114347899076,1,0.09104551657928026,0.06285579295641713,2023-11-08T00:00Z,15.962467010946828,33.74183177713684,-17.77936476619001,14
401532443,2023,12,2023-11-15T00:00Z,189,2649,Bowling Green Falcons,Toledo Rockets,31,32,False,True,0.33342273537956035,0,0.30512830187574397,0.3631106937492764,2023-11-15T00:00Z,24.064178192547885,28.92034866920274,-4.856170476654853,-1
401532444,2023,12,2023-11-15T00:00Z,2459,2711,Northern Illinois Huskies,Western Michigan Broncos,24,0,False,True,0.6560033357267895,1,0.6444014885231517,0.6685831284336204,2023-11-15T00:00Z,34.06268286127923,29.336672495569786,4.726010365709442,24
401532445,2023,12,2023-11-15T00:00Z,2199,2006,Eastern Michigan Eagles,Akron Zips,30,27,False,True,0.7124411376705325,1,0.6816016205208342,0.7095757380521467,2023-11-15T00:00Z,25.17722498803745,15.678933295797957,9.498291692239494,3
401532446,2023,12,2023-11-16T00:00Z,195,2117,Ohio Bobcats,Central Michigan Chippewas,34,20,False,True,0.8160327851580401,1,0.7755166503505182,0.827875601774945,2023-11-15T00:00Z,27.702405850975218,16.41125673702368,11.291149113951537,14
401532447,2023,12,2023-11-16T00:00Z,193,2084,Miami (OH) RedHawks,Buffalo Bulls,23,10,False,True,0.7794449770443435,1,0.762862454769694,0.8057745383070304,2023-11-15T00:00Z,26.352351662543324,15.44118958971903,10.911162072824293,13
401525553,2023,12,2023-11-17T00:00Z,221,103,Pittsburgh Panthers,Boston College Eagles,24,16,False,True,0.5440641688025162,1,0.6265639630196091,0.5404172171247036,2023-11-15T00:00Z,26.572663608833633,23.83238790039809,2.7402757084355436,8
401531401,2023,12,2023-11-18T02:00Z,2636,58,UTSA Roadrunners,South Florida Bulls,49,21,False,True,0.8326785636064034,1,0.8890917128380996,0.8708394931951781,2023-11-15T00:00Z,40.548575673308136,24.715951367186435,15.832624306121701,28
401524057,2023,12,2023-11-18T03:30Z,265,38,Washington State Cougars,Colorado Buffaloes,56,14,False,True,0.541126818132918,1,0.7383700445691073,0.6006184371595596,2023-11-15T00:00Z,34.12397430766789,29.193127901649266,4.9308464060186274,42
401520410,2023,12,2023-11-18T17:00Z,120,130,Maryland Terrapins,Michigan Wolverines,24,31,False,True,0.1074577234409909,0,0.10303570319428305,0.06441177266226578,2023-11-15T00:00Z,16.72053112205174,35.599242570001756,-18.878711447950018,-7
401525558,2023,12,2023-11-18T17:00Z,2390,97,Miami Hurricanes,Louisville Cardinals,31,38,False,True,0.5389669567002913,0,0.43403968072813265,0.43958452887961286,2023-11-15T00:00Z,23.92508898977587,24.30196203676239,-0.37687304698652113,-7
401520417,2023,12,2023-11-18T17:00Z,213,164,Penn State Nittany Lions,Rutgers Scarlet Knights,27,6,False,True,0.9288149823302602,1,0.9438177627460981,0.9468847758770962,2023-11-15T00:00Z,33.0732794186919,11.077425095042658,21.99585432364924,21
401520416,2023,12,2023-11-18T17:00Z,145,2433,Ole Miss Rebels,UL Monroe Warhawks,35,3,False,True,0.960483633345639,1,0.9580786995023631,0.9814210649613081,2023-11-15T00:00Z,43.0959276432411,16.18601684111855,26.909910802122546,32
401525893,2023,12,2023-11-18T17:00Z,252,201,BYU Cougars,Oklahoma Sooners,24,31,False,True,0.08202598256775914,0,0.1069982325648573,0.045574292296043,2023-11-15T00:00Z,19.76267768241321,38.79023968153636,-19.027561999123154,-7
401531375,2023,12,2023-11-18T17:00Z,2226,2655,Florida Atlantic Owls,Tulane Green Wave,8,24,False,True,0.35679134038142674,0,0.30614788079128485,0.2923068611649717,2023-11-15T00:00Z,20.853586025018476,24.58218668316388,-3.728600658145403,-16
401520403,2023,12,2023-11-18T17:00Z,349,324,Army Black Knights,Coastal Carolina Chanticleers,28,21,False,True,0.390719396723257,1,0.3619818915931885,0.29959770830225224,2023-11-15T00:00Z,18.185315960365536,23.345253390417543,-5.159937430052008,7
401520405,2023,12,2023-11-18T17:00Z,84,127,Indiana Hoosiers,Michigan State Spartans,21,24,False,True,0.5778244892235727,0,0.5752912522326279,0.6123287334405108,2023-11-15T00:00Z,27.14176193120704,23.266152421043987,3.875609510163052,-3
401520412,2023,12,2023-11-18T17:00Z,344,2572,Mississippi State Bulldogs,Southern Miss Golden Eagles,41,20,False,True,0.8028778330944859,1,0.7955397001981983,0.8673174512286043,2023-11-15T00:00Z,31.583116390162196,19.633048585337104,11.950067804825093,21
401520414,2023,12,2023-11-18T17:00Z,77,2509,Northwestern Wildcats,Purdue Boilermakers,23,15,False,True,0.6237921073982312,1,0.5322820721372465,0.5893920402936509,2023-11-15T00:00Z,28.591419070562953,25.35084508988161,3.2405739806813436,8
401531417,2023,12,2023-11-18T17:00Z,2426,151,Navy Midshipmen,East Carolina Pirates,10,0,False,True,0.5509042579760753,1,0.5215845530157335,0.5092350426482064,2023-11-15T00:00Z,18.406600252191115,16.482426469411728,1.9241737827793877,10
401531431,2023,12,2023-11-18T17:00Z,235,2567,Memphis Tigers,SMU Mustangs,34,38,False,True,0.4186708598491197,0,0.3305361702523122,0.2836874230557762,2023-11-15T00:00Z,30.731478045849652,36.10953253561961,-5.378054489769955,-4
401520408,2023,12,2023-11-18T18:00Z,2335,113,Liberty Flames,Massachusetts Minutemen,49,25,False,True,0.9626817589775276,1,0.9699088547062278,0.9727799085864591,2023-11-15T00:00Z,47.035542632473614,18.887768764525358,28.147773867948256,24
401520407,2023,12,2023-11-18T19:00Z,55,2348,Jacksonville State Gamecocks,Louisiana Tech Bulldogs,56,17,False,True,0.778495251831352,1,0.8294398540088366,0.8293827521993007,2023-11-15T00:00Z,34.394102149414216,21.36653266340558,13.027569486008638,39
401520411,2023,12,2023-11-18T19:00Z,2393,2638,Middle Tennessee Blue Raiders,UTEP Miners,34,30,False,True,0.7280556702865095,1,0.7087618754903974,0.7336737162604869,2023-11-15T00:00Z,27.837965032356628,19.08052976058395,8.757435271772678,4
401531409,2023,12,2023-11-18T19:00Z,2429,242,Charlotte 49ers,Rice Owls,7,28,False,True,0.43701150348574136,0,0.49116444844451657,0.3759161046570057,2023-11-15T00:00Z,26.279336275167225,27.999433774679495,-1.7200974995122706,-21
401531918,2023,12,2023-11-18T19:00Z,256,2026,James Madison Dukes,Appalachian State Mountaineers,23,26,False,True,0.7185040511887709,0,0.7767595343272684,0.7916143793845735,2023-11-15T00:00Z,33.878511062599515,25.251053682124123,8.627457380475391,-3
401532448,2023,12,2023-11-18T19:00Z,2050,2309,Ball State Cardinals,Kent State Golden Flashes,34,3,False,True,0.7355581474541303,1,0.7666889304924489,0.7936889639409425,2023-11-15T00:00Z,28.89966446377629,17.784051787858107,11.115612675918182,31
401532620,2023,12,2023-11-18T19:00Z,2751,62,Wyoming Cowboys,Hawai'i Rainbow Warriors,42,9,False,True,0.7287571727096231,1,0.7625672682730997,0.8363311501927962,2023-11-15T00:00Z,30.359622809923117,18.793018816780343,11.566603993142774,33
401524058,2023,12,2023-11-18T19:30Z,12,254,Arizona Wildcats,Utah Utes,42,18,False,True,0.4471916289741378,1,0.44250327487519364,0.420942070803557,2023-11-15T00:00Z,20.950817588588624,23.44517090792408,-2.494353319335456,24
401525899,2023,12,2023-11-18T19:30Z,277,2132,West Virginia Mountaineers,Cincinnati Bearcats,42,21,False,True,0.6968579313433496,1,0.6200897563229362,0.7800973052071603,2023-11-15T00:00Z,29.152203922242077,22.0316612859328,7.120542636309278,21
401525555,2023,12,2023-11-18T20:00Z,258,150,Virginia Cavaliers,Duke Blue Devils,30,27,False,True,0.2988756492245565,1,0.3333668223172209,0.16947057547817337,2023-11-15T00:00Z,22.446401173832726,28.977519786055666,-6.53111861222294,3
401531345,2023,12,2023-11-18T20:00Z,202,249,Tulsa Golden Hurricane,North Texas Mean Green,28,35,False,True,0.4802792588735683,0,0.4281449322131409,0.39746609488742823,2023-11-15T00:00Z,32.41219295751968,34.17129463191059,-1.7591016743909123,-7
401531385,2023,12,2023-11-18T20:00Z,5,218,UAB Blazers,Temple Owls,34,24,False,True,0.8014839824846592,1,0.8159579970151105,0.8094854251600633,2023-11-15T00:00Z,37.84701803652338,24.972861309883587,12.874156726639793,10
401531919,2023,12,2023-11-18T20:00Z,2032,326,Arkansas State Red Wolves,Texas State Bobcats,77,31,False,True,0.40426775344823557,1,0.40177562386656973,0.3176187315140087,2023-11-15T00:00Z,27.148119503843652,30.17882136194136,-3.030701858097707,46
401532621,2023,12,2023-11-18T20:00Z,36,2440,Colorado State Rams,Nevada Wolf Pack,30,20,False,True,0.7138013544628938,1,0.7329513269087946,0.7054337990149933,2023-11-15T00:00Z,27.93181118733036,21.4224599120352,6.50935127529516,10
401520419,2023,12,2023-11-18T20:30Z,2633,61,Tennessee Volunteers,Georgia Bulldogs,10,38,False,True,0.3076045928784901,0,0.35979121847105155,0.34636513032130806,2023-11-15T00:00Z,25.319670481320106,30.747065439953985,-5.427394958633879,-28
401520406,2023,12,2023-11-18T20:30Z,2294,356,Iowa Hawkeyes,Illinois Fighting Illini,15,13,False,True,0.7621047525564288,1,0.707669578688956,0.7863423283114584,2023-11-15T00:00Z,23.778317880472255,12.340963145665354,11.4373547348069,2
401525442,2023,12,2023-11-18T20:30Z,87,154,Notre Dame Fighting Irish,Wake Forest Demon Deacons,45,7,False,True,0.9312494919828342,1,0.9165785218524094,0.9491482704333444,2023-11-15T00:00Z,36.455554049697845,14.55243667555046,21.903117374147385,38
401525554,2023,12,2023-11-18T20:30Z,228,153,Clemson Tigers,North Carolina Tar Heels,31,20,False,True,0.6609350024364982,1,0.6896390726243624,0.586171348600848,2023-11-15T00:00Z,33.378560026894476,28.09195504911255,5.286604977781927,11
401520423,2023,12,2023-11-18T20:30Z,98,2534,Western Kentucky Hilltoppers,Sam Houston Bearkats,28,23,False,True,0.7524029664805726,1,0.7659116499311076,0.7838582176748724,2023-11-15T00:00Z,31.41085433786761,21.971455729776636,9.439398608090976,5
401524062,2023,12,2023-11-18T20:30Z,30,26,USC Trojans,UCLA Bruins,20,38,False,True,0.7297770598326249,0,0.6392556609477535,0.7456915804405535,2023-11-15T00:00Z,36.851569194483645,29.4840347279155,7.367534466568145,-18
401525559,2023,12,2023-11-18T20:30Z,259,152,Virginia Tech Hokies,NC State Wolfpack,28,35,False,True,0.5015779903468219,0,0.5315964230312156,0.475503210162155,2023-11-15T00:00Z,22.499756680513663,22.00053033517313,0.49922634534053145,-7
401525897,2023,12,2023-11-18T20:30Z,2628,239,TCU Horned Frogs,Baylor Bears,42,17,False,True,0.7972939762507982,1,0.8288815136324514,0.8572234073130864,2023-11-15T00:00Z,34.69478154148138,22.661140349813817,12.033641191667567,25
401531921,2023,12,2023-11-18T20:30Z,2653,309,Troy Trojans,Louisiana Ragin' Cajuns,31,24,False,True,0.833405674341521,1,0.8369941862218888,0.8916423200766107,2023-11-15T00:00Z,30.495185379946292,16.885861268673356,13.609324111272937,7
401532624,2023,12,2023-11-18T20:30Z,2005,2439,Air Force Falcons,UNLV Rebels,27,31,False,True,0.6058581806212859,0,0.7369597567718105,0.569360627990012,2023-11-15T00:00Z,28.9070175534481,23.89648072614739,5.010536827300708,-4
401520415,2023,12,2023-11-18T21:00Z,194,135,Ohio State Buckeyes,Minnesota Golden Gophers,37,3,False,True,0.9677883919400322,1,0.9546436335856228,0.9720880100627157,2023-11-15T00:00Z,36.65207642136382,11.043626639536363,25.60844978182746,34
401524059,2023,12,2023-11-18T21:00Z,9,2483,Arizona State Sun Devils,Oregon Ducks,13,49,False,True,0.07520680747326221,0,0.08204995532063915,0.03901956754816271,2023-11-15T00:00Z,14.457103030989682,33.81870024464989,-19.361597213660207,-36
401525894,2023,12,2023-11-18T21:00Z,248,197,Houston Cougars,Oklahoma State Cowboys,30,43,False,True,0.3447064027501567,0,0.4564734421976417,0.29033185581099225,2023-11-15T00:00Z,25.818929222616852,30.55965964532306,-4.740730422706207,-13
401520404,2023,12,2023-11-18T21:00Z,2,166,Auburn Tigers,New Mexico State Aggies,10,31,False,True,0.8565808097318729,0,0.8005857131648295,0.906154476475263,2023-11-15T00:00Z,28.325159854153426,13.76102788969638,14.564131964457047,-21
401525898,2023,12,2023-11-18T22:00Z,2641,2116,Texas Tech Red Raiders,UCF Knights,24,23,False,True,0.5949291177129544,1,0.5672973518624833,0.5394562243436082,2023-11-15T00:00Z,29.421590689756687,28.596242502903678,0.8253481868530095,1
401531920,2023,12,2023-11-18T22:00Z,6,276,South Alabama Jaguars,Marshall Thundering Herd,28,0,False,True,0.7606403104247615,1,0.7473340752920457,0.7747769201282568,2023-11-15T00:00Z,29.628707644236112,20.76752127074153,8.861186373494583,28
401531917,2023,12,2023-11-18T23:00Z,290,295,Georgia Southern Eagles,Old Dominion Monarchs,17,20,False,True,0.6065174287971716,0,0.6498589262820811,0.6300758450460793,2023-11-15T00:00Z,32.39935946166737,27.2362956173625,5.163063844304872,-3
401524061,2023,12,2023-11-18T23:30Z,24,25,Stanford Cardinal,California Golden Bears,15,27,False,True,0.39297613634740103,0,0.3747720255342465,0.29520535121678654,2023-11-15T00:00Z,29.17091382190086,33.49953281719095,-4.328618995290093,-12
401525896,2023,12,2023-11-19T00:00Z,2305,2306,Kansas Jayhawks,Kansas State Wildcats,27,31,False,True,0.23463540361056828,0,0.24741181720142563,0.1773889830820249,2023-11-15T00:00Z,25.364778847829562,35.68387019714239,-10.319091349312828,-4
401532619,2023,12,2023-11-19T00:00Z,328,68,Utah State Aggies,Boise State Broncos,10,45,False,True,0.40233780887527193,0,0.39294664963777515,0.38703716044093056,2023-11-15T00:00Z,31.13491680333535,33.8485235971802,-2.7136067938448463,-35
401524060,2023,12,2023-11-19T00:30Z,204,264,Oregon State Beavers,Washington Huskies,20,22,False,True,0.48078187503668357,0,0.5459615429408358,0.44992869347154063,2023-11-15T00:00Z,32.02524054197196,31.506552749651064,0.5186877923208968,-2
401520413,2023,12,2023-11-19T00:30Z,142,57,Missouri Tigers,Florida Gators,33,31,False,True,0.7433089269703707,1,0.8011703949787411,0.8124885652561606,2023-11-15T00:00Z,32.884877991948656,22.49845471276526,10.386423279183397,2
401520402,2023,12,2023-11-19T00:30Z,8,2229,Arkansas Razorbacks,Florida International Panthers,44,20,False,True,0.9110884311165359,1,0.8975806710414501,0.9421562102716796,2023-11-15T00:00Z,35.01489420843812,16.178057287732365,18.836836920705757,24
401520418,2023,12,2023-11-19T00:30Z,2579,96,South Carolina Gamecocks,Kentucky Wildcats,17,14,False,True,0.5663277614665909,1,0.553322036989091,0.5311380505332018,2023-11-15T00:00Z,28.43182772600096,26.901682454532555,1.530145271468406,3
401520422,2023,12,2023-11-19T00:30Z,275,158,Wisconsin Badgers,Nebraska Cornhuskers,24,17,False,True,0.6618112191775785,1,0.6685008578352148,0.6684424884978927,2023-11-15T00:00Z,19.489450212988352,13.392936428042958,6.096513784945394,7
401525895,2023,12,2023-11-19T01:00Z,66,251,Iowa State Cyclones,Texas Longhorns,16,26,False,True,0.3425100464745376,0,0.2998861581565115,0.2254532686637295,2023-11-15T00:00Z,21.064477778990046,26.367880301530167,-5.303402522540122,-10
401520409,2023,12,2023-11-19T01:00Z,99,2247,LSU Tigers,Georgia State Panthers,56,14,False,True,0.9556792333334756,1,0.935194074030604,0.9598755126722079,2023-11-15T00:00Z,45.53210889714165,24.12059290893895,21.411515988202698,42
401525557,2023,12,2023-11-19T01:00Z,59,183,Georgia Tech Yellow Jackets,Syracuse Orange,31,22,False,True,0.6091050261787799,1,0.6203041159155844,0.625038665542983,2023-11-15T00:00Z,28.289987604598615,23.77521847506448,4.514769129534134,9
401532622,2023,12,2023-11-19T03:30Z,278,167,Fresno State Bulldogs,New Mexico Lobos,17,25,False,True,0.9193410359212433,0,0.929366054164507,0.9590344986229377,2023-11-15T00:00Z,40.5147657174513,17.050332015564862,23.464433701886435,-8
401532623,2023,12,2023-11-19T03:30Z,23,21,San José State Spartans,San Diego State Aztecs,24,13,False,True,0.8062152542684826,1,0.8350590773463309,0.8492418469763277,2023-11-15T00:00Z,30.333344204802845,17.67507800206857,12.658266202734275,11
401532450,2023,13,2023-11-22T00:00Z,2711,189,Western Michigan Broncos,Bowling Green Falcons,10,34,False,True,0.4784673109520108,0,0.4964716704520711,0.35316361373160443,2023-11-22T00:00Z,28.872761134020593,29.079433821615208,-0.2066726875946152,-24
401532449,2023,13,2023-11-22T00:30Z,2084,2199,Buffalo Bulls,Eastern Michigan Eagles,11,24,False,True,0.6862290735106119,0,0.6930071657832821,0.7091543668692074,2023-11-22T00:00Z,26.038257132173776,18.770090972690095,7.26816615948368,-13
401520424,2023,13,2023-11-24T00:30Z,344,145,Mississippi State Bulldogs,Ole Miss Rebels,7,17,False,True,0.2661773111763862,0,0.307013088445482,0.18758932664129585,2023-11-22T00:00Z,22.435182889773284,30.79256256447303,-8.357379674699747,-10
401525900,2023,13,2023-11-24T17:00Z,201,2628,Oklahoma Sooners,TCU Horned Frogs,69,45,False,True,0.8249985034251855,1,0.7582223605078628,0.859272521275328,2023-11-22T00:00Z,37.73696329926686,23.052227338683366,14.684735960583495,24
401520425,2023,13,2023-11-24T17:00Z,158,2294,Nebraska Cornhuskers,Iowa Hawkeyes,10,13,False,True,0.4229294962344999,0,0.4778561128403267,0.37690978334488356,2023-11-22T00:00Z,11.425286070303077,13.79478896338026,-2.3695028930771826,-3
401525560,2023,13,2023-11-24T17:00Z,103,2390,Boston College Eagles,Miami Hurricanes,20,45,False,True,0.2778956084688886,0,0.3396670079131523,0.22973598483827706,2023-11-22T00:00Z,23.0736124247733,29.274867606842104,-6.201255182068802,-25
401531394,2023,13,2023-11-24T17:00Z,218,235,Temple Owls,Memphis Tigers,21,45,False,True,0.12077775425917207,0,0.15535976718135408,0.06186126569955325,2023-11-22T00:00Z,23.674553118325274,41.10769168208249,-17.433138563757215,-24
401532451,2023,13,2023-11-24T17:00Z,2117,2649,Central Michigan Chippewas,Toledo Rockets,17,32,False,True,0.2374580383734272,0,0.25222525157137704,0.19638649527927168,2023-11-22T00:00Z,24.451252562163766,32.635581651108,-8.184329088944232,-15
401532452,2023,13,2023-11-24T17:00Z,2006,195,Akron Zips,Ohio Bobcats,14,25,False,True,0.17582128155336008,0,0.20168364909875622,0.11863238594660545,2023-11-22T00:00Z,13.729065101860321,27.128479603017816,-13.399414501157494,-11
401531376,2023,13,2023-11-24T20:30Z,2655,2636,Tulane Green Wave,UTSA Roadrunners,29,16,False,True,0.6032614394075559,1,0.5635671561416808,0.5981309703886638,2023-11-22T00:00Z,26.461119106150306,23.58689971028064,2.874219395869666,13
401532629,2023,13,2023-11-24T20:30Z,167,328,New Mexico Lobos,Utah State Aggies,41,44,False,True,0.37617673393647344,0,0.3580587044982465,0.313411833287551,2023-11-22T00:00Z,30.073317486688758,34.56750699781794,-4.4941895111291785,-3
401520426,2023,13,2023-11-24T21:00Z,8,142,Arkansas Razorbacks,Missouri Tigers,14,48,False,True,0.30826590594724523,0,0.30941900887219465,0.2139907303916956,2023-11-22T00:00Z,23.40386303404098,29.64801439030243,-6.2441513562614475,-34
401532625,2023,13,2023-11-24T21:00Z,68,2005,Boise State Broncos,Air Force Falcons,27,19,False,True,0.6594182887446565,1,0.5993160325077733,0.6029157762684776,2023-11-22T00:00Z,27.123242547813238,22.11906455546687,5.004177992346367,8
401525901,2023,13,2023-11-25T00:30Z,251,2641,Texas Longhorns,Texas Tech Red Raiders,57,7,False,True,0.8515932006890266,1,0.8214480988233076,0.8650352198691472,2023-11-22T00:00Z,33.2191431252715,18.650789696330193,14.568353428941307,50
401520435,2023,13,2023-11-25T00:30Z,127,213,Michigan State Spartans,Penn State Nittany Lions,0,42,False,True,0.06967034727720325,0,0.08616119464470492,0.0324904447250451,2023-11-22T00:00Z,11.835867560263047,33.16301754853668,-21.327149988273632,-42
401524063,2023,13,2023-11-25T01:30Z,2483,204,Oregon Ducks,Oregon State Beavers,31,7,False,True,0.8150791417354099,1,0.7847963621502397,0.811759207846824,2023-11-22T00:00Z,35.32980725032983,23.728725786328944,11.601081464000885,24
401520434,2023,13,2023-11-25T17:00Z,130,194,Michigan Wolverines,Ohio State Buckeyes,30,24,False,True,0.5360946550536733,1,0.5855073017168508,0.6052284507872976,2023-11-22T00:00Z,25.941441799437854,22.165891688704665,3.775550110733189,6
401520432,2023,13,2023-11-25T17:00Z,97,96,Louisville Cardinals,Kentucky Wildcats,31,38,False,True,0.724035360897524,0,0.7476316108749658,0.7363099559104662,2023-11-22T00:00Z,29.02021927341284,21.10139186782008,7.918827405592761,-7
401520433,2023,13,2023-11-25T17:00Z,99,245,LSU Tigers,Texas A&M Aggies,42,30,False,True,0.7179123781218998,1,0.7661972534485002,0.7107525196473088,2023-11-22T00:00Z,37.51599412334062,30.324133461494462,7.191860661846157,12
401520438,2023,13,2023-11-25T17:00Z,2509,84,Purdue Boilermakers,Indiana Hoosiers,35,31,False,True,0.6614230724850998,1,0.7347687556727607,0.6553080447886332,2023-11-22T00:00Z,32.50629856269872,25.801410572561668,6.704887990137049,4
401520440,2023,13,2023-11-25T17:00Z,2534,2393,Sam Houston Bearkats,Middle Tennessee Blue Raiders,23,20,False,True,0.48429686773896047,1,0.49993052647393,0.49171698204809905,2023-11-22T00:00Z,25.95551277493038,24.16108114256895,1.7944316323614302,3
401520443,2023,13,2023-11-25T17:00Z,113,41,Massachusetts Minutemen,UConn Huskies,18,31,False,True,0.6045908596043632,0,0.5502778573074171,0.5446585484276841,2023-11-22T00:00Z,30.565720594510623,27.29595095486006,3.269769639650562,-13
401525561,2023,13,2023-11-25T17:00Z,150,221,Duke Blue Devils,Pittsburgh Panthers,30,19,False,True,0.773390116363841,1,0.7416291236997665,0.8729821394439581,2023-11-22T00:00Z,28.577579763877683,17.308412926619997,11.269166837257686,11
401525906,2023,13,2023-11-25T17:00Z,2116,248,UCF Knights,Houston Cougars,27,13,False,True,0.7496769799468365,1,0.7649182351865735,0.8196349404825952,2023-11-22T00:00Z,35.674972421027036,23.627028181200284,12.047944239826752,14
401531435,2023,13,2023-11-25T17:00Z,2567,2426,SMU Mustangs,Navy Midshipmen,59,14,False,True,0.8651044230143923,1,0.9019612113773146,0.9298403047650768,2023-11-22T00:00Z,31.78356675203446,12.85678638130294,18.92678037073152,45
401531927,2023,13,2023-11-25T17:00Z,2572,2653,Southern Miss Golden Eagles,Troy Trojans,17,35,False,True,0.12957358845790604,0,0.12998860460347159,0.06257811962132617,2023-11-22T00:00Z,15.311638450408278,32.35310997352097,-17.041471523112694,-18
401532453,2023,13,2023-11-25T17:00Z,2309,2459,Kent State Golden Flashes,Northern Illinois Huskies,27,37,False,True,0.1405192905233435,0,0.18067984392239075,0.08859128775181645,2023-11-22T00:00Z,18.826889745223426,32.948821036451264,-14.121931291227838,-10
401532454,2023,13,2023-11-25T17:00Z,2050,193,Ball State Cardinals,Miami (OH) RedHawks,15,17,False,True,0.28226961984116483,0,0.3614350675819557,0.19632324325421424,2023-11-22T00:00Z,13.827531915940575,21.458463471570635,-7.63093155563006,-2
401531421,2023,13,2023-11-25T18:00Z,242,2226,Rice Owls,Florida Atlantic Owls,24,21,False,True,0.6715147789588849,1,0.6365408608074952,0.6361374400578939,2023-11-22T00:00Z,27.956857855832773,23.760114719025214,4.196743136807559,3
401525563,2023,13,2023-11-25T19:00Z,183,154,Syracuse Orange,Wake Forest Demon Deacons,35,31,False,True,0.5998085166915984,1,0.5685587644079485,0.5901797908901126,2023-11-22T00:00Z,23.59445668789505,20.2896882493879,3.30476843850715,4
401531346,2023,13,2023-11-25T19:00Z,151,202,East Carolina Pirates,Tulsa Golden Hurricane,27,29,False,True,0.6980192902036512,0,0.7414103790549211,0.7590997530499033,2023-11-22T00:00Z,27.812256069317108,18.663691164369162,9.148564904947946,-2
401531386,2023,13,2023-11-25T19:00Z,249,5,North Texas Mean Green,UAB Blazers,45,42,False,True,0.6249943372753092,1,0.6414600374842009,0.6407321121713425,2023-11-22T00:00Z,38.53730618498112,33.62736435854863,4.909941826432487,3
401531925,2023,13,2023-11-25T19:00Z,295,2247,Old Dominion Monarchs,Georgia State Panthers,25,24,False,True,0.6454317703222623,1,0.6326205201190396,0.6018222043347637,2023-11-22T00:00Z,28.0234772647955,23.370487529095236,4.652989735700263,1
401520428,2023,13,2023-11-25T20:00Z,2229,98,Florida International Panthers,Western Kentucky Hilltoppers,28,41,False,True,0.24739034709564336,0,0.1730809712122689,0.14579436235269844,2023-11-22T00:00Z,21.81854554167527,33.84061853200031,-12.022072990325043,-13
401524067,2023,13,2023-11-25T20:00Z,254,38,Utah Utes,Colorado Buffaloes,23,17,False,True,0.8578363576394142,1,0.9283756722492312,0.8811539544663186,2023-11-22T00:00Z,35.51440602609375,18.887025766287486,16.627380259806266,6
401531926,2023,13,2023-11-25T20:00Z,309,2433,Louisiana Ragin' Cajuns,UL Monroe Warhawks,52,21,False,True,0.8499217527337458,1,0.8842472800011703,0.8638495919856001,2023-11-22T00:00Z,36.278737932730124,19.48335594332682,16.795381989403303,31
401532628,2023,13,2023-11-25T20:00Z,2439,23,UNLV Rebels,San José State Spartans,31,37,False,True,0.6349140985737382,0,0.5700375897195071,0.630412946975251,2023-11-22T00:00Z,32.02477595178168,28.114163496758874,3.910612455022804,-6
401520427,2023,13,2023-11-25T20:30Z,2,333,Auburn Tigers,Alabama Crimson Tide,24,27,False,True,0.19672744767216768,0,0.1868259878789429,0.1793687067161329,2023-11-22T00:00Z,17.941983204632603,28.631056221612603,-10.68907301698,-3
401524064,2023,13,2023-11-25T20:30Z,9,12,Arizona State Sun Devils,Arizona Wildcats,23,59,False,True,0.22698864150812992,0,0.22087062021999537,0.14996277823710175,2023-11-22T00:00Z,18.995859535169174,28.002198534206368,-9.006338999037194,-36
401525905,2023,13,2023-11-25T20:30Z,197,252,Oklahoma State Cowboys,BYU Cougars,40,34,False,True,0.8056292763734773,1,0.7963640789046885,0.8132016505763534,2023-11-22T00:00Z,32.919263554297636,21.395327687328138,11.523935866969499,6
401520442,2023,13,2023-11-25T20:30Z,2633,238,Tennessee Volunteers,Vanderbilt Commodores,48,24,False,True,0.9528164420176986,1,0.9655797554550027,0.9652811366347975,2023-11-22T00:00Z,40.536068849259195,15.665752062535027,24.870316786724167,24
401520444,2023,13,2023-11-25T20:30Z,2638,2335,UTEP Miners,Liberty Flames,28,42,False,True,0.16928263184476597,0,0.1565369600065073,0.08733242651071615,2023-11-22T00:00Z,19.53993503574096,35.10338209414288,-15.56344705840192,-14
401520431,2023,13,2023-11-25T20:30Z,356,77,Illinois Fighting Illini,Northwestern Wildcats,43,45,False,True,0.5783390921307999,0,0.6749089178760513,0.5186683856080629,2023-11-22T00:00Z,24.309698205733568,22.27764117145464,2.032057034278928,-2
401520436,2023,13,2023-11-25T20:30Z,135,275,Minnesota Golden Gophers,Wisconsin Badgers,14,28,False,True,0.4230314095080655,0,0.4494631369644677,0.3976501249081843,2023-11-22T00:00Z,20.77198415324591,22.18483801983024,-1.4128538665843315,-14
401520439,2023,13,2023-11-25T20:30Z,164,120,Rutgers Scarlet Knights,Maryland Terrapins,24,42,False,True,0.46693292712168416,0,0.40312874811194804,0.43803126054405067,2023-11-22T00:00Z,23.389589374722828,24.170850700367204,-0.7812613256443761,-18
401525564,2023,13,2023-11-25T20:30Z,258,259,Virginia Cavaliers,Virginia Tech Hokies,17,55,False,True,0.5065455708998975,0,0.43224296179291855,0.42303702096765833,2023-11-22T00:00Z,26.835909970652125,28.091427190756885,-1.2555172201047604,-38
401531922,2023,13,2023-11-25T20:30Z,2026,290,Appalachian State Mountaineers,Georgia Southern Eagles,55,27,False,True,0.7733089907944034,1,0.7722395654570386,0.7371435335507844,2023-11-22T00:00Z,37.37400597964837,27.339067629963168,10.034938349685206,28
401531923,2023,13,2023-11-25T20:30Z,324,256,Coastal Carolina Chanticleers,James Madison Dukes,14,56,False,True,0.3474893953161249,0,0.34401108510310874,0.2865165510108142,2023-11-22T00:00Z,23.619578930532356,27.233502134117714,-3.613923203585358,-42
401531924,2023,13,2023-11-25T20:30Z,276,2032,Marshall Thundering Herd,Arkansas State Red Wolves,35,21,False,True,0.5747498654828327,1,0.6489372233507902,0.6114075326918922,2023-11-22T00:00Z,30.28042746561095,26.4191702609211,3.8612572046898492,14
401524068,2023,13,2023-11-25T21:00Z,264,265,Washington Huskies,Washington State Cougars,24,21,False,True,0.860349207725183,1,0.8555965028503996,0.8777100260574532,2023-11-22T00:00Z,38.12393126978332,23.773717331969475,14.350213937813844,3
401520437,2023,13,2023-11-25T21:00Z,166,55,New Mexico State Aggies,Jacksonville State Gamecocks,20,17,False,True,0.5357982684821168,1,0.4686241236923955,0.4506341388974506,2023-11-22T00:00Z,23.109524513829236,23.723401445721723,-0.6138769318924879,3
401520429,2023,13,2023-11-26T00:00Z,57,52,Florida Gators,Florida State Seminoles,15,24,False,True,0.28781664050747613,0,0.24228256099654102,0.1568012588081848,2023-11-22T00:00Z,24.99565804698522,33.87503978758841,-8.879381740603193,-9
401524065,2023,13,2023-11-26T00:00Z,24,87,Stanford Cardinal,Notre Dame Fighting Irish,23,56,False,True,0.06413811937802501,0,0.05543814140797358,0.03429576948267008,2023-11-22T00:00Z,14.722690161354969,38.462445504687544,-23.739755343332575,-33
401525902,2023,13,2023-11-26T00:00Z,239,277,Baylor Bears,West Virginia Mountaineers,31,34,False,True,0.3478989655431065,0,0.34814414375943703,0.231615633254061,2023-11-22T00:00Z,26.240956121843507,32.44883213430149,-6.207876012457984,-3
401531928,2023,13,2023-11-26T00:00Z,326,6,Texas State Bobcats,South Alabama Jaguars,52,44,False,True,0.23937445824474324,1,0.26321574062340647,0.19247472830927512,2023-11-22T00:00Z,23.300304528109884,31.912126703949184,-8.6118221758393,8
401520430,2023,13,2023-11-26T00:30Z,59,61,Georgia Tech Yellow Jackets,Georgia Bulldogs,23,31,False,True,0.06834141217115554,0,0.057888906879331986,0.0560490055012306,2023-11-22T00:00Z,19.60872040987802,40.40260274711866,-20.793882337240635,-8
401520441,2023,13,2023-11-26T00:30Z,2579,228,South Carolina Gamecocks,Clemson Tigers,7,16,False,True,0.41749507598483143,0,0.38877915399232,0.3960061170301213,2023-11-22T00:00Z,22.975219577008907,26.203331132125733,-3.2281115551168256,-9
401525903,2023,13,2023-11-26T00:30Z,2132,2305,Cincinnati Bearcats,Kansas Jayhawks,16,49,False,True,0.3844678466271655,0,0.4205483508959499,0.20638878518770706,2023-11-22T00:00Z,25.753864700371995,29.391720951654673,-3.6378562512826775,-33
401531410,2023,13,2023-11-26T00:30Z,58,2429,South Florida Bulls,Charlotte 49ers,48,14,False,True,0.6303670628007892,1,0.6546469137297857,0.5949108901581399,2023-11-22T00:00Z,31.9633715046765,27.897686438039546,4.065685066636952,34
401525904,2023,13,2023-11-26T01:00Z,2306,66,Kansas State Wildcats,Iowa State Cyclones,35,42,False,True,0.7927597131282953,0,0.8188582162513393,0.8764423069493242,2023-11-22T00:00Z,31.367177863665255,18.68328562860654,12.683892235058714,-7
401525562,2023,13,2023-11-26T01:00Z,152,153,NC State Wolfpack,North Carolina Tar Heels,39,20,False,True,0.42573061201942874,1,0.5224307047101275,0.44851642349513116,2023-11-22T00:00Z,29.26330876647354,28.29681164624361,0.9664971202299277,19
401532630,2023,13,2023-11-26T02:00Z,2440,2751,Nevada Wolf Pack,Wyoming Cowboys,6,42,False,True,0.3214619256838079,0,0.2783394741021946,0.1971850120512564,2023-11-22T00:00Z,18.67207533210509,25.92601574196473,-7.253940409859638,-36
401524066,2023,13,2023-11-26T03:30Z,26,25,UCLA Bruins,California Golden Bears,7,33,False,True,0.7620941377403047,0,0.8055132576203172,0.7715384003919932,2023-11-22T00:00Z,32.364424270043386,21.671364843946574,10.693059426096813,-26
401532627,2023,13,2023-11-26T03:30Z,21,278,San Diego State Aztecs,Fresno State Bulldogs,33,18,False,True,0.313607182229126,1,0.36058005124450776,0.2261356780943085,2023-11-22T00:00Z,19.434769448659285,25.947676795873324,-6.512907347214039,15
401532626,2023,13,2023-11-26T04:00Z,62,36,Hawai'i Rainbow Warriors,Colorado State Rams,27,24,False,True,0.4389979949195063,1,0.4029387258073528,0.3459356197647007,2023-11-22T00:00Z,25.7492531928749,28.73716429667959,-2.9879111038046915,3
401539476,2023,14,2023-12-02T00:00Z,2335,166,Liberty Flames,New Mexico State Aggies,49,35,False,True,0.7746794505328332,1,0.81037362581281,0.8286663509333938,2023-12-02T00:00Z,33.22055419918307,20.711897614910416,12.508656584272654,14
401539475,2023,14,2023-12-02T01:00Z,264,2483,Washington Huskies,Oregon Ducks,34,31,True,True,0.274742872451406,1,0.26920103782406035,0.2749473019358129,2023-12-02T00:00Z,26.343358602753483,33.72626811060141,-7.382909507847927,3
401539479,2023,14,2023-12-02T17:00Z,251,197,Texas Longhorns,Oklahoma State Cowboys,49,21,True,True,0.8348308733369468,1,0.8428044669709049,0.8807331306317778,2023-12-02T00:00Z,34.665694908353395,21.55249766352998,13.113197244823414,28
401539481,2023,14,2023-12-02T17:00Z,2649,193,Toledo Rockets,Miami (OH) RedHawks,14,23,True,True,0.6062348042468837,0,0.6627850775175084,0.585997491394481,2023-12-02T00:00Z,24.021957020331744,21.58432116771542,2.4376358526163244,-9
401539482,2023,14,2023-12-02T20:00Z,2439,68,UNLV Rebels,Boise State Broncos,20,44,False,True,0.48252424984021813,0,0.4130140176965648,0.5042232133833002,2023-12-02T00:00Z,30.25177832802902,31.12936569425436,-0.8775873662253417,-24
401539483,2023,14,2023-12-02T21:00Z,333,61,Alabama Crimson Tide,Georgia Bulldogs,27,24,True,True,0.4048449994029996,1,0.3392086856507945,0.38479331389565313,2023-12-02T00:00Z,24.9140595041587,28.30142580040163,-3.3873662962429307,3
401539477,2023,14,2023-12-02T21:00Z,2655,2567,Tulane Green Wave,SMU Mustangs,14,26,False,True,0.429933076055222,0,0.41494178083824046,0.2906075709585897,2023-12-02T00:00Z,23.542676078171606,28.984513806236297,-5.441837728064691,-12
401539484,2023,14,2023-12-02T21:00Z,2653,2026,Troy Trojans,Appalachian State Mountaineers,49,23,False,True,0.6859769017557517,1,0.6753000813148007,0.7129140200961595,2023-12-02T00:00Z,28.123940726978862,22.399382307967365,5.7245584190114975,26
401539480,2023,14,2023-12-03T01:00Z,2294,130,Iowa Hawkeyes,Michigan Wolverines,0,26,True,True,0.11193366343219459,0,0.09881883197882524,0.06104209185091789,2023-12-02T00:00Z,8.084348023824836,26.418294052152362,-18.333946028327524,-26
401539478,2023,14,2023-12-03T01:00Z,52,97,Florida State Seminoles,Louisville Cardinals,16,6,True,True,0.7013225293969716,1,0.6671890852089226,0.7616314072916219,2023-12-02T00:00Z,30.2067012196339,22.825314932380948,7.381386287252951,10
401520445,2023,15,2023-12-09T20:00Z,2426,349,Navy Midshipmen,Army Black Knights,11,17,True,True,0.49074175418213567,0,0.4665245916757489,0.4636811533381568,2023-12-09T20:00Z,16.35187708224007,17.8656068391284,-1.5137297568883312,-6
401551733,2023,31,2023-12-16T16:00Z,195,290,Ohio Bobcats,Georgia Southern Eagles,41,21,True,True,0.6680654521480947,1,0.6560190356833877,0.6174196237025715,2023-12-16T16:00Z,28.541907293892187,23.959661737534503,4.582245556357684,20
401551751,2023,31,2023-12-16T19:15Z,309,55,Louisiana Ragin' Cajuns,Jacksonville State Gamecocks,31,34,True,True,0.4385744680081434,0,0.41552375433969924,0.39389397360169753,2023-12-16T16:00Z,26.8418672741112,29.274198763788366,-2.4323314896771677,-3
401551731,2023,31,2023-12-16T20:30Z,2026,193,Appalachian State Mountaineers,Miami (OH) RedHawks,13,9,True,True,0.5348437346493328,1,0.5787260386184803,0.5771016753366734,2023-12-16T16:00Z,26.37462060757003,24.65349882724141,1.7211217803286196,4
401551732,2023,31,2023-12-16T22:45Z,278,166,Fresno State Bulldogs,New Mexico State Aggies,37,10,True,True,0.49293729273996745,1,0.5156427597402705,0.590146211264875,2023-12-16T16:00Z,25.406102084219285,22.881409124209657,2.5246929600096273,27
401551752,2023,31,2023-12-17T00:30Z,68,26,Boise State Broncos,UCLA Bruins,22,35,True,True,0.6001970323369014,0,0.6362429005304887,0.49967075098524016,2023-12-16T16:00Z,25.86029148153252,21.86641089926695,3.9938805822655716,-13
401551753,2023,31,2023-12-17T02:15Z,2641,25,Texas Tech Red Raiders,California Golden Bears,34,14,True,True,0.5133458167634732,1,0.5853262742897323,0.5395132421695467,2023-12-16T16:00Z,30.330034088819065,29.338875584707235,0.99115850411183,20
401551469,2023,31,2023-12-18T19:30Z,295,98,Old Dominion Monarchs,Western Kentucky Hilltoppers,35,38,True,True,0.4416081125763611,0,0.3741071761642884,0.4079689524710369,2023-12-16T16:00Z,24.30739483792697,28.083790670903994,-3.7763958329770233,-3
401551735,2023,31,2023-12-20T02:00Z,276,2636,Marshall Thundering Herd,UTSA Roadrunners,17,35,True,True,0.31108838193941335,0,0.2655300754570642,0.3005085572971578,2023-12-16T16:00Z,23.203344944095264,29.750542050931756,-6.547197106836492,-18
401551737,2023,31,2023-12-22T01:00Z,183,58,Syracuse Orange,South Florida Bulls,0,45,True,True,0.6552620675429991,0,0.5979451668964915,0.7448150318071465,2023-12-16T16:00Z,32.22553927425069,26.82208533413993,5.4034539401107615,-45
401551754,2023,31,2023-12-22T23:30Z,2116,59,UCF Knights,Georgia Tech Yellow Jackets,17,30,True,True,0.5775250028369134,0,0.6995313415205318,0.6770442304194936,2023-12-16T16:00Z,33.29286533156634,26.523561339646292,6.769303991920047,-13
401551739,2023,31,2023-12-23T17:00Z,150,2653,Duke Blue Devils,Troy Trojans,17,10,True,True,0.4003722756492484,1,0.29982281942262046,0.4805918681577317,2023-12-16T16:00Z,19.093681485766673,24.127991000951003,-5.034309515184329,7
401551741,2023,31,2023-12-23T17:00Z,2459,2032,Northern Illinois Huskies,Arkansas State Red Wolves,21,19,True,True,0.6009410977124253,1,0.6229470065450653,0.5817352826856713,2023-12-16T16:00Z,30.01121347038173,26.926986101096233,3.0842273692854967,2
401551742,2023,31,2023-12-23T20:30Z,2005,256,Air Force Falcons,James Madison Dukes,31,21,True,True,0.3663697303207506,1,0.34947669200915027,0.27016783727500515,2023-12-16T16:00Z,20.87517713289627,27.045452339105807,-6.1702752062095385,10
401551743,2023,31,2023-12-23T20:30Z,328,2247,Utah State Aggies,Georgia State Panthers,22,45,True,True,0.557013747918644,0,0.540830865213648,0.47544132410672013,2023-12-16T16:00Z,32.243136533893825,32.080338596745605,0.16279793714821977,-23
401551755,2023,31,2023-12-24T00:00Z,6,2199,South Alabama Jaguars,Eastern Michigan Eagles,59,10,False,True,0.8803852511346633,1,0.8640551478773318,0.9238980512360586,2023-12-16T16:00Z,31.10364957542385,15.667202956370165,15.436446619053687,49
401551744,2023,31,2023-12-24T00:30Z,77,254,Northwestern Wildcats,Utah Utes,14,7,True,True,0.3036289751269443,1,0.23976697484601128,0.2465452426883055,2023-12-16T16:00Z,17.829497316486133,25.24432393313031,-7.414826616644177,7
401551746,2023,31,2023-12-24T03:30Z,23,324,San José State Spartans,Coastal Carolina Chanticleers,14,24,True,True,0.6684191657443914,0,0.6517836158461583,0.6723420259392552,2023-12-16T16:00Z,29.23351573231953,24.590118221440818,4.64339751087871,-10
401551756,2023,31,2023-12-26T19:00Z,135,189,Minnesota Golden Gophers,Bowling Green Falcons,30,24,True,True,0.5473894907186394,1,0.521018247956581,0.5732584417339585,2023-12-16T16:00Z,24.667227634930747,23.499250567746838,1.1679770671839087,6
401551748,2023,31,2023-12-26T22:30Z,242,326,Rice Owls,Texas State Bobcats,21,45,True,True,0.6159837382911889,0,0.5293775285209789,0.5720187956532784,2023-12-16T16:00Z,32.73933964496451,30.66726565306415,2.0720739919003606,-24
401551757,2023,31,2023-12-27T02:00Z,2439,2305,UNLV Rebels,Kansas Jayhawks,36,49,True,True,0.338602039886445,0,0.3533165101230236,0.23556224457550537,2023-12-16T16:00Z,29.78220048492053,35.164093668884924,-5.381893183964394,-13
401551758,2023,31,2023-12-27T19:00Z,2655,259,Tulane Green Wave,Virginia Tech Hokies,20,41,True,True,0.5390864427262556,0,0.5772595173922397,0.4862500852383658,2023-12-16T16:00Z,24.132407944510625,23.273009588408698,0.8593983561019272,-21
401551761,2023,31,2023-12-27T22:30Z,277,153,West Virginia Mountaineers,North Carolina Tar Heels,30,10,True,True,0.4172650302959531,1,0.46114077209635895,0.4355919991621083,2023-12-16T16:00Z,32.43896620202331,33.751765952827384,-1.312799750804075,20
401581109,2023,31,2023-12-28T01:00Z,30,97,USC Trojans,Louisville Cardinals,42,28,True,True,0.5046336321585538,1,0.4209051880379059,0.5003480025099949,2023-12-16T16:00Z,33.80431990587752,34.69113899034983,-0.8868190844723074,14
401551749,2023,31,2023-12-28T02:00Z,197,245,Oklahoma State Cowboys,Texas A&M Aggies,31,23,True,True,0.2707243966241955,1,0.30917270697852683,0.2642508782165456,2023-12-16T16:00Z,25.480697448203756,32.27648963690675,-6.795792188702997,8
401551750,2023,31,2023-12-28T16:00Z,103,2567,Boston College Eagles,SMU Mustangs,23,14,True,True,0.17823559593322474,1,0.09281546299230223,0.09279217378001264,2023-12-16T16:00Z,20.137265378482507,38.4070971000295,-18.269831721546996,9
401551762,2023,31,2023-12-28T19:15Z,2390,164,Miami Hurricanes,Rutgers Scarlet Knights,24,31,True,True,0.7180884172324686,0,0.7362611553923519,0.6848258331600723,2023-12-16T16:00Z,27.447729920366584,20.603100874878358,6.844629045488226,-7
401551764,2023,31,2023-12-28T22:45Z,2306,152,Kansas State Wildcats,NC State Wolfpack,28,19,True,True,0.7317784987757605,1,0.7172388597270271,0.8398987828367259,2023-12-16T16:00Z,30.50375601078858,20.79702598029445,9.706730030494132,9
401551765,2023,31,2023-12-29T02:15Z,201,12,Oklahoma Sooners,Arizona Wildcats,24,38,True,True,0.7537362259270604,0,0.6962296015664913,0.7808762483195371,2023-12-16T16:00Z,38.11959687338092,27.809251138353254,10.310345735027667,-14
401551766,2023,31,2023-12-29T17:00Z,96,228,Kentucky Wildcats,Clemson Tigers,35,38,True,True,0.3415476579422814,0,0.3469943738896363,0.3763133081913203,2023-12-16T16:00Z,21.508640249429703,25.998333710895785,-4.489693461466082,-3
401551798,2023,31,2023-12-29T19:00Z,87,204,Notre Dame Fighting Irish,Oregon State Beavers,40,8,True,True,0.7482174246017352,1,0.6954980436271505,0.706748445806377,2023-12-16T16:00Z,32.10472980111445,24.003799367637654,8.100930433476798,32
401551767,2023,31,2023-12-29T20:30Z,235,66,Memphis Tigers,Iowa State Cyclones,36,26,True,True,0.30297146549592946,1,0.40445093515337655,0.3094305277727457,2023-12-16T16:00Z,27.27204303298977,32.0032333721621,-4.731190339172329,10
401551768,2023,31,2023-12-30T01:00Z,194,142,Ohio State Buckeyes,Missouri Tigers,3,14,True,True,0.8301718966133548,0,0.8053629620566412,0.8052759584407525,2023-12-16T16:00Z,31.262181048194623,19.826709328383316,11.435471719811307,-11
401551769,2023,31,2023-12-30T17:00Z,213,145,Penn State Nittany Lions,Ole Miss Rebels,25,38,True,True,0.7832423066843066,0,0.7696158227148804,0.8366543629728727,2023-12-16T16:00Z,31.108601779833812,19.860993806215777,11.247607973618035,-13
401551770,2023,31,2023-12-30T19:00Z,120,2,Maryland Terrapins,Auburn Tigers,31,13,True,True,0.48678357016452345,1,0.5091382095100947,0.512834462346846,2023-12-16T16:00Z,24.996061657937684,25.737280193761396,-0.7412185358237124,18
401551773,2023,31,2023-12-30T21:00Z,52,61,Florida State Seminoles,Georgia Bulldogs,3,63,True,True,0.3191438317308372,0,0.2767782112535504,0.39550457933946465,2023-12-16T16:00Z,22.904832980957252,28.703264567669848,-5.798431586712596,-60
401554566,2023,31,2023-12-30T21:30Z,2751,2649,Wyoming Cowboys,Toledo Rockets,16,15,True,True,0.3929725547802619,1,0.35913779759449815,0.4720890519948535,2023-12-16T16:00Z,23.714602274808,25.861321720879644,-2.146719446071643,1
401551778,2023,31,2024-01-01T17:00Z,99,275,LSU Tigers,Wisconsin Badgers,35,31,True,True,0.8439912122120218,1,0.8174548989009591,0.8656837473916565,2023-12-16T16:00Z,36.410574659926695,24.612746886685336,11.797827773241359,4
401551782,2023,31,2024-01-01T18:00Z,2483,2335,Oregon Ducks,Liberty Flames,45,6,True,True,0.8284265024728708,1,0.7344719228194998,0.8883022390655148,2023-12-16T16:00Z,37.94560030701971,27.246110438088913,10.699489868930797,39
401551780,2023,31,2024-01-01T18:00Z,2633,2294,Tennessee Volunteers,Iowa Hawkeyes,35,0,True,True,0.6803171913744479,1,0.7388412677443816,0.7396892829673454,2023-12-16T16:00Z,21.714629722317888,16.01958764364716,5.695042078670728,35
401551786,2023,31,2024-01-01T22:00Z,130,333,Michigan Wolverines,Alabama Crimson Tide,27,20,True,True,0.6116450747980369,1,0.6075716733083064,0.7109961121818406,2023-12-16T16:00Z,27.922208644434132,22.736527267766924,5.185681376667208,7
401551788,2023,31,2024-01-02T02:00Z,264,251,Washington Huskies,Texas Longhorns,37,31,True,True,0.3087620349146347,1,0.29934166073501867,0.33591959810846617,2023-12-16T16:00Z,25.78000907466977,32.09420055720599,-6.314191482536216,6
401551789,2023,31,2024-01-09T00:30Z,130,264,Michigan Wolverines,Washington Huskies,34,13,True,True,0.8000179084969258,1,0.7786283253837532,0.7896023137574429,2023-12-16T16:00Z,33.43073754239093,22.325335829547306,11.105401712843623,21
401635525,2024,1,2024-08-24T16:00Z,59,52,Georgia Tech Yellow Jackets,Florida State Seminoles,24,21,True,True,0.21792620411453628,1,0.2934183075390206,0.24054528151323085,2024-08-24T16:00Z,24.82392288508621,32.740611232287144,-7.916688347200935,3
401643696,2024,1,2024-08-25T00:00Z,2440,2567,Nevada Wolf Pack,SMU Mustangs,24,29,False,True,0.18870762474606173,0,0.17498472755205868,0.11620650445521431,2024-08-24T16:00Z,21.156095756176025,34.228046583297385,-13.07195082712136,-5
401640998,2024,1,2024-08-30T00:00Z,55,324,Jacksonville State Gamecocks,Coastal Carolina Chanticleers,27,55,False,True,0.5378655492561388,0,0.678361132246712,0.6056935966278346,2024-08-24T16:00Z,29.496758922444197,24.571260575950774,4.925498346493423,-28
401628448,2024,1,2024-08-30T01:00Z,135,153,Minnesota Golden Gophers,North Carolina Tar Heels,17,19,False,True,0.4219947723954671,0,0.5177933083868677,0.4209969987321083,2024-08-24T16:00Z,29.719834453469833,29.306596050165233,0.41323840330460015,-2
401628328,2024,1,2024-08-30T23:00Z,201,218,Oklahoma Sooners,Temple Owls,51,3,False,True,0.9690461430409326,1,0.9284679255732535,0.9731774340214083,2024-08-24T16:00Z,43.08206398384149,18.953349131157992,24.1287148526835,48
401628453,2024,1,2024-08-30T23:00Z,127,2226,Michigan State Spartans,Florida Atlantic Owls,16,10,False,True,0.6623943581177556,1,0.5587519059718489,0.5866936637104391,2024-08-24T16:00Z,26.28208611179266,24.13141984458547,2.150666267207189,6
401628461,2024,1,2024-08-31T01:00Z,275,2711,Wisconsin Badgers,Western Michigan Broncos,28,14,False,True,0.8933484004021346,1,0.8113039738698677,0.8643314421416476,2024-08-24T16:00Z,32.961833127789205,20.450726240983332,12.511106886805873,14
401634300,2024,1,2024-08-31T02:30Z,24,2628,Stanford Cardinal,TCU Horned Frogs,27,34,False,True,0.31575785633138487,0,0.2704371252472937,0.2540828674457939,2024-08-24T16:00Z,26.55611874825467,33.72838810472113,-7.172269356466458,-7
401628323,2024,1,2024-08-31T16:00Z,61,228,Georgia Bulldogs,Clemson Tigers,34,3,True,True,0.8373412635459397,1,0.8072904972826869,0.8073650402958131,2024-08-24T16:00Z,32.84178944500113,21.7981739795984,11.043615465402734,31
401628457,2024,1,2024-08-31T16:00Z,277,213,West Virginia Mountaineers,Penn State Nittany Lions,12,34,False,True,0.1919816844509286,0,0.3328942040272388,0.24201067160681844,2024-08-24T16:00Z,24.276626686376833,31.076161803173285,-6.799535116796452,-22
401628333,2024,1,2024-08-31T16:00Z,238,259,Vanderbilt Commodores,Virginia Tech Hokies,34,27,False,True,0.2963263111360859,1,0.3002746301460405,0.3054631259673183,2024-08-24T16:00Z,26.81831820724607,32.12667701607128,-5.308358808825208,7
401628451,2024,1,2024-08-31T16:00Z,120,41,Maryland Terrapins,UConn Huskies,50,7,False,True,0.9286430539442682,1,0.8566508773489556,0.9041804701672191,2024-08-24T16:00Z,35.18608174279202,19.111341320534688,16.07474042225733,43
401634305,2024,1,2024-08-31T16:00Z,221,2309,Pittsburgh Panthers,Kent State Golden Flashes,55,24,False,True,0.874013151361292,1,0.8089700964271911,0.8794399854535728,2024-08-24T16:00Z,33.46540634998544,20.515499733681875,12.949906616303569,31
401628455,2024,1,2024-08-31T19:30Z,194,2006,Ohio State Buckeyes,Akron Zips,52,6,False,True,0.9880690845443457,1,0.9537241210432671,0.980330230579544,2024-08-24T16:00Z,38.20405773052378,11.293388097238102,26.91066963328568,46
401628331,2024,1,2024-08-31T19:30Z,251,36,Texas Longhorns,Colorado State Rams,52,0,False,True,0.9703639678954564,1,0.9078756919817473,0.9456478018062654,2024-08-24T16:00Z,37.53096798679712,17.368891802826937,20.162076183970186,52
401628322,2024,1,2024-08-31T19:30Z,57,2390,Florida Gators,Miami Hurricanes,17,41,False,True,0.5251387653419894,0,0.5801689795008014,0.5346116495775288,2024-08-24T16:00Z,30.598807202271892,27.5507685672247,3.0480386350471917,-24
401628449,2024,1,2024-08-31T19:30Z,84,2229,Indiana Hoosiers,Florida International Panthers,31,7,False,True,0.7945674339626932,1,0.7576812100869277,0.812764478645746,2024-08-24T16:00Z,33.88178880269513,23.342141797367894,10.539647005327232,24
401628454,2024,1,2024-08-31T19:30Z,158,2638,Nebraska Cornhuskers,UTEP Miners,40,7,False,True,0.8696795758218436,1,0.7427376306580982,0.7930495090805408,2024-08-24T16:00Z,27.719352906236438,18.328348098377344,9.391004807859094,33
401629039,2024,1,2024-08-31T19:30Z,113,2199,Massachusetts Minutemen,Eastern Michigan Eagles,14,28,False,True,0.44906711160242024,0,0.4592395527494536,0.5007886844629884,2024-08-24T16:00Z,28.434165976967023,29.12980174146852,-0.6956357645014961,-14
401634304,2024,1,2024-08-31T19:30Z,183,195,Syracuse Orange,Ohio Bobcats,38,22,False,True,0.5437871192801964,1,0.42069786439383716,0.46691720814274484,2024-08-24T16:00Z,23.173452804647663,24.915212968809957,-1.7417601641622937,16
401641015,2024,1,2024-08-31T19:30Z,2636,338,UTSA Roadrunners,Kennesaw State Owls,28,16,False,True,0.778104870075966,1,0.7095283518913402,0.6002642694906655,2024-08-24T16:00Z,31.566830890385017,25.84744628404675,5.7193846063382665,12
401644683,2024,1,2024-08-31T19:30Z,77,193,Northwestern Wildcats,Miami (OH) RedHawks,13,6,False,True,0.6120652082619653,1,0.5520329317227473,0.6297081147076012,2024-08-24T16:00Z,23.84388420166274,21.080310456743202,2.763573744919537,7
401643700,2024,1,2024-08-31T20:00Z,290,68,Georgia Southern Eagles,Boise State Broncos,45,56,False,True,0.2991477388750192,0,0.345853381496098,0.32662010177317186,2024-08-24T16:00Z,29.017796062848195,33.67287215494406,-4.6550760920958645,-11
401628329,2024,1,2024-08-31T20:15Z,2579,295,South Carolina Gamecocks,Old Dominion Monarchs,23,19,False,True,0.8260468803661607,1,0.6935437646381689,0.7575122280596426,2024-08-24T16:00Z,30.45423935081479,22.331677889175808,8.122561461638984,4
401643775,2024,1,2024-08-31T21:00Z,6,249,South Alabama Jaguars,North Texas Mean Green,38,52,False,True,0.7656549909645479,0,0.7586402991308039,0.8088527916592552,2024-08-24T16:00Z,37.13382586131594,26.43331360042639,10.70051226088955,-14
401628319,2024,1,2024-08-31T23:00Z,333,98,Alabama Crimson Tide,Western Kentucky Hilltoppers,63,0,False,True,0.9742094664025976,1,0.8581837098283864,0.9060344172698548,2024-08-24T16:00Z,37.10227447499956,21.273538194358938,15.828736280640623,63
401636611,2024,1,2024-08-31T23:00Z,248,2439,Houston Cougars,UNLV Rebels,7,27,False,True,0.5626290153573732,0,0.5729633054298988,0.4859326981537718,2024-08-24T16:00Z,31.491955906453544,30.66145500732631,0.8305008991272338,-20
401641039,2024,1,2024-08-31T23:00Z,242,2534,Rice Owls,Sam Houston Bearkats,14,34,False,True,0.6800732598640662,0,0.6118489466506132,0.6283519578601129,2024-08-24T16:00Z,28.856473311490262,25.557893448767988,3.298579862722274,-20
401643701,2024,1,2024-08-31T23:00Z,2653,2440,Troy Trojans,Nevada Wolf Pack,26,28,False,True,0.9054399462112146,0,0.8951559015026203,0.9164849689660116,2024-08-24T16:00Z,32.68757004482667,14.540298158388847,18.147271886437824,-2
401628332,2024,1,2024-08-31T23:30Z,245,87,Texas A&M Aggies,Notre Dame Fighting Irish,13,23,False,True,0.3833929108214318,0,0.3840826614599342,0.3761621412811055,2024-08-24T16:00Z,26.84665037865472,29.961581724147614,-3.114931345492895,-10
401628452,2024,1,2024-08-31T23:30Z,130,278,Michigan Wolverines,Fresno State Bulldogs,30,10,False,True,0.9493137969488777,1,0.87843363599694,0.9248187796733807,2024-08-24T16:00Z,35.650507572290444,17.915061991926198,17.735445580364246,20
401628459,2024,1,2024-08-31T23:30Z,62,26,Hawai'i Rainbow Warriors,UCLA Bruins,13,16,False,True,0.25854574065684827,0,0.26658366633996156,0.16955190786251498,2024-08-24T16:00Z,21.89092945509904,30.766961994036933,-8.876032538937892,-3
401628324,2024,1,2024-08-31T23:45Z,96,2572,Kentucky Wildcats,Southern Miss Golden Eagles,31,0,False,True,0.9166473695528757,1,0.8319636765386814,0.8905734303178723,2024-08-24T16:00Z,36.411216798895836,22.02758067964292,14.383636119252916,31
401634302,2024,1,2024-09-01T00:00Z,59,2247,Georgia Tech Yellow Jackets,Georgia State Panthers,35,12,False,True,0.7412467284531323,1,0.6397285705844118,0.7085270518111708,2024-08-24T16:00Z,32.440296258463576,26.459408035562756,5.98088822290082,23
401643774,2024,1,2024-09-01T00:00Z,2429,256,Charlotte 49ers,James Madison Dukes,7,30,False,True,0.27562242134456194,0,0.193580852879711,0.1440466058371525,2024-08-24T16:00Z,21.22247044278808,33.265073016851794,-12.042602574063714,-23
401636608,2024,1,2024-09-01T02:30Z,12,167,Arizona Wildcats,New Mexico Lobos,61,39,False,True,0.9365402206492159,1,0.8698467070824456,0.935852425360027,2024-08-24T16:00Z,39.366656389756145,20.921626773514273,18.44502961624187,22
401636609,2024,1,2024-09-01T02:30Z,9,2751,Arizona State Sun Devils,Wyoming Cowboys,48,7,False,True,0.49509653161818906,1,0.42590408043856587,0.4382777375029944,2024-08-24T16:00Z,23.70620126949286,25.843949273358373,-2.1377480038655143,41
401628334,2024,1,2024-09-01T23:30Z,99,30,LSU Tigers,USC Trojans,20,27,True,True,0.7062580373156513,0,0.6768423589261305,0.6393474371141132,2024-08-24T16:00Z,41.32456816127838,36.490903414784235,4.833664746494144,-7
401634306,2024,1,2024-09-02T23:30Z,52,103,Florida State Seminoles,Boston College Eagles,13,28,False,True,0.8760903120788801,0,0.827183918364508,0.8743323131390619,2024-08-24T16:00Z,34.521709934821885,20.066747007436444,14.454962927385441,-15
401634765,2024,2,2024-09-06T23:00Z,2567,252,SMU Mustangs,BYU Cougars,15,18,False,True,0.6753937015391765,0,0.8127300987582923,0.7558494008088561,2024-09-06T23:00Z,32.358636508865665,21.41520813019107,10.943428378674597,-3
401635533,2024,2,2024-09-07T01:00Z,77,150,Northwestern Wildcats,Duke Blue Devils,20,26,False,True,0.5156579065097836,0,0.5290876994343362,0.4443525252019805,2024-09-06T23:00Z,21.729706741313116,21.512226611664342,0.2174801296487736,-6
401628347,2024,2,2024-09-07T16:00Z,130,251,Michigan Wolverines,Texas Longhorns,12,31,False,True,0.4634425190542375,0,0.5610584840893487,0.46415237444174245,2024-09-06T23:00Z,25.772900163697592,23.328068722258337,2.4448314414392556,-19
401628470,2024,2,2024-09-07T16:00Z,213,189,Penn State Nittany Lions,Bowling Green Falcons,34,27,False,True,0.9726218151513141,1,0.9076920011687415,0.9476316766601812,2024-09-06T23:00Z,34.51839276805468,14.68032886827488,19.8380638997798,7
401628336,2024,2,2024-09-07T16:00Z,197,8,Oklahoma State Cowboys,Arkansas Razorbacks,39,31,False,True,0.6031750857512415,1,0.685881130731397,0.6892073753711544,2024-09-06T23:00Z,31.273246331745092,24.83702099320336,6.436225338541732,8
401636616,2024,2,2024-09-07T16:00Z,2655,2306,Tulane Green Wave,Kansas State Wildcats,27,34,False,True,0.3451388294405979,0,0.4265917492256661,0.23392231772536046,2024-09-06T23:00Z,22.81009180040946,28.181522769752725,-5.371430969343265,-7
401635534,2024,2,2024-09-07T16:00Z,183,59,Syracuse Orange,Georgia Tech Yellow Jackets,31,28,False,True,0.3558370603630822,1,0.4238168444554449,0.3913647886618263,2024-09-06T23:00Z,24.745376377209183,26.72021563287507,-1.9748392556658878,3
401628471,2024,2,2024-09-07T16:00Z,164,2006,Rutgers Scarlet Knights,Akron Zips,49,17,False,True,0.9193682874172705,1,0.8264421681792329,0.9278901167684174,2024-09-06T23:00Z,31.76018780897565,16.01754070068804,15.74264710828761,32
401635538,2024,2,2024-09-07T16:00Z,2132,221,Cincinnati Bearcats,Pittsburgh Panthers,27,28,False,True,0.3722922964011162,0,0.44202689259791716,0.4167623483090305,2024-09-06T23:00Z,26.07802363349386,26.835176968113668,-0.757153334619808,-1
401643784,2024,2,2024-09-07T16:00Z,235,2653,Memphis Tigers,Troy Trojans,38,17,False,True,0.6733364463685787,1,0.5823169846678709,0.6154834210574205,2024-09-06T23:00Z,29.300633660352645,25.78945007297224,3.5111835873804047,21
401645323,2024,2,2024-09-07T16:00Z,2226,349,Florida Atlantic Owls,Army Black Knights,7,24,False,True,0.5858002650581787,0,0.5343454410738309,0.5446688353693347,2024-09-06T23:00Z,21.660663414050724,19.317741492158472,2.342921921892252,-17
401628977,2024,2,2024-09-07T19:30Z,87,2459,Notre Dame Fighting Irish,Northern Illinois Huskies,14,16,False,True,0.9591588420217232,0,0.8925012636851697,0.9413769699077198,2024-09-06T23:00Z,34.464521934744035,15.367983638264018,19.096538296480016,-2
401636618,2024,2,2024-09-07T19:30Z,254,239,Utah Utes,Baylor Bears,23,12,False,True,0.7549241579844743,1,0.7842938237293029,0.8101547897367408,2024-09-06T23:00Z,29.806411655965043,19.06019767496559,10.746213980999453,11
401628464,2024,2,2024-09-07T19:30Z,2294,66,Iowa Hawkeyes,Iowa State Cyclones,19,20,False,True,0.5226918734386399,0,0.5425990576830639,0.48566095296974504,2024-09-06T23:00Z,18.959137939702316,18.054174181936943,0.9049637577653726,-1
401635535,2024,2,2024-09-07T19:30Z,97,55,Louisville Cardinals,Jacksonville State Gamecocks,49,14,False,True,0.8606765046595122,1,0.764258032383323,0.8944131779433504,2024-09-06T23:00Z,33.69146591623476,21.118909909612444,12.572556006622317,35
401628337,2024,2,2024-09-07T19:30Z,2,25,Auburn Tigers,California Golden Bears,14,21,False,True,0.7200082759333533,0,0.6624673010132971,0.6470757221304396,2024-09-06T23:00Z,29.175396673200467,23.323087574557086,5.8523090986433814,-7
401628340,2024,2,2024-09-07T19:30Z,96,2579,Kentucky Wildcats,South Carolina Gamecocks,6,31,False,True,0.754812552727031,0,0.7552554891028239,0.7435729154276547,2024-09-06T23:00Z,27.47724791817657,19.48407343203986,7.993174486136709,-25
401628465,2024,2,2024-09-07T19:30Z,120,127,Maryland Terrapins,Michigan State Spartans,24,27,False,True,0.8354353163434931,0,0.8418126801830548,0.8993993625794215,2024-09-06T23:00Z,31.697761134323027,16.22165692425229,15.476104210070737,-3
401628473,2024,2,2024-09-07T19:30Z,264,2199,Washington Huskies,Eastern Michigan Eagles,30,9,False,True,0.9112443646057119,1,0.8733085883988934,0.931078371667934,2024-09-06T23:00Z,34.52854220610116,17.296048961366985,17.232493244734172,21
401629040,2024,2,2024-09-07T19:30Z,2649,113,Toledo Rockets,Massachusetts Minutemen,38,23,False,True,0.9210430381987095,1,0.908933774775859,0.9048892412402995,2024-09-06T23:00Z,36.08248057411681,18.365051649699254,17.717428924417554,15
401635537,2024,2,2024-09-07T19:30Z,153,2429,North Carolina Tar Heels,Charlotte 49ers,38,20,False,True,0.9111456359139894,1,0.857583080451886,0.9029558498949352,2024-09-06T23:00Z,33.03262330065516,16.93898113307047,16.09364216758469,18
401645324,2024,2,2024-09-07T19:30Z,2426,218,Navy Midshipmen,Temple Owls,38,11,False,True,0.7505172024145714,1,0.7975138060290679,0.8536633032665456,2024-09-06T23:00Z,29.366134100446118,15.719472085203453,13.646662015242665,27
401643783,2024,2,2024-09-07T20:00Z,326,2636,Texas State Bobcats,UTSA Roadrunners,49,10,False,True,0.29088870713801396,1,0.3539778046408514,0.3443808805937498,2024-09-06T23:00Z,26.961759492403214,30.702037605688382,-3.740278113285168,39
401628342,2024,2,2024-09-07T20:15Z,145,2393,Ole Miss Rebels,Middle Tennessee Blue Raiders,52,3,False,True,0.9001009181653518,1,0.8174583237099291,0.8862054357669238,2024-09-06T23:00Z,33.72497723950547,19.916761619731346,13.808215619774124,49
401635540,2024,2,2024-09-07T20:30Z,259,276,Virginia Tech Hokies,Marshall Thundering Herd,31,14,False,True,0.7863189924712001,1,0.6623026255754112,0.663575168232681,2024-09-06T23:00Z,29.04778612590385,23.115236108796687,5.932550017107165,17
401640979,2024,2,2024-09-07T22:00Z,2229,2117,Florida International Panthers,Central Michigan Chippewas,52,16,False,True,0.36069367187090995,1,0.3294675708271732,0.34374371310687185,2024-09-06T23:00Z,22.993087888956385,27.187895920336313,-4.194808031379928,36
401643778,2024,2,2024-09-07T22:00Z,295,151,Old Dominion Monarchs,East Carolina Pirates,14,20,False,True,0.6493391303651014,0,0.6213541575844039,0.6622787017493086,2024-09-06T23:00Z,24.265171234204093,19.556578093739127,4.708593140464966,-6
401643781,2024,2,2024-09-07T22:00Z,195,6,Ohio Bobcats,South Alabama Jaguars,27,20,False,True,0.47490890320303947,1,0.5052379452727582,0.4818415776085261,2024-09-06T23:00Z,28.221495207078647,27.609531740928627,0.6119634661500193,7
401628335,2024,2,2024-09-07T23:00Z,333,58,Alabama Crimson Tide,South Florida Bulls,42,16,False,True,0.9884529090019257,1,0.954920483130026,0.9821510896665855,2024-09-06T23:00Z,42.90239862790911,16.297117373128394,26.605281254780714,26
401628344,2024,2,2024-09-07T23:00Z,142,2084,Missouri Tigers,Buffalo Bulls,38,0,False,True,0.9414744669353003,1,0.8649600362806147,0.9327714295433099,2024-09-06T23:00Z,32.373792990373076,15.175139785220413,17.198653205152663,38
401628462,2024,2,2024-09-07T23:00Z,356,2305,Illinois Fighting Illini,Kansas Jayhawks,23,17,False,True,0.5387281402013427,1,0.47685526975393333,0.3507993248232909,2024-09-06T23:00Z,27.943229191334375,29.79716459859707,-1.8539354072626963,6
401635639,2024,2,2024-09-07T23:00Z,154,258,Wake Forest Demon Deacons,Virginia Cavaliers,30,31,False,True,0.6326308339916565,0,0.6628170145079225,0.6056514717806415,2024-09-06T23:00Z,29.23223098985065,23.99958621330195,5.2326447765487,-1
401641016,2024,2,2024-09-07T23:00Z,338,309,Kennesaw State Owls,Louisiana Ragin' Cajuns,10,34,False,True,0.41561714759550694,0,0.576107557563087,0.5677673189423098,2024-09-06T23:00Z,28.41013851277833,25.63999195746621,2.7701465553121203,-24
401643705,2024,2,2024-09-07T23:00Z,2005,23,Air Force Falcons,San José State Spartans,7,17,False,True,0.5994479793199536,0,0.6662615747974181,0.6174546988766377,2024-09-06T23:00Z,26.70061128537897,21.768105288062184,4.932505997316785,-10
401643708,2024,2,2024-09-07T23:00Z,2440,290,Nevada Wolf Pack,Georgia Southern Eagles,17,20,False,True,0.6056751948615974,0,0.5420553039617212,0.5979563098952673,2024-09-06T23:00Z,33.15897442827004,30.6750261479014,2.4839482803686437,-3
401643779,2024,2,2024-09-07T23:00Z,2032,202,Arkansas State Red Wolves,Tulsa Golden Hurricane,28,24,False,True,0.735172290874502,1,0.6482244435352449,0.6755514101075493,2024-09-06T23:00Z,31.473763883787587,25.224781707509052,6.248982176278535,4
401643780,2024,2,2024-09-07T23:00Z,2433,5,UL Monroe Warhawks,UAB Blazers,32,6,False,True,0.4165449931092144,1,0.37629459428683354,0.4060987190251227,2024-09-06T23:00Z,27.50776559547339,30.19502234103243,-2.68725674555904,26
401636617,2024,2,2024-09-07T23:02Z,2116,2534,UCF Knights,Sam Houston Bearkats,45,14,False,True,0.7851144521579543,1,0.6936116233435328,0.6929525295598844,2024-09-06T23:00Z,27.815613534212773,21.37791584374633,6.437697690466443,31
401628468,2024,2,2024-09-07T23:30Z,194,2711,Ohio State Buckeyes,Western Michigan Broncos,56,0,False,True,0.9798834763448445,1,0.9586619850448308,0.9799024677769034,2024-09-06T23:00Z,39.40010516003977,12.339909961092935,27.060195198946836,56
401628346,2024,2,2024-09-07T23:30Z,152,2633,NC State Wolfpack,Tennessee Volunteers,10,51,True,True,0.20737420021528533,0,0.2892486877303624,0.3045109855973652,2024-09-06T23:00Z,21.824467990881757,27.992409271379735,-6.167941280497978,-41
401628467,2024,2,2024-09-07T23:30Z,158,38,Nebraska Cornhuskers,Colorado Buffaloes,28,10,False,True,0.8501098750798545,1,0.8256911966181844,0.7663024377682299,2024-09-06T23:00Z,30.447482627056164,19.8137316533112,10.633750973744963,18
401628345,2024,2,2024-09-07T23:45Z,201,248,Oklahoma Sooners,Houston Cougars,16,12,False,True,0.9576069538248512,1,0.9059022132851458,0.9673524777903018,2024-09-06T23:00Z,38.5066758272871,15.873006927960315,22.633668899326782,4
401635532,2024,2,2024-09-08T00:00Z,228,2026,Clemson Tigers,App State Mountaineers,66,20,False,True,0.8007812871826819,1,0.5889652481374648,0.5922348557392786,2024-09-06T23:00Z,27.777775321585317,24.23323383431522,3.544541487270095,46
401628469,2024,2,2024-09-08T02:00Z,2483,68,Oregon Ducks,Boise State Broncos,37,34,False,True,0.8600523761557874,1,0.7451496095033634,0.8523631108515072,2024-09-06T23:00Z,36.905979495643436,25.490173821106737,11.4158056745367,3
401636859,2024,2,2024-09-08T02:00Z,265,2641,Washington State Cougars,Texas Tech Red Raiders,37,16,False,True,0.5209163458518993,1,0.5389853975708734,0.5496447122137093,2024-09-06T23:00Z,27.72502284945976,25.249448633650918,2.475574215808841,21
401640989,2024,2,2024-09-08T02:15Z,166,2335,New Mexico State Aggies,Liberty Flames,24,30,False,True,0.46060427586803016,0,0.4014028555948234,0.3458935028702956,2024-09-06T23:00Z,25.596473553406963,28.522537384340104,-2.926063830933142,-6
401628343,2024,2,2024-09-08T02:30Z,9,344,Arizona State Sun Devils,Mississippi State Bulldogs,30,23,False,True,0.6240858069324495,1,0.635953933355889,0.760679466148067,2024-09-06T23:00Z,27.098162276579608,20.879431005006133,6.218731271573475,7
401643709,2024,2,2024-09-08T02:30Z,21,204,San Diego State Aztecs,Oregon State Beavers,0,21,False,True,0.23384439709415383,0,0.3376429514489404,0.18949234491936384,2024-09-06T23:00Z,20.28310790740532,27.030897320066458,-6.747789412661138,-21
401628472,2024,2,2024-09-08T03:00Z,30,328,USC Trojans,Utah State Aggies,48,0,False,True,0.9396778851845561,1,0.8347246546729379,0.9133859918389559,2024-09-06T23:00Z,40.989471843451824,25.556213662516374,15.43325818093545,48
401636867,2024,3,2024-09-12T23:30Z,326,9,Texas State Bobcats,Arizona State Sun Devils,28,31,False,True,0.48969079250246983,0,0.6502263945474398,0.6159518653943525,2024-09-12T23:30Z,31.176570238925187,25.973001100158005,5.2035691387671825,-3
401636863,2024,3,2024-09-13T23:00Z,2305,2439,Kansas Jayhawks,UNLV Rebels,20,23,False,True,0.6087028735974687,0,0.6231280619262028,0.4689034969315294,2024-09-12T23:30Z,28.677646483769742,26.44446634818406,2.2331801355856804,-3
401636864,2024,3,2024-09-14T00:00Z,2306,12,Kansas State Wildcats,Arizona Wildcats,31,7,False,True,0.49796517989752775,1,0.635007833985503,0.6541541555662893,2024-09-12T23:30Z,35.76066906909208,29.393708016901556,6.3669610521905255,24
401628350,2024,3,2024-09-14T16:00Z,275,333,Wisconsin Badgers,Alabama Crimson Tide,10,42,False,True,0.05443717147465306,0,0.14615310164527892,0.06998793710232035,2024-09-12T23:30Z,15.552365731321865,30.46143069087765,-14.909064959555783,-32
401636869,2024,3,2024-09-14T16:00Z,202,197,Tulsa Golden Hurricane,Oklahoma State Cowboys,10,45,False,True,0.2792695754822851,0,0.36704338470350306,0.18906630777527117,2024-09-12T23:30Z,25.501828137535576,32.586284469448024,-7.084456331912449,-35
401628359,2024,3,2024-09-14T16:00Z,2579,99,South Carolina Gamecocks,LSU Tigers,33,36,False,True,0.4228057476847444,0,0.42999089630069565,0.4689934056477923,2024-09-12T23:30Z,26.952139165749426,27.25780037959955,-0.3056612138501258,-3
401628479,2024,3,2024-09-14T16:00Z,130,2032,Michigan Wolverines,Arkansas State Red Wolves,28,18,False,True,0.962940760174501,1,0.919710934280193,0.9461285032028229,2024-09-12T23:30Z,34.859062998374604,13.757406436391873,21.10165656198273,10
401628475,2024,3,2024-09-14T16:00Z,356,2117,Illinois Fighting Illini,Central Michigan Chippewas,30,9,False,True,0.9102775614601955,1,0.8086264181865058,0.9511457841631803,2024-09-12T23:30Z,34.75788649058745,17.826793689557526,16.931092801029926,21
401635542,2024,3,2024-09-14T16:00Z,52,235,Florida State Seminoles,Memphis Tigers,12,20,False,True,0.546995373260857,0,0.4793276168764572,0.41950481680155255,2024-09-12T23:30Z,27.512058536115507,27.73159924902283,-0.21954071290732102,-8
401635546,2024,3,2024-09-14T16:00Z,152,2348,NC State Wolfpack,Louisiana Tech Bulldogs,30,20,False,True,0.7498711700010315,1,0.7147646727492402,0.715623814728913,2024-09-12T23:30Z,30.519869540982498,21.90258561696852,8.617283924013979,10
401636865,2024,3,2024-09-14T16:00Z,193,2132,Miami (OH) RedHawks,Cincinnati Bearcats,16,27,False,True,0.6224087500276433,0,0.6600759491829461,0.6113775183996204,2024-09-12T23:30Z,22.250794955785633,16.159058732720972,6.091736223064661,-11
401636868,2024,3,2024-09-14T16:00Z,2641,249,Texas Tech Red Raiders,North Texas Mean Green,66,21,False,True,0.6977380722204097,1,0.5818067397278903,0.527163690579068,2024-09-12T23:30Z,33.02226975583815,30.911298886259324,2.1109708695788285,45
401628357,2024,3,2024-09-14T16:45Z,142,103,Missouri Tigers,Boston College Eagles,27,21,False,True,0.8789613379861363,1,0.8441634510656089,0.830855322508454,2024-09-12T23:30Z,29.895704393134707,16.090833584337794,13.804870808796913,6
401629041,2024,3,2024-09-14T17:00Z,2084,113,Buffalo Bulls,Massachusetts Minutemen,34,3,False,True,0.7275346937311605,1,0.711168328655876,0.6686044072920725,2024-09-12T23:30Z,28.705767763938624,21.276475732855843,7.429292031082781,31
401643786,2024,3,2024-09-14T18:00Z,218,324,Temple Owls,Coastal Carolina Chanticleers,20,28,False,True,0.15767537175627094,0,0.15272798952046407,0.043123744547493854,2024-09-12T23:30Z,19.252582722785675,37.08215524366241,-17.829572520876738,-8
401628483,2024,3,2024-09-14T19:30Z,204,2483,Oregon State Beavers,Oregon Ducks,14,49,False,True,0.23681440162886527,0,0.44715442530416283,0.4531696493346672,2024-09-12T23:30Z,24.185521437707727,25.1212551101032,-0.9357336723954717,-35
401628358,2024,3,2024-09-14T19:30Z,201,2655,Oklahoma Sooners,Tulane Green Wave,34,19,False,True,0.867350726077299,1,0.776322286988311,0.8291591002815244,2024-09-12T23:30Z,31.430524786240813,18.957627379421808,12.472897406819005,15
401628978,2024,3,2024-09-14T19:30Z,2509,87,Purdue Boilermakers,Notre Dame Fighting Irish,7,66,False,True,0.1389714805995422,0,0.25303547101859747,0.22211919551337408,2024-09-12T23:30Z,20.68758219695649,29.40187903153048,-8.71429683457399,-59
401628353,2024,3,2024-09-14T19:30Z,57,245,Florida Gators,Texas A&M Aggies,20,33,False,True,0.3960312258066821,0,0.4110876415111867,0.3228038346999475,2024-09-12T23:30Z,23.482471156515423,27.103272980619693,-3.6208018241042694,-13
401628481,2024,3,2024-09-14T19:30Z,135,2440,Minnesota Golden Gophers,Nevada Wolf Pack,27,0,False,True,0.7762145885078079,1,0.7451431621698615,0.729185500721748,2024-09-12T23:30Z,25.352487319665432,16.89932532005641,8.453161999609023,27
401628484,2024,3,2024-09-14T19:30Z,264,265,Washington Huskies,Washington State Cougars,19,24,True,True,0.7090324355605854,0,0.6880059438424753,0.608588362835069,2024-09-12T23:30Z,29.05606356034137,24.552736185132233,4.503327375209139,-5
401635547,2024,3,2024-09-14T19:30Z,221,277,Pittsburgh Panthers,West Virginia Mountaineers,38,34,False,True,0.6435948778824101,1,0.6520242417345574,0.5842481581295491,2024-09-12T23:30Z,28.671712954113886,25.152259049887835,3.519453904226051,4
401628477,2024,3,2024-09-14T20:00Z,2294,2653,Iowa Hawkeyes,Troy Trojans,38,21,False,True,0.7929409202358276,1,0.6262430378679593,0.7138207056079626,2024-09-12T23:30Z,20.34109959678284,15.772521645407856,4.568577951374984,17
401643785,2024,3,2024-09-14T20:00Z,151,2026,East Carolina Pirates,App State Mountaineers,19,21,False,True,0.7627106962058404,0,0.656086071513053,0.7854097812192405,2024-09-12T23:30Z,30.524403342647368,24.09589292536538,6.428510417281988,-2
401628351,2024,3,2024-09-14T20:15Z,8,5,Arkansas Razorbacks,UAB Blazers,37,27,False,True,0.82838632967823,1,0.7519275875729023,0.8773076130913479,2024-09-12T23:30Z,34.191527053196516,22.624777430016945,11.566749623179572,10
401636870,2024,3,2024-09-14T20:30Z,328,254,Utah State Aggies,Utah Utes,21,38,False,True,0.17574168611531524,0,0.22057309690019752,0.0992222268744864,2024-09-12T23:30Z,17.591812354941403,29.475992154020485,-11.884179799079082,-17
401635544,2024,3,2024-09-14T21:55Z,2390,2050,Miami Hurricanes,Ball State Cardinals,62,0,False,True,0.9413455253360546,1,0.8154765437019398,0.9376939710059862,2024-09-12T23:30Z,31.324901430131455,15.69045308193337,15.634448348198084,62
401629030,2024,3,2024-09-14T22:00Z,150,41,Duke Blue Devils,UConn Huskies,26,21,False,True,0.9352479495861356,1,0.9070110007952772,0.96650988581548,2024-09-12T23:30Z,34.65372167103299,13.133264195210552,21.52045747582244,5
401635548,2024,3,2024-09-14T22:00Z,295,259,Old Dominion Monarchs,Virginia Tech Hokies,17,37,False,True,0.3899137947109192,0,0.43494765772204813,0.4239544570201896,2024-09-12T23:30Z,23.310485464053983,24.930086841387503,-1.6196013773335203,-20
401640990,2024,3,2024-09-14T22:00Z,2335,2638,Liberty Flames,UTEP Miners,28,10,False,True,0.886753563150429,1,0.8866485508887243,0.918371733377201,2024-09-12T23:30Z,36.0609977126078,18.74728439556474,17.31371331704306,18
401628355,2024,3,2024-09-14T22:30Z,154,145,Wake Forest Demon Deacons,Ole Miss Rebels,6,40,False,True,0.12472085992990635,0,0.18464269819750395,0.09028105350586402,2024-09-12T23:30Z,20.395230823356904,33.43580377254727,-13.040572949190363,-34
401628361,2024,3,2024-09-14T23:00Z,251,2636,Texas Longhorns,UTSA Roadrunners,56,7,False,True,0.9707136573113438,1,0.9341644092818939,0.9861237717024514,2024-09-12T23:30Z,38.766195796034886,12.538769358868874,26.22742643716601,49
401628362,2024,3,2024-09-14T23:00Z,2247,238,Georgia State Panthers,Vanderbilt Commodores,36,32,False,True,0.40686956387880424,1,0.6111901508518961,0.37313061595799085,2024-09-12T23:30Z,27.724016015809518,26.22398336211086,1.500032653698657,4
401640999,2024,3,2024-09-14T23:00Z,2199,55,Eastern Michigan Eagles,Jacksonville State Gamecocks,37,34,False,True,0.5983762533329656,1,0.534595377548865,0.7040788985816218,2024-09-12T23:30Z,28.135274660804445,23.168056778147776,4.967217882656669,3
401641017,2024,3,2024-09-14T23:00Z,23,338,San José State Spartans,Kennesaw State Owls,31,10,False,True,0.9023456728559447,1,0.8083619998833589,0.869716803936054,2024-09-12T23:30Z,28.386010842476587,16.26895307640334,12.117057766073248,21
401641024,2024,3,2024-09-14T23:00Z,2393,98,Middle Tennessee Blue Raiders,Western Kentucky Hilltoppers,21,49,False,True,0.643028176237928,0,0.5329245901520934,0.5635030485753969,2024-09-12T23:30Z,28.87551850887884,27.401708320778944,1.4738101880998968,-28
401641040,2024,3,2024-09-14T23:00Z,2534,62,Sam Houston Bearkats,Hawai'i Rainbow Warriors,31,13,False,True,0.5204246234174332,1,0.6516747958206454,0.63113932190989,2024-09-12T23:30Z,26.971320433644866,20.341520016072177,6.629800417572689,18
401643789,2024,3,2024-09-14T23:00Z,2572,58,Southern Miss Golden Eagles,South Florida Bulls,24,49,False,True,0.23899049844649714,0,0.36127321044497995,0.2081643215889784,2024-09-12T23:30Z,25.33698871442877,30.42611430199536,-5.089125587566588,-25
401628354,2024,3,2024-09-14T23:30Z,96,61,Kentucky Wildcats,Georgia Bulldogs,12,13,False,True,0.07086776235191383,0,0.1290903307307738,0.05476138641841543,2024-09-12T23:30Z,14.044618368298847,30.743142140570463,-16.698523772271614,-1
401628352,2024,3,2024-09-14T23:30Z,2,167,Auburn Tigers,New Mexico Lobos,45,19,False,True,0.9272338012020827,1,0.832971809096491,0.850751172765064,2024-09-12T23:30Z,33.655842654528314,20.61091485803407,13.044927796494243,26
401628356,2024,3,2024-09-14T23:30Z,344,2649,Mississippi State Bulldogs,Toledo Rockets,17,41,False,True,0.5940703571767396,0,0.488799015097946,0.5868196767951869,2024-09-12T23:30Z,25.556333545730478,24.47944391468465,1.0768896310458267,-24
401628476,2024,3,2024-09-14T23:30Z,26,84,UCLA Bruins,Indiana Hoosiers,13,42,False,True,0.591988051671759,0,0.6958842593973864,0.5316634414407481,2024-09-12T23:30Z,23.870935952504443,18.535161183930636,5.335774768573806,-29
401636860,2024,3,2024-09-14T23:30Z,239,2005,Baylor Bears,Air Force Falcons,31,3,False,True,0.5551370935859423,1,0.4010523590376489,0.4999969798397509,2024-09-12T23:30Z,21.223792684361285,21.93298498817743,-0.7091923038161454,28
401636861,2024,3,2024-09-14T23:30Z,36,38,Colorado State Rams,Colorado Buffaloes,9,28,False,True,0.35557843767395625,0,0.5400523191405892,0.30906767905617305,2024-09-12T23:30Z,25.66528629730234,27.22571616655825,-1.560429869255909,-19
401636866,2024,3,2024-09-14T23:30Z,2628,2116,TCU Horned Frogs,UCF Knights,34,35,False,True,0.5708728215727613,0,0.5171674097666794,0.3889858644884857,2024-09-12T23:30Z,28.634465658920625,28.988208297045805,-0.3537426381251798,-1
401640980,2024,3,2024-09-14T23:42Z,2226,2229,Florida Atlantic Owls,Florida International Panthers,38,20,False,True,0.548499806756373,1,0.6373876852128604,0.5345961731251407,2024-09-12T23:30Z,24.27841011894475,20.283140863900204,3.995269255044544,18
401628360,2024,3,2024-09-14T23:45Z,2633,2309,Tennessee Volunteers,Kent State Golden Flashes,71,0,False,True,0.991276852691462,1,0.9787500861230058,0.9950507158528341,2024-09-12T23:30Z,47.19401428065553,13.222414501255889,33.97159977939964,71
401628478,2024,3,2024-09-15T00:00Z,258,120,Virginia Cavaliers,Maryland Terrapins,13,27,False,True,0.25818467755311836,0,0.3560512799707714,0.27140905227206574,2024-09-12T23:30Z,25.321676591320813,31.4813255623866,-6.1596489710657885,-14
401636862,2024,3,2024-09-15T00:00Z,248,242,Houston Cougars,Rice Owls,33,7,False,True,0.7790605584928788,1,0.7158536110418832,0.8163119664617988,2024-09-12T23:30Z,27.041642128407748,18.240657098101444,8.800985030306304,26
401636871,2024,3,2024-09-15T01:00Z,2751,252,Wyoming Cowboys,BYU Cougars,14,34,False,True,0.2486098555909509,0,0.4238848015709088,0.20765947839516388,2024-09-12T23:30Z,20.062725210752745,24.379202262937277,-4.316477052184531,-20
401635541,2024,3,2024-09-15T02:30Z,25,21,California Golden Bears,San Diego State Aztecs,31,10,False,True,0.8347622763714129,1,0.7495378699500933,0.8587461036729144,2024-09-12T23:30Z,27.361613593267766,16.041082538074335,11.320531055193431,21
401641033,2024,3,2024-09-15T02:30Z,278,166,Fresno State Bulldogs,New Mexico State Aggies,48,0,False,True,0.7196831291510546,1,0.6775587521599451,0.6506974452067218,2024-09-12T23:30Z,26.392306824873074,19.862870843506105,6.529435981366969,48
401643790,2024,4,2024-09-19T23:30Z,2026,6,App State Mountaineers,South Alabama Jaguars,14,48,False,True,0.47432047941918265,0,0.5280997678290185,0.5066559622775045,2024-09-19T23:30Z,31.777783934060018,31.073591059597305,0.7041928744627128,-34
401634766,2024,4,2024-09-20T23:30Z,183,24,Syracuse Orange,Stanford Cardinal,24,26,False,True,0.7133904071357766,0,0.7588108961273717,0.749065297873953,2024-09-19T23:30Z,30.989005144323002,22.152340525325286,8.836664618997716,-2
401628485,2024,4,2024-09-21T00:00Z,158,356,Nebraska Cornhuskers,Illinois Fighting Illini,24,31,False,True,0.7091321831238038,0,0.6825938977903223,0.7466199638358295,2024-09-19T23:30Z,23.608000557526776,17.05687839174775,6.551122165779027,-7
401643714,2024,4,2024-09-21T02:00Z,265,23,Washington State Cougars,San José State Spartans,54,52,False,True,0.6284523383877095,1,0.600613929683139,0.8025230991057876,2024-09-19T23:30Z,26.380747236699165,19.932431941419235,6.448315295279929,2
401628492,2024,4,2024-09-21T16:00Z,194,276,Ohio State Buckeyes,Marshall Thundering Herd,49,14,False,True,0.9885521054775729,1,0.9628719526551428,0.9835910509945676,2024-09-19T23:30Z,37.566012061756034,9.58976919690691,27.976242864849123,35
401635552,2024,4,2024-09-21T16:00Z,228,152,Clemson Tigers,NC State Wolfpack,59,35,False,True,0.8754374658581476,1,0.7976647027472679,0.8492769140234349,2024-09-19T23:30Z,31.068116752010294,18.57269631716118,12.495420434849112,24
401628367,2024,4,2024-09-21T16:00Z,344,57,Mississippi State Bulldogs,Florida Gators,28,45,False,True,0.4410500146609234,0,0.5289584116048048,0.4205047028982196,2024-09-19T23:30Z,26.160350520942295,25.9142176962635,0.24613282467879571,-17
401628486,2024,4,2024-09-21T16:00Z,84,2429,Indiana Hoosiers,Charlotte 49ers,52,14,False,True,0.9182511583506228,1,0.8927950717005346,0.9435429230129785,2024-09-19T23:30Z,33.45494137698318,14.891360200910515,18.563581176072663,38
401635556,2024,4,2024-09-21T16:00Z,153,256,North Carolina Tar Heels,James Madison Dukes,50,70,False,True,0.6134076574637585,0,0.46369570017808814,0.44765818911296107,2024-09-19T23:30Z,26.005896618667283,27.760422114812787,-1.7545254961455043,-20
401636873,2024,4,2024-09-21T16:00Z,2132,248,Cincinnati Bearcats,Houston Cougars,34,0,False,True,0.5091309528274592,1,0.5396173998782543,0.5158618503835085,2024-09-19T23:30Z,22.892839144711925,20.664898753282934,2.227940391428991,34
401636879,2024,4,2024-09-21T16:00Z,277,2305,West Virginia Mountaineers,Kansas Jayhawks,32,28,False,True,0.4384497700401331,1,0.47000871507019915,0.4331545563934579,2024-09-19T23:30Z,27.291477081086736,27.25795732197971,0.033519759107026204,4
401643791,2024,4,2024-09-21T16:00Z,309,2655,Louisiana Ragin' Cajuns,Tulane Green Wave,33,41,False,True,0.6356859357329442,0,0.6415833384049563,0.5801342766497095,2024-09-19T23:30Z,28.38717326029915,23.753420976674096,4.6337522836250535,-8
401645328,2024,4,2024-09-21T16:00Z,349,242,Army Black Knights,Rice Owls,37,14,False,True,0.8663150114055889,1,0.8174634880006004,0.9037778683623577,2024-09-19T23:30Z,29.03250794048291,14.958089713917786,14.074418226565122,23
401628364,2024,4,2024-09-21T16:45Z,96,195,Kentucky Wildcats,Ohio Bobcats,41,6,False,True,0.8306975672692971,1,0.7019341439204998,0.7799204738952598,2024-09-19T23:30Z,24.29728086023923,16.74788347504255,7.549397385196681,35
401644735,2024,4,2024-09-21T17:00Z,2117,2050,Central Michigan Chippewas,Ball State Cardinals,37,34,False,True,0.6780088805438776,1,0.6610387346997868,0.575010123949755,2024-09-19T23:30Z,26.41969396503742,23.056928829391016,3.3627651356464057,3
401636875,2024,4,2024-09-21T18:00Z,66,2032,Iowa State Cyclones,Arkansas State Red Wolves,52,7,False,True,0.8841035342537475,1,0.7848992967337269,0.8180235270865109,2024-09-19T23:30Z,30.070374362686835,19.01436326794932,11.056011094737514,45
401635558,2024,4,2024-09-21T18:00Z,324,258,Coastal Carolina Chanticleers,Virginia Cavaliers,24,43,False,True,0.659587508861078,0,0.756307631840283,0.7234852693643441,2024-09-19T23:30Z,32.10433582090285,22.107299895430675,9.997035925472172,-19
401643715,2024,4,2024-09-21T18:00Z,218,328,Temple Owls,Utah State Aggies,45,29,False,True,0.42947369237317723,1,0.4763489990355744,0.3865166108469044,2024-09-19T23:30Z,27.537473622735142,29.392064073189417,-1.8545904504542747,16
401641000,2024,4,2024-09-21T19:00Z,55,2572,Jacksonville State Gamecocks,Southern Miss Golden Eagles,44,7,False,True,0.6742277701797718,1,0.7741889488331608,0.7110957250937066,2024-09-19T23:30Z,35.120809800227065,26.147506712889815,8.97330308733725,37
401628493,2024,4,2024-09-21T19:30Z,213,2309,Penn State Nittany Lions,Kent State Golden Flashes,56,0,False,True,0.9931699228840439,1,0.9864129644152548,0.9956539797092828,2024-09-19T23:30Z,46.92373435001239,9.985015417414605,36.93871893259778,56
401628489,2024,4,2024-09-21T19:30Z,130,30,Michigan Wolverines,USC Trojans,27,24,False,True,0.6765368390574321,1,0.6793794735204273,0.4936902546735404,2024-09-19T23:30Z,27.81860592533696,23.565830567426616,4.252775357910345,3
401628365,2024,4,2024-09-21T19:30Z,99,26,LSU Tigers,UCLA Bruins,34,17,False,True,0.8899475573374014,1,0.8429434539862728,0.9190467211584558,2024-09-19T23:30Z,35.3861573754521,19.41620518814692,15.969952187305179,17
401628979,2024,4,2024-09-21T19:30Z,87,193,Notre Dame Fighting Irish,Miami (OH) RedHawks,28,3,False,True,0.9687163369474737,1,0.9393183448614655,0.9668534757364071,2024-09-19T23:30Z,31.34958905717718,8.341685582441663,23.007903474735517,25
401635554,2024,4,2024-09-21T19:30Z,97,59,Louisville Cardinals,Georgia Tech Yellow Jackets,31,19,False,True,0.7267280837543667,1,0.748246462215004,0.7416755738271134,2024-09-19T23:30Z,30.298069787941436,21.63265758392525,8.665412204016185,12
401644736,2024,4,2024-09-21T19:30Z,2459,2084,Northern Illinois Huskies,Buffalo Bulls,20,23,False,True,0.8385733114382049,0,0.7638872536251637,0.8444647601799512,2024-09-19T23:30Z,25.306476013962243,14.816448706544794,10.49002730741745,-3
401628363,2024,4,2024-09-21T19:30Z,2,8,Auburn Tigers,Arkansas Razorbacks,14,24,False,True,0.6233998471327132,0,0.653780914875557,0.6827443007811452,2024-09-19T23:30Z,28.561487401003955,22.549974789689166,6.011512611314789,-10
401628494,2024,4,2024-09-21T19:30Z,259,164,Virginia Tech Hokies,Rutgers Scarlet Knights,23,26,False,True,0.6144760640658402,0,0.673682278855403,0.533126923593309,2024-09-19T23:30Z,28.64479931205952,24.05832909306375,4.586470218995768,-3
401636877,2024,4,2024-09-21T19:30Z,2641,9,Texas Tech Red Raiders,Arizona State Sun Devils,30,22,False,True,0.6944493907130602,1,0.7165800266535578,0.6633955558624303,2024-09-19T23:30Z,30.99429005724648,24.204661274300673,6.789628782945808,8
401645329,2024,4,2024-09-21T19:30Z,2426,235,Navy Midshipmen,Memphis Tigers,56,44,False,True,0.26550268332277077,1,0.346682377096113,0.26484757495231215,2024-09-19T23:30Z,21.293033079514274,27.183209900393436,-5.890176820879162,12
401636876,2024,4,2024-09-21T20:00Z,197,254,Oklahoma State Cowboys,Utah Utes,19,22,False,True,0.5803405456709104,0,0.5872425169894542,0.6265289526091976,2024-09-19T23:30Z,27.254096866783513,23.035769052521054,4.218327814262459,-3
401635553,2024,4,2024-09-21T20:00Z,2393,150,Middle Tennessee Blue Raiders,Duke Blue Devils,17,45,False,True,0.18771524439744855,0,0.23321988694420576,0.0853182871207791,2024-09-19T23:30Z,19.672410700414147,32.219711344381466,-12.547300643967318,-28
401628368,2024,4,2024-09-21T20:15Z,142,238,Missouri Tigers,Vanderbilt Commodores,30,27,False,True,0.9092460325629931,1,0.9089693569917296,0.925024866074066,2024-09-19T23:30Z,36.30831253370375,17.686267903909794,18.622044629793955,3
401635557,2024,4,2024-09-21T21:00Z,2567,2628,SMU Mustangs,TCU Horned Frogs,66,42,False,True,0.4604292479142659,1,0.6266990001465109,0.46726956825050503,2024-09-19T23:30Z,30.56423628403576,27.327677848643656,3.236558435392105,24
401641028,2024,4,2024-09-21T21:00Z,36,2638,Colorado State Rams,UTEP Miners,27,17,False,True,0.5718195418267735,1,0.5423300517856688,0.540572023401824,2024-09-19T23:30Z,22.916689240105235,21.291269081319584,1.6254201587856514,10
401640991,2024,4,2024-09-21T22:00Z,2335,151,Liberty Flames,East Carolina Pirates,35,24,False,True,0.7269427842309626,1,0.7751210067349085,0.7513637287098117,2024-09-19T23:30Z,27.375506787423138,17.624846481546324,9.750660305876814,11
401635555,2024,4,2024-09-21T23:00Z,58,2390,South Florida Bulls,Miami Hurricanes,15,50,False,True,0.10247564685838562,0,0.2415846609161601,0.12803992855489185,2024-09-19T23:30Z,26.891394828441125,36.71746009541118,-9.826065266970051,-35
401628491,2024,4,2024-09-21T23:00Z,264,77,Washington Huskies,Northwestern Wildcats,24,5,False,True,0.8366834726151905,1,0.8064498543785477,0.8362610359587478,2024-09-19T23:30Z,28.457962758348767,16.548956986670905,11.909005771677862,19
401629031,2024,4,2024-09-21T23:00Z,41,2226,UConn Huskies,Florida Atlantic Owls,48,14,False,True,0.43654573677204583,1,0.473047272529105,0.3082683755964394,2024-09-19T23:30Z,20.606744708773835,24.239758889334155,-3.6330141805603198,34
401635551,2024,4,2024-09-21T23:00Z,52,25,Florida State Seminoles,California Golden Bears,14,9,False,True,0.6174192496859588,1,0.5921852964804022,0.4497937903764361,2024-09-19T23:30Z,23.72867696546743,22.076468908746275,1.652208056721154,5
401641008,2024,4,2024-09-21T23:00Z,2348,202,Louisiana Tech Bulldogs,Tulsa Golden Hurricane,20,23,False,True,0.6658711356552331,0,0.6401409604621052,0.6625570612110058,2024-09-19T23:30Z,30.90969260838783,25.09200440932176,5.817688199066069,-3
401641034,2024,4,2024-09-21T23:00Z,2534,166,Sam Houston Bearkats,New Mexico State Aggies,31,11,False,True,0.7278321989557519,1,0.7013763318688557,0.7909894205530009,2024-09-19T23:30Z,27.887940258451582,19.038358820180587,8.849581438270995,20
401641037,2024,4,2024-09-21T23:00Z,98,2649,Western Kentucky Hilltoppers,Toledo Rockets,26,21,False,True,0.2372155594653577,1,0.3715227317300044,0.275854186113174,2024-09-19T23:30Z,28.589590659579887,32.557992894428466,-3.968402234848579,5
401643716,2024,4,2024-09-21T23:00Z,249,2751,North Texas Mean Green,Wyoming Cowboys,44,17,False,True,0.7246507790529321,1,0.6873056120142564,0.6815792926359658,2024-09-19T23:30Z,35.65575074794991,29.741406547541924,5.914344200407985,27
401628369,2024,4,2024-09-21T23:30Z,201,2633,Oklahoma Sooners,Tennessee Volunteers,15,25,False,True,0.2937406727325112,0,0.28792881282096155,0.23412726906239995,2024-09-19T23:30Z,26.439088290079248,32.33705243391127,-5.89796414383202,-10
401628372,2024,4,2024-09-21T23:30Z,245,189,Texas A&M Aggies,Bowling Green Falcons,26,20,False,True,0.9124035678064558,1,0.7726977163557179,0.7788079594785564,2024-09-19T23:30Z,30.076892235690952,20.161609148638043,9.91528308705291,6
401628370,2024,4,2024-09-21T23:30Z,2579,2006,South Carolina Gamecocks,Akron Zips,50,7,False,True,0.9626845970362576,1,0.9282856660325948,0.9690861933625419,2024-09-19T23:30Z,37.68305459084631,14.43711906340361,23.2459355274427,43
401628487,2024,4,2024-09-21T23:30Z,135,2294,Minnesota Golden Gophers,Iowa Hawkeyes,14,31,False,True,0.5053512869270853,0,0.5124067341397097,0.5177588356701306,2024-09-19T23:30Z,18.434585755246648,17.29790825557243,1.1366774996742173,-17
401628366,2024,4,2024-09-21T23:45Z,145,290,Ole Miss Rebels,Georgia Southern Eagles,52,13,False,True,0.9768069027843005,1,0.9395668908949246,0.9595305458101973,2024-09-19T23:30Z,41.22660323026931,19.005191279105574,22.221411951163738,39
401628371,2024,4,2024-09-22T00:00Z,251,2433,Texas Longhorns,UL Monroe Warhawks,51,3,False,True,0.9878739446546364,1,0.9776254501617209,0.9855153411531584,2024-09-19T23:30Z,40.449404946374614,9.090234477164271,31.35917046921034,48
401628490,2024,4,2024-09-22T00:00Z,103,127,Boston College Eagles,Michigan State Spartans,23,19,False,True,0.5752141881124512,1,0.6485435418966969,0.706256608571094,2024-09-19T23:30Z,25.6462854857221,19.099937812705807,6.546347673016292,4
401636874,2024,4,2024-09-22T00:00Z,38,239,Colorado Buffaloes,Baylor Bears,38,31,False,True,0.42213827231523626,1,0.4352178852106584,0.44941137716566654,2024-09-19T23:30Z,24.60405666107658,25.14851232988801,-0.5444556688114304,7
401643711,2024,4,2024-09-22T00:30Z,167,278,New Mexico Lobos,Fresno State Bulldogs,21,38,False,True,0.10049075262042587,0,0.15554169409051616,0.07608465389301883,2024-09-19T23:30Z,22.838490175025044,38.245594485234484,-15.40710431020944,-17
401643717,2024,4,2024-09-22T00:30Z,204,2509,Oregon State Beavers,Purdue Boilermakers,38,21,False,True,0.8165215183389639,1,0.8465783074481323,0.9166085177839889,2024-09-19T23:30Z,35.59540533531348,19.765478104364288,15.829927230949192,17
401636872,2024,4,2024-09-22T02:30Z,252,2306,BYU Cougars,Kansas State Wildcats,38,9,False,True,0.35624300852814755,1,0.36414770642836947,0.20897205803728447,2024-09-19T23:30Z,20.456814277001904,27.717325443776062,-7.260511166774158,29
401645331,2024,5,2024-09-26T23:30Z,218,349,Temple Owls,Army Black Knights,14,42,False,True,0.250554087045654,0,0.2293451610663352,0.13957968368612805,2024-09-26T23:30Z,17.495208178241207,29.09660050003946,-11.601392321798254,-28
401634767,2024,5,2024-09-27T23:30Z,2390,259,Miami Hurricanes,Virginia Tech Hokies,38,34,False,True,0.9187363656368105,1,0.8611893961515269,0.9250822679566723,2024-09-26T23:30Z,36.01960321045627,19.79695230941915,16.222650901037117,4
401628501,2024,5,2024-09-28T00:00Z,164,264,Rutgers Scarlet Knights,Washington Huskies,21,18,False,True,0.31072783652905905,1,0.3600385712492228,0.3885886904581757,2024-09-26T23:30Z,22.362603369968067,25.315936637472895,-2.953333267504828,3
401628377,2024,5,2024-09-28T16:00Z,145,96,Ole Miss Rebels,Kentucky Wildcats,17,20,False,True,0.8281473892121874,0,0.8337636736093723,0.8805185920149764,2024-09-26T23:30Z,30.060207314396344,16.143015190350717,13.917192124045627,-3
401628497,2024,5,2024-09-28T16:00Z,130,135,Michigan Wolverines,Minnesota Golden Gophers,27,24,False,True,0.9127079873729316,1,0.8849933826177165,0.886744361887883,2024-09-26T23:30Z,28.414245930681794,11.527826065186364,16.88641986549543,3
401636883,2024,5,2024-09-28T16:00Z,2306,197,Kansas State Wildcats,Oklahoma State Cowboys,42,20,False,True,0.693950440431567,1,0.6678534441064623,0.5784422941987462,2024-09-26T23:30Z,30.49470466070225,25.62936266118506,4.865341999517192,22
401636880,2024,5,2024-09-28T16:00Z,239,252,Baylor Bears,BYU Cougars,28,34,False,True,0.4761076123652689,0,0.42047485466909185,0.28213527162399665,2024-09-26T23:30Z,22.349521988778243,26.643045346547336,-4.293523357769093,-6
401628496,2024,5,2024-09-28T16:00Z,84,120,Indiana Hoosiers,Maryland Terrapins,42,28,False,True,0.6075159056709311,1,0.6030732195739585,0.521281033652346,2024-09-26T23:30Z,28.251141640335696,26.860285091232555,1.390856549103141,14
401628499,2024,5,2024-09-28T16:00Z,2509,158,Purdue Boilermakers,Nebraska Cornhuskers,10,28,False,True,0.2048882557712384,0,0.2758739741809063,0.09940173269372919,2024-09-26T23:30Z,22.07270692657326,32.221686117604115,-10.148979191030854,-18
401629032,2024,5,2024-09-28T16:00Z,41,2084,UConn Huskies,Buffalo Bulls,47,3,False,True,0.4953173602283469,1,0.5443496140289654,0.5474345204815312,2024-09-26T23:30Z,24.057927926231304,22.763244361340846,1.2946835648904589,44
401635560,2024,5,2024-09-28T16:00Z,103,98,Boston College Eagles,Western Kentucky Hilltoppers,21,20,False,True,0.7952204755813809,1,0.6451973562718041,0.8108870511033421,2024-09-26T23:30Z,31.364576211843918,24.381166473735643,6.983409738108275,1
401635564,2024,5,2024-09-28T16:00Z,152,2459,NC State Wolfpack,Northern Illinois Huskies,24,17,False,True,0.4499158130575221,1,0.49959572824408255,0.38003844470244724,2024-09-26T23:30Z,25.73230640464771,25.688285003626987,0.044021401020721385,7
401645332,2024,5,2024-09-28T16:00Z,5,2426,UAB Blazers,Navy Midshipmen,18,41,False,True,0.2510781870735516,0,0.35425732577363656,0.15074255690148028,2024-09-26T23:30Z,25.121807007751165,32.19305278651517,-7.071245778764002,-23
401645337,2024,5,2024-09-28T16:00Z,2655,58,Tulane Green Wave,South Florida Bulls,45,10,False,True,0.7352674571098944,1,0.754420167840459,0.7312320192242326,2024-09-26T23:30Z,36.03062652897149,27.00522729715298,9.025399231818508,35
401643793,2024,5,2024-09-28T17:30Z,256,2050,James Madison Dukes,Ball State Cardinals,63,7,False,True,0.9546331168850181,1,0.9469884564569919,0.9812211932640108,2024-09-26T23:30Z,43.40277239345008,17.531069501403636,25.871702892046443,56
401641041,2024,5,2024-09-28T19:00Z,2534,326,Sam Houston Bearkats,Texas State Bobcats,40,39,True,True,0.3246233551999515,1,0.37480342913709247,0.2608209294206546,2024-09-26T23:30Z,25.613754735255643,29.822589969007232,-4.208835233751589,1
401628502,2024,5,2024-09-28T19:30Z,30,275,USC Trojans,Wisconsin Badgers,38,21,False,True,0.9018687450988342,1,0.8313135479414187,0.905138653359085,2024-09-26T23:30Z,33.53007432098614,18.48267573826297,15.047398582723169,17
401628980,2024,5,2024-09-28T19:30Z,87,97,Notre Dame Fighting Irish,Louisville Cardinals,31,24,False,True,0.8429136015756098,1,0.7963566628893026,0.7278889742827395,2024-09-26T23:30Z,29.779072756344316,19.270296332475485,10.50877642386883,7
401628375,2024,5,2024-09-28T19:30Z,2,201,Auburn Tigers,Oklahoma Sooners,21,27,False,True,0.33494825205705625,0,0.3653894981172435,0.19422620480497343,2024-09-26T23:30Z,18.920357765669443,26.76177241771569,-7.841414652046247,-6
401628373,2024,5,2024-09-28T19:30Z,245,8,Texas A&M Aggies,Arkansas Razorbacks,21,17,True,True,0.7499525036167638,1,0.6359513057472705,0.7202332633538496,2024-09-26T23:30Z,28.509071319041347,22.84980396438188,5.659267354659466,4
401629043,2024,5,2024-09-28T19:30Z,193,113,Miami (OH) RedHawks,Massachusetts Minutemen,23,20,False,True,0.8855752359528927,1,0.8575835587167462,0.8951917763686138,2024-09-26T23:30Z,28.98858267578624,13.0942394553452,15.89434322044104,3
401635659,2024,5,2024-09-28T19:30Z,154,309,Wake Forest Demon Deacons,Louisiana Ragin' Cajuns,38,41,False,True,0.38525727084130945,0,0.3505641749364432,0.38298578475845285,2024-09-26T23:30Z,26.970014732666673,30.615155544167322,-3.6451408115006494,-3
401636882,2024,5,2024-09-28T19:30Z,2305,2628,Kansas Jayhawks,TCU Horned Frogs,27,38,False,True,0.5889064176502946,0,0.6244466421139057,0.596485235567624,2024-09-26T23:30Z,35.042662193206745,30.901479093686746,4.141183099519999,-11
401643720,2024,5,2024-09-28T19:30Z,2439,278,UNLV Rebels,Fresno State Bulldogs,59,14,False,True,0.502571169178545,1,0.5103705426627418,0.5607532308521453,2024-09-26T23:30Z,26.1368739620942,25.14474026953652,0.9921336925576796,45
401643721,2024,5,2024-09-28T19:30Z,2117,21,Central Michigan Chippewas,San Diego State Aztecs,22,21,False,True,0.5739878788763509,1,0.5569409028816784,0.35878388935345545,2024-09-26T23:30Z,22.864213552777567,24.4639613952634,-1.599747842485833,1
401643792,2024,5,2024-09-28T19:30Z,2247,290,Georgia State Panthers,Georgia Southern Eagles,21,38,False,True,0.6911041396504057,0,0.6824675109527862,0.6097899593146884,2024-09-26T23:30Z,33.84399428525208,29.20189954427132,4.64209474098076,-17
401643794,2024,5,2024-09-28T19:30Z,276,2711,Marshall Thundering Herd,Western Michigan Broncos,27,20,False,True,0.738960753131087,1,0.7542884287430353,0.7839037535192449,2024-09-26T23:30Z,30.966510626827798,21.980669137378133,8.985841489449665,7
401644738,2024,5,2024-09-28T19:30Z,195,2006,Ohio Bobcats,Akron Zips,30,10,False,True,0.8457557874721917,1,0.8824029211701772,0.8572599399862079,2024-09-26T23:30Z,33.74751989706469,18.427032553792348,15.320487343272344,20
401644739,2024,5,2024-09-28T19:30Z,2309,2199,Kent State Golden Flashes,Eastern Michigan Eagles,33,52,False,True,0.18157921052150197,0,0.16201399787068316,0.09010782766857756,2024-09-26T23:30Z,21.50318315332432,35.444655128187144,-13.941471974862825,-19
401635562,2024,5,2024-09-28T20:00Z,150,153,Duke Blue Devils,North Carolina Tar Heels,21,20,False,True,0.6218994885413875,1,0.6556862425805523,0.7178956453546927,2024-09-26T23:30Z,35.9022759915851,27.601653154642555,8.300622836942544,1
401645334,2024,5,2024-09-28T20:00Z,151,2636,East Carolina Pirates,UTSA Roadrunners,30,20,False,True,0.6597164042510584,1,0.6067718692411711,0.6316104326460289,2024-09-26T23:30Z,25.904223305465166,21.466278386272982,4.437944919192184,10
401628378,2024,5,2024-09-28T20:15Z,251,344,Texas Longhorns,Mississippi State Bulldogs,35,13,False,True,0.9819746253694065,1,0.9806623684246129,0.9938657743057914,2024-09-26T23:30Z,45.108786736166174,10.349051747448422,34.75973498871775,22
401636885,2024,5,2024-09-28T20:20Z,2116,38,UCF Knights,Colorado Buffaloes,21,48,False,True,0.7473065684640601,0,0.8372520746404115,0.8036493548927891,2024-09-26T23:30Z,34.318484460744905,22.715320951409858,11.603163509335047,-27
401643795,2024,5,2024-09-28T21:00Z,189,295,Bowling Green Falcons,Old Dominion Monarchs,27,30,False,True,0.6361472326806326,0,0.7104714805400782,0.8085315769974238,2024-09-26T23:30Z,29.695923108782747,20.005944807370255,9.689978301412491,-3
401640981,2024,5,2024-09-28T22:00Z,2229,2348,Florida International Panthers,Louisiana Tech Bulldogs,17,10,False,True,0.6409768796791466,1,0.5662153815912703,0.653911419729592,2024-09-26T23:30Z,28.78008007491956,25.012222708638433,3.7678573662811274,7
401635561,2024,5,2024-09-28T23:00Z,228,24,Clemson Tigers,Stanford Cardinal,40,14,False,True,0.9132311713571049,1,0.8942541440439944,0.8822322914793076,2024-09-26T23:30Z,38.27450154923788,20.803573767532896,17.470927781704987,26
401636881,2024,5,2024-09-28T23:00Z,248,66,Houston Cougars,Iowa State Cyclones,0,20,False,True,0.17409719395468942,0,0.27253914507960075,0.10950154033663277,2024-09-26T23:30Z,15.301905757211786,26.769042630737108,-11.467136873525321,-20
401643796,2024,5,2024-09-28T23:00Z,2653,2433,Troy Trojans,UL Monroe Warhawks,9,13,False,True,0.6814827879614015,0,0.8008112843284931,0.6535018231214821,2024-09-26T23:30Z,29.225935616005465,19.316969871026167,9.908965744979298,-4
401645333,2024,5,2024-09-28T23:00Z,242,2429,Rice Owls,Charlotte 49ers,20,21,False,True,0.6087776978912977,0,0.6876656323762091,0.5151910460150577,2024-09-26T23:30Z,27.174212969017688,22.844032733974515,4.330180235043173,-1
401645336,2024,5,2024-09-28T23:00Z,249,202,North Texas Mean Green,Tulsa Golden Hurricane,52,20,False,True,0.7783751884909031,1,0.7910899717877012,0.8027079794057775,2024-09-26T23:30Z,39.10093654772481,28.29380098014076,10.807135567584048,32
401628374,2024,5,2024-09-28T23:30Z,333,61,Alabama Crimson Tide,Georgia Bulldogs,41,34,False,True,0.6481532360545855,1,0.6515117553467717,0.7248449169043814,2024-09-26T23:30Z,26.854038767052728,20.553317251024005,6.300721516028723,7
401628498,2024,5,2024-09-28T23:30Z,127,194,Michigan State Spartans,Ohio State Buckeyes,7,38,False,True,0.061331671287434254,0,0.08070541074788135,0.06590648309076227,2024-09-26T23:30Z,13.865645031044188,33.20754586438999,-19.341900833345804,-31
401628495,2024,5,2024-09-28T23:30Z,213,356,Penn State Nittany Lions,Illinois Fighting Illini,21,7,False,True,0.926412332160692,1,0.8814326808461854,0.8764255395389791,2024-09-26T23:30Z,32.20215262183734,16.585120040108105,15.617032581729237,14
401641025,2024,5,2024-09-28T23:30Z,235,2393,Memphis Tigers,Middle Tennessee Blue Raiders,24,7,False,True,0.9026327415945361,1,0.9143048033991134,0.963376259980994,2024-09-26T23:30Z,44.291093669115156,21.992688211690172,22.298405457424984,17
401628376,2024,5,2024-09-28T23:45Z,99,6,LSU Tigers,South Alabama Jaguars,42,10,False,True,0.8566084492394249,1,0.7577685710282603,0.8630820361296987,2024-09-26T23:30Z,37.11816323235234,26.525053039652285,10.593110192700053,32
401635563,2024,5,2024-09-29T00:00Z,2567,52,SMU Mustangs,Florida State Seminoles,42,16,False,True,0.6319218701059777,1,0.7341704719836584,0.7308764656298254,2024-09-26T23:30Z,28.86875613904032,20.727535654259363,8.141220484780956,26
401636884,2024,5,2024-09-29T00:00Z,2641,2132,Texas Tech Red Raiders,Cincinnati Bearcats,44,41,False,True,0.6955362166247574,1,0.7004217264544418,0.6902480807919857,2024-09-26T23:30Z,29.306995263038974,22.933970266346247,6.3730249966927275,3
401641035,2024,5,2024-09-29T00:00Z,166,167,New Mexico State Aggies,New Mexico Lobos,40,50,False,True,0.5255465069198053,0,0.6136197388890698,0.5577599302410858,2024-09-26T23:30Z,32.417638094400345,27.3466948655142,5.070943228886147,-10
401643718,2024,5,2024-09-29T00:00Z,2751,2005,Wyoming Cowboys,Air Force Falcons,31,19,False,True,0.3118403593186494,1,0.3320162387777911,0.31694158754299345,2024-09-26T23:30Z,17.37059288228341,21.684085199148196,-4.313492316864785,12
401643719,2024,5,2024-09-29T02:00Z,68,265,Boise State Broncos,Washington State Cougars,45,24,False,True,0.647933024708238,1,0.6429203158545187,0.4578506427958733,2024-09-26T23:30Z,35.87857751763335,33.120955746342176,2.757621771291177,21
401636886,2024,5,2024-09-29T02:15Z,254,12,Utah Utes,Arizona Wildcats,10,23,False,True,0.5836507593227157,0,0.6703039105385165,0.7082481162082618,2024-09-26T23:30Z,27.94771700136175,21.854576392316904,6.093140609044845,-13
401628500,2024,5,2024-09-29T03:00Z,26,2483,UCLA Bruins,Oregon Ducks,13,34,False,True,0.07000703737500812,0,0.14668219201263086,0.055822588795777686,2024-09-26T23:30Z,17.308727239225526,33.987857517388896,-16.67913027816337,-21
401643797,2024,6,2024-10-03T23:00Z,2653,326,Troy Trojans,Texas State Bobcats,17,38,False,True,0.46718430752210466,0,0.47575380209149787,0.3084612127507788,2024-10-03T23:00Z,28.364346260752725,29.37078975055151,-1.0064434897987837,-21
401641029,2024,6,2024-10-04T01:00Z,2638,2534,UTEP Miners,Sam Houston Bearkats,21,41,False,True,0.37990825377188614,0,0.37044911186270607,0.22842710024194446,2024-10-03T23:00Z,20.726575710670183,26.588394560405394,-5.8618188497352115,-20
401641001,2024,6,2024-10-04T23:00Z,338,55,Kennesaw State Owls,Jacksonville State Gamecocks,24,63,False,True,0.36540031204440937,0,0.47338218288587586,0.4425960657410872,2024-10-03T23:00Z,26.573620468064718,26.435289870553124,0.13833059751159382,-39
401636891,2024,6,2024-10-04T23:30Z,2628,248,TCU Horned Frogs,Houston Cougars,19,30,False,True,0.7713104715217122,0,0.7677558220641669,0.7524932264071997,2024-10-03T23:00Z,32.0661162656973,21.80390043964803,10.262215826049275,-11
401628506,2024,6,2024-10-05T01:00Z,2483,127,Oregon Ducks,Michigan State Spartans,31,10,False,True,0.9445655200102995,1,0.937238605117151,0.9515961630250149,2024-10-03T23:00Z,37.03285993027205,13.398534588696647,23.634325341575405,21
401634779,2024,6,2024-10-05T01:00Z,2439,183,UNLV Rebels,Syracuse Orange,41,44,False,True,0.8109867589939981,0,0.8351824002896744,0.891516823904559,2024-10-03T23:00Z,36.03965159238646,20.602474933274806,15.437176659111657,-3
401628510,2024,6,2024-10-05T16:00Z,213,26,Penn State Nittany Lions,UCLA Bruins,27,11,False,True,0.9502863497627746,1,0.921775845265552,0.9392306494571501,2024-10-03T23:00Z,31.08237060523246,10.260319467543482,20.822051137688977,16
401628383,2024,6,2024-10-05T16:00Z,245,142,Texas A&M Aggies,Missouri Tigers,41,10,False,True,0.5869127215933719,1,0.5015534639558725,0.47489281150678164,2024-10-03T23:00Z,22.731025636111966,22.07945923196239,0.6515664041495768,31
401635571,2024,6,2024-10-05T16:00Z,97,2567,Louisville Cardinals,SMU Mustangs,27,34,False,True,0.6740405197893687,0,0.588880847105304,0.603270966615062,2024-10-03T23:00Z,31.290744573951784,28.246176492892406,3.044568081059378,-7
401628509,2024,6,2024-10-05T16:00Z,275,2509,Wisconsin Badgers,Purdue Boilermakers,52,6,False,True,0.8379269476158271,1,0.8300686789873108,0.8813296377868862,2024-10-03T23:00Z,33.37462941705988,19.87295502395028,13.5016743931096,46
401629044,2024,6,2024-10-05T16:00Z,2459,113,Northern Illinois Huskies,Massachusetts Minutemen,34,20,False,True,0.9084954683919129,1,0.8882618587567161,0.9022584228569126,2024-10-03T23:00Z,31.667422750669004,15.813161738020494,15.85426101264851,14
401635567,2024,6,2024-10-05T16:00Z,258,103,Virginia Cavaliers,Boston College Eagles,24,14,False,True,0.5305306397398717,1,0.5655825423383073,0.5122906182355085,2024-10-03T23:00Z,26.09607385758378,24.6859977202708,1.410076137312977,10
401635572,2024,6,2024-10-05T16:00Z,153,221,North Carolina Tar Heels,Pittsburgh Panthers,24,34,False,True,0.5788228434088815,0,0.6054571179154821,0.6128035999205752,2024-10-03T23:00Z,34.60102977247866,30.05644042724672,4.544589345231941,-10
401635638,2024,6,2024-10-05T16:00Z,152,154,NC State Wolfpack,Wake Forest Demon Deacons,30,34,False,True,0.629070780659324,0,0.6726857855474075,0.6263994464077183,2024-10-03T23:00Z,32.100797664656376,25.684540775764717,6.41625688889166,-4
401643722,2024,6,2024-10-05T16:00Z,2005,2426,Air Force Falcons,Navy Midshipmen,7,34,False,True,0.2817352750521373,0,0.42929540031236313,0.1836141283274988,2024-10-03T23:00Z,19.795512141230244,24.998889118027932,-5.2033769767976885,-27
401645339,2024,6,2024-10-05T16:00Z,202,349,Tulsa Golden Hurricane,Army Black Knights,7,49,False,True,0.13537886651473474,0,0.17853480734024357,0.09011518040495668,2024-10-03T23:00Z,17.234288550197082,30.402192265759542,-13.16790371556246,-42
401645338,2024,6,2024-10-05T17:00Z,5,2655,UAB Blazers,Tulane Green Wave,20,71,False,True,0.15646164330992807,0,0.20148138244675542,0.07688430353278601,2024-10-03T23:00Z,21.763048278043946,35.415947831536684,-13.652899553492738,-51
401644741,2024,6,2024-10-05T18:00Z,2050,2711,Ball State Cardinals,Western Michigan Broncos,42,45,False,True,0.3627913622521268,0,0.4482599622815257,0.28670790382086,2024-10-03T23:00Z,25.340916254318376,28.507386887631817,-3.166470633313441,-3
401628504,2024,6,2024-10-05T19:30Z,194,2294,Ohio State Buckeyes,Iowa Hawkeyes,35,7,False,True,0.9420498073136954,1,0.9157781504960696,0.907924132466877,2024-10-03T23:00Z,32.74887270690726,13.919648516780066,18.829224190127192,28
401628381,2024,6,2024-10-05T19:30Z,61,2,Georgia Bulldogs,Auburn Tigers,31,13,False,True,0.9438543614703587,1,0.9154118797062396,0.9513181187054732,2024-10-03T23:00Z,33.26149901533684,11.387435229262044,21.874063786074792,18
401628382,2024,6,2024-10-05T19:30Z,2579,145,South Carolina Gamecocks,Ole Miss Rebels,3,27,False,True,0.37549495262523974,0,0.35566431233118645,0.34259903729755886,2024-10-03T23:00Z,24.151803222834573,27.7050455294821,-3.553242306647526,-24
401628503,2024,6,2024-10-05T19:30Z,77,84,Northwestern Wildcats,Indiana Hoosiers,24,41,False,True,0.27097377894504243,0,0.30921616938381646,0.1603657336656018,2024-10-03T23:00Z,21.522922756875545,28.496420192360844,-6.973497435485299,-17
401629033,2024,6,2024-10-05T19:30Z,41,218,UConn Huskies,Temple Owls,29,20,False,True,0.8353572991505707,1,0.8703019792699651,0.9298182443416225,2024-10-03T23:00Z,36.24847156761213,18.773854557048487,17.47461701056364,9
401635573,2024,6,2024-10-05T19:30Z,24,259,Stanford Cardinal,Virginia Tech Hokies,7,31,False,True,0.2843431967175523,0,0.27749968359767213,0.2294600098221337,2024-10-03T23:00Z,23.204770879815058,30.9874975027383,-7.782726622923242,-24
401643799,2024,6,2024-10-05T19:30Z,276,2026,Marshall Thundering Herd,App State Mountaineers,52,37,False,True,0.6289377968714054,1,0.6009233874815683,0.7675571581464183,2024-10-03T23:00Z,31.71182195923792,25.764904147363147,5.946917811874773,15
401644684,2024,6,2024-10-05T19:30Z,2649,193,Toledo Rockets,Miami (OH) RedHawks,30,20,False,True,0.7321229479487118,1,0.7757226369775153,0.7789742331594297,2024-10-03T23:00Z,25.766921330473394,15.641363103664897,10.125558226808497,10
401644740,2024,6,2024-10-05T19:30Z,2006,189,Akron Zips,Bowling Green Falcons,20,27,False,True,0.20735499670254395,0,0.17674169789633265,0.09138578914533281,2024-10-03T23:00Z,21.042881706088526,34.55037844978854,-13.507496743700013,-7
401645340,2024,6,2024-10-05T19:30Z,2429,151,Charlotte 49ers,East Carolina Pirates,55,24,False,True,0.2942132068614622,1,0.30640393631947654,0.35387920222249264,2024-10-03T23:00Z,17.852566652741842,23.31959413082315,-5.467027478081306,31
401628508,2024,6,2024-10-05T20:00Z,158,164,Nebraska Cornhuskers,Rutgers Scarlet Knights,14,7,False,True,0.6847235545078935,1,0.6732133043079132,0.5409429392415998,2024-10-03T23:00Z,23.247826661284577,19.689646565881787,3.55818009540279,7
401636890,2024,6,2024-10-05T20:00Z,197,277,Oklahoma State Cowboys,West Virginia Mountaineers,14,38,False,True,0.5465398829580205,0,0.6231057904976387,0.6782636739354198,2024-10-03T23:00Z,33.77909260514612,27.428862487577646,6.350230117568472,-24
401628384,2024,6,2024-10-05T20:15Z,238,333,Vanderbilt Commodores,Alabama Crimson Tide,40,35,False,True,0.03912324680067967,1,0.06299835586687744,0.03866756368134078,2024-10-03T23:00Z,20.034018230004257,41.77659468355024,-21.742576453545986,5
401643724,2024,6,2024-10-05T22:30Z,204,36,Oregon State Beavers,Colorado State Rams,39,31,False,True,0.7915297596077341,1,0.8377251495481248,0.8772949488981034,2024-10-03T23:00Z,31.187565043567066,15.450311546625876,15.73725349694119,8
401635569,2024,6,2024-10-05T23:00Z,52,228,Florida State Seminoles,Clemson Tigers,13,29,False,True,0.2770763138411558,0,0.3428389396009811,0.1991189017554995,2024-10-03T23:00Z,21.597682334416074,28.778367108334987,-7.180684773918912,-16
401643723,2024,6,2024-10-05T23:00Z,68,328,Boise State Broncos,Utah State Aggies,62,30,False,True,0.9604259901292976,1,0.9443136435775534,0.9829432352306192,2024-10-03T23:00Z,48.04130733973361,22.12625586429689,25.915051475436723,32
401643798,2024,6,2024-10-05T23:00Z,324,295,Coastal Carolina Chanticleers,Old Dominion Monarchs,45,37,False,True,0.5195962608150564,1,0.6589302577793437,0.609436797850085,2024-10-03T23:00Z,29.226889306056883,23.771583398095615,5.455305907961268,8
401643800,2024,6,2024-10-05T23:00Z,2032,6,Arkansas State Red Wolves,South Alabama Jaguars,18,16,False,True,0.2945535570632573,1,0.3258100930773188,0.3231125721126221,2024-10-03T23:00Z,25.810282428035084,31.462821612829238,-5.652539184794154,2
401643801,2024,6,2024-10-05T23:00Z,2433,256,UL Monroe Warhawks,James Madison Dukes,21,19,False,True,0.18680732500901967,1,0.10183889191182574,0.0713495887531119,2024-10-03T23:00Z,19.20146490387886,37.14158695521965,-17.94012205134079,2
401643802,2024,6,2024-10-05T23:00Z,2572,309,Southern Miss Golden Eagles,Louisiana Ragin' Cajuns,13,23,False,True,0.09917743467294757,0,0.14286622651262523,0.056594381686511284,2024-10-03T23:00Z,22.57238622656452,38.50767094946799,-15.935284722903472,-10
401628379,2024,6,2024-10-05T23:30Z,8,2633,Arkansas Razorbacks,Tennessee Volunteers,19,14,False,True,0.10268809909484994,1,0.13799088590069464,0.06269759518136461,2024-10-03T23:00Z,19.241927995225378,35.55632213283584,-16.31439413761046,5
401628505,2024,6,2024-10-05T23:30Z,264,130,Washington Huskies,Michigan Wolverines,27,17,False,True,0.46966131841129927,1,0.4990725346522261,0.5193534478745724,2024-10-03T23:00Z,21.825572916430566,21.374316455221972,0.45125646120859386,10
401628507,2024,6,2024-10-05T23:30Z,135,30,Minnesota Golden Gophers,USC Trojans,24,17,False,True,0.2538771935380279,1,0.28824128904522817,0.2047535082325558,2024-10-03T23:00Z,21.936677337893098,30.113532036407406,-8.176854698514308,7
401636889,2024,6,2024-10-05T23:30Z,66,239,Iowa State Cyclones,Baylor Bears,43,21,False,True,0.8112593150703834,1,0.8191959051678004,0.8715590348407277,2024-10-03T23:00Z,32.09052711146076,17.784575158237825,14.305951953222934,22
401643726,2024,6,2024-10-05T23:30Z,23,2440,San José State Spartans,Nevada Wolf Pack,35,31,False,True,0.8737930664209077,1,0.8725724385921025,0.8489144650534562,2024-10-03T23:00Z,32.37045054595348,17.157263436927813,15.213187109025668,4
401628380,2024,6,2024-10-05T23:45Z,57,2116,Florida Gators,UCF Knights,24,13,False,True,0.6487255635706148,1,0.5125351679907894,0.49774072127541835,2024-10-03T23:00Z,31.260599595576185,29.932466087378174,1.328133508198011,11
401635570,2024,6,2024-10-06T00:00Z,59,150,Georgia Tech Yellow Jackets,Duke Blue Devils,24,14,False,True,0.5282087348614742,1,0.49609145140329614,0.46613553656832274,2024-10-03T23:00Z,25.181991399283156,25.394321569852856,-0.21233017056970027,10
401636888,2024,6,2024-10-06T00:00Z,9,2305,Arizona State Sun Devils,Kansas Jayhawks,35,31,False,True,0.5807792891070818,1,0.5451313527469548,0.648939670239989,2024-10-03T23:00Z,27.342263503065706,24.078306429183545,3.2639570738821604,4
401643725,2024,6,2024-10-06T00:00Z,21,62,San Diego State Aztecs,Hawai'i Rainbow Warriors,27,24,False,True,0.5109675536347713,1,0.6216935701512581,0.5259080571902875,2024-10-03T23:00Z,22.223960293700124,18.058550696136397,4.165409597563727,3
401635568,2024,6,2024-10-06T02:30Z,25,2390,California Golden Bears,Miami Hurricanes,38,39,False,True,0.16171807580567082,0,0.26052132739881667,0.1566975834010486,2024-10-03T23:00Z,22.94618548478008,31.594661214690333,-8.648475729910253,-1
401636887,2024,6,2024-10-06T03:00Z,12,2641,Arizona Wildcats,Texas Tech Red Raiders,22,28,False,True,0.6108407938370555,0,0.6021522822474215,0.4905774122227451,2024-10-03T23:00Z,32.10868743566911,28.62339920849179,3.485288227177321,-6
401640982,2024,7,2024-10-08T23:00Z,2335,2229,Liberty Flames,Florida International Panthers,31,24,False,True,0.8168595673526111,1,0.8686488724883231,0.756222122638494,2024-10-08T23:00Z,33.41901859371722,20.185421971378318,13.2335966223389,7
401641002,2024,7,2024-10-09T23:30Z,55,166,Jacksonville State Gamecocks,New Mexico State Aggies,54,13,False,True,0.8687622428018669,1,0.8583949013347358,0.8924011358875806,2024-10-08T23:00Z,38.398446255363154,23.13283995861827,15.265606296744885,41
401643803,2024,7,2024-10-10T23:30Z,256,324,James Madison Dukes,Coastal Carolina Chanticleers,39,7,False,True,0.8225572032619489,1,0.8478874707906174,0.8660810061571186,2024-10-08T23:00Z,40.868533702110426,25.99884293956834,14.869690762542085,32
401641009,2024,7,2024-10-11T00:00Z,2348,2393,Louisiana Tech Bulldogs,Middle Tennessee Blue Raiders,48,21,False,True,0.5829061439322344,1,0.6305061257712024,0.666833244278927,2024-10-08T23:00Z,28.064990990071998,22.264857131938133,5.800133858133865,27
401641030,2024,7,2024-10-11T00:00Z,98,2638,Western Kentucky Hilltoppers,UTEP Miners,44,17,False,True,0.7653488355463703,1,0.8193843006315269,0.8716016255356022,2024-10-08T23:00Z,33.456991091845644,19.500102718582824,13.95688837326282,27
401628513,2024,7,2024-10-12T00:00Z,120,77,Maryland Terrapins,Northwestern Wildcats,10,37,False,True,0.7980746714836765,0,0.772576853123824,0.8743218554910241,2024-10-08T23:00Z,31.183374042256844,18.036477162710764,13.14689687954608,-27
401643733,2024,7,2024-10-12T01:00Z,328,2439,Utah State Aggies,UNLV Rebels,34,50,False,True,0.10436057891715118,0,0.15690107846882145,0.03276142006512324,2024-10-08T23:00Z,25.963843278006514,44.79814747203866,-18.834304194032143,-16
401636892,2024,7,2024-10-12T02:30Z,9,254,Arizona State Sun Devils,Utah Utes,27,19,False,True,0.576695602321846,1,0.5251038542803522,0.6180874036653644,2024-10-08T23:00Z,22.22204472352837,20.473113131854625,1.7489315916737453,8
401628385,2024,7,2024-10-12T16:00Z,333,2579,Alabama Crimson Tide,South Carolina Gamecocks,27,25,False,True,0.8970408961759756,1,0.874340589171684,0.880753759825204,2024-10-08T23:00Z,35.53746448896595,19.489370353015083,16.04809413595087,2
401635576,2024,7,2024-10-12T16:00Z,154,228,Wake Forest Demon Deacons,Clemson Tigers,14,49,False,True,0.1631819312262092,0,0.20716786927512315,0.15343759274521535,2024-10-08T23:00Z,25.04834087733658,36.59057749781526,-11.542236620478679,-35
401628389,2024,7,2024-10-12T16:00Z,113,142,Massachusetts Minutemen,Missouri Tigers,3,45,False,True,0.08845704638694174,0,0.1238870655733636,0.058423488095458116,2024-10-08T23:00Z,17.79885188469051,34.6463132148791,-16.84746133018859,-42
401628512,2024,7,2024-10-12T16:00Z,2294,264,Iowa Hawkeyes,Washington Huskies,40,16,False,True,0.4749733618059685,1,0.46202355707443366,0.4866259569369308,2024-10-08T23:00Z,20.012840333982517,20.607873586845187,-0.5950332528626703,24
401628517,2024,7,2024-10-12T16:00Z,164,275,Rutgers Scarlet Knights,Wisconsin Badgers,7,42,False,True,0.5612298679727503,0,0.5254217039107046,0.6776774968221368,2024-10-08T23:00Z,24.080529396944144,20.140213287556804,3.9403161093873393,-35
401635577,2024,7,2024-10-12T16:00Z,153,59,North Carolina Tar Heels,Georgia Tech Yellow Jackets,34,41,False,True,0.5421080199391812,0,0.5617454394155348,0.4600019134955551,2024-10-08T23:00Z,30.56823630960989,30.13336092248454,0.4348753871253521,-7
401644743,2024,7,2024-10-12T16:00Z,2309,2050,Kent State Golden Flashes,Ball State Cardinals,35,37,False,True,0.47554978201682435,0,0.3694245540879536,0.394739690879567,2024-10-08T23:00Z,32.31907210543771,35.67620964007165,-3.357137534633935,-2
401644745,2024,7,2024-10-12T16:00Z,2084,2649,Buffalo Bulls,Toledo Rockets,30,15,False,True,0.2145503219052604,1,0.23068444857095516,0.18008559105227492,2024-10-08T23:00Z,19.836615654648813,29.058935063657668,-9.222319409008854,15
401645342,2024,7,2024-10-12T16:00Z,349,5,Army Black Knights,UAB Blazers,44,10,False,True,0.9435887660764263,1,0.9397465579171498,0.9682411142871795,2024-10-08T23:00Z,40.829305414452094,16.774094141164348,24.055211273287746,34
401644685,2024,7,2024-10-12T18:00Z,2199,193,Eastern Michigan Eagles,Miami (OH) RedHawks,14,38,False,True,0.47099531533633776,0,0.5297029197226948,0.5444893516469806,2024-10-08T23:00Z,22.17383169911489,19.804199508339217,2.369632190775672,-24
401628390,2024,7,2024-10-12T19:30Z,201,251,Oklahoma Sooners,Texas Longhorns,3,34,True,True,0.1824570613942023,0,0.18173753323112168,0.1743274388875765,2024-10-08T23:00Z,21.457177054751337,32.70387420810218,-11.24669715335084,-31
401628516,2024,7,2024-10-12T19:30Z,30,213,USC Trojans,Penn State Nittany Lions,30,33,False,True,0.3560925640291432,0,0.40159997590517993,0.44608839480123097,2024-10-08T23:00Z,25.139445882546923,26.73832529975016,-1.5988794172032357,-3
401628981,2024,7,2024-10-12T19:30Z,87,24,Notre Dame Fighting Irish,Stanford Cardinal,49,7,False,True,0.9652318585491692,1,0.9614076562612817,0.9656319170497757,2024-10-08T23:00Z,37.66492512316568,10.845108817651854,26.819816305513825,42
401635575,2024,7,2024-10-12T19:30Z,221,25,Pittsburgh Panthers,California Golden Bears,17,15,False,True,0.6127016499332091,1,0.6398353534500988,0.530107483968494,2024-10-08T23:00Z,28.678349700604457,26.486267782350932,2.1920819182535247,2
401628511,2024,7,2024-10-12T19:30Z,356,2509,Illinois Fighting Illini,Purdue Boilermakers,50,49,False,True,0.9132329392809923,1,0.9105686645959735,0.9603088594140312,2024-10-08T23:00Z,37.58806580052072,16.704743920693552,20.883321879827164,1
401635578,2024,7,2024-10-12T19:30Z,258,97,Virginia Cavaliers,Louisville Cardinals,20,24,False,True,0.28110987727407644,0,0.3229101622906116,0.2832779546193828,2024-10-08T23:00Z,22.877424856428917,28.808716296127724,-5.931291439698807,-4
401636895,2024,7,2024-10-12T19:30Z,2116,2132,UCF Knights,Cincinnati Bearcats,13,19,False,True,0.5224978405309609,0,0.5882088903910844,0.4011214211734065,2024-10-08T23:00Z,28.09009009333922,27.735786557003667,0.35430353633555356,-6
401643729,2024,7,2024-10-12T19:30Z,36,23,Colorado State Rams,San José State Spartans,31,24,False,True,0.31824791919441614,1,0.30285256233288493,0.2369373084011945,2024-10-08T23:00Z,24.42277981486359,31.995948526319168,-7.57316871145558,7
401643732,2024,7,2024-10-12T19:30Z,2751,21,Wyoming Cowboys,San Diego State Aztecs,24,27,False,True,0.5116497414907468,0,0.5829635212883777,0.5722429762866262,2024-10-08T23:00Z,22.884818219404995,19.614544909623387,3.270273309781608,-3
401643805,2024,7,2024-10-12T19:30Z,2247,295,Georgia State Panthers,Old Dominion Monarchs,14,21,False,True,0.41786523099759704,0,0.5145565504040006,0.4750089851305614,2024-10-08T23:00Z,27.11499645916564,26.64538100542491,0.46961545374072955,-7
401644742,2024,7,2024-10-12T19:30Z,2711,2006,Western Michigan Broncos,Akron Zips,34,24,False,True,0.6569728696818854,1,0.7510526290094417,0.7024145632342774,2024-10-08T23:00Z,33.075319142974706,23.925643744239952,9.149675398734754,10
401644744,2024,7,2024-10-12T19:30Z,189,2459,Bowling Green Falcons,Northern Illinois Huskies,7,17,False,True,0.5359641353073337,0,0.5526761887385085,0.6392708170208121,2024-10-08T23:00Z,26.343783296673948,22.12617345630021,4.217609840373736,-10
401645341,2024,7,2024-10-12T19:30Z,58,235,South Florida Bulls,Memphis Tigers,3,21,False,True,0.333449092531712,0,0.2771136227560457,0.2558109720604477,2024-10-08T23:00Z,29.080550417206137,36.50911576015619,-7.428565342950055,-18
401636893,2024,7,2024-10-12T20:00Z,252,12,BYU Cougars,Arizona Wildcats,41,19,False,True,0.5839101688022891,1,0.6034218484786225,0.7341810398274445,2024-10-08T23:00Z,28.162042002434845,22.28102647636178,5.881015526073064,22
401644746,2024,7,2024-10-12T20:00Z,2117,195,Central Michigan Chippewas,Ohio Bobcats,25,27,False,True,0.34389557188303715,0,0.36882677138792785,0.21632070557412034,2024-10-08T23:00Z,22.81047110028384,29.222336213013577,-6.4118651127297355,-2
401628386,2024,7,2024-10-12T20:15Z,61,344,Georgia Bulldogs,Mississippi State Bulldogs,41,31,False,True,0.9735923267161196,1,0.9617308190048413,0.9757064297435362,2024-10-08T23:00Z,39.148644782284784,11.963222458617382,27.185422323667403,10
401643807,2024,7,2024-10-12T21:00Z,2433,2572,UL Monroe Warhawks,Southern Miss Golden Eagles,38,21,False,True,0.8214675557816103,1,0.7653970716279936,0.9078722560878478,2024-10-08T23:00Z,27.6348176892926,14.005426952272972,13.629390737019628,17
401628391,2024,7,2024-10-12T23:00Z,2633,57,Tennessee Volunteers,Florida Gators,23,17,False,True,0.8743053723064628,1,0.9029667892494999,0.9216294868465658,2024-10-08T23:00Z,36.002222182193535,17.26579896940917,18.736423212784366,6
401643727,2024,7,2024-10-12T23:00Z,167,2005,New Mexico Lobos,Air Force Falcons,52,37,False,True,0.5063305647790499,1,0.49269999984158425,0.5469993543548128,2024-10-08T23:00Z,28.639938175528876,28.3031993661711,0.3367388093577759,15
401643730,2024,7,2024-10-12T23:00Z,278,265,Fresno State Bulldogs,Washington State Cougars,17,25,False,True,0.41812663708677766,0,0.5011446544471221,0.307755027657887,2024-10-08T23:00Z,28.56228561157728,29.455276260394278,-0.8929906488169976,-8
401643808,2024,7,2024-10-12T23:00Z,326,2032,Texas State Bobcats,Arkansas State Red Wolves,41,9,False,True,0.845446169922759,1,0.8522167224018231,0.8897276560649294,2024-10-08T23:00Z,37.36704138882748,23.39029763030959,13.976743758517891,32
401645343,2024,7,2024-10-12T23:00Z,2226,249,Florida Atlantic Owls,North Texas Mean Green,37,41,False,True,0.3294196106430951,0,0.32665589743101,0.35826297229333276,2024-10-08T23:00Z,30.759668238525656,34.30752806392535,-3.547859825399698,-4
401645344,2024,7,2024-10-12T23:00Z,242,2636,Rice Owls,UTSA Roadrunners,29,27,False,True,0.4714213933083813,1,0.45098779165627995,0.5295013165923743,2024-10-08T23:00Z,26.140184638136002,26.899761721437386,-0.7595770833013837,2
401628515,2024,7,2024-10-12T23:30Z,2483,194,Oregon Ducks,Ohio State Buckeyes,32,31,False,True,0.409995483762186,1,0.4076709756221131,0.3464444953184873,2024-10-08T23:00Z,25.891489691147964,28.976829704058474,-3.0853400129105104,1
401628388,2024,7,2024-10-12T23:30Z,99,145,LSU Tigers,Ole Miss Rebels,29,26,False,True,0.3914508877724149,1,0.47018990655551046,0.3197583268284094,2024-10-08T23:00Z,27.527913801274607,29.734512990072325,-2.2065991887977177,3
401643731,2024,7,2024-10-12T23:30Z,2440,204,Nevada Wolf Pack,Oregon State Beavers,42,37,False,True,0.3658435349311828,1,0.3079706847840793,0.3437325316920714,2024-10-08T23:00Z,21.41662404199202,27.361800580637592,-5.945176538645573,5
401643806,2024,7,2024-10-12T23:30Z,309,2026,Louisiana Ragin' Cajuns,App State Mountaineers,34,24,False,True,0.863262256657231,1,0.8051314821582403,0.898912141212464,2024-10-08T23:00Z,40.48267579779939,26.840665842493053,13.642009955306335,10
401628387,2024,7,2024-10-12T23:55Z,96,238,Kentucky Wildcats,Vanderbilt Commodores,13,20,False,True,0.8474765697441092,0,0.8345422043030999,0.7442039755356502,2024-10-08T23:00Z,31.635659942451817,21.00714440093966,10.628515541512158,-7
401636896,2024,7,2024-10-13T00:00Z,277,66,West Virginia Mountaineers,Iowa State Cyclones,16,28,False,True,0.3044616808763022,0,0.4290188038476258,0.25992378744555905,2024-10-08T23:00Z,23.732922902983418,28.643321548120195,-4.910398645136777,-12
401635574,2024,7,2024-10-13T00:00Z,152,183,NC State Wolfpack,Syracuse Orange,17,24,False,True,0.5123074662645969,0,0.54066850103534,0.352811430911735,2024-10-08T23:00Z,30.005498926679067,29.756458380387866,0.24904054629120154,-7
401643804,2024,7,2024-10-13T00:00Z,290,276,Georgia Southern Eagles,Marshall Thundering Herd,24,23,False,True,0.5291110411691743,1,0.5631558794325482,0.6440684765575754,2024-10-08T23:00Z,33.3055052678185,29.571171940282014,3.73433332753649,1
401628514,2024,7,2024-10-13T01:00Z,26,135,UCLA Bruins,Minnesota Golden Gophers,17,21,False,True,0.45841294016410494,0,0.5125379987263008,0.36718934281231763,2024-10-08T23:00Z,18.76194734300784,19.772569744590296,-1.0106224015824559,-4
401636894,2024,7,2024-10-13T02:25Z,38,2306,Colorado Buffaloes,Kansas State Wildcats,28,31,False,True,0.3371033127012902,0,0.3111970849731231,0.324142876206907,2024-10-08T23:00Z,25.86333537228107,31.255628291673254,-5.392292919392183,-3
401643728,2024,7,2024-10-13T03:00Z,62,68,Hawai'i Rainbow Warriors,Boise State Broncos,7,28,False,True,0.11673322598949809,0,0.12634386433452605,0.05696024309487115,2024-10-08T23:00Z,23.415020876376424,40.062903099063575,-16.64788222268715,-21
401643809,2024,8,2024-10-15T23:30Z,6,2653,South Alabama Jaguars,Troy Trojans,25,9,False,True,0.6902252643427913,1,0.7040371367827982,0.6193043330368065,2024-10-15T23:30Z,26.9524485906018,20.64243895090653,6.31000963969527,16
401641019,2024,8,2024-10-16T00:00Z,2393,338,Middle Tennessee Blue Raiders,Kennesaw State Owls,14,5,False,True,0.649248298880534,1,0.4804180909074649,0.5174321521821174,2024-10-15T23:30Z,27.19823213082303,27.817502464694293,-0.6192703338712633,9
401641010,2024,8,2024-10-16T01:00Z,166,2348,New Mexico State Aggies,Louisiana Tech Bulldogs,33,30,False,True,0.3383992766898905,1,0.4278606592453893,0.25289001542528655,2024-10-15T23:30Z,23.938776155385856,27.917865515029177,-3.9790893596433214,3
401641038,2024,8,2024-10-16T23:00Z,2534,98,Sam Houston Bearkats,Western Kentucky Hilltoppers,14,31,False,True,0.6144356978237242,0,0.5570522080683863,0.5797386716168983,2024-10-15T23:30Z,30.076485100213823,27.13775810922991,2.9387269909839127,-17
401640983,2024,8,2024-10-17T01:00Z,2638,2229,UTEP Miners,Florida International Panthers,30,21,False,True,0.3671701051748611,1,0.4578482634805769,0.24437273235371895,2024-10-15T23:30Z,22.38062272081278,26.270350796377436,-3.889728075564655,9
401643810,2024,8,2024-10-17T23:00Z,276,2247,Marshall Thundering Herd,Georgia State Panthers,35,20,False,True,0.6827178874815445,1,0.6910013533799184,0.6716178106106133,2024-10-15T23:30Z,29.24520669106927,22.299487792274792,6.945718898794478,15
401634768,2024,8,2024-10-17T23:30Z,259,103,Virginia Tech Hokies,Boston College Eagles,42,21,False,True,0.780215225755314,1,0.7514585452027251,0.749167003191138,2024-10-15T23:30Z,29.11513290633032,19.684376849516845,9.430756056813475,21
401634769,2024,8,2024-10-18T23:00Z,150,52,Duke Blue Devils,Florida State Seminoles,23,16,False,True,0.6678601957847705,1,0.6860619613517027,0.7127416695224558,2024-10-15T23:30Z,23.224712578774,16.391593762293407,6.833118816480592,7
401628523,2024,8,2024-10-19T00:00Z,2509,2483,Purdue Boilermakers,Oregon Ducks,0,35,False,True,0.028212864198839806,0,0.042217610397824824,0.01352470281497824,2024-10-15T23:30Z,19.670277937469365,46.39012863193108,-26.719850694461712,-35
401636898,2024,8,2024-10-19T02:15Z,252,197,BYU Cougars,Oklahoma State Cowboys,38,35,False,True,0.8442165692273578,1,0.7854777041245474,0.8670858296199893,2024-10-15T23:30Z,33.27699228258936,21.098136615888208,12.178855666701153,3
401643735,2024,8,2024-10-19T02:30Z,2440,278,Nevada Wolf Pack,Fresno State Bulldogs,21,24,False,True,0.4226189691645272,0,0.3888021580463109,0.4364324707545633,2024-10-15T23:30Z,22.70978696371101,25.583004825363577,-2.8732178616525665,-3
401635589,2024,8,2024-10-19T16:00Z,97,2390,Louisville Cardinals,Miami Hurricanes,45,52,False,True,0.3284886161897528,0,0.469523719312957,0.402149850013348,2024-10-15T23:30Z,29.084634543332026,30.05311249137195,-0.9684779480399257,-7
401635588,2024,8,2024-10-19T16:00Z,228,258,Clemson Tigers,Virginia Cavaliers,48,31,False,True,0.907324277048178,1,0.8803103832454316,0.8498206957782214,2024-10-15T23:30Z,35.925549776382745,19.865156830469722,16.060392945913023,17
401628519,2024,8,2024-10-19T16:00Z,84,158,Indiana Hoosiers,Nebraska Cornhuskers,56,7,False,True,0.7346346785636966,1,0.7386758844871067,0.8113948427267546,2024-10-15T23:30Z,28.20427484189674,19.176323236588264,9.027951605308477,49
401628395,2024,8,2024-10-19T16:00Z,142,2,Missouri Tigers,Auburn Tigers,21,17,False,True,0.6794193137794456,1,0.7214389033056435,0.7816250987792099,2024-10-15T23:30Z,27.573915618582994,16.79923942078679,10.774676197796204,4
401645346,2024,8,2024-10-19T16:00Z,349,151,Army Black Knights,East Carolina Pirates,45,28,False,True,0.896154826573668,1,0.8918186551431274,0.9388105280447498,2024-10-15T23:30Z,31.347017142121203,13.24633501903903,18.100682123082173,17
401628522,2024,8,2024-10-19T16:00Z,77,275,Northwestern Wildcats,Wisconsin Badgers,3,23,False,True,0.376316745625653,0,0.3561254749489222,0.39376796575813033,2024-10-15T23:30Z,19.951926796470453,22.651934694771235,-2.7000078983007825,-20
401628524,2024,8,2024-10-19T16:00Z,164,26,Rutgers Scarlet Knights,UCLA Bruins,32,35,False,True,0.5219666833886525,0,0.5349057076857986,0.6449428681300861,2024-10-15T23:30Z,23.136244020077147,18.67995147011699,4.456292549960157,-3
401629034,2024,8,2024-10-19T16:00Z,41,154,UConn Huskies,Wake Forest Demon Deacons,20,23,False,True,0.5925837539552137,0,0.7064147748815444,0.7448505813278085,2024-10-15T23:30Z,32.74785797932511,25.122210106986103,7.625647872339009,-3
401636899,2024,8,2024-10-19T16:00Z,2132,9,Cincinnati Bearcats,Arizona State Sun Devils,24,14,False,True,0.5582697106853962,1,0.6101662575370694,0.6082819426537059,2024-10-15T23:30Z,28.76722375562795,24.113510546995688,4.6537132086322615,10
401643811,2024,8,2024-10-19T16:00Z,324,309,Coastal Carolina Chanticleers,Louisiana Ragin' Cajuns,24,34,False,True,0.42789126450890275,0,0.4640951212491396,0.5690505955720846,2024-10-15T23:30Z,30.669109818977468,29.692097065077782,0.977012753899686,-10
401628396,2024,8,2024-10-19T16:45Z,201,2579,Oklahoma Sooners,South Carolina Gamecocks,9,35,False,True,0.5395432962633138,0,0.6144081457898147,0.5929198059731923,2024-10-15T23:30Z,26.627882036530647,21.796148382502402,4.831733654028245,-26
401644750,2024,8,2024-10-19T18:00Z,2199,2117,Eastern Michigan Eagles,Central Michigan Chippewas,38,34,False,True,0.5346496398676627,1,0.5759997550739426,0.7559541313913202,2024-10-15T23:30Z,31.86986762519116,24.319784783096576,7.550082842094582,4
401645351,2024,8,2024-10-19T18:00Z,218,202,Temple Owls,Tulsa Golden Hurricane,20,10,False,True,0.717810053432036,1,0.6306135257178809,0.6998604664014255,2024-10-15T23:30Z,29.867521163290384,24.84042252459094,5.027098638699442,10
401628397,2024,8,2024-10-19T19:30Z,2633,333,Tennessee Volunteers,Alabama Crimson Tide,24,17,False,True,0.3617206652349719,1,0.5159704523708619,0.4409651242141147,2024-10-15T23:30Z,28.080544497841068,27.74883337942618,0.3317111184148871,7
401628982,2024,8,2024-10-19T19:30Z,59,87,Georgia Tech Yellow Jackets,Notre Dame Fighting Irish,13,31,True,True,0.1127218649078793,0,0.14549827728884052,0.13263965530327276,2024-10-15T23:30Z,19.524471521435515,33.737954330412705,-14.21348280897719,-18
401628518,2024,8,2024-10-19T19:30Z,356,130,Illinois Fighting Illini,Michigan Wolverines,21,7,False,True,0.23065547982653464,1,0.3151485348312895,0.30321149224416777,2024-10-15T23:30Z,22.34935753329737,28.07594091061528,-5.726583377317912,14
401645347,2024,8,2024-10-19T19:30Z,2426,2429,Navy Midshipmen,Charlotte 49ers,51,17,False,True,0.8733322614521712,1,0.8666119779824945,0.874935383221865,2024-10-15T23:30Z,34.33013925750571,18.913493839083696,15.41664541842201,34
401635587,2024,8,2024-10-19T19:30Z,25,152,California Golden Bears,NC State Wolfpack,23,24,False,True,0.7430051822400815,0,0.7183471187553434,0.823024958726192,2024-10-15T23:30Z,30.86488639226123,20.831541284189445,10.033345108071785,-1
401636901,2024,8,2024-10-19T19:30Z,2305,248,Kansas Jayhawks,Houston Cougars,42,14,False,True,0.6591761797434258,1,0.6660788003089464,0.6489194862660931,2024-10-15T23:30Z,24.479405453560336,18.023069079263696,6.45633637429664,28
401643736,2024,8,2024-10-19T19:30Z,265,62,Washington State Cougars,Hawai'i Rainbow Warriors,42,10,False,True,0.8367676548286714,1,0.8647760995888965,0.9271910222454228,2024-10-15T23:30Z,35.09852106585623,17.185956930092775,17.912564135763457,32
401643813,2024,8,2024-10-19T19:30Z,295,326,Old Dominion Monarchs,Texas State Bobcats,24,14,False,True,0.3752311528356065,1,0.3257656545375511,0.2269797620125052,2024-10-15T23:30Z,26.098332155535513,32.481548766624776,-6.383216611089264,10
401644686,2024,8,2024-10-19T19:30Z,193,195,Miami (OH) RedHawks,Ohio Bobcats,30,20,False,True,0.6075261501298433,1,0.570296064371055,0.7010287112547987,2024-10-15T23:30Z,22.691097143274607,16.955526635951333,5.735570507323274,10
401644748,2024,8,2024-10-19T19:30Z,189,2309,Bowling Green Falcons,Kent State Golden Flashes,27,6,False,True,0.9358772024121677,1,0.941952778632174,0.9729911771184122,2024-10-15T23:30Z,43.15285661245849,18.847895834585728,24.304960777872765,21
401644749,2024,8,2024-10-19T19:30Z,2084,2711,Buffalo Bulls,Western Michigan Broncos,41,48,False,True,0.6645969127210953,0,0.6854806817147392,0.6874951410808366,2024-10-15T23:30Z,28.581979495807758,22.487464082701287,6.094515413106471,-7
401644751,2024,8,2024-10-19T19:30Z,2459,2649,Northern Illinois Huskies,Toledo Rockets,6,13,False,True,0.6096927881296119,0,0.5535548542218106,0.5645418089735854,2024-10-15T23:30Z,24.070595700695034,22.23413672313891,1.8364589775561235,-7
401645345,2024,8,2024-10-19T19:30Z,58,5,South Florida Bulls,UAB Blazers,35,25,False,True,0.7510451607206112,1,0.7428308017622524,0.8169222077903117,2024-10-15T23:30Z,36.82998833227539,26.141994800872844,10.687993531402547,10
401645348,2024,8,2024-10-19T19:30Z,2636,2226,UTSA Roadrunners,Florida Atlantic Owls,38,24,False,True,0.6481442035763431,1,0.6995765166702501,0.43544820050790845,2024-10-15T23:30Z,28.0496247858559,24.80735828704855,3.24226649880735,14
401645350,2024,8,2024-10-19T19:30Z,2655,242,Tulane Green Wave,Rice Owls,24,10,False,True,0.8988687372492042,1,0.9111495975019017,0.9620135297061795,2024-10-15T23:30Z,39.59495765611503,17.288799322856416,22.30615833325861,14
401628521,2024,8,2024-10-19T20:00Z,120,30,Maryland Terrapins,USC Trojans,29,28,False,True,0.27773173252574007,1,0.32716860632088784,0.31977279453488194,2024-10-15T23:30Z,27.357781605784723,32.06909736578533,-4.711315760000609,1
401636897,2024,8,2024-10-19T20:00Z,12,38,Arizona Wildcats,Colorado Buffaloes,7,34,False,True,0.6411135018580414,0,0.6958686833459856,0.5040986451926542,2024-10-15T23:30Z,31.426156269837662,27.67012511367167,3.7560311561659923,-27
401636902,2024,8,2024-10-19T20:00Z,2641,239,Texas Tech Red Raiders,Baylor Bears,35,59,False,True,0.7660488113391065,0,0.7973411747279688,0.8143556952379535,2024-10-15T23:30Z,35.901303485328754,24.75551241819294,11.145791067135814,-24
401643737,2024,8,2024-10-19T20:00Z,328,167,Utah State Aggies,New Mexico Lobos,45,50,False,True,0.5253041819402584,0,0.4851032348392753,0.45490735747647726,2024-10-15T23:30Z,40.937874837842074,41.55322039616978,-0.6153455583277037,-5
401643738,2024,8,2024-10-19T20:00Z,23,2751,San José State Spartans,Wyoming Cowboys,24,14,False,True,0.851367937925347,1,0.8128032896286388,0.8364434446207002,2024-10-15T23:30Z,33.81673365448782,21.604186510548885,12.212547143938934,10
401643812,2024,8,2024-10-19T20:00Z,290,256,Georgia Southern Eagles,James Madison Dukes,28,14,False,True,0.14844979713634465,1,0.1549965066128609,0.11264352337474026,2024-10-15T23:30Z,24.994743343927304,38.95782805167485,-13.963084707747548,14
401628394,2024,8,2024-10-19T20:15Z,344,245,Mississippi State Bulldogs,Texas A&M Aggies,24,34,False,True,0.16377591049721527,0,0.23436426282585093,0.14174087766540944,2024-10-15T23:30Z,20.775612929234327,31.43609403323962,-10.660481104005292,-10
401628392,2024,8,2024-10-19T23:00Z,8,99,Arkansas Razorbacks,LSU Tigers,10,34,False,True,0.2412877814927252,0,0.27467986515257675,0.23670429372278223,2024-10-15T23:30Z,25.27003162763258,32.69394810938594,-7.423916481753363,-24
401628399,2024,8,2024-10-19T23:00Z,238,2050,Vanderbilt Commodores,Ball State Cardinals,24,14,False,True,0.9500473761351287,1,0.8887016956978196,0.979806107930112,2024-10-15T23:30Z,42.59940085614554,20.411513922205025,22.18788693394052,10
401643814,2024,8,2024-10-19T23:00Z,2572,2032,Southern Miss Golden Eagles,Arkansas State Red Wolves,28,44,False,True,0.44364786598244066,0,0.44484299268531846,0.2895837022666866,2024-10-15T23:30Z,23.428406593762357,27.706265587166115,-4.277858993403758,-16
401636900,2024,8,2024-10-19T23:30Z,66,2116,Iowa State Cyclones,UCF Knights,38,35,False,True,0.8577107376161278,1,0.7885227479570234,0.8951714689053915,2024-10-15T23:30Z,31.257634775485297,15.829513007720884,15.428121767764413,3
401636904,2024,8,2024-10-19T23:30Z,277,2306,West Virginia Mountaineers,Kansas State Wildcats,18,45,False,True,0.396576658730229,0,0.4217431026612186,0.32882811531741485,2024-10-15T23:30Z,25.5825695478821,29.680027499597493,-4.097457951715395,-27
401628520,2024,8,2024-10-19T23:30Z,127,2294,Michigan State Spartans,Iowa Hawkeyes,32,20,False,True,0.2792391259714971,1,0.2956080008418632,0.20704460924967405,2024-10-15T23:30Z,15.825147652082155,23.977412412547146,-8.152264760464991,12
401645349,2024,8,2024-10-19T23:30Z,235,249,Memphis Tigers,North Texas Mean Green,52,44,False,True,0.6631970371841432,1,0.7070560447332609,0.7335226593059266,2024-10-15T23:30Z,39.806397333949356,31.169018988432967,8.637378345516389,8
401628393,2024,8,2024-10-19T23:45Z,57,96,Florida Gators,Kentucky Wildcats,48,20,False,True,0.5324264308892449,1,0.47046411993300624,0.4780225882399652,2024-10-15T23:30Z,21.905422404533418,21.60317489000521,0.302247514528208,28
401628398,2024,8,2024-10-19T23:49Z,251,61,Texas Longhorns,Georgia Bulldogs,15,30,False,True,0.7366872110502852,0,0.7589734103634214,0.8300800176160031,2024-10-15T23:30Z,31.679090580086644,20.439766279331913,11.239324300754731,-15
401635590,2024,8,2024-10-20T00:00Z,24,2567,Stanford Cardinal,SMU Mustangs,10,40,False,True,0.15478340854015638,0,0.11124764193971046,0.07721445146763095,2024-10-15T23:30Z,20.39961532978623,37.43374138587805,-17.03412605609182,-30
401643734,2024,8,2024-10-20T00:00Z,2005,36,Air Force Falcons,Colorado State Rams,13,21,False,True,0.4225289641833992,0,0.5721114744582545,0.35516282338916916,2024-10-15T23:30Z,22.457357012908147,22.111678412712426,0.34567860019572194,-8
401643739,2024,8,2024-10-20T02:00Z,204,2439,Oregon State Beavers,UNLV Rebels,25,33,False,True,0.2840203938991986,0,0.47390791387244635,0.2805363793759998,2024-10-15T23:30Z,30.941360454530905,34.012825801078016,-3.071465346547111,-8
401636903,2024,8,2024-10-20T02:30Z,254,2628,Utah Utes,TCU Horned Frogs,7,13,False,True,0.6138002529506846,0,0.6190191914133208,0.6416750414227718,2024-10-15T23:30Z,30.068707440217437,24.83412760234137,5.234579837876069,-6
401640984,2024,9,2024-10-22T23:30Z,2229,2534,Florida International Panthers,Sam Houston Bearkats,7,10,False,True,0.44245592212905893,0,0.40066172562087243,0.4014217091489272,2024-10-22T23:30Z,23.63464339009587,26.25976765460338,-2.625124264507509,-3
401641011,2024,9,2024-10-23T00:00Z,2348,2638,Louisiana Tech Bulldogs,UTEP Miners,14,10,False,True,0.6617868859462848,1,0.671662418630075,0.6877100177082284,2024-10-22T23:30Z,30.017360623397806,22.890595774898387,7.12676484849942,4
401640993,2024,9,2024-10-23T23:00Z,338,2335,Kennesaw State Owls,Liberty Flames,27,24,False,True,0.14250899370415526,1,0.21042217466119786,0.12233990358643806,2024-10-22T23:30Z,20.13717579865115,30.83858517466367,-10.70140937601252,3
401641003,2024,9,2024-10-23T23:30Z,55,2393,Jacksonville State Gamecocks,Middle Tennessee Blue Raiders,42,20,False,True,0.8542731577076915,1,0.9006420376487825,0.9175093746477426,2024-10-22T23:30Z,39.87104181228662,21.056413901796763,18.814627910489857,22
401643815,2024,9,2024-10-24T23:00Z,295,290,Old Dominion Monarchs,Georgia Southern Eagles,47,19,False,True,0.6325693814772675,1,0.5658631520468159,0.46924365269620416,2024-10-22T23:30Z,27.653921253682682,26.296830525167355,1.3570907285153275,28
401634770,2024,9,2024-10-24T23:30Z,221,183,Pittsburgh Panthers,Syracuse Orange,41,13,False,True,0.7981780788563078,1,0.7201743974774318,0.6318880288375776,2024-10-22T23:30Z,29.7202306906511,24.804148265586516,4.916082425064584,28
401634771,2024,9,2024-10-25T23:30Z,103,97,Boston College Eagles,Louisville Cardinals,27,31,False,True,0.2481576389404596,0,0.2883536302834877,0.22286432529901212,2024-10-22T23:30Z,22.496053828522104,29.527699728553305,-7.031645900031201,-4
401643740,2024,9,2024-10-26T02:30Z,2439,68,UNLV Rebels,Boise State Broncos,24,29,False,True,0.45542401044479286,0,0.43149443745012606,0.45507647289789377,2024-10-22T23:30Z,34.99821497408874,35.063147937902265,-0.06493296381352565,-5
401628532,2024,9,2024-10-26T03:00Z,30,164,USC Trojans,Rutgers Scarlet Knights,42,20,False,True,0.8769265378803526,1,0.8514380516281315,0.8689389815861591,2024-10-22T23:30Z,35.38347503536622,20.712029831827152,14.671445203539065,22
401628530,2024,9,2024-10-26T16:00Z,194,158,Ohio State Buckeyes,Nebraska Cornhuskers,21,17,False,True,0.966354325116956,1,0.9605611050102496,0.9700792453940518,2024-10-22T23:30Z,35.03760865188018,8.562034723095136,26.47557392878504,4
401628983,2024,9,2024-10-26T16:00Z,2426,87,Navy Midshipmen,Notre Dame Fighting Irish,14,51,True,True,0.10705908144053049,0,0.17466838852499078,0.16221861960970446,2024-10-22T23:30Z,20.74622221655094,32.553573001379384,-11.807350784828444,-37
401628526,2024,9,2024-10-26T16:00Z,84,264,Indiana Hoosiers,Washington Huskies,31,17,False,True,0.7471606645753992,1,0.7299916669952695,0.8573503004336871,2024-10-22T23:30Z,33.36030844755737,23.179059146962484,10.181249300594889,14
401628402,2024,9,2024-10-26T16:00Z,145,201,Ole Miss Rebels,Oklahoma Sooners,26,14,False,True,0.8480691767028867,1,0.8412060754506734,0.8680436857371524,2024-10-22T23:30Z,31.534398052045336,17.756654279856903,13.777743772188433,12
401635597,2024,9,2024-10-26T16:00Z,259,59,Virginia Tech Hokies,Georgia Tech Yellow Jackets,21,6,False,True,0.7180775490151567,1,0.7000036479835872,0.6903815615190333,2024-10-22T23:30Z,30.586413973103603,23.786806020185214,6.7996079529183895,15
401635598,2024,9,2024-10-26T16:00Z,258,153,Virginia Cavaliers,North Carolina Tar Heels,14,41,False,True,0.5000887534088247,0,0.523825300718539,0.6004764468617694,2024-10-22T23:30Z,33.249169972297004,30.365508711572005,2.883661260724999,-27
401644755,2024,9,2024-10-26T16:00Z,195,2084,Ohio Bobcats,Buffalo Bulls,47,16,False,True,0.7203719558199686,1,0.745287667283955,0.624174311812433,2024-10-22T23:30Z,27.65091690019553,21.37475182962523,6.2761650705703005,31
401645353,2024,9,2024-10-26T16:00Z,235,2429,Memphis Tigers,Charlotte 49ers,33,28,False,True,0.8576698362378521,1,0.886828594893699,0.8875538020299828,2024-10-22T23:30Z,38.08639157472045,20.311225644470095,17.775165930250356,5
401645354,2024,9,2024-10-26T16:00Z,249,2655,North Texas Mean Green,Tulane Green Wave,37,45,False,True,0.34291054147795924,0,0.3862618424590394,0.2368755381276707,2024-10-22T23:30Z,34.25909900060502,40.23924411125412,-5.980145110649104,-8
401628403,2024,9,2024-10-26T16:45Z,344,8,Mississippi State Bulldogs,Arkansas Razorbacks,25,58,False,True,0.43101199607341806,0,0.4421709437115552,0.413947080777881,2024-10-22T23:30Z,26.083651449851942,27.161712738525576,-1.0780612886736343,-33
401643816,2024,9,2024-10-26T17:00Z,2026,2247,App State Mountaineers,Georgia State Panthers,33,26,False,True,0.6087848786028693,1,0.672706732304884,0.41192756324604823,2024-10-22T23:30Z,32.316355813095356,29.76084974151586,2.5555060715794973,7
401644687,2024,9,2024-10-26T18:00Z,193,2117,Miami (OH) RedHawks,Central Michigan Chippewas,46,7,False,True,0.8373068634104585,1,0.7756701268317963,0.8807925768330946,2024-10-22T23:30Z,30.95547898412634,17.157006328421513,13.798472655704828,39
401645352,2024,9,2024-10-26T18:00Z,151,218,East Carolina Pirates,Temple Owls,56,34,False,True,0.7765299340358246,1,0.7826975136006691,0.7147194690807858,2024-10-22T23:30Z,29.767863049175592,20.1265588272458,9.641304221929794,22
401628525,2024,9,2024-10-26T19:30Z,2483,356,Oregon Ducks,Illinois Fighting Illini,38,9,False,True,0.9357522836186088,1,0.9062755541877119,0.9282388333405688,2024-10-22T23:30Z,35.156090849501936,16.060628526304118,19.095462323197818,29
401636911,2024,9,2024-10-26T19:30Z,2116,252,UCF Knights,BYU Cougars,24,37,False,True,0.44570598900123576,0,0.4724161713788366,0.29805345209069545,2024-10-22T23:30Z,25.10882147784193,28.693281453954835,-3.584459976112907,-13
401628400,2024,9,2024-10-26T19:30Z,333,142,Alabama Crimson Tide,Missouri Tigers,34,0,False,True,0.912777051571771,1,0.828296912043881,0.8818902695272886,2024-10-22T23:30Z,33.9686018874832,20.205250400841976,13.763351486641227,34
401628527,2024,9,2024-10-26T19:30Z,2294,77,Iowa Hawkeyes,Northwestern Wildcats,40,14,False,True,0.7631610339097198,1,0.7682799388668291,0.7476609187139583,2024-10-22T23:30Z,24.574202527152337,15.856723873701078,8.71747865345126,26
401628528,2024,9,2024-10-26T19:30Z,135,120,Minnesota Golden Gophers,Maryland Terrapins,48,23,False,True,0.5332052781844879,1,0.574199541752731,0.47002464402362065,2024-10-22T23:30Z,23.810769354629212,22.391909945026516,1.418859409602696,25
401629035,2024,9,2024-10-26T19:30Z,41,242,UConn Huskies,Rice Owls,17,10,False,True,0.6403179300399284,1,0.6780922757455733,0.8315877292156937,2024-10-22T23:30Z,28.749767156720424,19.039726482096423,9.710040674624,7
401635599,2024,9,2024-10-26T19:30Z,24,154,Stanford Cardinal,Wake Forest Demon Deacons,24,27,False,True,0.4241670586155167,0,0.4013268721935983,0.4351480157890512,2024-10-22T23:30Z,25.71587558877446,27.574435590087344,-1.8585600013128847,-3
401636906,2024,9,2024-10-26T19:30Z,239,197,Baylor Bears,Oklahoma State Cowboys,38,28,False,True,0.7219967791450487,1,0.6277180037922223,0.6304648165093333,2024-10-22T23:30Z,35.077552243570864,31.133810257923393,3.9437419856474705,10
401636910,2024,9,2024-10-26T19:30Z,2628,2641,TCU Horned Frogs,Texas Tech Red Raiders,35,34,False,True,0.5735042159922549,1,0.6187787144467267,0.4456421017373095,2024-10-22T23:30Z,35.10378271304221,33.62369093883608,1.4800917742061301,1
401643817,2024,9,2024-10-26T19:30Z,256,2572,James Madison Dukes,Southern Miss Golden Eagles,32,15,False,True,0.9579859816020244,1,0.9633448727772548,0.988770619247426,2024-10-22T23:30Z,43.88373817236325,12.70081437240224,31.18292379996101,17
401644752,2024,9,2024-10-26T19:30Z,2006,2199,Akron Zips,Eastern Michigan Eagles,25,21,False,True,0.4760196932579913,1,0.3994241749878485,0.31436971738894454,2024-10-22T23:30Z,25.341366723556852,30.37925683517629,-5.037890111619436,4
401644753,2024,9,2024-10-26T19:30Z,2050,2459,Ball State Cardinals,Northern Illinois Huskies,25,23,False,True,0.14369057237119634,1,0.20501289150375196,0.11351235400457668,2024-10-22T23:30Z,16.978613078610344,28.133529787313492,-11.154916708703148,2
401644754,2024,9,2024-10-26T19:30Z,2649,189,Toledo Rockets,Bowling Green Falcons,26,41,False,True,0.7128564118915737,0,0.7245526572550403,0.6674754129049206,2024-10-22T23:30Z,26.774474118718537,19.55485610189257,7.219618016825965,-15
401644756,2024,9,2024-10-26T19:30Z,2711,2309,Western Michigan Broncos,Kent State Golden Flashes,52,21,False,True,0.8479205171124164,1,0.8728991865199031,0.9231907251517435,2024-10-22T23:30Z,43.630488994655785,25.417643366605787,18.212845628049998,31
401645355,2024,9,2024-10-26T19:30Z,202,2636,Tulsa Golden Hurricane,UTSA Roadrunners,46,45,False,True,0.22058718998515017,1,0.2444496549215216,0.27455493777539886,2024-10-22T23:30Z,23.259969726964005,30.594459039146855,-7.33448931218285,1
401635594,2024,9,2024-10-26T20:00Z,25,204,California Golden Bears,Oregon State Beavers,44,7,False,True,0.7207874712352247,1,0.5989682231795579,0.6723031454950963,2024-10-22T23:30Z,28.353757815877966,24.056337718235973,4.297420097641993,37
401628405,2024,9,2024-10-26T20:15Z,238,251,Vanderbilt Commodores,Texas Longhorns,24,27,False,True,0.06368472823218035,0,0.08005435028132468,0.06763546877419817,2024-10-22T23:30Z,17.495316269296683,35.93713855780775,-18.441822288511066,-3
401643741,2024,9,2024-10-26T21:00Z,36,167,Colorado State Rams,New Mexico Lobos,17,6,False,True,0.7190215520655708,1,0.6439338161000262,0.7035692350274715,2024-10-22T23:30Z,37.851717148574025,31.364374551144117,6.487342597429908,11
401643819,2024,9,2024-10-26T21:00Z,6,2433,South Alabama Jaguars,UL Monroe Warhawks,46,17,False,True,0.7285951229469164,1,0.8040617851293597,0.6450490458061565,2024-10-22T23:30Z,27.150579232829756,17.62924765270665,9.521331580123107,29
401635596,2024,9,2024-10-26T23:00Z,2390,52,Miami Hurricanes,Florida State Seminoles,36,14,False,True,0.911794932419986,1,0.865883156190749,0.9369548352328916,2024-10-22T23:30Z,36.454188817231035,19.450425706682044,17.00376311054899,22
401636905,2024,9,2024-10-26T23:00Z,12,277,Arizona Wildcats,West Virginia Mountaineers,26,31,False,True,0.5757362910928336,0,0.5496746603888996,0.49389960320183846,2024-10-22T23:30Z,28.305035295572434,26.343229679507616,1.9618056160648187,-5
401636908,2024,9,2024-10-26T23:00Z,248,254,Houston Cougars,Utah Utes,17,14,False,True,0.4312712428992199,1,0.4281916987063773,0.38545008939288145,2024-10-22T23:30Z,13.50248541201421,16.331346363575626,-2.828860951561417,3
401643745,2024,9,2024-10-26T23:00Z,2751,328,Wyoming Cowboys,Utah State Aggies,25,27,False,True,0.5842931123735549,0,0.6759677154474555,0.6840888520830359,2024-10-22T23:30Z,35.67038274382417,27.5505461608512,8.119836582972969,-2
401643818,2024,9,2024-10-26T23:00Z,2032,2653,Arkansas State Red Wolves,Troy Trojans,34,31,False,True,0.4675038935174627,1,0.4610687836062935,0.45916305648479294,2024-10-22T23:30Z,23.903754259251464,24.345163513517765,-0.4414092542663006,3
401628531,2024,9,2024-10-26T23:30Z,275,213,Wisconsin Badgers,Penn State Nittany Lions,13,28,False,True,0.2952901059099125,0,0.38354224357132416,0.38582079308038175,2024-10-22T23:30Z,20.18661956317164,23.177307234145342,-2.9906876709737027,-15
401628404,2024,9,2024-10-26T23:30Z,245,99,Texas A&M Aggies,LSU Tigers,38,23,False,True,0.481894000882295,1,0.41419249819409965,0.4119074225176743,2024-10-22T23:30Z,27.024841699707927,28.787385547011723,-1.762543847303796,15
401628529,2024,9,2024-10-26T23:30Z,130,127,Michigan Wolverines,Michigan State Spartans,24,17,False,True,0.7866350837233855,1,0.8191883069953725,0.7245280103209796,2024-10-22T23:30Z,26.67886039551135,14.873367854526645,11.805492540984705,7
401628401,2024,9,2024-10-26T23:45Z,96,2,Kentucky Wildcats,Auburn Tigers,10,24,False,True,0.6370036373257921,0,0.6393630258551422,0.6675293453179861,2024-10-22T23:30Z,22.336050402406467,16.8598841933875,5.476166209018967,-14
401636909,2024,9,2024-10-27T00:00Z,2306,2305,Kansas State Wildcats,Kansas Jayhawks,29,27,False,True,0.7988846098265054,1,0.7965191602121279,0.8377053174240494,2024-10-22T23:30Z,35.03848235363493,22.509417973516,12.529064380118932,2
401635595,2024,9,2024-10-27T00:00Z,150,2567,Duke Blue Devils,SMU Mustangs,27,28,False,True,0.3370740283702814,0,0.3011477616443818,0.26957897885008014,2024-10-22T23:30Z,24.457205426286805,29.797324215554283,-5.340118789267478,-1
401643742,2024,9,2024-10-27T00:00Z,278,23,Fresno State Bulldogs,San José State Spartans,33,10,False,True,0.547339796882769,1,0.5442522846283708,0.573623478696783,2024-10-22T23:30Z,27.613329107320713,24.813564577958548,2.7997645293621645,23
401636907,2024,9,2024-10-27T02:15Z,38,2132,Colorado Buffaloes,Cincinnati Bearcats,34,23,False,True,0.654042889757485,1,0.586481265109291,0.6280563577527405,2024-10-22T23:30Z,28.218039628828116,23.578214275730897,4.639825353097219,11
401643744,2024,9,2024-10-27T02:30Z,21,265,San Diego State Aztecs,Washington State Cougars,26,29,False,True,0.20291352042069663,0,0.2632070977748673,0.09940653066525794,2024-10-22T23:30Z,19.467577282025633,30.702257279544853,-11.234679997519219,-3
401643743,2024,9,2024-10-27T03:59Z,62,2440,Hawai'i Rainbow Warriors,Nevada Wolf Pack,34,13,False,True,0.5037100037643779,1,0.495088768535384,0.3402260359542602,2024-10-22T23:30Z,21.94506791264251,24.478181477942556,-2.533113565300045,21
401640985,2024,10,2024-10-29T23:00Z,2229,166,Florida International Panthers,New Mexico State Aggies,34,13,False,True,0.7518658319958873,1,0.6513095040407066,0.8303690634056115,2024-10-29T23:00Z,28.961028733611993,20.339161770206427,8.621866963405566,21
401643820,2024,10,2024-10-29T23:30Z,326,309,Texas State Bobcats,Louisiana Ragin' Cajuns,17,23,False,True,0.6084661648586843,0,0.6309861580837559,0.7135555851545523,2024-10-29T23:00Z,33.01719435221223,27.628153270293286,5.389041081918943,-6
401641012,2024,10,2024-10-30T00:00Z,2534,2348,Sam Houston Bearkats,Louisiana Tech Bulldogs,9,3,False,True,0.7284301324491004,1,0.7403413076586759,0.7938795279367964,2024-10-29T23:00Z,28.920661484015707,19.40687543302432,9.513786050991385,6
401640994,2024,10,2024-10-30T23:00Z,2335,55,Liberty Flames,Jacksonville State Gamecocks,21,31,False,True,0.5778397372034746,0,0.5537416439156173,0.4785572106695383,2024-10-29T23:00Z,32.85080605893337,31.995892895945076,0.8549131629882964,-10
401641020,2024,10,2024-10-30T23:30Z,98,338,Western Kentucky Hilltoppers,Kennesaw State Owls,31,14,False,True,0.8530266389058051,1,0.8346843805228739,0.9195523803796256,2024-10-29T23:00Z,33.24495578482855,17.763595433264832,15.481360351563715,17
401645356,2024,10,2024-10-31T23:30Z,2429,2655,Charlotte 49ers,Tulane Green Wave,3,34,False,True,0.18562794522176906,0,0.17271292428805674,0.1219508180858818,2024-10-29T23:00Z,21.974761427202107,35.66834799818166,-13.693586570979551,-31
401629036,2024,10,2024-11-01T23:00Z,41,2247,UConn Huskies,Georgia State Panthers,34,27,False,True,0.6914570336393394,1,0.6914447718300405,0.7317118682891567,2024-10-29T23:00Z,27.78054188772051,20.83247821952501,6.948063668195498,7
401645357,2024,10,2024-11-01T23:30Z,2226,58,Florida Atlantic Owls,South Florida Bulls,21,44,False,True,0.5365338434368973,0,0.5393092069496611,0.5089005052711567,2024-10-29T23:00Z,27.687170727907425,25.382715331431584,2.3044553964758414,-23
401643747,2024,10,2024-11-02T00:00Z,68,21,Boise State Broncos,San Diego State Aztecs,56,24,False,True,0.9414440282975299,1,0.9255721842426258,0.9606924273923302,2024-10-29T23:00Z,37.79359003305072,16.099440682138578,21.69414935091214,32
401628539,2024,10,2024-11-02T16:00Z,213,194,Penn State Nittany Lions,Ohio State Buckeyes,13,20,False,True,0.40179896871184695,0,0.4627289404727658,0.3248572278876888,2024-10-29T23:00Z,22.904516077563315,25.649717641866925,-2.74520156430361,-7
401635601,2024,10,2024-11-02T16:00Z,2390,150,Miami Hurricanes,Duke Blue Devils,53,31,False,True,0.9025643665205434,1,0.855405301402284,0.8919101323580675,2024-10-29T23:00Z,36.82108830560084,23.019269480250447,13.801818825350392,22
401628406,2024,10,2024-11-02T16:00Z,8,145,Arkansas Razorbacks,Ole Miss Rebels,31,63,False,True,0.22348683889631032,0,0.2677075977815103,0.1787811704072761,2024-10-29T23:00Z,19.933524461458966,29.158345860098816,-9.22482139863985,-32
401643746,2024,10,2024-11-02T16:00Z,349,2005,Army Black Knights,Air Force Falcons,20,3,False,True,0.935724098421615,1,0.9022322546622185,0.9609711781717428,2024-10-29T23:00Z,32.34339547327464,11.61123943385815,20.732156039416488,17
401628533,2024,10,2024-11-02T16:00Z,356,135,Illinois Fighting Illini,Minnesota Golden Gophers,17,25,False,True,0.48046907148566587,0,0.5365777964627136,0.4364579898442918,2024-10-29T23:00Z,22.81884863649341,22.36977821997884,0.44907041651456936,-8
401628538,2024,10,2024-11-02T16:00Z,2509,77,Purdue Boilermakers,Northwestern Wildcats,20,26,False,True,0.3113454715043667,0,0.3529231826462458,0.16810893787656295,2024-10-29T23:00Z,22.69366171646937,30.636268996663844,-7.942607280194473,-6
401635516,2024,10,2024-11-02T16:00Z,152,24,NC State Wolfpack,Stanford Cardinal,59,28,False,True,0.7780577430537803,1,0.805674312525063,0.7296567312808045,2024-10-29T23:00Z,31.131737443977254,20.467389764480526,10.664347679496728,31
401635604,2024,10,2024-11-02T16:00Z,183,259,Syracuse Orange,Virginia Tech Hokies,38,31,False,True,0.2326468802783047,1,0.30331773259724926,0.23257355645207617,2024-10-29T23:00Z,23.010358768829523,30.198092581640655,-7.187733812811132,7
401644757,2024,10,2024-11-02T16:00Z,2006,2084,Akron Zips,Buffalo Bulls,30,41,False,True,0.5047671982778834,0,0.45551012254556045,0.43465262781218034,2024-10-29T23:00Z,24.974402898526918,26.570864607873958,-1.5964617093470395,-11
401644758,2024,10,2024-11-02T16:00Z,2199,2649,Eastern Michigan Eagles,Toledo Rockets,28,29,False,True,0.24872926315470517,0,0.2917111001904524,0.27889146680624494,2024-10-29T23:00Z,24.332708856116987,29.74700185711279,-5.4142930009958015,-1
401645359,2024,10,2024-11-02T16:00Z,2636,235,UTSA Roadrunners,Memphis Tigers,44,36,False,True,0.3652064074668398,1,0.39640444345025716,0.17210087252576783,2024-10-29T23:00Z,28.305610593006733,35.534734968541045,-7.229124375534312,8
401628407,2024,10,2024-11-02T16:45Z,2,238,Auburn Tigers,Vanderbilt Commodores,7,17,False,True,0.7441709833487244,0,0.7278667342367213,0.5506436732873375,2024-10-29T23:00Z,26.607882344677055,22.182453345973933,4.425428998703122,-10
401643821,2024,10,2024-11-02T18:30Z,2026,295,App State Mountaineers,Old Dominion Monarchs,28,20,False,True,0.3298471182882756,1,0.4744426372345152,0.20616326687218703,2024-10-29T23:00Z,26.96095625281697,31.649536650107386,-4.688580397290416,8
401645358,2024,10,2024-11-02T18:30Z,5,202,UAB Blazers,Tulsa Golden Hurricane,59,21,False,True,0.6626522199360932,1,0.6198030208719743,0.5891745935134949,2024-10-29T23:00Z,32.15997212810316,28.86683676257079,3.293135365532372,38
401628536,2024,10,2024-11-02T19:30Z,130,2483,Michigan Wolverines,Oregon Ducks,17,38,False,True,0.2452143959051208,0,0.28491233479002176,0.16465939433533364,2024-10-29T23:00Z,19.200550433274756,27.966926652595003,-8.766376219320247,-21
401628408,2024,10,2024-11-02T19:30Z,61,57,Georgia Bulldogs,Florida Gators,34,20,True,True,0.8155126063208258,1,0.8438086574103988,0.824536957132549,2024-10-29T23:00Z,33.2119510409567,20.408710033811104,12.803241007145594,14
401636914,2024,10,2024-11-02T19:30Z,66,2641,Iowa State Cyclones,Texas Tech Red Raiders,22,23,False,True,0.8290757428844634,0,0.7693889983019929,0.8264210316553788,2024-10-29T23:00Z,34.63958371632699,22.925691930399186,11.713891785927803,-1
401628534,2024,10,2024-11-02T19:30Z,127,84,Michigan State Spartans,Indiana Hoosiers,10,47,False,True,0.2892855999441652,0,0.2511382506341194,0.12469222469356321,2024-10-29T23:00Z,20.87823429427173,31.88297063930049,-11.004736345028757,-37
401636913,2024,10,2024-11-02T19:30Z,248,2306,Houston Cougars,Kansas State Wildcats,24,19,False,True,0.1917013816875815,1,0.22579731906124237,0.1254944960225602,2024-10-29T23:00Z,16.189617541297274,28.986036594133342,-12.796419052836068,5
401628537,2024,10,2024-11-02T19:30Z,158,26,Nebraska Cornhuskers,UCLA Bruins,20,27,False,True,0.6429723497779999,0,0.6279259670310546,0.6854027189965105,2024-10-29T23:00Z,22.07815304174846,16.45808270450537,5.620070337243092,-7
401635602,2024,10,2024-11-02T19:30Z,52,153,Florida State Seminoles,North Carolina Tar Heels,11,35,False,True,0.5257468416768033,0,0.5113203250778282,0.42206466501115963,2024-10-29T23:00Z,26.974583553654483,26.640362623105496,0.3342209305489874,-24
401636915,2024,10,2024-11-02T19:30Z,197,9,Oklahoma State Cowboys,Arizona State Sun Devils,21,42,False,True,0.4463541040554375,0,0.5340540481335808,0.47939389340609784,2024-10-29T23:00Z,30.072410606260423,27.648849692320525,2.423560913939898,-21
401636916,2024,10,2024-11-02T19:30Z,2116,12,UCF Knights,Arizona Wildcats,56,12,False,True,0.6438012059149597,1,0.6404154534969448,0.6617796491078662,2024-10-29T23:00Z,30.12014707209933,25.472302250312744,4.647844821786585,44
401641026,2024,10,2024-11-02T19:30Z,2638,2393,UTEP Miners,Middle Tennessee Blue Raiders,13,20,False,True,0.6096005736485711,0,0.6541260646539651,0.6497530603559,2024-10-29T23:00Z,27.09076304116092,22.190524853455035,4.9002381877058845,-7
401643822,2024,10,2024-11-02T19:30Z,276,2433,Marshall Thundering Herd,UL Monroe Warhawks,28,23,False,True,0.6772804407431197,1,0.7751332611192496,0.7225099840429421,2024-10-29T23:00Z,28.99003404936297,20.469015417485956,8.521018631877013,5
401643750,2024,10,2024-11-02T20:00Z,167,2751,New Mexico Lobos,Wyoming Cowboys,45,49,False,True,0.6652338034837796,0,0.6506490893638894,0.5913395057791423,2024-10-29T23:00Z,32.685504173332575,29.697963624176978,2.9875405491555966,-4
401643824,2024,10,2024-11-02T20:00Z,2653,324,Troy Trojans,Coastal Carolina Chanticleers,38,24,False,True,0.49309986543050816,1,0.5545155902690584,0.4142206204325695,2024-10-29T23:00Z,26.916905550541873,25.964037758687713,0.9528677918541604,14
401645360,2024,10,2024-11-02T20:00Z,242,2426,Rice Owls,Navy Midshipmen,24,10,False,True,0.2977358943411028,1,0.2925406261300406,0.13546793872007326,2024-10-29T23:00Z,20.072537177225513,30.189956157081973,-10.11741897985646,14
401628409,2024,10,2024-11-02T20:15Z,344,113,Mississippi State Bulldogs,Massachusetts Minutemen,45,20,False,True,0.8847956732955518,1,0.8371328157455907,0.8990375391553093,2024-10-29T23:00Z,37.115389888104765,23.039658752007302,14.075731136097463,25
401643749,2024,10,2024-11-02T23:00Z,278,62,Fresno State Bulldogs,Hawai'i Rainbow Warriors,20,21,False,True,0.7604891572232042,0,0.8138101333725892,0.8095444394522543,2024-10-29T23:00Z,28.83932181125557,15.416987901410064,13.422333909845506,-1
401628411,2024,10,2024-11-02T23:30Z,2579,245,South Carolina Gamecocks,Texas A&M Aggies,44,20,False,True,0.500292762776437,1,0.5272354398893369,0.5402818213479188,2024-10-29T23:00Z,24.48523765591074,22.826046880047887,1.6591907758628537,24
401635600,2024,10,2024-11-02T23:30Z,228,97,Clemson Tigers,Louisville Cardinals,21,33,False,True,0.7243060087155436,0,0.6927302965096084,0.655400450991058,2024-10-29T23:00Z,34.887203744617196,27.627697023771564,7.259506720845632,-12
401628535,2024,10,2024-11-02T23:30Z,2294,275,Iowa Hawkeyes,Wisconsin Badgers,42,10,False,True,0.6134559248965592,1,0.5405808667191221,0.5784798567571585,2024-10-29T23:00Z,22.769734891535904,20.127338809416017,2.6423960821198875,32
401628540,2024,10,2024-11-02T23:30Z,264,30,Washington Huskies,USC Trojans,26,21,False,True,0.41186543026366024,1,0.4713301052947029,0.3306469803801214,2024-10-29T23:00Z,25.726989748452677,28.06293728437872,-2.335947535926042,5
401643823,2024,10,2024-11-02T23:30Z,6,290,South Alabama Jaguars,Georgia Southern Eagles,30,34,False,True,0.7756160930327115,0,0.7701896975517972,0.6630613175730835,2024-10-29T23:00Z,33.37999287240768,24.23425921441776,9.145733657989922,-4
401628412,2024,10,2024-11-02T23:45Z,2633,96,Tennessee Volunteers,Kentucky Wildcats,28,18,False,True,0.8936154446689697,1,0.8794865226894397,0.907046374620158,2024-10-29T23:00Z,29.74497971188,12.449959336257047,17.295020375622954,10
401635627,2024,10,2024-11-03T00:00Z,2567,221,SMU Mustangs,Pittsburgh Panthers,48,25,False,True,0.6884824424918301,1,0.7829041992501786,0.7207794729819799,2024-10-29T23:00Z,34.28481755392284,24.62796803314256,9.65684952078028,23
401636912,2024,10,2024-11-03T00:00Z,239,2628,Baylor Bears,TCU Horned Frogs,37,34,False,True,0.6096150713277853,1,0.5296530152133634,0.6460962742715278,2024-10-29T23:00Z,35.77749549660436,31.711984390583524,4.0655111060208355,3
401643748,2024,10,2024-11-03T00:00Z,2440,36,Nevada Wolf Pack,Colorado State Rams,21,38,False,True,0.4763912531059011,0,0.47299870467547933,0.5525977463274822,2024-10-29T23:00Z,23.067208040182916,21.99392644885829,1.0732815913246263,-17
401644760,2024,11,2024-11-06T00:30Z,2117,189,Central Michigan Chippewas,Bowling Green Falcons,13,23,False,True,0.286692638517218,0,0.3053695452549546,0.12944535900973902,2024-11-06T00:30Z,22.343125618029603,32.551691013927794,-10.20856539589819,-10
401644688,2024,11,2024-11-06T01:00Z,2050,193,Ball State Cardinals,Miami (OH) RedHawks,21,27,False,True,0.1345339512019347,0,0.19837783697874217,0.12524975833797242,2024-11-06T00:30Z,17.56645873846691,29.365212208626247,-11.798753470159337,-6
401644761,2024,11,2024-11-07T00:00Z,2309,195,Kent State Golden Flashes,Ohio Bobcats,0,41,False,True,0.0898462590166311,0,0.08635705192384699,0.06474811882212887,2024-11-06T00:30Z,20.585489769723207,38.87614029436456,-18.290650524641354,-41
401644762,2024,11,2024-11-07T00:00Z,2711,2459,Western Michigan Broncos,Northern Illinois Huskies,28,42,False,True,0.38321964133563946,0,0.4008704938354125,0.39025171545787724,2024-11-06T00:30Z,24.462360761009876,25.95168253998591,-1.4893217789760342,-14
401643825,2024,11,2024-11-08T01:00Z,324,2026,Coastal Carolina Chanticleers,App State Mountaineers,38,24,False,True,0.6330503567961426,1,0.5468994078225123,0.6944935586139424,2024-11-06T00:30Z,35.55929230736523,30.52455650331123,5.034735804054002,14
401645361,2024,11,2024-11-08T01:00Z,151,2226,East Carolina Pirates,Florida Atlantic Owls,49,14,False,True,0.7503716879275316,1,0.7659619108624203,0.6827023152358491,2024-11-06T00:30Z,31.51509850999193,24.018279310408907,7.4968191995830225,35
401634773,2024,11,2024-11-09T01:00Z,154,25,Wake Forest Demon Deacons,California Golden Bears,36,46,False,True,0.2747518126270174,0,0.3211178270369244,0.19471211560790266,2024-11-06T00:30Z,21.783660204204452,29.554763758214918,-7.771103554010466,-10
401628542,2024,11,2024-11-09T02:00Z,26,2294,UCLA Bruins,Iowa Hawkeyes,20,17,False,True,0.3153216310909143,1,0.38586806133289364,0.24196288714926797,2024-11-06T00:30Z,20.301594975012463,26.140902452887012,-5.839307477874549,3
401645362,2024,11,2024-11-09T02:00Z,235,242,Memphis Tigers,Rice Owls,27,20,False,True,0.7554929719899448,1,0.7963656757878884,0.8195215436614838,2024-11-06T00:30Z,32.73580079802262,20.147942987946838,12.587857810075786,7
401643754,2024,11,2024-11-09T03:30Z,21,167,San Diego State Aztecs,New Mexico Lobos,16,21,False,True,0.5967711522336897,0,0.570625574647015,0.6680010966243505,2024-11-06T00:30Z,35.685338665602366,29.988386430456828,5.696952235145538,-5
401628545,2024,11,2024-11-09T17:00Z,194,2509,Ohio State Buckeyes,Purdue Boilermakers,45,0,False,True,0.9868525387743108,1,0.9876590833885781,0.9951599674379716,2024-11-06T00:30Z,47.16572556855277,9.71343669184374,37.452288876709034,45
401635609,2024,11,2024-11-09T17:00Z,59,2390,Georgia Tech Yellow Jackets,Miami Hurricanes,28,23,False,True,0.17660847871502314,1,0.2538199439322634,0.15224108579610118,2024-11-06T00:30Z,26.824360837106067,36.47751514042529,-9.653154303319223,5
401628417,2024,11,2024-11-09T17:00Z,251,57,Texas Longhorns,Florida Gators,49,17,False,True,0.8731292973289515,1,0.8958852289077868,0.8949895227573751,2024-11-06T00:30Z,34.61896815620862,17.166149708006436,17.45281844820218,32
401628544,2024,11,2024-11-09T17:00Z,164,135,Rutgers Scarlet Knights,Minnesota Golden Gophers,26,19,False,True,0.34330258042376666,1,0.37037734883456697,0.31203499185031885,2024-11-06T00:30Z,20.531447332616032,25.01384002191639,-4.482392689300358,7
401635606,2024,11,2024-11-09T17:00Z,103,183,Boston College Eagles,Syracuse Orange,37,31,False,True,0.5520278251913086,1,0.5406188922239902,0.5353484386531789,2024-11-06T00:30Z,27.739227423708655,25.398219872418156,2.341007551290499,6
401636918,2024,11,2024-11-09T17:00Z,2132,277,Cincinnati Bearcats,West Virginia Mountaineers,24,31,False,True,0.6316805024104791,0,0.6099877005318864,0.7189962568386496,2024-11-06T00:30Z,29.396394853813835,23.2225089675876,6.173885886226234,-7
401643828,2024,11,2024-11-09T17:00Z,2433,326,UL Monroe Warhawks,Texas State Bobcats,17,38,False,True,0.3860578731631109,0,0.25797695020718,0.23865345740495325,2024-11-06T00:30Z,22.62317221475957,29.719786984691893,-7.096614769932323,-21
401645363,2024,11,2024-11-09T17:00Z,58,2426,South Florida Bulls,Navy Midshipmen,7,28,False,True,0.41775015030590895,0,0.42507481986237217,0.3317019767317032,2024-11-06T00:30Z,26.698526008885423,29.832770807735752,-3.134244798850329,-21
401640995,2024,11,2024-11-09T18:00Z,2393,2335,Middle Tennessee Blue Raiders,Liberty Flames,17,37,False,True,0.2930721013550357,0,0.23196783433344825,0.20565988780923064,2024-11-06T00:30Z,21.752217501623818,30.68234495723088,-8.930127455607064,-20
401629037,2024,11,2024-11-09T19:30Z,5,41,UAB Blazers,UConn Huskies,23,31,False,True,0.4097577948279022,0,0.4033095326652808,0.2263145008545964,2024-11-06T00:30Z,26.80819417479233,31.783078741970968,-4.974884567178638,-8
401643829,2024,11,2024-11-09T20:00Z,2572,276,Southern Miss Golden Eagles,Marshall Thundering Herd,3,37,False,True,0.26213704620345796,0,0.26990301263721916,0.13260359095095325,2024-11-06T00:30Z,21.642061502207085,32.05127143031861,-10.409209928111522,-34
401628414,2024,11,2024-11-09T20:30Z,145,61,Ole Miss Rebels,Georgia Bulldogs,28,10,False,True,0.48092594047440373,1,0.5221244561759202,0.59391904652978,2024-11-06T00:30Z,27.989084398663575,25.298534329771552,2.6905500688920228,18
401628541,2024,11,2024-11-09T20:30Z,84,130,Indiana Hoosiers,Michigan Wolverines,20,15,False,True,0.7448899314828984,1,0.7590674195338805,0.8851273957068192,2024-11-06T00:30Z,33.231503932431814,21.422572380843626,11.808931551588188,5
401636919,2024,11,2024-11-09T20:30Z,2305,66,Kansas Jayhawks,Iowa State Cyclones,45,36,False,True,0.3557833787556083,1,0.44884842313934514,0.2825477624832421,2024-11-06T00:30Z,24.007355460250356,27.730679191977472,-3.723323731727117,9
401629045,2024,11,2024-11-09T20:30Z,249,349,North Texas Mean Green,Army Black Knights,3,14,False,True,0.2963850436942028,0,0.34382490387386166,0.2769906483444426,2024-11-06T00:30Z,31.03006229359461,36.440286147644784,-5.410223854050173,-11
401635608,2024,11,2024-11-09T20:30Z,152,150,NC State Wolfpack,Duke Blue Devils,19,29,False,True,0.4731419130971408,0,0.5124963713399193,0.3720800296870346,2024-11-06T00:30Z,27.179034895023072,28.616419327121744,-1.4373844320986713,-10
401643755,2024,11,2024-11-09T20:30Z,204,23,Oregon State Beavers,San José State Spartans,13,24,False,True,0.4565982696293691,0,0.5276582025581844,0.6143503817172961,2024-11-06T00:30Z,30.59490786841285,27.481289380193353,3.1136184882194975,-11
401643826,2024,11,2024-11-09T20:30Z,256,2247,James Madison Dukes,Georgia State Panthers,38,7,False,True,0.8990852447750735,1,0.9016721606528697,0.9349769767339696,2024-11-06T00:30Z,37.82968251519979,17.60422914313417,20.225453372065623,31
401635607,2024,11,2024-11-09T20:35Z,259,228,Virginia Tech Hokies,Clemson Tigers,14,24,False,True,0.41347142318738433,0,0.4445236980858594,0.43938825311831453,2024-11-06T00:30Z,28.777822620862022,29.91845276784658,-1.1406301469845594,-10
401636921,2024,11,2024-11-09T21:00Z,2641,38,Texas Tech Red Raiders,Colorado Buffaloes,27,41,False,True,0.4925811194746193,0,0.599416915852754,0.429126476170011,2024-11-06T00:30Z,31.128438247824203,30.408801016353813,0.71963723147039,-14
401641021,2024,11,2024-11-09T21:00Z,2638,338,UTEP Miners,Kennesaw State Owls,43,35,False,True,0.6262305342503999,1,0.5201589472725652,0.5502928481303526,2024-11-06T00:30Z,22.306268662423975,21.682933681907667,0.623334980516308,8
401645364,2024,11,2024-11-09T21:00Z,2655,218,Tulane Green Wave,Temple Owls,52,6,False,True,0.9523258836885999,1,0.9598163321524896,0.9806088778498531,2024-11-06T00:30Z,42.27554545666697,13.686042305352991,28.589503151313977,46
401628418,2024,11,2024-11-09T21:15Z,238,2579,Vanderbilt Commodores,South Carolina Gamecocks,7,28,False,True,0.2217603569734995,0,0.28898019071296643,0.2567291225493563,2024-11-06T00:30Z,22.594593662243494,28.9197121360578,-6.325118473814307,-21
401641004,2024,11,2024-11-09T21:30Z,2348,55,Louisiana Tech Bulldogs,Jacksonville State Gamecocks,37,44,False,True,0.24929484415274358,0,0.22269968027558368,0.22463627762762778,2024-11-06T00:30Z,23.48061430891044,32.28349382708747,-8.80287951817703,-7
401643827,2024,11,2024-11-09T22:00Z,309,2032,Louisiana Ragin' Cajuns,Arkansas State Red Wolves,55,19,False,True,0.8694437275757694,1,0.8448280961450253,0.8556597530556842,2024-11-06T00:30Z,35.298952815255596,21.59834401003322,13.700608805222377,36
401641036,2024,11,2024-11-09T23:00Z,166,98,New Mexico State Aggies,Western Kentucky Hilltoppers,28,41,False,True,0.20852115601595236,0,0.21002396059959444,0.08593427687932544,2024-11-06T00:30Z,22.029600630855178,35.79077933506658,-13.761178704211403,-13
401628543,2024,11,2024-11-10T00:00Z,2483,120,Oregon Ducks,Maryland Terrapins,39,18,False,True,0.9345523920073243,1,0.9409135761121636,0.9362690638580033,2024-11-06T00:30Z,39.53332002628345,17.68834493578352,21.84497509049993,21
401628416,2024,11,2024-11-10T00:00Z,2633,344,Tennessee Volunteers,Mississippi State Bulldogs,33,14,False,True,0.9466801718514278,1,0.9425753334286882,0.9673035792013005,2024-11-06T00:30Z,39.906201011115854,15.49965130675644,24.406549704359414,19
401636917,2024,11,2024-11-10T00:00Z,9,2116,Arizona State Sun Devils,UCF Knights,35,31,False,True,0.4666232934878646,1,0.494656278957784,0.5374275535556106,2024-11-06T00:30Z,29.089710267567817,27.268236944200396,1.821473323367421,4
401636920,2024,11,2024-11-10T00:00Z,2628,197,TCU Horned Frogs,Oklahoma State Cowboys,38,13,False,True,0.7988049732542992,1,0.7641500552661566,0.672417675333011,2024-11-06T00:30Z,36.619045495871006,29.961198190239802,6.657847305631204,25
401628984,2024,11,2024-11-10T00:30Z,87,52,Notre Dame Fighting Irish,Florida State Seminoles,52,3,False,True,0.9502759878170095,1,0.9423400996864573,0.9657777592250653,2024-11-06T00:30Z,33.767930097462546,8.942270394493478,24.82565970296907,49
401628413,2024,11,2024-11-10T00:30Z,99,333,LSU Tigers,Alabama Crimson Tide,13,42,False,True,0.2829477383430207,0,0.43164282528770304,0.32696328942463043,2024-11-06T00:30Z,28.437469136127298,31.818659803480593,-3.3811906673532945,-29
401628415,2024,11,2024-11-10T00:45Z,142,201,Missouri Tigers,Oklahoma Sooners,30,23,False,True,0.4726748807015482,1,0.5589077321336953,0.48343991340065523,2024-11-06T00:30Z,23.813873300449764,21.879642762456147,1.934230537993617,7
401628546,2024,11,2024-11-10T01:00Z,213,264,Penn State Nittany Lions,Washington Huskies,35,6,False,True,0.8244340006053146,1,0.8247598653349374,0.8131257251103343,2024-11-06T00:30Z,27.45324544529799,15.548425069118565,11.904820376179426,29
401643752,2024,11,2024-11-10T01:00Z,68,2440,Boise State Broncos,Nevada Wolf Pack,28,21,False,True,0.9361853855426993,1,0.954059027054564,0.9637509102676605,2024-11-06T00:30Z,43.69560175359464,18.79897922721396,24.89662252638068,7
401635610,2024,11,2024-11-10T01:00Z,221,258,Pittsburgh Panthers,Virginia Cavaliers,19,24,False,True,0.8080982197335976,0,0.8001938137191438,0.7791595237775788,2024-11-06T00:30Z,32.207433499494854,22.047531693043503,10.159901806451352,-5
401643753,2024,11,2024-11-10T02:00Z,62,2439,Hawai'i Rainbow Warriors,UNLV Rebels,27,29,False,True,0.2227894339192155,0,0.2519563179587636,0.1210525145964348,2024-11-06T00:30Z,20.862515649779116,32.847138671978385,-11.98462302219927,-2
401643751,2024,11,2024-11-10T02:45Z,2005,278,Air Force Falcons,Fresno State Bulldogs,36,28,False,True,0.30847863851618934,1,0.4164036112902346,0.19294021248356516,2024-11-06T00:30Z,16.235698584067816,23.107238122273497,-6.871539538205681,8
401636922,2024,11,2024-11-10T03:15Z,254,252,Utah Utes,BYU Cougars,21,22,False,True,0.3673091171932689,0,0.41996160892906986,0.2207107485146126,2024-11-06T00:30Z,16.953283242755806,22.065838636990797,-5.112555394234992,-1
401643756,2024,11,2024-11-10T03:30Z,265,328,Washington State Cougars,Utah State Aggies,49,28,False,True,0.8978847944654839,1,0.8908436013981602,0.9595877869788368,2024-11-06T00:30Z,45.86819621428462,24.324185456246198,21.544010758038425,21
401644763,2024,12,2024-11-13T00:00Z,2084,2050,Buffalo Bulls,Ball State Cardinals,51,48,False,True,0.7036911269824905,1,0.6886353526989055,0.7083692848066929,2024-11-13T00:00Z,32.10200082549784,24.85101788485715,7.250982940640689,3
401644764,2024,12,2024-11-13T00:00Z,189,2711,Bowling Green Falcons,Western Michigan Broncos,31,13,False,True,0.7419196026469786,1,0.7712013501569648,0.7956489071637528,2024-11-13T00:00Z,34.63277116486188,24.198551475587948,10.434219689273931,18
401644765,2024,12,2024-11-13T00:00Z,2649,2117,Toledo Rockets,Central Michigan Chippewas,37,10,False,True,0.8569583434082674,1,0.8442575169574396,0.8910485645346795,2024-11-13T00:00Z,35.46737139991479,19.66283030573493,15.80454109417986,27
401644689,2024,12,2024-11-14T00:00Z,193,2309,Miami (OH) RedHawks,Kent State Golden Flashes,34,7,False,True,0.9697069302795372,1,0.9684187785311752,0.9795855007790331,2024-11-13T00:00Z,40.16379920366885,11.185029980826306,28.978769222842544,27
401644766,2024,12,2024-11-14T00:00Z,2459,2006,Northern Illinois Huskies,Akron Zips,29,16,False,True,0.8514801725811268,1,0.879435312525135,0.8972512539441608,2024-11-13T00:00Z,30.96489021802976,13.90977471119377,17.05511550683599,13
401644767,2024,12,2024-11-14T00:00Z,195,2199,Ohio Bobcats,Eastern Michigan Eagles,35,10,False,True,0.8673047266745684,1,0.8593203833022218,0.787914101322179,2024-11-13T00:00Z,31.650135985478826,20.069156840257552,11.580979145221274,25
401645365,2024,12,2024-11-15T00:30Z,202,151,Tulsa Golden Hurricane,East Carolina Pirates,31,38,False,True,0.13608370083127977,0,0.194901186966629,0.12036407558981044,2024-11-13T00:00Z,23.952052257126983,36.14498486204046,-12.192932604913477,-7
401643759,2024,12,2024-11-16T01:00Z,36,2751,Colorado State Rams,Wyoming Cowboys,24,10,False,True,0.8034985803302076,1,0.7001355402532443,0.755581572996465,2024-11-13T00:00Z,27.07382085441133,19.579683251025646,7.494137603385685,14
401645366,2024,12,2024-11-16T01:00Z,2636,249,UTSA Roadrunners,North Texas Mean Green,48,27,False,True,0.47235019552643004,1,0.5439328386978985,0.3615270429907331,2024-11-13T00:00Z,37.02058861297412,37.07586444051989,-0.055275827545763434,21
401628553,2024,12,2024-11-16T02:00Z,264,26,Washington Huskies,UCLA Bruins,31,19,False,True,0.6757667738717988,1,0.6532283472629759,0.6555648967780685,2024-11-13T00:00Z,25.061743692274945,18.606835069643964,6.454908622630981,12
401636923,2024,12,2024-11-16T03:15Z,12,248,Arizona Wildcats,Houston Cougars,27,3,False,True,0.5557341946363409,1,0.5418840108345451,0.49092223417117176,2024-11-13T00:00Z,23.518679563912468,21.664708912294873,1.853970651617594,24
401628550,2024,12,2024-11-16T17:00Z,77,194,Northwestern Wildcats,Ohio State Buckeyes,7,31,False,True,0.060612960583836285,0,0.0649173374726232,0.04128047199631159,2024-11-13T00:00Z,10.583449071525319,31.939089522371575,-21.355640450846256,-24
401628419,2024,12,2024-11-16T17:00Z,8,251,Arkansas Razorbacks,Texas Longhorns,10,20,False,True,0.12975441335969778,0,0.13564972725638094,0.0781935292808808,2024-11-13T00:00Z,19.53180157094573,36.213262301504216,-16.681460730558484,-10
401636925,2024,12,2024-11-16T17:00Z,38,254,Colorado Buffaloes,Utah Utes,49,24,False,True,0.7125622392862153,1,0.6360198420621077,0.8152532374146709,2024-11-13T00:00Z,25.945928567953175,16.82418810042099,9.121740467532184,25
401635582,2024,12,2024-11-16T17:00Z,221,228,Pittsburgh Panthers,Clemson Tigers,20,24,False,True,0.3004082875554801,0,0.3396597861908093,0.28884933699628534,2024-11-13T00:00Z,25.390510803171374,31.729740578452663,-6.339229775281289,-4
401645370,2024,12,2024-11-16T17:00Z,2426,2655,Navy Midshipmen,Tulane Green Wave,0,35,False,True,0.3330395453949607,0,0.31928110971332413,0.29473426668332997,2024-11-13T00:00Z,24.24374080800584,29.701320407575423,-5.457579599569584,-35
401629046,2024,12,2024-11-16T17:00Z,113,2335,Massachusetts Minutemen,Liberty Flames,34,35,False,True,0.13669569573883814,0,0.10878086216299052,0.1280393172450667,2024-11-13T00:00Z,20.370582007472827,35.063072971136,-14.692490963663175,-1
401641013,2024,12,2024-11-16T17:00Z,98,2348,Western Kentucky Hilltoppers,Louisiana Tech Bulldogs,7,12,False,True,0.7701077491327272,0,0.8167864438138221,0.8352414736574026,2024-11-13T00:00Z,33.145382717075826,20.068337624222334,13.077045092853492,-5
401628426,2024,12,2024-11-16T17:45Z,2,2433,Auburn Tigers,UL Monroe Warhawks,48,14,False,True,0.8721932122750415,1,0.8636146230013828,0.8510337659077668,2024-11-13T00:00Z,26.892939216889808,13.64026245804087,13.252676758848938,34
401643832,2024,12,2024-11-16T18:00Z,276,324,Marshall Thundering Herd,Coastal Carolina Chanticleers,31,19,False,True,0.6466474850894144,1,0.6698039853583657,0.6578004040692613,2024-11-13T00:00Z,31.38792712141074,25.93605256742928,5.451874553981462,12
401640986,2024,12,2024-11-16T19:00Z,55,2229,Jacksonville State Gamecocks,Florida International Panthers,34,31,False,True,0.8011249121135812,1,0.8761369983209358,0.7928495357465954,2024-11-13T00:00Z,35.64533368335171,21.97339892035109,13.671934763000618,3
401645369,2024,12,2024-11-16T19:00Z,218,2226,Temple Owls,Florida Atlantic Owls,18,15,False,True,0.5186046504006964,1,0.5049263414699573,0.4655313475376228,2024-11-13T00:00Z,27.86580212015586,28.29161060232841,-0.4258084821725525,3
401628547,2024,12,2024-11-16T19:30Z,356,127,Illinois Fighting Illini,Michigan State Spartans,38,16,False,True,0.5987447115227672,1,0.6939098877078334,0.6764013910117087,2024-11-13T00:00Z,26.272549985177722,18.816651779127845,7.455898206049877,22
401635581,2024,12,2024-11-16T20:00Z,25,183,California Golden Bears,Syracuse Orange,25,33,False,True,0.7925164061447759,0,0.7539266501806027,0.7427266043859516,2024-11-13T00:00Z,32.77715924238233,23.389662727028387,9.387496515353945,-8
401641022,2024,12,2024-11-16T20:00Z,338,2534,Kennesaw State Owls,Sam Houston Bearkats,17,23,False,True,0.2964166985748442,0,0.3852014741952845,0.18468041641015312,2024-11-13T00:00Z,19.503810564841892,25.41875315180654,-5.914942586964649,-6
401643760,2024,12,2024-11-16T20:00Z,328,62,Utah State Aggies,Hawai'i Rainbow Warriors,55,10,False,True,0.33723841121258813,1,0.44562097718006843,0.2926070462148418,2024-11-13T00:00Z,29.13780132062733,32.13757642364577,-2.9997751030184396,45
401628552,2024,12,2024-11-16T20:30Z,2509,213,Purdue Boilermakers,Penn State Nittany Lions,10,49,False,True,0.03886992696856378,0,0.03882842830879317,0.018705149284154992,2024-11-13T00:00Z,13.284973050035475,39.841627954783,-26.556654904747525,-39
401628985,2024,12,2024-11-16T20:30Z,87,258,Notre Dame Fighting Irish,Virginia Cavaliers,35,14,False,True,0.9658037086466454,1,0.9612482586073229,0.9658546331523138,2024-11-13T00:00Z,39.577405607894725,12.611815305639313,26.965590302255414,21
401635580,2024,12,2024-11-16T20:30Z,2567,103,SMU Mustangs,Boston College Eagles,38,28,False,True,0.8825798481106429,1,0.9028381438868042,0.8786120676643373,2024-11-13T00:00Z,37.67470186321296,21.21605194585681,16.458649917356148,10
401635517,2024,12,2024-11-16T20:30Z,24,97,Stanford Cardinal,Louisville Cardinals,38,35,False,True,0.10761596883619584,1,0.09269851563218962,0.05394430448572221,2024-11-13T00:00Z,18.158939511750113,37.084622087933,-18.925682576182886,3
401628420,2024,12,2024-11-16T20:30Z,57,99,Florida Gators,LSU Tigers,27,16,False,True,0.38314907448047497,1,0.3404267426932886,0.3342451391720812,2024-11-13T00:00Z,27.84635870449301,32.097703667992874,-4.251344963499864,11
401643757,2024,12,2024-11-16T20:30Z,2005,204,Air Force Falcons,Oregon State Beavers,28,0,False,True,0.46715042766563947,1,0.5122418819923814,0.3119544753935457,2024-11-13T00:00Z,22.897868454872423,25.059655894514485,-2.1617874396420618,28
401645368,2024,12,2024-11-16T20:30Z,2429,58,Charlotte 49ers,South Florida Bulls,24,59,False,True,0.532332596461969,0,0.5026094130626425,0.5080482915953553,2024-11-13T00:00Z,26.807568193653147,26.554496083692175,0.2530721099609714,-35
401628549,2024,12,2024-11-16T21:00Z,30,158,USC Trojans,Nebraska Cornhuskers,28,20,False,True,0.8252692974708945,1,0.7895828895879029,0.7966491034518894,2024-11-13T00:00Z,30.488760523627853,19.02245123876183,11.466309284866025,8
401636929,2024,12,2024-11-16T21:00Z,277,239,West Virginia Mountaineers,Baylor Bears,35,49,False,True,0.5277718258545759,0,0.5940244789564197,0.5492493154436546,2024-11-13T00:00Z,32.770199332980425,29.516289591702364,3.2539097412780613,-14
401643830,2024,12,2024-11-16T21:00Z,290,2653,Georgia Southern Eagles,Troy Trojans,20,28,False,True,0.5927751952698352,0,0.572026019785089,0.726309449047752,2024-11-13T00:00Z,30.042301670708852,24.869814393624473,5.172487277084379,-8
401643833,2024,12,2024-11-16T21:00Z,295,256,Old Dominion Monarchs,James Madison Dukes,32,35,False,True,0.33470014990602376,0,0.3124489537224219,0.240370817371674,2024-11-13T00:00Z,21.17186835384002,28.801457102618425,-7.629588748778406,-3
401628423,2024,12,2024-11-16T21:15Z,2579,142,South Carolina Gamecocks,Missouri Tigers,34,30,False,True,0.8175378309229372,1,0.7521962747818938,0.8240420082065223,2024-11-13T00:00Z,27.828656474853222,17.700114659764296,10.128541815088926,4
401643831,2024,12,2024-11-16T22:00Z,2247,2032,Georgia State Panthers,Arkansas State Red Wolves,20,27,False,True,0.6406317330934007,0,0.6195964280270896,0.6495736396142983,2024-11-13T00:00Z,31.046457658763842,26.58104720991976,4.465410448844082,-7
401628548,2024,12,2024-11-16T23:00Z,120,164,Maryland Terrapins,Rutgers Scarlet Knights,17,31,False,True,0.7024904966043086,0,0.6662023153158925,0.6447879130557472,2024-11-13T00:00Z,30.613320522513725,24.973336705315564,5.639983817198161,-14
401643758,2024,12,2024-11-17T00:00Z,23,68,San José State Spartans,Boise State Broncos,21,42,False,True,0.32279759234361133,0,0.312791127067264,0.15846818678063262,2024-11-13T00:00Z,26.60028583629491,34.780631266885315,-8.180345430590407,-21
401636927,2024,12,2024-11-17T00:00Z,2306,9,Kansas State Wildcats,Arizona State Sun Devils,14,24,False,True,0.7704056740476883,0,0.778752915017124,0.7175800185664041,2024-11-13T00:00Z,31.889146901551918,22.099412699177474,9.789734202374444,-10
401643834,2024,12,2024-11-17T00:00Z,309,6,Louisiana Ragin' Cajuns,South Alabama Jaguars,22,24,False,True,0.6737402481057359,0,0.654702186850351,0.68281252543369,2024-11-13T00:00Z,30.701183442258472,24.673535368634017,6.027648073624455,-2
401643835,2024,12,2024-11-17T00:00Z,326,2572,Texas State Bobcats,Southern Miss Golden Eagles,58,3,False,True,0.9274182647634727,1,0.9386418114172046,0.9735009830191109,2024-11-13T00:00Z,40.07731565932388,15.013912840063785,25.063402819260094,55
401628551,2024,12,2024-11-17T00:30Z,275,2483,Wisconsin Badgers,Oregon Ducks,13,16,False,True,0.16944875093422535,0,0.19997164696622638,0.1504592481967765,2024-11-13T00:00Z,18.39884092294242,30.237161488321167,-11.838320565378748,-3
401628421,2024,12,2024-11-17T00:30Z,61,2633,Georgia Bulldogs,Tennessee Volunteers,31,17,False,True,0.7163929300178028,1,0.6804416729553464,0.6109131092501829,2024-11-13T00:00Z,26.194757637074517,20.90232750522339,5.292430131851127,14
401628424,2024,12,2024-11-17T00:45Z,245,166,Texas A&M Aggies,New Mexico State Aggies,38,3,False,True,0.9749960040323032,1,0.9379766097495916,0.9891352396869157,2024-11-13T00:00Z,41.16692648572618,13.166278580473081,28.000647905253096,35
401635583,2024,12,2024-11-17T01:00Z,153,154,North Carolina Tar Heels,Wake Forest Demon Deacons,31,24,False,True,0.8147383214075075,1,0.8194027762481519,0.8350549097109933,2024-11-13T00:00Z,39.784829181403886,27.139636873453274,12.645192307950612,7
401636926,2024,12,2024-11-17T01:00Z,66,2132,Iowa State Cyclones,Cincinnati Bearcats,34,17,False,True,0.7793409951013553,1,0.7353383039263663,0.7342310180210202,2024-11-13T00:00Z,28.867008172277252,19.555478666924248,9.311529505353004,17
401645367,2024,12,2024-11-17T01:00Z,235,5,Memphis Tigers,UAB Blazers,53,18,False,True,0.8437355159650436,1,0.8632143538171667,0.9005365103439992,2024-11-13T00:00Z,42.655077503704426,25.723108482813913,16.931969020890513,35
401643761,2024,12,2024-11-17T02:30Z,167,265,New Mexico Lobos,Washington State Cougars,38,35,False,True,0.3118610978406158,1,0.31949166330009354,0.10915801049837484,2024-11-13T00:00Z,30.31138272204778,42.15524200460271,-11.84385928255493,3
401636924,2024,12,2024-11-17T03:15Z,252,2305,BYU Cougars,Kansas Jayhawks,13,17,False,True,0.6507185403051766,0,0.6342710335171979,0.7017556296537616,2024-11-13T00:00Z,32.24625053443121,26.275397311852743,5.970853222578469,-4
401643762,2024,12,2024-11-17T03:30Z,2439,21,UNLV Rebels,San Diego State Aztecs,41,20,False,True,0.9165855512073461,1,0.8783933939672609,0.9376598163395538,2024-11-13T00:00Z,35.19532678982375,17.021446189771684,18.17388060005207,21
401644769,2024,13,2024-11-20T00:00Z,2309,2006,Kent State Golden Flashes,Akron Zips,17,38,False,True,0.24804758621772185,0,0.2800071041521476,0.21515579287097839,2024-11-20T00:00Z,26.08078495182321,33.24738147969512,-7.16659652787191,-21
401644770,2024,13,2024-11-20T00:30Z,2117,2711,Central Michigan Chippewas,Western Michigan Broncos,16,14,False,True,0.45965170386487686,1,0.5145289341251871,0.3272209209561783,2024-11-20T00:00Z,30.172959858478613,33.03274089444873,-2.8597810359701157,2
401644690,2024,13,2024-11-20T01:00Z,193,2459,Miami (OH) RedHawks,Northern Illinois Huskies,20,9,False,True,0.657117706328798,1,0.6345388861217411,0.5999064247219065,2024-11-20T00:00Z,19.861286231409967,14.964639179865934,4.896647051544033,11
401644772,2024,13,2024-11-21T00:00Z,2199,2084,Eastern Michigan Eagles,Buffalo Bulls,20,37,False,True,0.5102991367811192,0,0.5453818922210902,0.555884847385738,2024-11-20T00:00Z,30.980958267993323,28.35342932264929,2.6275289453440323,-17
401644773,2024,13,2024-11-21T00:00Z,2649,195,Toledo Rockets,Ohio Bobcats,7,24,False,True,0.5455969987334107,0,0.5281102540881271,0.5498919764768525,2024-11-20T00:00Z,24.92297261421706,22.77513482705164,2.147837787165418,-17
401634772,2024,13,2024-11-22T00:30Z,59,152,Georgia Tech Yellow Jackets,NC State Wolfpack,30,29,False,True,0.7077837349127541,1,0.6974099130807629,0.7653762216213605,2024-11-20T00:00Z,30.39184740169256,22.468816389474128,7.923031012218431,1
401645374,2024,13,2024-11-23T00:00Z,2636,218,UTSA Roadrunners,Temple Owls,51,27,False,True,0.8392526785987303,1,0.8942083937921678,0.8335076007497054,2024-11-20T00:00Z,37.9639625892084,22.432993929461944,15.530968659746456,24
401628558,2024,13,2024-11-23T01:00Z,127,2509,Michigan State Spartans,Purdue Boilermakers,24,17,False,True,0.8327689164660408,1,0.8032627473662817,0.8619748532113874,2024-11-20T00:00Z,33.19892436826366,20.866601480415,12.332322887848662,7
401643767,2024,13,2024-11-23T03:00Z,23,2439,San José State Spartans,UNLV Rebels,16,27,False,True,0.413415188104409,0,0.4570497456223982,0.23935057958453831,2024-11-20T00:00Z,27.70489979089777,32.417311243378954,-4.712411452481184,-11
401628555,2024,13,2024-11-23T17:00Z,194,84,Ohio State Buckeyes,Indiana Hoosiers,38,15,False,True,0.8233559551656849,1,0.8300747883682207,0.7501706164770622,2024-11-20T00:00Z,32.79774262622571,21.127454427681318,11.670288198544394,23
401635618,2024,13,2024-11-23T17:00Z,2390,154,Miami Hurricanes,Wake Forest Demon Deacons,42,14,False,True,0.9425661676194539,1,0.9178502470084731,0.9574020000645443,2024-11-20T00:00Z,44.755767156810364,23.165487606241562,21.590279550568802,28
401628429,2024,13,2024-11-23T17:00Z,57,145,Florida Gators,Ole Miss Rebels,24,17,False,True,0.26815642741490764,1,0.22223458999186765,0.16831998946003668,2024-11-20T00:00Z,21.588358486211426,32.10382495746292,-10.515466471251493,7
401635619,2024,13,2024-11-23T17:00Z,258,2567,Virginia Cavaliers,SMU Mustangs,7,33,False,True,0.23176809062187947,0,0.19305619607823057,0.18668665894831032,2024-11-20T00:00Z,24.228632407801065,34.648529799925456,-10.41989739212439,-26
401628554,2024,13,2024-11-23T17:00Z,164,356,Rutgers Scarlet Knights,Illinois Fighting Illini,31,38,False,True,0.5014753660400166,0,0.5086895951011232,0.5188089780020703,2024-11-20T00:00Z,25.569503750593917,24.406956489953423,1.162547260640494,-7
401628556,2024,13,2024-11-23T17:00Z,120,2294,Maryland Terrapins,Iowa Hawkeyes,13,29,False,True,0.34632254476286667,0,0.34505354253025955,0.2667949376185719,2024-11-20T00:00Z,23.23498341312476,29.24524943772726,-6.010266024602501,-16
401635518,2024,13,2024-11-23T17:00Z,183,41,Syracuse Orange,UConn Huskies,31,24,False,True,0.7069453275287092,1,0.6671442617823014,0.7464507320373606,2024-11-20T00:00Z,30.217109092568172,22.784268755157434,7.432840337410738,7
401635612,2024,13,2024-11-23T17:00Z,103,153,Boston College Eagles,North Carolina Tar Heels,41,21,False,True,0.39675484091074564,1,0.3999836491123915,0.42956332816238335,2024-11-20T00:00Z,29.364704313442274,31.019223818812428,-1.6545195053701534,20
401641005,2024,13,2024-11-23T17:00Z,55,2534,Jacksonville State Gamecocks,Sam Houston Bearkats,21,11,False,True,0.7007658792492535,1,0.7508985991077785,0.6321790451032726,2024-11-20T00:00Z,32.1407423806168,25.16727230650304,6.973470074113759,10
401628430,2024,13,2024-11-23T17:45Z,61,113,Georgia Bulldogs,Massachusetts Minutemen,59,21,False,True,0.9934579650540464,1,0.98982832740072,0.9959007467221777,2024-11-20T00:00Z,45.90873939879644,7.938908736250175,37.969830662546265,38
401628435,2024,13,2024-11-23T18:00Z,2633,2638,Tennessee Volunteers,UTEP Miners,56,0,False,True,0.978212967113833,1,0.9661239925604397,0.990984314163485,2024-11-20T00:00Z,39.271886954716194,8.780864147759669,30.491022806956526,56
401640996,2024,13,2024-11-23T18:00Z,2335,98,Liberty Flames,Western Kentucky Hilltoppers,38,21,False,True,0.593634948982323,1,0.642655912164601,0.4706158168015044,2024-11-20T00:00Z,28.85430902113255,27.026957481098638,1.8273515400339129,17
401644774,2024,13,2024-11-23T19:00Z,2050,189,Ball State Cardinals,Bowling Green Falcons,13,38,False,True,0.21871550759897618,0,0.22831366843167855,0.1343248418096368,2024-11-20T00:00Z,21.787515476967606,32.41317877723786,-10.625663300270254,-25
401645373,2024,13,2024-11-23T19:00Z,5,242,UAB Blazers,Rice Owls,40,14,False,True,0.41301197991663263,1,0.40506829435321495,0.32173563889936885,2024-11-20T00:00Z,26.20763544299238,30.02715910199401,-3.8195236590016286,26
401641027,2024,13,2024-11-23T19:30Z,2393,166,Middle Tennessee Blue Raiders,New Mexico State Aggies,21,36,False,True,0.6594829233754035,0,0.5994309802133613,0.6218988807017335,2024-11-20T00:00Z,28.520578749971126,23.823371300365974,4.697207449605152,-15
401643836,2024,13,2024-11-23T19:30Z,2026,256,App State Mountaineers,James Madison Dukes,34,20,False,True,0.23339014881899955,1,0.2678204356975827,0.10046418771599121,2024-11-20T00:00Z,24.465239539319953,36.9978606876861,-12.532621148366147,14
401636935,2024,13,2024-11-23T20:00Z,2628,12,TCU Horned Frogs,Arizona Wildcats,49,28,False,True,0.7324583238788438,1,0.7443417823743432,0.7298743133485864,2024-11-20T00:00Z,33.45244184741796,25.29017473670983,8.162267110708129,21
401640987,2024,13,2024-11-23T20:00Z,338,2229,Kennesaw State Owls,Florida International Panthers,27,26,False,True,0.36184239018154113,1,0.4998258022530292,0.3150659958885694,2024-11-20T00:00Z,22.594426216473522,23.793725702087233,-1.199299485613711,1
401643839,2024,13,2024-11-23T20:00Z,2032,2433,Arkansas State Red Wolves,UL Monroe Warhawks,28,21,False,True,0.4960836749161816,1,0.669032711085422,0.5083847755104434,2024-11-20T00:00Z,29.341822217154416,25.33664528697554,4.005176930178877,7
401643841,2024,13,2024-11-23T20:00Z,2572,6,Southern Miss Golden Eagles,South Alabama Jaguars,14,35,False,True,0.10464729577738122,0,0.09173629394775923,0.060591008964382326,2024-11-20T00:00Z,16.04769313959808,35.42082578568545,-19.37313264608737,-21
401645371,2024,13,2024-11-23T20:00Z,2226,2429,Florida Atlantic Owls,Charlotte 49ers,27,39,False,True,0.5069605227171473,0,0.553907760768562,0.4581038006695,2024-11-20T00:00Z,28.310529951309764,25.985602047669836,2.324927903639928,-12
401628436,2024,13,2024-11-23T20:30Z,251,96,Texas Longhorns,Kentucky Wildcats,31,14,False,True,0.9210612455443675,1,0.9143382041477437,0.9360512816526072,2024-11-20T00:00Z,32.322987819692415,11.587052105199165,20.73593571449325,17
401628559,2024,13,2024-11-23T20:30Z,135,213,Minnesota Golden Gophers,Penn State Nittany Lions,25,26,False,True,0.162636738055817,0,0.17540643067514436,0.20383189443868593,2024-11-20T00:00Z,16.133815176846483,26.378245079218253,-10.24442990237177,-1
401636930,2024,13,2024-11-23T20:30Z,9,252,Arizona State Sun Devils,BYU Cougars,28,23,False,True,0.47363413219130435,1,0.506085970589161,0.47289939616324317,2024-11-20T00:00Z,24.85526463947835,24.36038431282215,0.49488032665620096,5
401636932,2024,13,2024-11-23T20:30Z,2305,38,Kansas Jayhawks,Colorado Buffaloes,37,21,False,True,0.4982874177124979,1,0.5770589126797883,0.4037027366973117,2024-11-20T00:00Z,30.968105853927337,30.596201708416416,0.3719041455109213,16
401628557,2024,13,2024-11-23T20:30Z,130,77,Michigan Wolverines,Northwestern Wildcats,50,6,False,True,0.8299185159578661,1,0.8345379706730685,0.7726922251016368,2024-11-20T00:00Z,25.507272621256583,13.638599994262545,11.868672626994037,44
401628560,2024,13,2024-11-23T20:30Z,158,275,Nebraska Cornhuskers,Wisconsin Badgers,44,25,False,True,0.45474073028899326,1,0.44733606957827915,0.44228186847603684,2024-11-20T00:00Z,18.102954838983,19.269993649983228,-1.1670388110002285,19
401635613,2024,13,2024-11-23T20:30Z,25,24,California Golden Bears,Stanford Cardinal,24,21,False,True,0.8743403792885873,1,0.8780599148876014,0.884625755140995,2024-11-20T00:00Z,35.37788483619073,19.05422574681064,16.32365908938009,3
401636934,2024,13,2024-11-23T20:30Z,197,2641,Oklahoma State Cowboys,Texas Tech Red Raiders,48,56,False,True,0.3413074904283852,0,0.39261925725863667,0.32788702864926655,2024-11-20T00:00Z,30.60744204737414,33.51814464245275,-2.9107025950786074,-8
401636937,2024,13,2024-11-23T20:30Z,277,2116,West Virginia Mountaineers,UCF Knights,31,21,False,True,0.42301295832115743,1,0.4552608349528872,0.4311064954555148,2024-11-20T00:00Z,30.716595301007974,31.19248458035672,-0.4758892793487455,10
401643766,2024,13,2024-11-23T20:30Z,328,21,Utah State Aggies,San Diego State Aztecs,41,20,False,True,0.6232663294219851,1,0.651327173413609,0.5796916878325569,2024-11-20T00:00Z,32.02944029739498,28.447530254902343,3.581910042492634,21
401643837,2024,13,2024-11-23T20:30Z,324,290,Coastal Carolina Chanticleers,Georgia Southern Eagles,6,26,False,True,0.6342631351545678,0,0.6060663575726737,0.5054282787803056,2024-11-20T00:00Z,32.77262877723585,30.363975054387765,2.4086537228480864,-20
401645372,2024,13,2024-11-23T20:30Z,249,151,North Texas Mean Green,East Carolina Pirates,28,40,False,True,0.572450613395728,0,0.5802366373926513,0.6179214706591177,2024-11-20T00:00Z,37.54097311473304,34.04371417956712,3.497258935165924,-12
401645375,2024,13,2024-11-23T20:30Z,58,202,South Florida Bulls,Tulsa Golden Hurricane,63,30,False,True,0.8963725575276486,1,0.8712629510166159,0.9228023818417328,2024-11-20T00:00Z,38.95008978810743,21.873870367798826,17.0762194203086,33
401628427,2024,13,2024-11-23T21:00Z,8,2348,Arkansas Razorbacks,Louisiana Tech Bulldogs,35,14,False,True,0.891667902380768,1,0.8072853389955887,0.8980858224547623,2024-11-20T00:00Z,30.560916275078448,17.937845583068288,12.62307069201016,21
401635617,2024,13,2024-11-23T21:00Z,97,221,Louisville Cardinals,Pittsburgh Panthers,37,9,False,True,0.719470899896408,1,0.7428399021726879,0.7462316240970966,2024-11-20T00:00Z,32.36351574738784,23.115893611164385,9.247622136223452,28
401628432,2024,13,2024-11-23T21:15Z,344,142,Mississippi State Bulldogs,Missouri Tigers,20,39,False,True,0.31469144323405696,0,0.2856892535467632,0.20912891980983295,2024-11-20T00:00Z,23.164254555392517,32.00683990533652,-8.842585349944002,-19
401643840,2024,13,2024-11-23T22:00Z,309,2653,Louisiana Ragin' Cajuns,Troy Trojans,51,30,False,True,0.8130491360705822,1,0.7462188322168455,0.8041743249600168,2024-11-20T00:00Z,30.0877753660824,20.110679347188643,9.977096018893757,21
401640959,2024,13,2024-11-24T00:00Z,87,349,Notre Dame Fighting Irish,Army Black Knights,49,14,True,True,0.8730460833119603,1,0.8033589090218671,0.886133417653869,2024-11-20T00:00Z,29.129912422836533,15.353956833224139,13.775955589612394,35
401643764,2024,13,2024-11-24T00:00Z,2751,68,Wyoming Cowboys,Boise State Broncos,13,17,False,True,0.08766397702187692,0,0.11722544632958441,0.05374798512061534,2024-11-20T00:00Z,21.12362624355866,38.208157041544816,-17.084530797986154,-4
401628572,2024,13,2024-11-24T00:00Z,204,265,Oregon State Beavers,Washington State Cougars,41,38,False,True,0.3124317415499175,1,0.3551600947484473,0.22584925386534344,2024-11-20T00:00Z,25.56894882811517,32.11397898795169,-6.5450301598365215,3
401636931,2024,13,2024-11-24T00:00Z,248,239,Houston Cougars,Baylor Bears,10,20,False,True,0.3187118651986878,0,0.39934006584710297,0.2856221337576899,2024-11-20T00:00Z,23.360200374743297,28.08525823503189,-4.725057860288594,-10
401643842,2024,13,2024-11-24T00:00Z,326,2247,Texas State Bobcats,Georgia State Panthers,44,52,False,True,0.9106577029348935,0,0.9113276485963898,0.9336035758312126,2024-11-20T00:00Z,37.677888936030214,18.46688898143347,19.210999954596744,-8
401628433,2024,13,2024-11-24T00:30Z,201,333,Oklahoma Sooners,Alabama Crimson Tide,24,3,False,True,0.15401461150775542,1,0.21111667642243498,0.12580315019836744,2024-11-20T00:00Z,20.89618005930074,32.88351037354124,-11.987330314240502,21
401628428,2024,13,2024-11-24T00:30Z,2,245,Auburn Tigers,Texas A&M Aggies,43,41,False,True,0.4096827930445195,1,0.4438863631274339,0.33370243280735307,2024-11-20T00:00Z,19.861162029553988,23.43920545799871,-3.5780434284447225,2
401636936,2024,13,2024-11-24T00:30Z,254,66,Utah Utes,Iowa State Cyclones,28,31,False,True,0.2855922962920373,0,0.3750608711887832,0.21104195955032418,2024-11-20T00:00Z,17.189430330263118,23.954152999237195,-6.764722668974077,-3
401643838,2024,13,2024-11-24T00:30Z,295,276,Old Dominion Monarchs,Marshall Thundering Herd,35,42,False,True,0.6682533065441746,0,0.6139278951202836,0.5963709006910015,2024-11-20T00:00Z,26.513757914690625,23.052819286839206,3.4609386278514194,-7
401628431,2024,13,2024-11-24T00:45Z,99,238,LSU Tigers,Vanderbilt Commodores,24,17,False,True,0.8440661728445528,1,0.844991183163958,0.7770015065675492,2024-11-20T00:00Z,33.23638047241246,21.755056226201717,11.481324246210747,7
401635615,2024,13,2024-11-24T01:00Z,150,259,Duke Blue Devils,Virginia Tech Hokies,31,28,False,True,0.4807034883375649,1,0.499668588877171,0.4181496474527661,2024-11-20T00:00Z,24.938963891030458,24.56398836352775,0.3749755275027091,3
401636933,2024,13,2024-11-24T01:00Z,2306,2132,Kansas State Wildcats,Cincinnati Bearcats,41,15,False,True,0.7542464273761468,1,0.7682989518680985,0.6997733798925416,2024-11-20T00:00Z,29.84478103268899,20.66284022519094,9.181940807498048,26
401628561,2024,13,2024-11-24T03:30Z,26,30,UCLA Bruins,USC Trojans,13,19,False,True,0.2987487950597284,0,0.3564163910367456,0.24632299844872343,2024-11-20T00:00Z,24.141279723297984,30.00298559063003,-5.861705867332045,-6
401643763,2024,13,2024-11-24T03:30Z,2440,2005,Nevada Wolf Pack,Air Force Falcons,19,22,False,True,0.5547125570558521,0,0.39225465047289587,0.5775474695157867,2024-11-20T00:00Z,22.073086352099924,22.062707721972185,0.010378630127739541,-3
401643765,2024,13,2024-11-24T03:30Z,278,36,Fresno State Bulldogs,Colorado State Rams,28,22,False,True,0.610036399181955,1,0.6382880568671307,0.6243821272722532,2024-11-20T00:00Z,25.338268970738863,19.779947403525128,5.558321567213735,6
401644775,2024,14,2024-11-27T00:00Z,2006,2649,Akron Zips,Toledo Rockets,21,14,False,True,0.2541048341313268,1,0.24970643606081971,0.20399253209213825,2024-11-27T00:00Z,20.82939768958381,30.092544977607076,-9.263147288023266,7
401644776,2024,14,2024-11-27T00:00Z,2084,2309,Buffalo Bulls,Kent State Golden Flashes,43,7,False,True,0.9046739681831225,1,0.9235981230978498,0.9382938187507776,2024-11-27T00:00Z,42.172004933264574,21.121752204563627,21.050252728700947,36
401645376,2024,14,2024-11-29T00:30Z,2655,235,Tulane Green Wave,Memphis Tigers,24,34,False,True,0.8197856419558323,0,0.7990999334788809,0.8723774449405512,2024-11-27T00:00Z,36.162351528175584,22.69510396876694,13.467247559408644,-10
401643769,2024,14,2024-11-29T17:00Z,68,204,Boise State Broncos,Oregon State Beavers,34,18,False,True,0.9159605649520512,1,0.9010510071995917,0.9220305732426859,2024-11-27T00:00Z,39.56537158614209,21.381733864241372,18.18363772190072,16
401636938,2024,14,2024-11-29T17:00Z,38,197,Colorado Buffaloes,Oklahoma State Cowboys,52,0,False,True,0.8429979776401655,1,0.7834066645027793,0.8775799008435996,2024-11-27T00:00Z,39.07508047382477,25.614257852345613,13.460822621479156,52
401628568,2024,14,2024-11-29T17:00Z,275,135,Wisconsin Badgers,Minnesota Golden Gophers,7,24,False,True,0.580989256586619,0,0.5955621018422173,0.5110246959487428,2024-11-27T00:00Z,22.8880295564678,20.94791937884772,1.940110177620081,-17
401644691,2024,14,2024-11-29T17:00Z,189,193,Bowling Green Falcons,Miami (OH) RedHawks,12,28,False,True,0.4772472222154349,0,0.5707836197159468,0.6009501001920038,2024-11-27T00:00Z,20.953144520486195,17.418439921933942,3.5347045985522527,-16
401644777,2024,14,2024-11-29T17:00Z,195,2050,Ohio Bobcats,Ball State Cardinals,42,21,False,True,0.9120553293694895,1,0.9251498819651947,0.9267063043780891,2024-11-27T00:00Z,37.084532717376675,17.22611729446762,19.858415422909054,21
401645379,2024,14,2024-11-29T17:00Z,151,2426,East Carolina Pirates,Navy Midshipmen,20,34,False,True,0.5705264657444726,0,0.5690147851129439,0.34133806484854784,2024-11-27T00:00Z,26.03578381209893,27.034030235797175,-0.9982464236982445,-14
401628442,2024,14,2024-11-29T20:30Z,145,344,Ole Miss Rebels,Mississippi State Bulldogs,26,14,False,True,0.9443867621093385,1,0.9492719751731482,0.9736032144190309,2024-11-27T00:00Z,41.58985065830894,15.46036702742797,26.12948363088097,12
401640997,2024,14,2024-11-29T20:30Z,2534,2335,Sam Houston Bearkats,Liberty Flames,20,18,False,True,0.46262699808666913,1,0.40177409496747496,0.5237693154963287,2024-11-27T00:00Z,23.549373117625866,23.613094680567578,-0.06372156294171205,2
401643770,2024,14,2024-11-29T20:30Z,36,328,Colorado State Rams,Utah State Aggies,42,37,False,True,0.7148172545636176,1,0.659481880455469,0.7160923591547669,2024-11-27T00:00Z,34.19655440150835,27.101048953973166,7.095505447535185,5
401643843,2024,14,2024-11-29T20:30Z,6,326,South Alabama Jaguars,Texas State Bobcats,38,45,False,True,0.5351302147284721,0,0.5475690276203047,0.4032292937275489,2024-11-27T00:00Z,29.741719751692173,28.70233608483758,1.0393836668545937,-7
401635625,2024,14,2024-11-29T21:00Z,23,24,San José State Spartans,Stanford Cardinal,34,31,False,True,0.7507599866218363,1,0.809628335740751,0.6595563693830625,2024-11-27T00:00Z,31.149540433917686,21.892557396680385,9.256983037237301,3
401628439,2024,14,2024-11-30T00:30Z,61,59,Georgia Bulldogs,Georgia Tech Yellow Jackets,44,42,False,True,0.931168001016158,1,0.9179533016435171,0.9071392840175114,2024-11-27T00:00Z,34.37545721703853,16.00254044442852,18.37291677261001,2
401628562,2024,14,2024-11-30T00:30Z,2294,158,Iowa Hawkeyes,Nebraska Cornhuskers,13,10,False,True,0.7497711844871021,1,0.7194752974273186,0.7364462555613451,2024-11-27T00:00Z,25.390193663814678,16.407060909762762,8.983132754051915,3
401636939,2024,14,2024-11-30T01:00Z,2116,254,UCF Knights,Utah Utes,14,28,False,True,0.7349447670879393,0,0.7111145145375806,0.682330570979178,2024-11-27T00:00Z,27.014609352937853,21.02438246197948,5.990226890958372,-14
401628566,2024,14,2024-11-30T17:00Z,194,130,Ohio State Buckeyes,Michigan Wolverines,10,13,False,True,0.8836591280386709,0,0.873815291783152,0.9212226090930401,2024-11-27T00:00Z,30.71182165048786,13.549650424842268,17.162171225645594,-3
401628446,2024,14,2024-11-30T17:00Z,238,2633,Vanderbilt Commodores,Tennessee Volunteers,23,36,False,True,0.16498944937317916,0,0.15276544410172782,0.18203918013241271,2024-11-27T00:00Z,18.00254045102294,29.364138447845054,-11.361597996822113,-13
401628444,2024,14,2024-11-30T17:00Z,228,2579,Clemson Tigers,South Carolina Gamecocks,14,17,False,True,0.5246991556810903,0,0.552462815389106,0.4435379656644304,2024-11-27T00:00Z,27.67280743743147,26.59123775546045,1.0815696819710183,-3
401628563,2024,14,2024-11-30T17:00Z,77,356,Northwestern Wildcats,Illinois Fighting Illini,28,38,True,True,0.2990759370799345,0,0.2637060397484924,0.2472857468772295,2024-11-27T00:00Z,19.701740495732565,27.59163364475862,-7.889893149026054,-10
401628440,2024,14,2024-11-30T17:00Z,96,97,Kentucky Wildcats,Louisville Cardinals,14,41,False,True,0.43495528795573735,0,0.4113113389510592,0.3674409212188757,2024-11-27T00:00Z,23.372697576626837,26.162206098853005,-2.7895085222261677,-27
401629038,2024,14,2024-11-30T17:00Z,113,41,Massachusetts Minutemen,UConn Huskies,42,47,False,True,0.2878629682556888,0,0.2514919260387617,0.16728532722419168,2024-11-27T00:00Z,22.40449740692122,31.30503938223046,-8.900541975309242,-5
401635622,2024,14,2024-11-30T17:00Z,154,150,Wake Forest Demon Deacons,Duke Blue Devils,17,23,False,True,0.35063679937407743,0,0.3477395547215329,0.27804969994619083,2024-11-27T00:00Z,24.247789817593315,30.519005139326147,-6.271215321732832,-6
401636941,2024,14,2024-11-30T17:00Z,239,2305,Baylor Bears,Kansas Jayhawks,45,17,False,True,0.5693964070675865,1,0.5096732066346756,0.4621299522274301,2024-11-27T00:00Z,31.103412821940356,31.458677149186094,-0.3552643272457381,28
401636945,2024,14,2024-11-30T17:00Z,2641,277,Texas Tech Red Raiders,West Virginia Mountaineers,52,15,False,True,0.5717173115199009,1,0.614151160359512,0.6024972902461012,2024-11-27T00:00Z,35.06199817523275,30.787001271825204,4.274996903407548,37
401643848,2024,14,2024-11-30T17:00Z,2433,309,UL Monroe Warhawks,Louisiana Ragin' Cajuns,23,37,False,True,0.2263103542283111,0,0.16686543254700748,0.1723036591733833,2024-11-27T00:00Z,21.56265493861517,33.52940831558617,-11.966753376970996,-14
401645378,2024,14,2024-11-30T17:00Z,349,2636,Army Black Knights,UTSA Roadrunners,29,24,False,True,0.7662201431958813,1,0.7226394521451751,0.8649338682068832,2024-11-27T00:00Z,32.56089795703059,21.199938884781332,11.360959072249258,5
401645381,2024,14,2024-11-30T17:00Z,218,249,Temple Owls,North Texas Mean Green,17,24,False,True,0.23951775576035758,0,0.2391357644860378,0.20786530470827166,2024-11-27T00:00Z,29.975699937942103,38.52209477538902,-8.546394837446918,-7
401644780,2024,14,2024-11-30T18:30Z,2711,2199,Western Michigan Broncos,Eastern Michigan Eagles,26,18,False,True,0.6503976037148339,1,0.64315447462719,0.6460157852651444,2024-11-27T00:00Z,32.926445588160476,27.412322110146725,5.514123478013751,8
401640988,2024,14,2024-11-30T19:00Z,2229,2393,Florida International Panthers,Middle Tennessee Blue Raiders,35,24,False,True,0.7578086475151062,1,0.7457768529896558,0.8348895321135682,2024-11-27T00:00Z,29.37798933546847,18.43389045778994,10.944098877678531,11
401643845,2024,14,2024-11-30T19:00Z,2247,324,Georgia State Panthers,Coastal Carolina Chanticleers,27,48,False,True,0.4653651724243458,0,0.5096278069583349,0.497283924024066,2024-11-27T00:00Z,29.33628366049351,28.260144177648833,1.0761394828446775,-21
401643849,2024,14,2024-11-30T19:00Z,2653,2572,Troy Trojans,Southern Miss Golden Eagles,52,20,False,True,0.88675122544119,1,0.9187406189479297,0.9135087040938711,2024-11-27T00:00Z,34.649709016846,15.051547482128711,19.598161534717292,32
401645382,2024,14,2024-11-30T19:00Z,242,58,Rice Owls,South Florida Bulls,35,28,False,True,0.43538507415079775,1,0.43811242086519875,0.34181747932967793,2024-11-27T00:00Z,25.027670273300693,28.145942299531693,-3.1182720262310006,7
401635620,2024,14,2024-11-30T20:00Z,103,221,Boston College Eagles,Pittsburgh Panthers,34,23,False,True,0.49277776191778166,1,0.5470789433338688,0.5511523929949035,2024-11-27T00:00Z,27.50158216330129,24.190939037569485,3.3106431257318043,11
401643847,2024,14,2024-11-30T20:00Z,2032,295,Arkansas State Red Wolves,Old Dominion Monarchs,32,40,False,True,0.30010452564112455,0,0.36280930006713863,0.26011187895979804,2024-11-27T00:00Z,25.018305376676718,29.66303196398675,-4.644726587310032,-8
401628565,2024,14,2024-11-30T20:30Z,213,120,Penn State Nittany Lions,Maryland Terrapins,44,7,False,True,0.9307069526493618,1,0.9391671617863705,0.9284026423980516,2024-11-27T00:00Z,36.56243621360939,15.212707284302702,21.349728929306686,37
401628571,2024,14,2024-11-30T20:30Z,30,87,USC Trojans,Notre Dame Fighting Irish,35,49,False,True,0.21969166501298318,0,0.24180056775284087,0.2122452910649792,2024-11-27T00:00Z,24.077141732342703,33.72088140598353,-9.64373967364083,-14
401635623,2024,14,2024-11-30T20:30Z,183,2390,Syracuse Orange,Miami Hurricanes,42,38,False,True,0.11301211372299234,1,0.19543855643750485,0.1386277880389979,2024-11-27T00:00Z,27.933001583737163,38.979906934312105,-11.046905350574942,4
401635621,2024,14,2024-11-30T20:30Z,2567,25,SMU Mustangs,California Golden Bears,38,6,False,True,0.7942585892093251,1,0.8538357792966027,0.8316088242966373,2024-11-27T00:00Z,35.41877257999264,22.02930115975256,13.389471420240081,32
401628437,2024,14,2024-11-30T20:30Z,333,2,Alabama Crimson Tide,Auburn Tigers,28,14,False,True,0.8893533382235917,1,0.8588373673633558,0.9175467846966312,2024-11-27T00:00Z,33.34908340363449,15.419882206534233,17.929201197100255,14
401636940,2024,14,2024-11-30T20:30Z,12,9,Arizona Wildcats,Arizona State Sun Devils,7,49,False,True,0.4081944506037878,0,0.4147432813846196,0.2446529671329831,2024-11-27T00:00Z,23.966533086774767,28.67810264812702,-4.711569561352253,-42
401628443,2024,14,2024-11-30T20:30Z,142,8,Missouri Tigers,Arkansas Razorbacks,28,21,False,True,0.5747653634592229,1,0.6724590747923803,0.6969380999378862,2024-11-27T00:00Z,29.663402341916598,21.232687815932977,8.430714525983621,7
401628567,2024,14,2024-11-30T20:30Z,127,164,Michigan State Spartans,Rutgers Scarlet Knights,14,41,False,True,0.5856069885612016,0,0.5089372787933839,0.40271116952528363,2024-11-27T00:00Z,22.54057460887865,24.151203385407282,-1.6106287765286318,-27
401628570,2024,14,2024-11-30T20:30Z,26,278,UCLA Bruins,Fresno State Bulldogs,20,13,False,True,0.7268819651648768,1,0.6572909371756666,0.7072262215183416,2024-11-27T00:00Z,25.335057843126464,20.317710024161116,5.017347818965348,7
401635624,2024,14,2024-11-30T20:30Z,153,152,North Carolina Tar Heels,NC State Wolfpack,30,35,False,True,0.6551514008403905,0,0.6397153256209082,0.6706313586031557,2024-11-27T00:00Z,34.9094439533381,29.59762317882038,5.311820774517717,-5
401644779,2024,14,2024-11-30T20:30Z,2459,2117,Northern Illinois Huskies,Central Michigan Chippewas,24,16,False,True,0.850619905973979,1,0.8209373305783547,0.8924477814320966,2024-11-27T00:00Z,29.266448022147184,14.034710438412894,15.23173758373429,8
401645377,2024,14,2024-11-30T20:30Z,2429,5,Charlotte 49ers,UAB Blazers,29,27,False,True,0.5518236017429589,1,0.5164395625354842,0.6191853529887461,2024-11-27T00:00Z,33.87535396536962,31.05067268108281,2.824681284286811,2
401645380,2024,14,2024-11-30T20:30Z,202,2226,Tulsa Golden Hurricane,Florida Atlantic Owls,16,63,False,True,0.4264062970180798,0,0.4735698905908388,0.3553687782006825,2024-11-27T00:00Z,28.457711665196243,30.638975469834705,-2.181263804638462,-47
401641006,2024,14,2024-11-30T21:00Z,98,55,Western Kentucky Hilltoppers,Jacksonville State Gamecocks,19,17,False,True,0.45637792093375595,1,0.4372136519936716,0.4725235174526026,2024-11-27T00:00Z,31.31527424031134,31.479860514170426,-0.16458627385908642,2
401641014,2024,14,2024-11-30T21:00Z,2348,338,Louisiana Tech Bulldogs,Kennesaw State Owls,33,0,False,True,0.7300816000787071,1,0.6369237054104494,0.7224788289464409,2024-11-27T00:00Z,25.76630302655804,19.57697282801543,6.1893301985426135,33
401641031,2024,14,2024-11-30T21:00Z,166,2638,New Mexico State Aggies,UTEP Miners,35,42,False,True,0.5756722000011671,0,0.6298983955424796,0.5284160257432122,2024-11-27T00:00Z,28.825344237898282,25.36712548368197,3.458218754216311,-7
401636943,2024,14,2024-11-30T23:00Z,2132,2628,Cincinnati Bearcats,TCU Horned Frogs,13,20,False,True,0.4468667291156231,0,0.409752659247107,0.5088331206213921,2024-11-27T00:00Z,28.890410421809364,29.54399705624711,-0.6535866344377474,-7
401643844,2024,14,2024-11-30T23:00Z,290,2026,Georgia Southern Eagles,App State Mountaineers,29,20,False,True,0.5660801456586989,1,0.5556663218231863,0.7148922076511072,2024-11-27T00:00Z,33.67133221850909,28.15365228834063,5.5176799301684625,9
401643773,2024,14,2024-11-30T23:30Z,265,2751,Washington State Cougars,Wyoming Cowboys,14,15,False,True,0.8652936105370653,0,0.8271251667675972,0.8821762170091687,2024-11-27T00:00Z,34.664719259887256,20.713124665118308,13.951594594768949,-1
401628564,2024,14,2024-12-01T00:00Z,84,2509,Indiana Hoosiers,Purdue Boilermakers,66,0,False,True,0.9576520806045419,1,0.961581532191204,0.9874727307789177,2024-11-27T00:00Z,45.294184760572925,15.934364180503515,29.35982058006941,66
401628438,2024,14,2024-12-01T00:00Z,52,57,Florida State Seminoles,Florida Gators,11,31,False,True,0.21425835937484436,0,0.31861421273225377,0.16025197102995023,2024-11-27T00:00Z,18.340660643782215,26.338519163689405,-7.99785851990719,-20
401628441,2024,14,2024-12-01T00:00Z,99,201,LSU Tigers,Oklahoma Sooners,37,17,False,True,0.5754377072753271,1,0.626356532473912,0.599310157496904,2024-11-27T00:00Z,27.82511995822407,24.27844469473466,3.546675263489412,20
401628569,2024,14,2024-12-01T00:30Z,2483,264,Oregon Ducks,Washington Huskies,49,21,False,True,0.8810675513413607,1,0.8776614464523833,0.8986862795818018,2024-11-27T00:00Z,32.569842852090346,15.78928178753516,16.780561064555187,28
401628445,2024,14,2024-12-01T00:30Z,245,251,Texas A&M Aggies,Texas Longhorns,7,17,False,True,0.2620387916195896,0,0.27853077337755083,0.21219667189697203,2024-11-27T00:00Z,21.77542542219422,29.646632449664967,-7.871207027470746,-10
401636944,2024,14,2024-12-01T00:30Z,66,2306,Iowa State Cyclones,Kansas State Wildcats,29,21,False,True,0.566577075372082,1,0.5462039884440524,0.5876665491446379,2024-11-27T00:00Z,28.013531688478686,25.17595056157892,2.8375811268997673,8
401643772,2024,14,2024-12-01T01:00Z,2439,2440,UNLV Rebels,Nevada Wolf Pack,38,14,False,True,0.8895600451258415,1,0.8923880907620338,0.9156943883002807,2024-11-27T00:00Z,37.75042809605211,19.480003571186845,18.270424524865266,24
401635640,2024,14,2024-12-01T01:00Z,259,258,Virginia Tech Hokies,Virginia Cavaliers,37,17,False,True,0.8038131005813924,1,0.812252196514513,0.8266628763773851,2024-11-27T00:00Z,31.189786202995197,18.491080623329967,12.69870557966523,20
401643846,2024,14,2024-12-01T01:00Z,256,276,James Madison Dukes,Marshall Thundering Herd,33,35,False,True,0.7474027527994426,0,0.764233465266994,0.7486743888598715,2024-11-27T00:00Z,32.34163399336299,22.672825269494925,9.668808723868064,-2
401636942,2024,14,2024-12-01T03:15Z,252,248,BYU Cougars,Houston Cougars,30,18,False,True,0.8214079514524406,1,0.8141408526454863,0.8842736236008796,2024-11-27T00:00Z,26.741342910154685,12.166352371366541,14.574990538788144,12
401643768,2024,14,2024-12-01T03:30Z,21,2005,San Diego State Aztecs,Air Force Falcons,20,31,False,True,0.4607427184129678,0,0.3607727502219755,0.4062529639979784,2024-11-27T00:00Z,18.603838338733826,21.27680283461046,-2.6729644958766343,-11
401643771,2024,14,2024-12-01T04:00Z,62,167,Hawai'i Rainbow Warriors,New Mexico Lobos,38,30,False,True,0.5097623304095524,1,0.4337383443798351,0.49147213424004366,2024-11-27T00:00Z,31.103402760211225,31.26782223489682,-0.16441947468559448,8
401673466,2024,15,2024-12-07T00:00Z,55,98,Jacksonville State Gamecocks,Western Kentucky Hilltoppers,52,12,False,True,0.6910640345290074,1,0.7032886459304828,0.6413826158391126,2024-12-07T00:00Z,32.47081428801111,26.48131134075273,5.989502947258384,40
401673468,2024,15,2024-12-07T01:00Z,68,2439,Boise State Broncos,UNLV Rebels,21,7,False,True,0.6227885606959216,1,0.7168646459166192,0.6404147479411995,2024-12-07T00:00Z,35.14223031775619,28.855339484830488,6.2868908329257,14
401673462,2024,15,2024-12-07T01:00Z,349,2655,Army Black Knights,Tulane Green Wave,35,14,False,True,0.3710014949210822,1,0.3952177338291807,0.327847710288946,2024-12-07T00:00Z,20.95353434919209,24.83869450587081,-3.885160156678719,21
401673465,2024,15,2024-12-07T17:00Z,9,66,Arizona State Sun Devils,Iowa State Cyclones,45,19,True,True,0.41290443568268714,1,0.4395779022762497,0.41858799788809453,2024-12-07T00:00Z,24.527504357007864,27.095880073303768,-2.568375716295904,26
401673467,2024,15,2024-12-07T17:00Z,193,195,Miami (OH) RedHawks,Ohio Bobcats,3,38,True,True,0.5282482053814399,0,0.44395283078343545,0.49343479773851523,2024-12-07T00:00Z,19.18478025132274,19.96390682551289,-0.7791265741901512,-35
401673469,2024,15,2024-12-07T21:00Z,251,61,Texas Longhorns,Georgia Bulldogs,19,22,True,True,0.6315376710311053,0,0.5857616644326993,0.6578751909181488,2024-12-07T00:00Z,27.76263762853001,23.93158968554993,3.831047942980078,-3
401673470,2024,15,2024-12-08T00:30Z,309,276,Louisiana Ragin' Cajuns,Marshall Thundering Herd,3,31,False,True,0.7525633826844738,0,0.7039960537396366,0.6633629107681853,2024-12-07T00:00Z,33.16096280393012,26.392629210409982,6.768333593520136,-28
401673464,2024,15,2024-12-08T01:00Z,2483,213,Oregon Ducks,Penn State Nittany Lions,45,37,True,True,0.5518475387437903,1,0.5420990644250862,0.5737128775117326,2024-12-07T00:00Z,26.162594830160515,24.3183375082481,1.8442573219124156,8
401673463,2024,15,2024-12-08T01:00Z,2567,228,SMU Mustangs,Clemson Tigers,31,34,True,True,0.5360139954704908,0,0.6550860380992223,0.5837203380431274,2024-12-07T00:00Z,30.870763168201368,27.76081036451116,3.1099528036902093,-3
401645383,2024,16,2024-12-14T20:00Z,349,2426,Army Black Knights,Navy Midshipmen,13,31,True,True,0.6420559390977286,0,0.6429862186025253,0.6458011517518214,2024-12-14T20:00Z,23.67393904364105,18.89561199633956,4.778327047301488,-18
401677077,2024,31,2024-12-15T02:00Z,2711,6,Western Michigan Broncos,South Alabama Jaguars,23,30,True,True,0.17142291440958687,0,0.19397035090829168,0.20071824166523228,2024-12-15T02:00Z,24.13882037148644,34.539069434194374,-10.400249062707935,-7
401677080,2024,31,2024-12-18T02:00Z,277,235,West Virginia Mountaineers,Memphis Tigers,37,42,True,True,0.408981411201578,0,0.29649605603034196,0.421144675169558,2024-12-15T02:00Z,28.22570547918172,33.97418396217749,-5.748478482995772,-5
401677079,2024,31,2024-12-18T22:30Z,256,98,James Madison Dukes,Western Kentucky Hilltoppers,27,17,True,True,0.7597017616679486,1,0.7418247675003704,0.8241970244409964,2024-12-15T02:00Z,32.187235634223356,22.370927052047886,9.81630858217547,10
401677081,2024,31,2024-12-19T02:00Z,2439,25,UNLV Rebels,California Golden Bears,24,13,True,True,0.6032617443013667,1,0.6537843698691177,0.6341535443793284,2024-12-15T02:00Z,29.335288319908653,24.212937496141343,5.122350823767309,11
401677082,2024,31,2024-12-20T00:00Z,2534,290,Sam Houston Bearkats,Georgia Southern Eagles,31,26,True,True,0.4944737215255474,1,0.47856805187509854,0.39623488693457243,2024-12-15T02:00Z,22.223704582542783,23.98118796514007,-1.757483382597286,5
401677083,2024,31,2024-12-20T17:00Z,55,195,Jacksonville State Gamecocks,Ohio Bobcats,27,30,True,True,0.42974409679930253,0,0.4496866262162902,0.45073438704115976,2024-12-15T02:00Z,27.317504608107388,28.346840576769274,-1.0293359686618864,-3
401677084,2024,31,2024-12-20T20:30Z,57,2655,Florida Gators,Tulane Green Wave,33,8,True,True,0.5969032274466731,1,0.41324229339850105,0.5156579683883652,2024-12-15T02:00Z,25.79790010910628,27.811593713444402,-2.0136936043381226,25
401677179,2024,31,2024-12-21T01:00Z,87,84,Notre Dame Fighting Irish,Indiana Hoosiers,27,17,False,True,0.8005536306511009,1,0.7966618741268644,0.7194062624543551,2024-12-15T02:00Z,35.77910522179502,25.15177421293881,10.62733100885621,10
401677178,2024,31,2024-12-21T17:00Z,213,2567,Penn State Nittany Lions,SMU Mustangs,38,10,False,True,0.7675606751499927,1,0.6896567429765157,0.6492608234271945,2024-12-15T02:00Z,31.473123795569634,24.94267288827203,6.530450907297606,28
401677176,2024,31,2024-12-21T21:00Z,251,228,Texas Longhorns,Clemson Tigers,38,24,False,True,0.8512382262800392,1,0.8344084991220381,0.8308354320662441,2024-12-15T02:00Z,30.80463776690093,18.472493135623964,12.332144631276968,14
401677177,2024,31,2024-12-22T01:00Z,194,2633,Ohio State Buckeyes,Tennessee Volunteers,42,17,False,True,0.745357157106602,1,0.7177519228147848,0.7204490236194427,2024-12-15T02:00Z,26.96082564218159,18.680778390375586,8.280047251806003,25
401677085,2024,31,2024-12-23T16:00Z,324,2636,Coastal Carolina Chanticleers,UTSA Roadrunners,15,44,False,True,0.5211014911384144,0,0.4824309000136647,0.6097952608704582,2024-12-15T02:00Z,33.16724016820588,31.157403230496435,2.0098369377094443,-29
401677086,2024,31,2024-12-23T19:30Z,278,2459,Fresno State Bulldogs,Northern Illinois Huskies,20,28,True,True,0.5203054624280835,0,0.5035935981270613,0.5312320839544479,2024-12-15T02:00Z,21.17135357994108,20.026099933888755,1.1452536460523248,-8
401677087,2024,31,2024-12-25T01:00Z,23,58,San José State Spartans,South Florida Bulls,39,41,True,True,0.5928771333780136,0,0.560307021262492,0.536557969457103,2024-12-15T02:00Z,30.56400342739979,29.51798524835869,1.0460181790410985,-2
401677180,2024,31,2024-12-26T19:00Z,2649,221,Toledo Rockets,Pittsburgh Panthers,48,46,True,True,0.3611727964171878,1,0.5070254713061091,0.29772149512212254,2024-12-15T02:00Z,23.556485050312318,25.387903362494736,-1.831418312182418,2
401677088,2024,31,2024-12-26T22:40Z,2306,164,Kansas State Wildcats,Rutgers Scarlet Knights,44,41,True,True,0.754691657770894,1,0.7350155233254068,0.7144793804116912,2024-12-15T02:00Z,30.25931777756477,22.92970907443332,7.329608703131452,3
401677089,2024,31,2024-12-27T02:10Z,189,2032,Bowling Green Falcons,Arkansas State Red Wolves,31,38,True,True,0.733992339367723,0,0.7275482709886859,0.7747764310480357,2024-12-15T02:00Z,29.757477757771408,21.237062593458095,8.520415164313313,-7
401677090,2024,31,2024-12-27T17:00Z,2426,201,Navy Midshipmen,Oklahoma Sooners,21,20,True,True,0.2783684683447622,1,0.3723806194841255,0.2960012617310312,2024-12-15T02:00Z,21.096909830768652,25.915328843463577,-4.818419012694925,1
401677091,2024,31,2024-12-27T20:30Z,238,59,Vanderbilt Commodores,Georgia Tech Yellow Jackets,35,27,True,True,0.407084798812376,1,0.350351115946131,0.4716671214528595,2024-12-15T02:00Z,24.211540487914725,26.763841872201688,-2.552301384286963,8
401677092,2024,31,2024-12-28T00:00Z,8,2641,Arkansas Razorbacks,Texas Tech Red Raiders,39,26,True,True,0.5964090035806784,1,0.49112973514364977,0.43525221555243415,2024-12-15T02:00Z,30.998401334089866,33.23966596520638,-2.241264631116511,13
401729867,2024,31,2024-12-28T01:00Z,265,183,Washington State Cougars,Syracuse Orange,35,52,True,True,0.5051810801948281,0,0.546070623080709,0.4345947434440728,2024-12-15T02:00Z,31.512267099362123,30.687936314846432,0.8243307845156913,-17
401677093,2024,31,2024-12-28T03:30Z,245,30,Texas A&M Aggies,USC Trojans,31,35,True,True,0.524785081994692,0,0.5063854506583185,0.512161957905622,2024-12-15T02:00Z,28.75468899385295,28.31567478966187,0.43901420419108206,-4
401677094,2024,31,2024-12-28T16:00Z,153,41,North Carolina Tar Heels,UConn Huskies,14,27,True,True,0.7257247267039769,0,0.6435077400803996,0.7011177648907321,2024-12-15T02:00Z,32.514353017180895,27.13135243921098,5.383000577969916,-13
401677095,2024,31,2024-12-28T17:00Z,158,103,Nebraska Cornhuskers,Boston College Eagles,20,15,True,True,0.6243252980818913,1,0.6091506672569512,0.5933763389762062,2024-12-15T02:00Z,24.16337169184731,21.716758084524834,2.446613607322476,5
401677096,2024,31,2024-12-28T19:15Z,2628,309,TCU Horned Frogs,Louisiana Ragin' Cajuns,34,3,True,True,0.6438535672717819,1,0.5962283947959863,0.6508639615276159,2024-12-15T02:00Z,31.942465808060767,29.354186881787676,2.588278926273091,31
401677097,2024,31,2024-12-28T20:30Z,2390,66,Miami Hurricanes,Iowa State Cyclones,41,42,True,True,0.7442095893843347,0,0.6712777010683632,0.6835212669515834,2024-12-15T02:00Z,34.49682041250722,29.495443491544243,5.001376920962976,-1
401677188,2024,31,2024-12-28T21:30Z,36,193,Colorado State Rams,Miami (OH) RedHawks,17,43,True,True,0.35729883166758286,0,0.3643789363511365,0.40733070410765615,2024-12-15T02:00Z,18.132577658739613,21.722673293250782,-3.5900956345111688,-26
401677098,2024,31,2024-12-28T22:45Z,152,151,NC State Wolfpack,East Carolina Pirates,21,26,True,True,0.5918895950260887,0,0.5723815650736734,0.6928342087278829,2024-12-15T02:00Z,32.00481523374733,27.823813330472777,4.181001903274552,-5
401677099,2024,31,2024-12-29T00:30Z,38,252,Colorado Buffaloes,BYU Cougars,14,36,True,True,0.5304782927554523,0,0.5010201018065344,0.5971064633338191,2024-12-15T02:00Z,28.963180596119038,26.17134367906558,2.791836917053459,-22
401677100,2024,31,2024-12-29T02:15Z,349,2348,Army Black Knights,Louisiana Tech Bulldogs,27,6,True,True,0.7710386834327474,1,0.7578716960876306,0.8641005492096202,2024-12-15T02:00Z,25.32590273751651,14.094267992438846,11.231634745077665,21
401677101,2024,31,2024-12-30T19:30Z,142,2294,Missouri Tigers,Iowa Hawkeyes,27,24,True,True,0.4700188729233473,1,0.5299230731240336,0.47003353320063834,2024-12-15T02:00Z,21.877080789640168,21.658638730184236,0.21844205945593131,3
401677102,2024,31,2024-12-31T17:00Z,130,333,Michigan Wolverines,Alabama Crimson Tide,19,13,True,True,0.2470724558994476,1,0.3351225139819489,0.17995203501804183,2024-12-15T02:00Z,18.704063363740318,26.62525088393638,-7.921187520196064,6
401677190,2024,31,2024-12-31T19:00Z,264,97,Washington Huskies,Louisville Cardinals,34,35,True,True,0.3269647913583473,0,0.321687763631803,0.23499787003347297,2024-12-15T02:00Z,23.304268304368158,30.089880579729275,-6.785612275361117,-1
401677103,2024,31,2024-12-31T20:00Z,356,2579,Illinois Fighting Illini,South Carolina Gamecocks,21,17,True,True,0.21457589690832057,1,0.2653578457017942,0.1753320162012373,2024-12-15T02:00Z,20.84162647779899,30.418002826014632,-9.576376348215643,4
401677104,2024,31,2024-12-31T20:30Z,99,239,LSU Tigers,Baylor Bears,44,31,True,True,0.6668769050957508,1,0.6850088989304834,0.6783121174756801,2024-12-15T02:00Z,33.90065787502338,28.46769840015175,5.432959474871627,13
401677181,2024,31,2025-01-01T00:30Z,68,213,Boise State Broncos,Penn State Nittany Lions,14,31,True,True,0.20001705211343335,0,0.3023367060037614,0.26917053660562973,2024-12-15T02:00Z,24.056709904932845,30.688375190286408,-6.631665285353563,-17
401677182,2024,31,2025-01-01T18:00Z,9,251,Arizona State Sun Devils,Texas Longhorns,31,39,True,True,0.14370707612891698,0,0.17928689999195074,0.17255236677901564,2024-12-15T02:00Z,18.034220249892474,29.65645720799626,-11.622236958103787,-8
401677183,2024,31,2025-01-01T22:00Z,2483,194,Oregon Ducks,Ohio State Buckeyes,21,41,True,True,0.427367248885661,0,0.4487219029370143,0.39643748498632075,2024-12-15T02:00Z,24.605964376286124,26.784069727507088,-2.178105351220964,-20
401677184,2024,31,2025-01-02T21:00Z,61,87,Georgia Bulldogs,Notre Dame Fighting Irish,10,23,True,True,0.3872427484734343,0,0.41213562560142775,0.3576384653563136,2024-12-15T02:00Z,26.944664178672916,31.746098080275914,-4.801433901602998,-13
401677105,2024,31,2025-01-03T01:00Z,145,150,Ole Miss Rebels,Duke Blue Devils,52,20,True,True,0.8640224721689269,1,0.8168037647941953,0.8899610089192281,2024-12-15T02:00Z,30.358644911884966,17.410881981567606,12.94776293031736,32
401677106,2024,31,2025-01-03T21:00Z,326,249,Texas State Bobcats,North Texas Mean Green,30,28,True,True,0.7188049813224653,1,0.7376542556975766,0.8261378284750619,2024-12-15T02:00Z,41.05164317458031,31.13032469465743,9.921318479922885,2
401677107,2024,31,2025-01-04T00:30Z,259,135,Virginia Tech Hokies,Minnesota Golden Gophers,10,24,True,True,0.5144219369663642,0,0.5079939871119084,0.5390086996130891,2024-12-15T02:00Z,23.55360452222717,22.783587404655556,0.7700171175716157,-14
401677108,2024,31,2025-01-04T16:00Z,2335,2084,Liberty Flames,Buffalo Bulls,7,26,True,True,0.7300872320428763,0,0.7359774293410535,0.6696434721679119,2024-12-15T02:00Z,32.09310858411844,25.711655196468367,6.3814533876500725,-19
401677189,2024,31,2025-01-10T00:30Z,213,87,Penn State Nittany Lions,Notre Dame Fighting Irish,24,27,True,True,0.36906641822211883,0,0.40754141033157365,0.30868927843069643,2024-12-15T02:00Z,24.54166747373023,30.069917838830378,-5.528250365100149,-3
401677191,2024,31,2025-01-11T00:30Z,251,194,Texas Longhorns,Ohio State Buckeyes,14,28,True,True,0.5017603530257733,0,0.4687504221082244,0.48129007656226447,2024-12-15T02:00Z,20.72322113627844,21.99533701025633,-1.2721158739778886,-14
401677192,2024,31,2025-01-21T00:30Z,87,194,Notre Dame Fighting Irish,Ohio State Buckeyes,23,34,True,True,0.5187168436851157,0,0.5009948985890158,0.4971237204039137,2024-12-15T02:00Z,25.87253551975298,25.199423658948405,0.6731118608045747,-11
401756846,2025,1,2025-08-23T16:00Z,2306,66,Kansas State Wildcats,Iowa State Cyclones,21,24,True,True,0.549781406179571,0,0.5489296527878439,0.48020232798289575,2025-08-23T16:00Z,28.571693744565355,29.092172197374637,-0.5204784528092823,-3
401756847,2025,1,2025-08-23T22:30Z,2305,278,Kansas Jayhawks,Fresno State Bulldogs,31,7,False,True,0.7345550968262611,1,0.700494557976966,0.7662265985039066,2025-08-23T16:00Z,33.35982591536282,21.53514800004283,11.824677915319988,24
401757218,2025,1,2025-08-23T23:00Z,98,2534,Western Kentucky Hilltoppers,Sam Houston Bearkats,41,24,False,True,0.5699238734819886,1,0.5849953426784182,0.5265868411332318,2025-08-23T16:00Z,24.63128446021496,23.13638193368023,1.4949025265347302,17
401754516,2025,1,2025-08-23T23:30Z,62,24,Hawai'i Rainbow Warriors,Stanford Cardinal,23,20,False,True,0.4987016742655546,1,0.5636594547613847,0.456167269055653,2025-08-23T16:00Z,25.9801630959907,26.911796612178886,-0.9316335161881852,3
401762522,2025,1,2025-08-28T21:30Z,58,68,South Florida Bulls,Boise State Broncos,34,7,False,True,0.34517572873920144,1,0.34754557554540655,0.26357427040135634,2025-08-23T16:00Z,27.580528663952776,34.38315863428938,-6.8026299703366035,27
401752794,2025,1,2025-08-28T22:00Z,164,195,Rutgers Scarlet Knights,Ohio Bobcats,34,31,False,True,0.6427905100144595,1,0.44514681812736584,0.5990279184905581,2025-08-23T16:00Z,29.06502071330023,25.431051550679253,3.633969162620975,3
401754373,2025,1,2025-08-28T23:00Z,152,151,NC State Wolfpack,East Carolina Pirates,24,17,False,True,0.6641035818601,1,0.6054918352647429,0.6454224087966189,2025-08-23T16:00Z,32.94185163001257,27.33523137048069,5.60662025953188,7
401756848,2025,1,2025-08-28T23:00Z,2116,55,UCF Knights,Jacksonville State Gamecocks,17,10,False,True,0.7517021935188808,1,0.5596008937658192,0.6529855299984709,2025-08-23T16:00Z,34.827888780461514,28.98272881276823,5.845159967693284,7
401762789,2025,1,2025-08-28T23:00Z,2006,2751,Akron Zips,Wyoming Cowboys,0,10,False,True,0.524616364638407,0,0.5025899194013982,0.4752914354709707,2025-08-23T16:00Z,25.085866936232893,24.33160024072889,0.754266695504004,-10
401752793,2025,1,2025-08-29T00:00Z,135,2084,Minnesota Golden Gophers,Buffalo Bulls,23,10,False,True,0.8770611706764209,1,0.7567870015404458,0.8485876098930767,2025-08-23T16:00Z,33.23748610035115,18.08032038441595,15.1571657159352,13
401752796,2025,1,2025-08-29T01:00Z,2132,158,Cincinnati Bearcats,Nebraska Cornhuskers,17,20,True,True,0.3028546189565405,0,0.41807920713342694,0.4349520389064774,2025-08-23T16:00Z,21.38775591075495,23.906070930831515,-2.518315020076564,-3
401762791,2025,1,2025-08-29T01:00Z,275,193,Wisconsin Badgers,Miami (OH) RedHawks,17,0,False,True,0.7285219122494097,1,0.5839936845653979,0.6749429159341713,2025-08-23T16:00Z,25.993408966764136,19.516804398867034,6.476604567897102,17
401752802,2025,1,2025-08-29T23:00Z,127,2711,Michigan State Spartans,Western Michigan Broncos,23,6,False,True,0.8301892962772258,1,0.6123434865116121,0.6809598159548098,2025-08-23T16:00Z,30.104710167921386,23.52441399803206,6.580296169889326,17
401754374,2025,1,2025-08-29T23:00Z,154,338,Wake Forest Demon Deacons,Kennesaw State Owls,10,9,False,True,0.8717628646027813,1,0.6765632070821287,0.7901442179257329,2025-08-23T16:00Z,33.40709543246248,21.121735606815957,12.28535982564652,1
401761589,2025,1,2025-08-29T23:00Z,2429,2026,Charlotte 49ers,App State Mountaineers,11,34,True,True,0.4183414218090336,0,0.34111895688413796,0.41333267251170197,2025-08-23T16:00Z,28.46629622183721,31.566680050456725,-3.1003838286195133,-23
401752667,2025,1,2025-08-30T00:00Z,239,2,Baylor Bears,Auburn Tigers,24,38,False,True,0.4245307041099819,0,0.5647106099983107,0.6002975740530667,2025-08-23T16:00Z,31.311576685630442,26.31386542534745,4.9977112602829905,-14
401754375,2025,1,2025-08-30T00:00Z,38,59,Colorado Buffaloes,Georgia Tech Yellow Jackets,20,27,False,True,0.6306802450724484,0,0.6093389371776909,0.6850135392242359,2025-08-23T16:00Z,32.122441332162026,24.414686716705386,7.70775461545664,-7
401757224,2025,1,2025-08-30T01:30Z,2534,2439,Sam Houston Bearkats,UNLV Rebels,21,38,False,True,0.32187913955334035,0,0.43044105186874826,0.31951331861424304,2025-08-23T16:00Z,22.24849629428161,27.36349026449186,-5.11499397021025,-17
401760358,2025,1,2025-08-30T02:30Z,23,2117,San José State Spartans,Central Michigan Chippewas,14,16,False,True,0.7841991466859546,0,0.7200451878959411,0.7740491666581941,2025-08-23T16:00Z,32.79815598906687,22.713669933932294,10.084486055134576,-2
401752677,2025,1,2025-08-30T16:00Z,194,251,Ohio State Buckeyes,Texas Longhorns,14,7,False,True,0.6407786484309759,1,0.7112849368318657,0.6582320427181703,2025-08-23T16:00Z,28.565804064000922,21.601229381244618,6.964574682756304,7
401752676,2025,1,2025-08-30T16:00Z,2633,183,Tennessee Volunteers,Syracuse Orange,45,26,True,True,0.8634766395048692,1,0.758579504190702,0.7666807004792905,2025-08-23T16:00Z,34.25645772034607,25.1430588654785,9.113398854867569,19
401752673,2025,1,2025-08-30T16:00Z,2572,344,Southern Miss Golden Eagles,Mississippi State Bulldogs,17,34,False,True,0.14398977991343037,0,0.3039214242001663,0.1664363169420795,2025-08-23T16:00Z,22.417546905807814,35.488615007622165,-13.071068101814351,-17
401752797,2025,1,2025-08-30T16:00Z,120,2226,Maryland Terrapins,Florida Atlantic Owls,39,7,False,True,0.8473391021626362,1,0.6960743004566585,0.8029662700930502,2025-08-23T16:00Z,34.61206120778144,22.506866779105746,12.105194428675691,32
401752801,2025,1,2025-08-30T16:00Z,2509,2050,Purdue Boilermakers,Ball State Cardinals,31,0,False,True,0.6968414903034249,1,0.5586935295994245,0.5976242420529511,2025-08-23T16:00Z,34.00319978989013,30.501355532693694,3.5018442571964385,31
401752803,2025,1,2025-08-30T16:00Z,2655,77,Tulane Green Wave,Northwestern Wildcats,23,3,False,True,0.7269191889406604,1,0.7904534629107001,0.7772344384124891,2025-08-23T16:00Z,31.607443455170603,20.502738156153853,11.10470529901675,20
401752670,2025,1,2025-08-30T16:45Z,96,2649,Kentucky Wildcats,Toledo Rockets,24,16,False,True,0.8197280404159393,1,0.6291404643613039,0.7212023128732021,2025-08-23T16:00Z,29.075777658596145,20.579944778847203,8.495832879748942,8
401752806,2025,1,2025-08-30T18:30Z,84,295,Indiana Hoosiers,Old Dominion Monarchs,27,14,False,True,0.8534185723089763,1,0.793439898116857,0.8845096530486893,2025-08-23T16:00Z,38.67684714551991,20.41662446436846,18.260222681151447,13
401752807,2025,1,2025-08-30T19:30Z,213,2440,Penn State Nittany Lions,Nevada Wolf Pack,46,11,False,True,0.973833669372488,1,0.9287100920648528,0.9441955359969568,2025-08-23T16:00Z,38.4396427265631,13.613973176784508,24.825669549778592,35
401752669,2025,1,2025-08-30T19:30Z,61,276,Georgia Bulldogs,Marshall Thundering Herd,45,7,False,True,0.9694107727890151,1,0.8105419911682161,0.8449403667147257,2025-08-23T16:00Z,34.82113948172213,20.822756847928243,13.998382633793884,38
401752665,2025,1,2025-08-30T19:30Z,52,333,Florida State Seminoles,Alabama Crimson Tide,31,17,False,True,0.10344139375390494,1,0.2380628181622667,0.12617994532766508,2025-08-23T16:00Z,15.897389430676377,30.93338567382152,-15.035996243145142,14
401762456,2025,1,2025-08-30T19:30Z,113,218,Massachusetts Minutemen,Temple Owls,10,42,False,True,0.5091811207875349,0,0.5989367716127483,0.5789844573110521,2025-08-23T16:00Z,32.09157260861279,27.954590900791715,4.136981707821079,-32
401754616,2025,1,2025-08-30T22:00Z,258,324,Virginia Cavaliers,Coastal Carolina Chanticleers,48,7,False,True,0.6444420750921627,1,0.5888844635671331,0.6649341902893705,2025-08-23T16:00Z,31.10885652458009,23.850743413137344,7.258113111442746,41
401752678,2025,1,2025-08-30T23:00Z,245,2636,Texas A&M Aggies,UTSA Roadrunners,42,24,False,True,0.9227756928579874,1,0.6861706696632365,0.8410239398570616,2025-08-23T16:00Z,37.14564191591342,23.511331099593143,13.63431081632028,18
401752671,2025,1,2025-08-30T23:30Z,228,99,Clemson Tigers,LSU Tigers,10,17,False,True,0.5172444628474148,0,0.5336221392387172,0.5294756360089684,2025-08-23T16:00Z,30.37519591989937,28.530636009312616,1.844559910586753,-7
401752808,2025,1,2025-08-30T23:30Z,130,167,Michigan Wolverines,New Mexico Lobos,34,17,False,True,0.9569900579094025,1,0.8663002508721966,0.9037255633445122,2025-08-23T16:00Z,39.575072350541845,20.104404098742695,19.47066825179915,17
401752798,2025,1,2025-08-30T23:30Z,30,2623,USC Trojans,Missouri State Bears,73,13,False,True,0.9367703384260608,1,0.7420559577134767,0.7958243480774914,2025-08-23T16:00Z,35.24274953066035,23.173529510714022,12.069220019946325,60
401757225,2025,1,2025-08-30T23:30Z,328,2638,Utah State Aggies,UTEP Miners,28,16,False,True,0.6894028902629243,1,0.7010672538177527,0.7046790655933229,2025-08-23T16:00Z,38.41854525635323,29.540539971067954,8.878005285285273,12
401752672,2025,1,2025-08-30T23:45Z,145,2247,Ole Miss Rebels,Georgia State Panthers,63,7,False,True,0.9654767886095595,1,0.9038462860260826,0.9487023220232165,2025-08-23T16:00Z,41.1814708124217,15.980866799966822,25.20060401245488,56
401761592,2025,1,2025-08-31T00:00Z,309,242,Louisiana Ragin' Cajuns,Rice Owls,12,14,False,True,0.7076015012004329,0,0.6877803516596308,0.7360769752991483,2025-08-23T16:00Z,29.45787609904886,21.05458499869697,8.40329110035189,-2
401761594,2025,1,2025-08-31T00:00Z,326,2199,Texas State Bobcats,Eastern Michigan Eagles,52,27,False,True,0.8000563019761714,1,0.8097845240285282,0.8488499980984032,2025-08-23T16:00Z,37.18479417978292,22.562429803031524,14.622364376751396,25
401760361,2025,1,2025-08-31T01:30Z,278,290,Fresno State Bulldogs,Georgia Southern Eagles,42,14,False,True,0.6043049289756043,1,0.596944534744059,0.5457334849223338,2025-08-23T16:00Z,28.17793945256499,26.061475609547696,2.116463843017293,28
401752936,2025,1,2025-08-31T02:30Z,204,25,Oregon State Beavers,California Golden Bears,15,34,False,True,0.33079199961791234,0,0.5227697212346853,0.3741525944322018,2025-08-23T16:00Z,23.99416230690895,27.70935693307754,-3.7151946261685893,-19
401756849,2025,1,2025-08-31T02:30Z,12,62,Arizona Wildcats,Hawai'i Rainbow Warriors,40,6,False,True,0.7043353054382411,1,0.6723054765052683,0.7090226888010953,2025-08-23T16:00Z,29.964666089610958,21.976889095805323,7.987776993805635,34
401752800,2025,1,2025-08-31T03:00Z,26,254,UCLA Bruins,Utah Utes,10,43,False,True,0.5773563089467286,0,0.5867646061931082,0.5544955869694956,2025-08-23T16:00Z,22.67103121027731,19.839825124813878,2.8312060854634318,-33
401752805,2025,1,2025-08-31T03:00Z,264,36,Washington Huskies,Colorado State Rams,38,21,False,True,0.8512348801396624,1,0.7521865865858048,0.8029704240866878,2025-08-23T16:00Z,31.625564787340036,19.000567866017548,12.624996921322488,17
401752680,2025,1,2025-08-31T19:00Z,2579,259,South Carolina Gamecocks,Virginia Tech Hokies,24,11,True,True,0.7345580864290578,1,0.6082072916534853,0.648521857198121,2025-08-23T16:00Z,27.331698859732185,22.00946987929975,5.322228980432435,13
401754522,2025,1,2025-08-31T23:30Z,2390,87,Miami Hurricanes,Notre Dame Fighting Irish,27,24,False,True,0.3811567614203582,1,0.39257058142652934,0.3793959054614404,2025-08-23T16:00Z,30.58820608830951,34.36017011229608,-3.7719640239865733,3
401754523,2025,1,2025-09-02T00:00Z,153,2628,North Carolina Tar Heels,TCU Horned Frogs,14,48,False,True,0.3840149293022674,0,0.4379034905268826,0.40833598433325435,2025-08-23T16:00Z,29.10093773092265,32.61177521660901,-3.5108374856863627,-34
401754528,2025,2,2025-09-05T23:00Z,97,256,Louisville Cardinals,James Madison Dukes,28,14,False,True,0.7784643166535389,1,0.6523754903121308,0.7256631799036627,2025-09-05T23:00Z,31.372926610353886,21.505660597058966,9.86726601329492,14
401752826,2025,2,2025-09-05T23:30Z,120,2459,Maryland Terrapins,Northern Illinois Huskies,20,9,False,True,0.7767607788353423,1,0.6245382921259112,0.7586662192050462,2025-09-05T23:00Z,25.95150413627035,14.950768517136876,11.000735619133476,11
401752811,2025,2,2025-09-06T16:00Z,213,2229,Penn State Nittany Lions,Florida International Panthers,34,0,False,True,0.9764278376474631,1,0.9302607343526053,0.9597337701691716,2025-09-05T23:00Z,38.09884908569366,10.41113789966265,27.68771118603101,34
401752693,2025,2,2025-09-06T16:00Z,251,23,Texas Longhorns,San José State Spartans,38,7,False,True,0.974391645839141,1,0.8976376221825262,0.9505262919197245,2025-09-05T23:00Z,30.369507328148504,3.6188250774785438,26.75068225066996,31
401752825,2025,2,2025-09-06T16:00Z,150,356,Duke Blue Devils,Illinois Fighting Illini,19,45,False,True,0.5046612088363801,0,0.5219974801555284,0.48166815358689147,2025-09-05T23:00Z,24.242514430234614,24.784898401135074,-0.5423839709004596,-26
401752822,2025,2,2025-09-06T16:00Z,66,2294,Iowa State Cyclones,Iowa Hawkeyes,16,13,False,True,0.5219757870843663,1,0.5855727976300036,0.5847544445721153,2025-09-05T23:00Z,24.547001383994147,20.81379569292113,3.7332056910730174,3
401754525,2025,2,2025-09-06T16:00Z,2567,239,SMU Mustangs,Baylor Bears,45,48,False,True,0.6806014761152893,0,0.7899767184182511,0.7864498284474328,2025-09-05T23:00Z,37.12646225874684,24.37701499268069,12.749447266066152,-3
401752812,2025,2,2025-09-06T16:00Z,84,338,Indiana Hoosiers,Kennesaw State Owls,56,9,False,True,0.9497912451217251,1,0.8856724766539439,0.956466576851801,2025-09-05T23:00Z,30.682359763720083,5.318721174282542,25.363638589437542,47
401756885,2025,2,2025-09-06T16:00Z,2641,2309,Texas Tech Red Raiders,Kent State Golden Flashes,62,14,False,True,0.9507112672453178,1,0.9242439074466826,0.9645123549026133,2025-09-05T23:00Z,44.05257704100493,16.241319562993013,27.811257478011917,48
401754524,2025,2,2025-09-06T16:00Z,152,258,NC State Wolfpack,Virginia Cavaliers,35,31,False,True,0.549775971038131,1,0.5660165914582733,0.33456281248249037,2025-09-05T23:00Z,20.131681760935642,27.024522897918512,-6.89284113698287,4
401754529,2025,2,2025-09-06T16:00Z,221,2117,Pittsburgh Panthers,Central Michigan Chippewas,45,17,False,True,0.8052320827745173,1,0.7049029808311802,0.7922895304139603,2025-09-05T23:00Z,27.045715473298635,16.715193932132717,10.330521541165918,28
401754618,2025,2,2025-09-06T16:00Z,183,41,Syracuse Orange,UConn Huskies,27,20,False,True,0.7387327127482511,1,0.5947837271601135,0.6394018057095928,2025-09-05T23:00Z,31.575685154096657,26.916802430852908,4.6588827232437495,7
401757227,2025,2,2025-09-06T16:00Z,55,2335,Jacksonville State Gamecocks,Liberty Flames,34,24,False,True,0.6682743459101564,1,0.6543485815152281,0.6639065557625076,2025-09-05T23:00Z,25.394730028892166,17.769634071642574,7.6250959572495915,10
401752694,2025,2,2025-09-06T16:45Z,245,328,Texas A&M Aggies,Utah State Aggies,44,22,False,True,0.9341848955260587,1,0.8342448651542052,0.8991669033989423,2025-09-05T23:00Z,38.35593537052138,19.694563704745963,18.661371665775416,22
401752824,2025,2,2025-09-06T19:30Z,2483,197,Oregon Ducks,Oklahoma State Cowboys,69,3,False,True,0.9639942003501778,1,0.9017269753488221,0.9202996033740265,2025-09-05T23:00Z,39.00628803931634,17.687120046424916,21.319167992891423,66
401754637,2025,2,2025-09-06T19:30Z,228,2653,Clemson Tigers,Troy Trojans,27,16,False,True,0.9155182138584904,1,0.699778825879358,0.8368393736309254,2025-09-05T23:00Z,28.29545635766064,14.692594404716584,13.602861952944057,11
401752686,2025,2,2025-09-06T19:30Z,96,145,Kentucky Wildcats,Ole Miss Rebels,23,30,False,True,0.1639049515726269,0,0.1955446974675688,0.10241944059415743,2025-09-05T23:00Z,14.596367885453107,34.023553280883576,-19.42718539543047,-7
401752689,2025,2,2025-09-06T19:30Z,142,2305,Missouri Tigers,Kansas Jayhawks,42,31,False,True,0.5762526095017624,1,0.5397853768201549,0.43920866539407105,2025-09-05T23:00Z,20.114644703719428,23.64764904494956,-3.533004341230132,11
401752937,2025,2,2025-09-06T19:30Z,204,278,Oregon State Beavers,Fresno State Bulldogs,27,36,False,True,0.3869953411774247,0,0.4044605047302512,0.3043325925936151,2025-09-05T23:00Z,19.82794953225019,28.4993239592451,-8.671374426994909,-9
401756880,2025,2,2025-09-06T19:30Z,2132,189,Cincinnati Bearcats,Bowling Green Falcons,34,20,False,True,0.7869564762463239,1,0.6194421056443897,0.6692068886672294,2025-09-05T23:00Z,24.32637852847021,17.36524285235177,6.961135676118442,14
401756881,2025,2,2025-09-06T19:30Z,38,48,Colorado Buffaloes,Delaware Blue Hens,31,7,False,True,0.842813465119801,1,0.5716336658428389,0.6908582258985981,2025-09-05T23:00Z,28.42470973175167,21.853446667451404,6.571263064300265,24
401761603,2025,2,2025-09-06T19:30Z,2636,326,UTSA Roadrunners,Texas State Bobcats,36,43,False,True,0.4323388265823138,0,0.44610128374749014,0.26932979177592226,2025-09-05T23:00Z,32.308400199432654,39.13677468159568,-6.828374482163028,-7
401762458,2025,2,2025-09-06T19:30Z,2426,5,Navy Midshipmen,UAB Blazers,38,24,False,True,0.751412123936459,1,0.7822982238770784,0.8537562385341378,2025-09-05T23:00Z,34.10352729125399,18.727507795477237,15.376019495776752,14
401762461,2025,2,2025-09-06T19:30Z,2711,249,Western Michigan Broncos,North Texas Mean Green,30,33,False,True,0.343088417621686,0,0.4177071756940327,0.3944118789821572,2025-09-05T23:00Z,25.218413689535335,27.883950857959515,-2.66553716842418,-3
401752820,2025,2,2025-09-06T20:00Z,275,2393,Wisconsin Badgers,Middle Tennessee Blue Raiders,42,10,False,True,0.9388039189548673,1,0.8564775583841525,0.9385869432031374,2025-09-05T23:00Z,30.538865080599173,6.195388657499233,24.34347642309994,32
401756883,2025,2,2025-09-06T20:00Z,195,277,Ohio Bobcats,West Virginia Mountaineers,17,10,False,True,0.5767250811155269,1,0.7266951205838403,0.6129445987759123,2025-09-05T23:00Z,30.149250147629527,23.96302899682596,6.186221150803565,7
401752684,2025,2,2025-09-06T20:15Z,57,58,Florida Gators,South Florida Bulls,16,18,False,True,0.8329642079471308,0,0.6744841918832507,0.6455102526238782,2025-09-05T23:00Z,26.014243737941065,21.915708229918362,4.098535508022703,-2
401752818,2025,2,2025-09-06T20:30Z,164,193,Rutgers Scarlet Knights,Miami (OH) RedHawks,45,17,False,True,0.7856588755212695,1,0.6274642864525994,0.7364155495683413,2025-09-05T23:00Z,27.12699778135323,17.283762522383675,9.843235258969553,28
401752682,2025,2,2025-09-06T21:00Z,8,2032,Arkansas Razorbacks,Arkansas State Red Wolves,56,14,False,True,0.8798730834681715,1,0.7867841157064541,0.8363723560824533,2025-09-05T23:00Z,33.55461318144674,18.949335704771716,14.605277476675024,42
401757228,2025,2,2025-09-06T22:00Z,276,2623,Marshall Thundering Herd,Missouri State Bears,20,21,False,True,0.8060697383655291,0,0.7226223406455614,0.7677963746147447,2025-09-05T23:00Z,37.54027450134883,24.627393100783436,12.912881400565396,-1
401754527,2025,2,2025-09-06T23:00Z,2429,153,Charlotte 49ers,North Carolina Tar Heels,3,20,False,True,0.35936763777574077,0,0.45232790268940026,0.3874479782629144,2025-09-05T23:00Z,26.49700455458353,27.873766677392442,-1.3767621228089126,-17
401756882,2025,2,2025-09-06T23:00Z,2306,349,Kansas State Wildcats,Army Black Knights,21,24,False,True,0.7780075777276433,0,0.6192983136595649,0.6412714128241046,2025-09-05T23:00Z,24.300978531179517,18.789982018914614,5.510996512264903,-3
401756884,2025,2,2025-09-06T23:00Z,242,248,Rice Owls,Houston Cougars,9,35,False,True,0.46379098431766325,0,0.5766821724814456,0.49533954082690956,2025-09-05T23:00Z,15.578020133335826,13.697581264607974,1.8804388687278522,-26
401757232,2025,2,2025-09-06T23:00Z,2649,98,Toledo Rockets,Western Kentucky Hilltoppers,45,21,False,True,0.6198583351057088,1,0.5646595571774472,0.5082789457908033,2025-09-05T23:00Z,27.069216417049528,25.762143278033715,1.307073139015813,24
401761598,2025,2,2025-09-06T23:00Z,2247,235,Georgia State Panthers,Memphis Tigers,16,38,False,True,0.17744770539408306,0,0.20684729904378774,0.13041508412555608,2025-09-05T23:00Z,22.829665516645527,39.65859550930802,-16.828929992662495,-22
401761601,2025,2,2025-09-06T23:00Z,6,2655,South Alabama Jaguars,Tulane Green Wave,31,33,False,True,0.3968242034832453,0,0.49161538086529566,0.30344810710521075,2025-09-05T23:00Z,18.492587559268078,24.69419349940243,-6.201605940134353,-2
401752687,2025,2,2025-09-06T23:30Z,99,2348,LSU Tigers,Louisiana Tech Bulldogs,23,7,False,True,0.9585107672422934,1,0.8723755374542824,0.9275176326649598,2025-09-05T23:00Z,29.11161029695839,6.463026286040538,22.64858401091785,16
401752688,2025,2,2025-09-06T23:30Z,344,9,Mississippi State Bulldogs,Arizona State Sun Devils,24,20,False,True,0.47099771810362734,1,0.42696910534191057,0.2958335988662168,2025-09-05T23:00Z,23.23847553226983,29.782120997959666,-6.543645465689835,4
401752690,2025,2,2025-09-06T23:30Z,201,130,Oklahoma Sooners,Michigan Wolverines,24,13,False,True,0.4246173430678848,1,0.46527098798274935,0.5075989335686057,2025-09-05T23:00Z,19.510492777750272,18.477187737360637,1.033305040389635,11
401752683,2025,2,2025-09-06T23:30Z,2,2050,Auburn Tigers,Ball State Cardinals,42,3,False,True,0.9816388435728627,1,0.9268423913603382,0.9746208688037372,2025-09-05T23:00Z,40.50132030993766,6.239066063158379,34.26225424677928,39
401752695,2025,2,2025-09-06T23:30Z,259,238,Virginia Tech Hokies,Vanderbilt Commodores,20,44,False,True,0.6291640741215109,0,0.6508631637449851,0.5542349468930704,2025-09-05T23:00Z,22.463147866380904,20.620666053183943,1.8424818131969616,-24
401752810,2025,2,2025-09-06T23:30Z,158,2006,Nebraska Cornhuskers,Akron Zips,68,0,False,True,0.9254075289682157,1,0.8298211188573028,0.908488718477828,2025-09-05T23:00Z,25.594513450079994,5.1538167713832514,20.440696678696742,68
401752814,2025,2,2025-09-06T23:30Z,30,290,USC Trojans,Georgia Southern Eagles,59,20,False,True,0.9869352827336595,1,0.9405320262999541,0.9844904590644047,2025-09-05T23:00Z,54.90894788991855,13.424741745798222,41.48420614412033,39
401752816,2025,2,2025-09-06T23:30Z,127,103,Michigan State Spartans,Boston College Eagles,42,40,False,True,0.6850708808261992,1,0.5573703484803016,0.5176832643124396,2025-09-05T23:00Z,19.944316741770976,18.202401317075246,1.7419154246957298,2
401752681,2025,2,2025-09-06T23:45Z,333,2433,Alabama Crimson Tide,UL Monroe Warhawks,73,0,False,True,0.9587198735914061,1,0.875729166193121,0.8815430388608751,2025-09-05T23:00Z,31.76173107845884,16.775989248539936,14.985741829918904,73
401752823,2025,2,2025-09-07T00:00Z,2439,26,UNLV Rebels,UCLA Bruins,30,23,False,True,0.7784416821265104,1,0.8232420072030531,0.8703647355182984,2025-09-05T23:00Z,35.914459077602984,16.50994512622816,19.404513951374824,7
401757229,2025,2,2025-09-07T01:00Z,166,202,New Mexico State Aggies,Tulsa Golden Hurricane,21,14,False,True,0.6912684239107714,1,0.7315082593409941,0.6822300176246502,2025-09-05T23:00Z,33.43882672926454,25.768244573455043,7.670582155809498,7
401752948,2025,2,2025-09-07T02:15Z,265,21,Washington State Cougars,San Diego State Aztecs,36,13,False,True,0.8030030774484989,1,0.7673485441243932,0.8200183131593916,2025-09-05T23:00Z,31.985570525669996,19.184223168488675,12.80134735718132,23
401754526,2025,2,2025-09-07T02:15Z,252,24,BYU Cougars,Stanford Cardinal,27,3,False,True,0.8809432062185606,1,0.8341955234410929,0.9014818198522166,2025-09-05T23:00Z,34.25567073227626,13.14866785880751,21.107002873468748,24
401757230,2025,2,2025-09-07T03:59Z,62,2534,Hawai'i Rainbow Warriors,Sam Houston Bearkats,37,20,False,True,0.5616148491783248,1,0.4739168562123157,0.43997865994046054,2025-09-05T23:00Z,23.92970306949407,24.52704866408397,-0.5973455945898998,17
401754531,2025,3,2025-09-11T23:30Z,154,152,Wake Forest Demon Deacons,NC State Wolfpack,24,34,False,True,0.253923457641373,0,0.4095516182078638,0.27716266607648343,2025-09-11T23:30Z,15.2228885367542,25.90203663400026,-10.679148097246062,-10
401756893,2025,3,2025-09-12T23:30Z,248,38,Houston Cougars,Colorado Buffaloes,36,20,False,True,0.5778276907960032,1,0.5758020390026237,0.46345969389585584,2025-09-11T23:30Z,23.644288046593875,20.13853172175089,3.5057563248429844,16
401756888,2025,3,2025-09-13T01:00Z,12,2306,Arizona Wildcats,Kansas State Wildcats,23,17,False,True,0.6044497386096921,1,0.48173339659990944,0.5765549648315311,2025-09-11T23:30Z,28.408123010141313,21.510043123851815,6.898079886289498,6
401752837,2025,3,2025-09-13T02:00Z,26,167,UCLA Bruins,New Mexico Lobos,10,35,False,True,0.7927789067522735,0,0.6506950098662686,0.6497792146166641,2025-09-11T23:30Z,32.347638477710426,27.905169819612773,4.442468658097653,-25
401752831,2025,3,2025-09-13T16:00Z,77,2483,Northwestern Wildcats,Oregon Ducks,14,34,False,True,0.023860798134271326,0,0.08028024928531075,0.02555584499213538,2025-09-11T23:30Z,6.719814634203843,39.23383991151386,-32.51402527731002,-20
401754623,2025,3,2025-09-13T16:00Z,59,228,Georgia Tech Yellow Jackets,Clemson Tigers,24,21,False,True,0.5594838465752604,1,0.5817453725489035,0.6231671950798379,2025-09-11T23:30Z,26.486940654868974,17.276430187063852,9.210510467805122,3
401752703,2025,3,2025-09-13T16:00Z,218,201,Temple Owls,Oklahoma Sooners,3,42,False,True,0.12301855769853612,0,0.25755597699206123,0.2030209198197394,2025-09-11T23:30Z,18.19537856157358,25.841529434540792,-7.646150872967212,-39
401752696,2025,3,2025-09-13T16:00Z,333,275,Alabama Crimson Tide,Wisconsin Badgers,38,14,False,True,0.8699091769217461,1,0.7831679279525022,0.8359157076612559,2025-09-11T23:30Z,31.175890035951817,16.245147824199453,14.930742211752364,24
401752839,2025,3,2025-09-13T16:00Z,130,2117,Michigan Wolverines,Central Michigan Chippewas,63,3,False,True,0.9655379638448112,1,0.8987369085982237,0.9229705532427949,2025-09-11T23:30Z,28.84911880998385,8.519383580563854,20.329735229419995,60
401761608,2025,3,2025-09-13T16:00Z,2653,235,Troy Trojans,Memphis Tigers,7,28,False,True,0.37981464952520827,0,0.4187747285310782,0.3311747084600392,2025-09-11T23:30Z,23.527788780569725,28.227205345182135,-4.6994165646124095,-21
401762817,2025,3,2025-09-13T16:00Z,2309,2084,Kent State Golden Flashes,Buffalo Bulls,28,31,False,True,0.19574901475253773,0,0.15421437796353132,0.08564871269174627,2025-09-11T23:30Z,17.596844690119053,38.235591742485795,-20.638747052366742,-3
401752697,2025,3,2025-09-13T16:45Z,2,6,Auburn Tigers,South Alabama Jaguars,31,15,False,True,0.9096956389085994,1,0.7673132420309109,0.8212656053832136,2025-09-11T23:30Z,35.145603946468256,19.955108855089794,15.190495091378462,16
401752702,2025,3,2025-09-13T17:00Z,142,309,Missouri Tigers,Louisiana Ragin' Cajuns,52,10,False,True,0.9253515028202859,1,0.791976752273833,0.8936857923588185,2025-09-11T23:30Z,37.924467769267814,14.299365504294489,23.625102264973325,42
401757168,2025,3,2025-09-13T19:00Z,48,41,Delaware Blue Hens,UConn Huskies,44,41,False,True,0.4182362111723965,1,0.5823545386862616,0.5061710359610003,2025-09-11T23:30Z,19.39223805738049,20.137440549435503,-0.7452024920550144,3
401752705,2025,3,2025-09-13T19:30Z,2633,61,Tennessee Volunteers,Georgia Bulldogs,41,44,False,True,0.35137830701018236,0,0.47916798090537227,0.4509041429898787,2025-09-11T23:30Z,29.67945815595271,29.771548933444294,-0.09209077749158467,-3
401752938,2025,3,2025-09-13T19:30Z,2641,204,Texas Tech Red Raiders,Oregon State Beavers,45,14,False,True,0.9072966599026899,1,0.8669671706956039,0.9315199164625505,2025-09-11T23:30Z,47.83248163775953,22.23704748196348,25.59543415579605,31
401752949,2025,3,2025-09-13T19:30Z,249,265,North Texas Mean Green,Washington State Cougars,59,10,False,True,0.5001829461033552,1,0.48926553674499257,0.35083610798636844,2025-09-11T23:30Z,31.482573298468644,35.22249343274433,-3.7399201342756854,49
401754615,2025,3,2025-09-13T19:30Z,2623,2567,Missouri State Bears,SMU Mustangs,10,28,False,True,0.1298533217516864,0,0.2672013349034653,0.15458894141054863,2025-09-11T23:30Z,28.19707385710177,41.361743038799716,-13.164669181697946,-18
401754638,2025,3,2025-09-13T19:30Z,277,221,West Virginia Mountaineers,Pittsburgh Panthers,31,24,False,True,0.3452832242584226,1,0.4793906505965516,0.39717294979966966,2025-09-11T23:30Z,25.123254273275617,28.23527485148685,-3.112020578211233,7
401756890,2025,3,2025-09-13T20:00Z,2032,66,Arkansas State Red Wolves,Iowa State Cyclones,16,24,False,True,0.09953134828688386,0,0.19864569226298168,0.07463895190806064,2025-09-11T23:30Z,16.196622235947192,36.94270047656563,-20.74607824061844,-8
401752706,2025,3,2025-09-13T20:15Z,251,2638,Texas Longhorns,UTEP Miners,27,10,False,True,0.9905168486444943,1,0.9584970943871503,0.9829442828271561,2025-09-11T23:30Z,35.59416281531853,2.0852528973772753,33.50890991794126,17
401754535,2025,3,2025-09-13T20:30Z,2390,58,Miami Hurricanes,South Florida Bulls,49,12,False,True,0.7954183908126791,1,0.7125323520013924,0.7285094451280164,2025-09-11T23:30Z,29.618958708267172,23.07548427019752,6.5434744380696515,37
401757256,2025,3,2025-09-13T21:00Z,189,2335,Bowling Green Falcons,Liberty Flames,23,13,False,True,0.5572365520908162,1,0.5073301513252403,0.632687171117394,2025-09-11T23:30Z,32.176730160798144,25.33239765142943,6.844332509368712,10
401757258,2025,3,2025-09-13T21:00Z,2440,2393,Nevada Wolf Pack,Middle Tennessee Blue Raiders,13,14,False,True,0.7142186056459566,0,0.7088402046718595,0.7694731253718645,2025-09-11T23:30Z,35.930566414803955,24.325716616883707,11.604849797920249,-1
401752832,2025,3,2025-09-13T22:45Z,2509,30,Purdue Boilermakers,USC Trojans,17,33,False,True,0.050261289132853104,0,0.09397804850563568,0.03962822360270383,2025-09-11T23:30Z,18.792261587709167,43.82564573138582,-25.033384143676653,-16
401752827,2025,3,2025-09-13T23:00Z,194,195,Ohio State Buckeyes,Ohio Bobcats,37,9,False,True,0.9442095888895776,1,0.8390340878005482,0.9074823423245247,2025-09-11T23:30Z,24.353404810811426,6.726750235049639,17.626654575761787,28
401752829,2025,3,2025-09-13T23:00Z,356,2711,Illinois Fighting Illini,Western Michigan Broncos,38,0,False,True,0.9300216103049748,1,0.8742373518753004,0.9405689280115641,2025-09-11T23:30Z,38.37419500021686,11.744875382082633,26.629319618134225,38
401752700,2025,3,2025-09-13T23:00Z,145,8,Ole Miss Rebels,Arkansas Razorbacks,41,35,False,True,0.7420441187458962,1,0.7885361665561116,0.7998641546625542,2025-09-11T23:30Z,37.79560990672383,26.592109644523173,11.20350026220066,6
401754536,2025,3,2025-09-13T23:00Z,259,295,Virginia Tech Hokies,Old Dominion Monarchs,26,45,False,True,0.39308653828566703,0,0.4761683186047389,0.46924318521800173,2025-09-11T23:30Z,19.460937565463134,23.4887620566443,-4.027824491181168,-19
401757234,2025,3,2025-09-13T23:00Z,290,55,Georgia Southern Eagles,Jacksonville State Gamecocks,41,34,False,True,0.2700937428535661,1,0.26358171587521334,0.23508159463831516,2025-09-11T23:30Z,22.881836449746686,32.718244281484814,-9.836407831738128,7
401761607,2025,3,2025-09-13T23:00Z,2572,2026,Southern Miss Golden Eagles,App State Mountaineers,38,22,False,True,0.22244950423811166,1,0.19478714259990926,0.1556469972945457,2025-09-11T23:30Z,20.778238171563853,34.276472006981066,-13.498233835417214,16
401752699,2025,3,2025-09-13T23:30Z,99,57,LSU Tigers,Florida Gators,20,10,False,True,0.6393309677915842,1,0.7254892844710648,0.6925499972444548,2025-09-11T23:30Z,21.31735382640798,13.876502634510443,7.440851191897538,10
401752707,2025,3,2025-09-13T23:30Z,87,245,Notre Dame Fighting Irish,Texas A&M Aggies,40,41,False,True,0.6784959418373736,0,0.7078180248206427,0.6899919126546696,2025-09-11T23:30Z,29.894437149550942,22.53160924901652,7.362827900534423,-1
401752698,2025,3,2025-09-13T23:30Z,96,2199,Kentucky Wildcats,Eastern Michigan Eagles,48,23,False,True,0.9493687368312878,1,0.842604822443252,0.92492048750529,2025-09-11T23:30Z,36.80880785644612,13.617370724136322,23.1914371323098,25
401752830,2025,3,2025-09-13T23:30Z,2294,113,Iowa Hawkeyes,Massachusetts Minutemen,47,7,False,True,0.968920485893055,1,0.929994083875142,0.9764953469277922,2025-09-11T23:30Z,40.202996288977374,6.012836316743666,34.19015997223371,40
401757257,2025,3,2025-09-13T23:30Z,2348,166,Louisiana Tech Bulldogs,New Mexico State Aggies,49,14,False,True,0.7356898209611791,1,0.6912496658014216,0.769742018490179,2025-09-11T23:30Z,24.77037302135933,11.890406180430656,12.879966840928674,35
401761604,2025,3,2025-09-13T23:30Z,324,151,Coastal Carolina Chanticleers,East Carolina Pirates,0,38,False,True,0.25806355161637207,0,0.37875532656444416,0.2404467112451507,2025-09-11T23:30Z,16.83024061684373,30.085037105590484,-13.254796488746752,-38
401752704,2025,3,2025-09-13T23:45Z,2579,238,South Carolina Gamecocks,Vanderbilt Commodores,7,31,False,True,0.6672768894476757,0,0.6457629598046393,0.5656124128026173,2025-09-11T23:30Z,23.707393798792054,24.335151764907888,-0.6277579661158335,-24
401756895,2025,3,2025-09-14T00:00Z,2751,254,Wyoming Cowboys,Utah Utes,6,31,False,True,0.13116000155771515,0,0.30175186122333875,0.10308074054712757,2025-09-11T23:30Z,1.8123161970211186,24.368810701676438,-22.55649450465532,-25
401754534,2025,3,2025-09-14T00:00Z,2655,150,Tulane Green Wave,Duke Blue Devils,34,27,False,True,0.7182522365482988,1,0.7901939191084426,0.8480617076166673,2025-09-11T23:30Z,35.069643878488364,17.655179813839474,17.41446406464889,7
401762465,2025,3,2025-09-14T00:00Z,202,2426,Tulsa Golden Hurricane,Navy Midshipmen,23,42,False,True,0.209341157920578,0,0.2008847563020748,0.09144050246598978,2025-09-11T23:30Z,15.671812914354751,33.77575633516277,-18.103943420808015,-19
401757233,2025,3,2025-09-14T00:30Z,2229,2226,Florida International Panthers,Florida Atlantic Owls,38,28,False,True,0.6738880858988144,1,0.6369728556541663,0.7224182188334648,2025-09-11T23:30Z,26.73692520493369,16.60739822635898,10.12952697857471,10
401762463,2025,3,2025-09-14T00:30Z,5,2006,UAB Blazers,Akron Zips,31,28,False,True,0.8826979365790486,1,0.8296778867688235,0.8650610579539887,2025-09-11T23:30Z,39.049717850162146,18.88629329821992,20.163424551942228,3
401760368,2025,3,2025-09-14T01:45Z,328,2005,Utah State Aggies,Air Force Falcons,49,30,False,True,0.5678513364176476,1,0.4450299999828184,0.5268406545614941,2025-09-11T23:30Z,27.344671088943667,25.422164851331363,1.9225062376123034,19
401752840,2025,3,2025-09-14T02:30Z,25,135,California Golden Bears,Minnesota Golden Gophers,27,14,False,True,0.4686594307615287,1,0.49669023368169873,0.50159560242461,2025-09-11T23:30Z,18.04865373727647,16.7430901567683,1.3055635805081707,13
401754533,2025,3,2025-09-14T02:30Z,24,103,Stanford Cardinal,Boston College Eagles,30,20,False,True,0.4018984769910907,1,0.40321458679917244,0.28663632654969323,2025-09-11T23:30Z,27.0384386536568,34.38442425611377,-7.345985602456967,10
401756889,2025,3,2025-09-14T02:30Z,9,326,Arizona State Sun Devils,Texas State Bobcats,34,15,False,True,0.663836694636989,1,0.5469079760511067,0.5496843901391503,2025-09-11T23:30Z,32.3326030831955,30.19068476565522,2.1419183175402807,19
401762468,2025,4,2025-09-18T23:30Z,2429,242,Charlotte 49ers,Rice Owls,17,28,False,True,0.3345322782231585,0,0.43474272155441984,0.3192988505140303,2025-09-18T23:30Z,9.988524612595844,18.81026949354626,-8.821744880950417,-11
401756900,2025,4,2025-09-19T23:30Z,197,202,Oklahoma State Cowboys,Tulsa Golden Hurricane,12,19,False,True,0.6225413940769559,0,0.6694323243920373,0.682838229887853,2025-09-18T23:30Z,31.791967112435135,27.19340249920789,4.598564613227243,-7
401752844,2025,4,2025-09-20T00:00Z,164,2294,Rutgers Scarlet Knights,Iowa Hawkeyes,28,38,False,True,0.4317934810997461,0,0.47314582893407725,0.5157753978857706,2025-09-18T23:30Z,31.36308075989262,28.054972992081098,3.3081077678115207,-10
401756901,2025,4,2025-09-20T16:00Z,254,2641,Utah Utes,Texas Tech Red Raiders,10,34,False,True,0.5295297429832956,0,0.5778039511307076,0.5375368048191925,2025-09-18T23:30Z,32.51519926695951,29.119055292382807,3.396143974576706,-24
401752708,2025,4,2025-09-20T16:00Z,235,8,Memphis Tigers,Arkansas Razorbacks,32,31,False,True,0.3294455212148057,1,0.5460001674437334,0.37036781778899147,2025-09-18T23:30Z,26.972446640311286,32.36884994936841,-5.396403309057124,1
401752845,2025,4,2025-09-20T16:00Z,275,120,Wisconsin Badgers,Maryland Terrapins,10,27,False,True,0.6565957890780237,0,0.6596919729042612,0.5619108000108783,2025-09-18T23:30Z,20.076117859461576,17.49920558776946,2.576912271692116,-17
401754537,2025,4,2025-09-20T16:00Z,228,183,Clemson Tigers,Syracuse Orange,21,34,False,True,0.8130456679445519,0,0.73370663010246,0.7075596588990113,2025-09-18T23:30Z,27.526512491265017,19.272155959493443,8.254356531771574,-13
401754636,2025,4,2025-09-20T16:00Z,2628,2567,TCU Horned Frogs,SMU Mustangs,35,24,False,True,0.8078699914989412,1,0.6544596905647304,0.7488656193004514,2025-09-18T23:30Z,39.23809739035531,24.229038106180937,15.00905928417437,11
401754642,2025,4,2025-09-20T16:00Z,97,189,Louisville Cardinals,Bowling Green Falcons,40,17,False,True,0.8529496530257794,1,0.8127387335040623,0.85855250902227,2025-09-18T23:30Z,31.592294512744207,16.391159401123737,15.20113511162047,23
401760376,2025,4,2025-09-20T16:00Z,193,2439,Miami (OH) RedHawks,UNLV Rebels,38,41,False,True,0.4416642180727036,0,0.4111290329757968,0.27108627860138546,2025-09-18T23:30Z,18.864168557933613,24.330870638134602,-5.466702080200989,-3
401762469,2025,4,2025-09-20T16:00Z,349,249,Army Black Knights,North Texas Mean Green,38,45,False,True,0.48863171292256774,0,0.6048510682313633,0.5347524910426426,2025-09-18T23:30Z,30.602009240697907,29.61615775467279,0.9858514860251155,-7
401752715,2025,4,2025-09-20T16:45Z,2633,5,Tennessee Volunteers,UAB Blazers,56,24,False,True,0.9755824466735534,1,0.9252934731947622,0.9730731446158899,2025-09-18T23:30Z,52.08912306140566,20.121863560807345,31.967259500598313,32
401752841,2025,4,2025-09-20T19:00Z,2483,204,Oregon Ducks,Oregon State Beavers,41,7,False,True,0.9861571809904327,1,0.9727848043921278,0.9893856714331691,2025-09-18T23:30Z,51.76841696826027,12.06414149585902,39.70427547240125,34
401754541,2025,4,2025-09-20T19:30Z,52,2309,Florida State Seminoles,Kent State Golden Flashes,66,10,False,True,0.9825851142458842,1,0.9462809261146059,0.9828412202567673,2025-09-18T23:30Z,45.755252862366255,7.275379171029648,38.47987369133661,56
401752714,2025,4,2025-09-20T19:30Z,201,2,Oklahoma Sooners,Auburn Tigers,24,17,False,True,0.6896836555976261,1,0.6723452732379135,0.7123917697030331,2025-09-18T23:30Z,24.144482506438592,12.674234187148684,11.470248319289908,7
401752711,2025,4,2025-09-20T19:30Z,145,2655,Ole Miss Rebels,Tulane Green Wave,45,10,False,True,0.8816936953320912,1,0.837404127549251,0.8713949384718778,2025-09-18T23:30Z,38.233508002271705,20.41749879459168,17.816009207680025,35
401752846,2025,4,2025-09-20T19:30Z,158,130,Nebraska Cornhuskers,Michigan Wolverines,27,30,False,True,0.4251570257113816,0,0.4783215438353735,0.5690069235923564,2025-09-18T23:30Z,27.234575230573768,23.98251423634956,3.252060994224209,-3
401752848,2025,4,2025-09-20T19:30Z,87,2509,Notre Dame Fighting Irish,Purdue Boilermakers,56,30,False,True,0.9425234487184334,1,0.9223626229999959,0.9184625624809093,2025-09-18T23:30Z,32.21647493704526,13.610337057540974,18.60613787950429,26
401754640,2025,4,2025-09-20T19:30Z,2116,153,UCF Knights,North Carolina Tar Heels,34,9,False,True,0.7349369457921552,1,0.7389972175303623,0.7748343699059145,2025-09-18T23:30Z,23.600765299759598,11.885032343796874,11.715732955962723,25
401757169,2025,4,2025-09-20T19:30Z,41,2050,UConn Huskies,Ball State Cardinals,31,25,False,True,0.8955295007099587,1,0.8691332088696144,0.9087421587664242,2025-09-18T23:30Z,38.610287421711654,19.69802682359891,18.912260598112745,6
401757262,2025,4,2025-09-20T19:30Z,2335,256,Liberty Flames,James Madison Dukes,13,31,False,True,0.3872333450062748,0,0.49175422606463326,0.29669970960213937,2025-09-18T23:30Z,18.527189725288764,24.792353150229655,-6.265163424940891,-18
401761610,2025,4,2025-09-20T19:30Z,2199,309,Eastern Michigan Eagles,Louisiana Ragin' Cajuns,34,31,False,True,0.4808170122259629,1,0.474955982130183,0.45094661332190183,2025-09-18T23:30Z,31.17371441755914,29.54199466148642,1.6317197560727195,3
401761613,2025,4,2025-09-20T19:30Z,2084,2653,Buffalo Bulls,Troy Trojans,17,21,False,True,0.5207035296220449,0,0.5714289458105306,0.5086302730536164,2025-09-18T23:30Z,22.06169884499554,20.632008317866674,1.4296905271288658,-4
401762820,2025,4,2025-09-20T19:30Z,2711,2649,Western Michigan Broncos,Toledo Rockets,14,13,False,True,0.2401211549217129,1,0.2569975724211342,0.21300106608936709,2025-09-18T23:30Z,16.42213677644815,25.980134369203636,-9.557997592755488,1
401754538,2025,4,2025-09-20T20:00Z,150,152,Duke Blue Devils,NC State Wolfpack,45,33,False,True,0.486104569504452,1,0.4934013445975448,0.40988444780043665,2025-09-18T23:30Z,31.690495084777858,34.044725028758194,-2.354229943980336,12
401752712,2025,4,2025-09-20T20:15Z,344,2459,Mississippi State Bulldogs,Northern Illinois Huskies,38,10,False,True,0.8314633687725629,1,0.6271714866077713,0.746177565120951,2025-09-18T23:30Z,26.524484557946728,14.124950855668729,12.399533702278,28
401754542,2025,4,2025-09-20T21:05Z,59,218,Georgia Tech Yellow Jackets,Temple Owls,45,24,False,True,0.9199551670722577,1,0.8832032038581159,0.9121551328543703,2025-09-18T23:30Z,34.29384306823456,14.78361274229011,19.51023032594445,21
401756899,2025,4,2025-09-20T22:00Z,2305,277,Kansas Jayhawks,West Virginia Mountaineers,41,10,False,True,0.7663918378560649,1,0.7226091090437803,0.7955034466168593,2025-09-18T23:30Z,29.91151940892373,15.524582663972012,14.386936744951718,31
401757259,2025,4,2025-09-20T22:00Z,2229,48,Florida International Panthers,Delaware Blue Hens,16,38,False,True,0.6534767832477475,0,0.499471985303588,0.45795001416282866,2025-09-18T23:30Z,27.384261475036432,27.193585291176788,0.1906761838596438,-22
401757261,2025,4,2025-09-20T22:00Z,338,2032,Kennesaw State Owls,Arkansas State Red Wolves,28,21,False,True,0.42751405194438064,1,0.5703774782960473,0.45313793747583514,2025-09-18T23:30Z,24.05983816340083,24.564399464989826,-0.5045613015889963,7
401752713,2025,4,2025-09-20T23:00Z,142,2579,Missouri Tigers,South Carolina Gamecocks,29,20,False,True,0.7657956056048436,1,0.8027350032060283,0.8349361504642575,2025-09-18T23:30Z,33.74025568814851,15.55500346622502,18.185252221923488,9
401757264,2025,4,2025-09-20T23:00Z,2393,276,Middle Tennessee Blue Raiders,Marshall Thundering Herd,28,42,False,True,0.46340192255335494,0,0.3640901459791119,0.31913728560453225,2025-09-18T23:30Z,19.414065261598253,22.050122808429347,-2.6360575468310934,-14
401757268,2025,4,2025-09-20T23:00Z,98,2440,Western Kentucky Hilltoppers,Nevada Wolf Pack,31,16,False,True,0.5682412658279438,1,0.6960712387971084,0.699818415590625,2025-09-18T23:30Z,31.671715590191425,23.5578888978624,8.113826692329024,15
401760372,2025,4,2025-09-20T23:00Z,2005,68,Air Force Falcons,Boise State Broncos,37,49,False,True,0.42016230016685785,0,0.44908217887314567,0.3489858831917244,2025-09-18T23:30Z,26.57261132507457,27.770017176954553,-1.197405851879985,-12
401761611,2025,4,2025-09-20T23:00Z,6,324,South Alabama Jaguars,Coastal Carolina Chanticleers,20,38,False,True,0.9141093543176314,0,0.886463967567078,0.9442303955643357,2025-09-18T23:30Z,42.524719504051504,13.51134217564826,29.013377328403244,-18
401752709,2025,4,2025-09-20T23:30Z,2390,57,Miami Hurricanes,Florida Gators,26,7,False,True,0.8370846929786129,1,0.7835940274699376,0.8827824136468386,2025-09-18T23:30Z,34.03968843006487,13.870107004718934,20.16958142534594,19
401752843,2025,4,2025-09-20T23:30Z,84,356,Indiana Hoosiers,Illinois Fighting Illini,63,10,False,True,0.6611506761231714,1,0.6797463221345776,0.6506251640539727,2025-09-18T23:30Z,29.698925018441834,25.92261179087988,3.7763132275619533,53
401752716,2025,4,2025-09-20T23:30Z,238,2247,Vanderbilt Commodores,Georgia State Panthers,70,21,False,True,0.9596567701379382,1,0.9338408255182333,0.9844815066488732,2025-09-18T23:30Z,49.597319756971714,10.164129746530577,39.43319001044114,49
401752842,2025,4,2025-09-20T23:30Z,265,264,Washington State Cougars,Washington Huskies,24,59,False,True,0.15686776788326098,0,0.334973642526377,0.16851635123832415,2025-09-18T23:30Z,20.145070108257713,36.47013068031631,-16.325060572058597,-35
401754539,2025,4,2025-09-20T23:30Z,258,24,Virginia Cavaliers,Stanford Cardinal,48,20,False,True,0.6812906064461179,1,0.7568768580905911,0.7993611879221532,2025-09-18T23:30Z,28.99906431619606,16.864446689159706,12.134617627036352,28
401756896,2025,4,2025-09-20T23:30Z,239,9,Baylor Bears,Arizona State Sun Devils,24,27,False,True,0.4605853145222589,0,0.45219447688418735,0.40546845928229236,2025-09-18T23:30Z,30.858801199873135,34.736684413480646,-3.877883213607511,-3
401756898,2025,4,2025-09-20T23:30Z,151,252,East Carolina Pirates,BYU Cougars,13,34,False,True,0.3165933948270244,0,0.49820673428771356,0.30923787310137063,2025-09-18T23:30Z,15.040162076615587,20.4048175640921,-5.3646554874765116,-21
401757263,2025,4,2025-09-20T23:30Z,2348,2572,Louisiana Tech Bulldogs,Southern Miss Golden Eagles,30,20,False,True,0.7228574363235181,1,0.8204502158867277,0.8199201835820288,2025-09-18T23:30Z,31.873923443081043,19.008290207983492,12.865633235097551,10
401752723,2025,4,2025-09-21T00:00Z,251,2534,Texas Longhorns,Sam Houston Bearkats,55,0,False,True,0.9838905056530362,1,0.9508455597851437,0.9771246838886342,2025-09-18T23:30Z,39.6435058064838,6.17581393688538,33.467691869598426,55
401757267,2025,4,2025-09-21T01:00Z,2638,2433,UTEP Miners,UL Monroe Warhawks,25,31,False,True,0.8326976697454714,0,0.7772077668043488,0.8578491854476807,2025-09-18T23:30Z,36.87022343585441,13.821223806101074,23.04899962975334,-6
401760373,2025,4,2025-09-21T01:30Z,36,2636,Colorado State Rams,UTSA Roadrunners,16,17,False,True,0.4242122476404123,0,0.4419184776738716,0.48361510947434366,2025-09-18T23:30Z,31.484653630888975,31.86314370787717,-0.3784900769881965,-1
401756897,2025,4,2025-09-21T02:25Z,38,2751,Colorado Buffaloes,Wyoming Cowboys,37,20,False,True,0.8743575733423303,1,0.7601291861249531,0.8840313058886203,2025-09-18T23:30Z,22.16921471061969,4.711310869750658,17.457903840869033,17
401754540,2025,4,2025-09-21T02:30Z,21,25,San Diego State Aztecs,California Golden Bears,34,0,False,True,0.09684036725211333,1,0.22515044621060504,0.06462377487940546,2025-09-18T23:30Z,8.497589864666395,35.06832498932197,-26.570735124655577,34
401752847,2025,4,2025-09-21T03:00Z,30,127,USC Trojans,Michigan State Spartans,45,31,False,True,0.940590787537703,1,0.9276220422712002,0.9553822957340755,2025-09-18T23:30Z,48.05991064261856,19.979961708501087,28.079948934117475,14
401760374,2025,4,2025-09-21T03:59Z,62,278,Hawai'i Rainbow Warriors,Fresno State Bulldogs,21,23,False,True,0.4012385712919165,0,0.36560038513167287,0.289534707844986,2025-09-18T23:30Z,20.080986489338322,28.214269275007407,-8.133282785669085,-2
401762471,2025,5,2025-09-25T23:30Z,151,349,East Carolina Pirates,Army Black Knights,28,6,False,True,0.5836424811272479,1,0.5109879172475659,0.4864677534574398,2025-09-25T23:30Z,24.607446705343424,22.729963355501766,1.8774833498416577,22
401754543,2025,5,2025-09-26T23:00Z,258,52,Virginia Cavaliers,Florida State Seminoles,46,38,False,True,0.22012320873986904,1,0.4682767440186773,0.38544860226933064,2025-09-25T23:30Z,25.841049544602242,31.615192923015492,-5.77414337841325,8
401756902,2025,5,2025-09-27T01:00Z,9,2628,Arizona State Sun Devils,TCU Horned Frogs,27,24,False,True,0.39516985868696813,1,0.5105726031466886,0.4686887351678097,2025-09-25T23:30Z,24.01081587299368,23.4842749714387,0.5265409015549771,3
401752939,2025,5,2025-09-27T02:35Z,204,248,Oregon State Beavers,Houston Cougars,24,27,False,True,0.15152806433686328,0,0.24238831551582454,0.09651348350919009,2025-09-25T23:30Z,15.643318781951635,36.6034127580633,-20.960093976111665,-3
401754546,2025,5,2025-09-27T16:00Z,154,59,Wake Forest Demon Deacons,Georgia Tech Yellow Jackets,29,30,False,True,0.21363276823438174,0,0.2930892059160837,0.17174446353586306,2025-09-25T23:30Z,16.19434242203492,29.128487478208147,-12.934145056173225,-1
401752850,2025,5,2025-09-27T16:00Z,356,30,Illinois Fighting Illini,USC Trojans,34,32,False,True,0.1515534113588912,1,0.24063740215796592,0.21579639318935084,2025-09-25T23:30Z,31.61703004993818,40.01060559160415,-8.393575541665967,2
401752717,2025,5,2025-09-27T16:00Z,8,87,Arkansas Razorbacks,Notre Dame Fighting Irish,13,56,False,True,0.385967470398173,0,0.4628318507183623,0.43503079217517004,2025-09-25T23:30Z,40.36135425804793,39.55841949205608,0.80293476599185,-43
401752849,2025,5,2025-09-27T16:00Z,135,164,Minnesota Golden Gophers,Rutgers Scarlet Knights,31,28,False,True,0.5609760195925719,1,0.6069184411151343,0.40867558142801885,2025-09-25T23:30Z,26.732032358220792,31.011060331707768,-4.279027973486976,3
401754545,2025,5,2025-09-27T16:00Z,183,150,Syracuse Orange,Duke Blue Devils,3,38,False,True,0.6521221961233371,0,0.6750625346930081,0.7244335917309778,2025-09-25T23:30Z,35.95596170690775,26.454439186004834,9.501522520902917,-35
401754547,2025,5,2025-09-27T16:00Z,221,97,Pittsburgh Panthers,Louisville Cardinals,27,34,False,True,0.3881957911551036,0,0.3382144112433595,0.2009334701456013,2025-09-25T23:30Z,24.209386247351855,36.17585302216116,-11.966466774809302,-7
401756905,2025,5,2025-09-27T16:00Z,2305,2132,Kansas Jayhawks,Cincinnati Bearcats,34,37,False,True,0.6080877395063722,0,0.7207093047384796,0.7469983701879761,2025-09-25T23:30Z,29.09418849633247,18.935989598119967,10.158198898212504,-3
401756906,2025,5,2025-09-27T16:00Z,2306,2116,Kansas State Wildcats,UCF Knights,34,20,False,True,0.6156235367721477,1,0.5325405573012016,0.49334279617105065,2025-09-25T23:30Z,19.937911315411625,18.53504989731445,1.4028614180971744,14
401761617,2025,5,2025-09-27T16:00Z,249,6,North Texas Mean Green,South Alabama Jaguars,36,22,False,True,0.8259066966021944,1,0.7608482852502052,0.8989974217151009,2025-09-25T23:30Z,49.81503470659487,25.634834153535305,24.180200553059567,14
401762825,2025,5,2025-09-27T16:00Z,195,189,Ohio Bobcats,Bowling Green Falcons,35,20,False,True,0.6731266247466684,1,0.7465717401069627,0.6982718312728206,2025-09-25T23:30Z,27.051634941660016,19.365783688213874,7.685851253446142,15
401752725,2025,5,2025-09-27T16:45Z,238,328,Vanderbilt Commodores,Utah State Aggies,55,35,False,True,0.9166580732687568,1,0.8819072549159171,0.9530588451084654,2025-09-25T23:30Z,48.25406023105576,19.620065904170367,28.633994326885393,20
401762826,2025,5,2025-09-27T17:00Z,2117,2199,Central Michigan Chippewas,Eastern Michigan Eagles,24,13,False,True,0.41744937844883834,1,0.47810298352227987,0.35482519856516553,2025-09-25T23:30Z,31.034273130878283,35.40777467177281,-4.37350154089453,11
401761614,2025,5,2025-09-27T17:30Z,256,290,James Madison Dukes,Georgia Southern Eagles,35,10,False,True,0.8637208993982968,1,0.8661397042215049,0.8751102398595524,2025-09-25T23:30Z,37.93915188923445,19.47630306573692,18.46284882349753,25
401761616,2025,5,2025-09-27T19:00Z,2433,2032,UL Monroe Warhawks,Arkansas State Red Wolves,28,16,False,True,0.6062171056062781,1,0.5487502877323194,0.41673170370749546,2025-09-25T23:30Z,29.33893057136313,32.80537756279274,-3.4664469914296134,12
401752852,2025,5,2025-09-27T19:30Z,264,194,Washington Huskies,Ohio State Buckeyes,6,24,False,True,0.24438003944728048,0,0.2821323103094142,0.2582239040993648,2025-09-25T23:30Z,25.66732404306587,30.740024910945536,-5.072700867879664,-18
401752719,2025,5,2025-09-27T19:30Z,145,99,Ole Miss Rebels,LSU Tigers,24,19,False,True,0.7525146211877002,1,0.799177020946499,0.8314054663610384,2025-09-25T23:30Z,29.952971732032253,14.950337665415539,15.002634066616714,5
401752724,2025,5,2025-09-27T19:30Z,245,2,Texas A&M Aggies,Auburn Tigers,16,10,False,True,0.6375029241311785,1,0.626378273253694,0.6279839254570065,2025-09-25T23:30Z,29.600687471402658,24.60560748071441,4.995079990688247,6
401752853,2025,5,2025-09-27T19:30Z,2294,84,Iowa Hawkeyes,Indiana Hoosiers,15,20,False,True,0.2316455374804147,0,0.3028535553809161,0.1258066283788145,2025-09-25T23:30Z,17.584918761083102,37.66954780156226,-20.084629040479157,-5
401752851,2025,5,2025-09-27T19:30Z,77,26,Northwestern Wildcats,UCLA Bruins,17,14,False,True,0.6656791360456112,1,0.6457957672066366,0.7324613997479484,2025-09-25T23:30Z,22.833200051194144,12.32834576107302,10.504854290121123,3
401754544,2025,5,2025-09-27T19:30Z,103,25,Boston College Eagles,California Golden Bears,24,28,False,True,0.5181686090679487,0,0.5871039718236126,0.5725909876957672,2025-09-25T23:30Z,30.810205686125887,25.010987085758888,5.7992186003669985,-4
401756907,2025,5,2025-09-27T19:30Z,197,239,Oklahoma State Cowboys,Baylor Bears,27,45,False,True,0.09009151362364401,0,0.19366135885825303,0.06809454852234006,2025-09-25T23:30Z,21.73518858541163,48.35648560381536,-26.621297018403727,-18
401756908,2025,5,2025-09-27T19:30Z,277,254,West Virginia Mountaineers,Utah Utes,14,48,False,True,0.382699612144465,0,0.3662279817831594,0.270111800048173,2025-09-25T23:30Z,16.92665768021837,25.092723165649907,-8.166065485431538,-34
401757170,2025,5,2025-09-27T19:30Z,2084,41,Buffalo Bulls,UConn Huskies,17,20,False,True,0.42154037628875163,0,0.5012743731606215,0.36170292710655416,2025-09-25T23:30Z,23.792152703610405,28.92791058327336,-5.135757879662954,-3
401760380,2025,5,2025-09-27T19:30Z,2459,21,Northern Illinois Huskies,San Diego State Aztecs,3,6,False,True,0.6398534573528313,0,0.6255384980665242,0.5515888374173731,2025-09-25T23:30Z,18.541460910843945,15.6541293921943,2.8873315186496455,-3
401762473,2025,5,2025-09-27T19:30Z,2426,242,Navy Midshipmen,Rice Owls,21,13,False,True,0.7893416351672863,1,0.8132330227870179,0.8387777189011946,2025-09-25T23:30Z,33.002270756789684,18.739282976046024,14.26298778074366,8
401762824,2025,5,2025-09-27T19:30Z,2649,2006,Toledo Rockets,Akron Zips,45,3,False,True,0.925291971375395,1,0.9092854336076349,0.9522702141699169,2025-09-25T23:30Z,36.05465484704936,8.44747796836041,27.607176878688954,42
401757274,2025,5,2025-09-27T20:00Z,167,166,New Mexico Lobos,New Mexico State Aggies,38,20,False,True,0.8785044120285518,1,0.860763552350386,0.9299101099979058,2025-09-25T23:30Z,42.52540759863369,15.331357646582514,27.194049952051177,18
401760378,2025,5,2025-09-27T20:00Z,2005,62,Air Force Falcons,Hawai'i Rainbow Warriors,35,44,False,True,0.3703981990186735,0,0.6578331665127255,0.4737332081131391,2025-09-25T23:30Z,31.275633310939085,33.04152663987359,-1.765893328934503,-9
401762474,2025,5,2025-09-27T20:00Z,202,2655,Tulsa Golden Hurricane,Tulane Green Wave,14,31,False,True,0.18337835018042212,0,0.21324033443840124,0.10040536742514508,2025-09-25T23:30Z,12.92184810764157,30.18513902883271,-17.263290921191143,-17
401752720,2025,5,2025-09-27T20:15Z,344,2633,Mississippi State Bulldogs,Tennessee Volunteers,34,41,False,True,0.3629683649568999,0,0.3113599374752115,0.31830382437387367,2025-09-25T23:30Z,34.358530144643645,36.356207855159134,-1.9976777105154895,-7
401757270,2025,5,2025-09-27T22:00Z,338,2393,Kennesaw State Owls,Middle Tennessee Blue Raiders,24,16,False,True,0.6177689573435043,1,0.6911188252513214,0.736477603731992,2025-09-25T23:30Z,30.696469018982267,17.685830313094968,13.010638705887299,8
401757271,2025,5,2025-09-27T22:00Z,295,2335,Old Dominion Monarchs,Liberty Flames,21,7,False,True,0.9212660985801081,1,0.7730385200210897,0.9185774664009092,2025-09-25T23:30Z,36.96131724516349,10.09624029460512,26.86507695055837,14
401756904,2025,5,2025-09-27T23:00Z,66,12,Iowa State Cyclones,Arizona Wildcats,39,14,False,True,0.4845302464788977,1,0.666815907457142,0.5642405018230255,2025-09-25T23:30Z,20.417049887106337,19.26130856930893,1.155741317797407,25
401754548,2025,5,2025-09-27T23:00Z,152,259,NC State Wolfpack,Virginia Tech Hokies,21,23,False,True,0.7191639401590927,0,0.7248900701764691,0.6882306479901698,2025-09-25T23:30Z,36.29718729022552,28.021608708761452,8.275578581464071,-2
401757269,2025,5,2025-09-27T23:00Z,2572,55,Southern Miss Golden Eagles,Jacksonville State Gamecocks,42,25,False,True,0.544350625716349,1,0.2853933289381282,0.36592004702685504,2025-09-25T23:30Z,28.20220975710083,28.11150377339324,0.09070598370759342,17
401757273,2025,5,2025-09-27T23:00Z,2623,98,Missouri State Bears,Western Kentucky Hilltoppers,22,27,False,True,0.4845355779671138,0,0.5032835980931626,0.4364811669011877,2025-09-25T23:30Z,27.91907322782568,28.651120948030382,-0.7320477202047009,-5
401762472,2025,5,2025-09-27T23:00Z,2226,235,Florida Atlantic Owls,Memphis Tigers,26,55,False,True,0.1189126571647459,0,0.183007935671594,0.07123844555467318,2025-09-25T23:30Z,15.259423780738308,38.80362783713099,-23.54420405639268,-29
401752854,2025,5,2025-09-27T23:30Z,213,2483,Penn State Nittany Lions,Oregon Ducks,24,30,False,True,0.4195774300606238,0,0.4655782728570458,0.3870223851403798,2025-09-25T23:30Z,26.529604192808286,30.357293521025028,-3.827689328216742,-6
401752718,2025,5,2025-09-27T23:30Z,61,333,Georgia Bulldogs,Alabama Crimson Tide,21,24,False,True,0.46890707030507556,0,0.5796658501592917,0.4876796420762748,2025-09-25T23:30Z,31.281314592350945,31.492787499850344,-0.21147290749939884,-3
401752721,2025,5,2025-09-27T23:30Z,142,113,Missouri Tigers,Massachusetts Minutemen,42,6,False,True,0.992346066647535,1,0.979860417985408,0.9945284227906908,2025-09-25T23:30Z,56.824293214717265,9.452598237712726,47.37169497700454,36
401752950,2025,5,2025-09-27T23:30Z,36,265,Colorado State Rams,Washington State Cougars,3,20,False,True,0.7494861920101595,0,0.6579695349897892,0.7029113967337535,2025-09-25T23:30Z,29.34151900334296,18.786606077113042,10.554912926229918,-17
401754549,2025,5,2025-09-27T23:30Z,24,23,Stanford Cardinal,San José State Spartans,30,29,False,True,0.7088186469003965,1,0.49691548722035866,0.6683476677999628,2025-09-25T23:30Z,25.762860507774516,14.85061139133763,10.912249116436886,1
401760379,2025,5,2025-09-27T23:30Z,68,2026,Boise State Broncos,App State Mountaineers,47,14,False,True,0.7581053955300232,1,0.758315238975406,0.7208359094600211,2025-09-25T23:30Z,34.14299204324658,26.740458990620787,7.402533052625792,33
401752722,2025,5,2025-09-27T23:45Z,2579,96,South Carolina Gamecocks,Kentucky Wildcats,35,13,False,True,0.645496830104438,1,0.5725850366347451,0.5353995488563088,2025-09-25T23:30Z,18.051414846399478,15.980505281791043,2.070909564608435,22
401761615,2025,5,2025-09-28T00:00Z,309,276,Louisiana Ragin' Cajuns,Marshall Thundering Herd,54,51,False,True,0.6050627182854156,1,0.47580640654230244,0.42028485840306745,2025-09-25T23:30Z,23.205630311621583,25.125423044404503,-1.9197927327829198,3
401757272,2025,5,2025-09-28T01:00Z,2638,2348,UTEP Miners,Louisiana Tech Bulldogs,11,30,False,True,0.3254960743063613,0,0.37300073039276616,0.2317143136928163,2025-09-25T23:30Z,16.19812837119654,26.90620588239184,-10.708077511195302,-19
401756903,2025,5,2025-09-28T02:15Z,38,252,Colorado Buffaloes,BYU Cougars,21,24,False,True,0.34924008315507105,0,0.4152021321031574,0.31120075720175,2025-09-25T23:30Z,18.830594381331437,27.972673162299436,-9.142078780968,-3
401757275,2025,6,2025-10-03T01:00Z,166,2534,New Mexico State Aggies,Sam Houston Bearkats,37,10,False,True,0.6398709434729508,1,0.5507941374888825,0.5718154447879921,2025-10-03T01:00Z,31.99548021731493,24.99605207814517,6.999428139169762,27
401757276,2025,6,2025-10-03T23:00Z,48,98,Delaware Blue Hens,Western Kentucky Hilltoppers,24,27,False,True,0.5826913189179306,0,0.6604114828787673,0.6799669434356801,2025-10-03T01:00Z,36.091950246586144,28.0768918175849,8.015058429001243,-3
401762475,2025,6,2025-10-03T23:00Z,58,2429,South Florida Bulls,Charlotte 49ers,54,26,False,True,0.9463051725082977,1,0.8651537249968588,0.9591680080578383,2025-10-03T01:00Z,38.96477130600781,5.475289867998049,33.48948143800976,28
401760384,2025,6,2025-10-04T02:00Z,23,167,San José State Spartans,New Mexico Lobos,35,28,False,True,0.43671138149499644,1,0.4361022953929751,0.28329006915505883,2025-10-03T01:00Z,22.058563471465018,32.22335485478219,-10.16479138331717,7
401756909,2025,6,2025-10-04T02:30Z,252,277,BYU Cougars,West Virginia Mountaineers,38,24,False,True,0.888282336513422,1,0.8861237471555881,0.944089890425405,2025-10-03T01:00Z,34.61599454659054,7.563837463866445,27.052157082724097,14
401760382,2025,6,2025-10-04T02:30Z,21,36,San Diego State Aztecs,Colorado State Rams,45,24,False,True,0.6877975078353273,1,0.6784845758110494,0.7301500927586196,2025-10-03T01:00Z,17.505763083408816,5.187005566261425,12.31875751714739,21
401752728,2025,6,2025-10-04T16:00Z,61,96,Georgia Bulldogs,Kentucky Wildcats,35,14,False,True,0.9192687538426252,1,0.8689417661012446,0.8867082005509448,2025-10-03T01:00Z,35.26311847726458,16.150848270491757,19.11227020677282,21
401756912,2025,6,2025-10-04T16:00Z,2132,66,Cincinnati Bearcats,Iowa State Cyclones,38,30,False,True,0.5420856847607334,1,0.5125404786276659,0.5096810767001858,2025-10-03T01:00Z,24.726929354026424,21.35671536990058,3.3702139841258436,8
401752856,2025,6,2025-10-04T16:00Z,130,275,Michigan Wolverines,Wisconsin Badgers,24,10,False,True,0.913365054076114,1,0.8559977640996883,0.8859979807413451,2025-10-03T01:00Z,33.6264298410384,11.804898856707789,21.821530984330614,14
401752861,2025,6,2025-10-04T16:00Z,2509,356,Purdue Boilermakers,Illinois Fighting Illini,27,43,False,True,0.32539187577322654,0,0.30543932184937816,0.2019900730107502,2025-10-03T01:00Z,21.930334767144917,31.55888729692981,-9.628552529784894,-16
401754550,2025,6,2025-10-04T16:00Z,221,103,Pittsburgh Panthers,Boston College Eagles,48,7,False,True,0.7637866175528952,1,0.6769372147425579,0.6779987788166234,2025-10-03T01:00Z,37.48360466132292,30.26227779186308,7.2213268694598405,41
401754552,2025,6,2025-10-04T16:00Z,153,228,North Carolina Tar Heels,Clemson Tigers,10,38,False,True,0.23315030006204213,0,0.3717529302225595,0.2538796139697586,2025-10-03T01:00Z,18.02485955533275,26.608435401150523,-8.583575845817773,-28
401756911,2025,6,2025-10-04T16:00Z,239,2306,Baylor Bears,Kansas State Wildcats,35,34,False,True,0.6226826375602854,1,0.5872832384415891,0.5412942758343056,2025-10-03T01:00Z,35.59524528104929,32.83735371415403,2.7578915668952604,1
401760381,2025,6,2025-10-04T16:00Z,2426,2005,Navy Midshipmen,Air Force Falcons,34,31,False,True,0.8147051592056449,1,0.7957364723952742,0.8730235494539746,2025-10-03T01:00Z,44.569983175779484,27.87581451065686,16.694168665122625,3
401762476,2025,6,2025-10-04T16:00Z,5,349,UAB Blazers,Army Black Knights,13,31,False,True,0.2902687056306416,0,0.3055171990972674,0.187532218351714,2025-10-03T01:00Z,23.020624192118568,35.27576165635985,-12.25513746424128,-18
401762830,2025,6,2025-10-04T16:00Z,2050,195,Ball State Cardinals,Ohio Bobcats,20,14,False,True,0.14191004009034439,1,0.15828202694926946,0.09385121506050267,2025-10-03T01:00Z,15.389245272761395,32.26039550131158,-16.871150228550185,6
401754556,2025,6,2025-10-04T17:00Z,259,154,Virginia Tech Hokies,Wake Forest Demon Deacons,23,30,False,True,0.6941910143671912,0,0.6843192288254751,0.6932580201652417,2025-10-03T01:00Z,28.240956685074426,19.719976398979682,8.520980286094744,-7
401762479,2025,6,2025-10-04T17:00Z,218,2636,Temple Owls,UTSA Roadrunners,27,21,False,True,0.28426847194828425,1,0.25204183662550345,0.37229482515469897,2025-10-03T01:00Z,30.05980735156941,32.50989015886344,-2.450082807294031,6
401762832,2025,6,2025-10-04T18:30Z,113,2711,Massachusetts Minutemen,Western Michigan Broncos,3,21,False,True,0.2672859518296352,0,0.30906098434030627,0.17505880382783987,2025-10-03T01:00Z,13.457370179847258,26.793357594164696,-13.335987414317438,-18
401756910,2025,6,2025-10-04T19:00Z,12,197,Arizona Wildcats,Oklahoma State Cowboys,41,13,False,True,0.9231800164630475,1,0.862759025470239,0.9419429028882008,2025-10-03T01:00Z,39.366924411260726,12.049588304737902,27.317336106522824,28
401752855,2025,6,2025-10-04T19:30Z,26,213,UCLA Bruins,Penn State Nittany Lions,42,37,False,True,0.06664475000021906,1,0.11738560589916333,0.04861681625593383,2025-10-03T01:00Z,10.289566740717255,33.37400443695131,-23.084437696234055,5
401752727,2025,6,2025-10-04T19:30Z,57,251,Florida Gators,Texas Longhorns,29,21,False,True,0.21708306732969265,1,0.2074544755250856,0.1952495456438165,2025-10-03T01:00Z,13.25539327309129,21.519090099475015,-8.263696826383725,8
401752726,2025,6,2025-10-04T19:30Z,333,238,Alabama Crimson Tide,Vanderbilt Commodores,30,14,False,True,0.7611693851111467,1,0.7010598771887869,0.6618549800403174,2025-10-03T01:00Z,35.97718462797055,30.38096985010811,5.596214777862443,16
401757165,2025,6,2025-10-04T19:30Z,87,68,Notre Dame Fighting Irish,Boise State Broncos,28,7,False,True,0.9540871596748524,1,0.856553366072079,0.942864938305684,2025-10-03T01:00Z,49.10517533652405,21.591664261088404,27.513511075435645,21
401754554,2025,6,2025-10-04T19:30Z,97,258,Louisville Cardinals,Virginia Cavaliers,27,30,False,True,0.6357610684402493,0,0.6919790021964892,0.628223565628738,2025-10-03T01:00Z,34.30917011951015,31.327918832367416,2.981251287142733,-3
401752857,2025,6,2025-10-04T19:30Z,120,264,Maryland Terrapins,Washington Huskies,20,24,False,True,0.4214964551267152,0,0.49440534203890274,0.4936521284539943,2025-10-03T01:00Z,27.39055134995384,26.74141813810122,0.6491332118526181,-4
401752858,2025,6,2025-10-04T19:30Z,77,2433,Northwestern Wildcats,UL Monroe Warhawks,42,7,False,True,0.7082362644534091,1,0.7490609223300535,0.8044977214013421,2025-10-03T01:00Z,27.98415272500805,16.340336829047015,11.643815895961037,35
401752940,2025,6,2025-10-04T19:30Z,2026,204,App State Mountaineers,Oregon State Beavers,27,23,False,True,0.5593796536316182,1,0.6940953266232084,0.48718595786054775,2025-10-03T01:00Z,27.795624772686935,29.526798061816834,-1.7311732891298988,4
401754555,2025,6,2025-10-04T19:30Z,2567,183,SMU Mustangs,Syracuse Orange,31,18,False,True,0.8071420198240088,1,0.8199653973640149,0.7842970131532989,2025-10-03T01:00Z,33.05981644430499,20.90242860771443,12.157387836590562,13
401757171,2025,6,2025-10-04T19:30Z,41,2229,UConn Huskies,Florida International Panthers,51,10,False,True,0.6109385636084517,1,0.7252954414357738,0.7515495595830155,2025-10-03T01:00Z,31.68156416359742,19.746805563857745,11.934758599739677,41
401761618,2025,6,2025-10-04T19:30Z,2247,256,Georgia State Panthers,James Madison Dukes,7,14,False,True,0.14032553817988302,0,0.09461105661501121,0.05656605008003862,2025-10-03T01:00Z,16.683564653055626,40.392895757063904,-23.709331104008278,-7
401762829,2025,6,2025-10-04T19:30Z,2006,2117,Akron Zips,Central Michigan Chippewas,28,22,False,True,0.2860654813846982,1,0.40616534088804734,0.34017015109316134,2025-10-03T01:00Z,19.155424219386703,24.78404732817725,-5.628623108790549,6
401762831,2025,6,2025-10-04T19:30Z,2084,2199,Buffalo Bulls,Eastern Michigan Eagles,31,30,False,True,0.6568195112338119,1,0.7202354504688612,0.6966706551273956,2025-10-03T01:00Z,27.96858511857092,20.216824972541232,7.751760146029689,1
401762873,2025,6,2025-10-04T19:30Z,2459,193,Northern Illinois Huskies,Miami (OH) RedHawks,14,25,False,True,0.5153541035781439,0,0.5139647387841799,0.6043654491460563,2025-10-03T01:00Z,19.453122716518525,12.765682379371437,6.687440337147088,-11
401752729,2025,6,2025-10-04T20:00Z,201,2309,Oklahoma Sooners,Kent State Golden Flashes,44,0,False,True,0.9932560426061141,1,0.9884306939307761,0.9961501359491236,2025-10-03T01:00Z,53.86533181683227,5.131899648404378,48.73343216842789,44
401752860,2025,6,2025-10-04T20:00Z,158,127,Nebraska Cornhuskers,Michigan State Spartans,38,27,False,True,0.8010469332782597,1,0.8364689370486934,0.8776591292962598,2025-10-03T01:00Z,37.85481467508291,19.11387449512621,18.740940179956702,11
401761620,2025,6,2025-10-04T20:00Z,2032,326,Arkansas State Red Wolves,Texas State Bobcats,31,30,False,True,0.19860389799453027,1,0.1826081926611417,0.12575689561635062,2025-10-03T01:00Z,24.193284566837697,39.65825161215722,-15.464967045319526,1
401761619,2025,6,2025-10-04T22:00Z,295,324,Old Dominion Monarchs,Coastal Carolina Chanticleers,47,7,False,True,0.9255592494708033,1,0.8764332162479898,0.9371572812214931,2025-10-03T01:00Z,36.40989535865292,10.840441554931807,25.56945380372111,40
401756913,2025,6,2025-10-04T23:00Z,248,2641,Houston Cougars,Texas Tech Red Raiders,11,35,False,True,0.2880235222331094,0,0.3258130909232795,0.24211994692866187,2025-10-03T01:00Z,22.40407942988012,32.65745181039897,-10.253372380518847,-24
401760385,2025,6,2025-10-04T23:00Z,2751,2439,Wyoming Cowboys,UNLV Rebels,17,31,False,True,0.3018342105681445,0,0.3013304099638345,0.24735620523815524,2025-10-03T01:00Z,22.321443546921277,28.18809668795523,-5.866653141033954,-14
401761621,2025,6,2025-10-04T23:00Z,2653,6,Troy Trojans,South Alabama Jaguars,31,24,False,True,0.5193867878273173,1,0.5906701703603432,0.5524801939857856,2025-10-03T01:00Z,25.009955423987186,22.893043156244545,2.1169122677426415,7
401762477,2025,6,2025-10-04T23:00Z,242,2226,Rice Owls,Florida Atlantic Owls,21,27,False,True,0.6446362365008469,0,0.7264362622587373,0.7780040412201676,2025-10-03T01:00Z,31.51210720921003,19.67696788252197,11.835139326688058,-6
401752859,2025,6,2025-10-04T23:30Z,194,135,Ohio State Buckeyes,Minnesota Golden Gophers,42,3,False,True,0.9637862324817593,1,0.9285172406558866,0.953979884374448,2025-10-03T01:00Z,28.95817419893399,0.6392562663942485,28.31891793253974,39
401754553,2025,6,2025-10-04T23:30Z,52,2390,Florida State Seminoles,Miami Hurricanes,22,28,False,True,0.3431822893538454,0,0.37611219612490265,0.2917501435558369,2025-10-03T01:00Z,25.299921496877424,30.642927717938186,-5.343006221060762,-6
401752730,2025,6,2025-10-04T23:30Z,245,344,Texas A&M Aggies,Mississippi State Bulldogs,31,9,False,True,0.8559571145122739,1,0.7914211768991066,0.7463884599841359,2025-10-03T01:00Z,33.32458025396297,23.43080108202414,9.893779171938831,22
401756914,2025,6,2025-10-04T23:30Z,2628,38,TCU Horned Frogs,Colorado Buffaloes,35,21,False,True,0.7791035535640164,1,0.7635553072276668,0.7545774560481537,2025-10-03T01:00Z,35.00949692753873,23.42477485983635,11.584722067702376,14
401756915,2025,6,2025-10-04T23:30Z,2116,2305,UCF Knights,Kansas Jayhawks,20,27,False,True,0.3914919670795611,0,0.5074391724366061,0.31291268978931336,2025-10-03T01:00Z,22.023316104915537,30.09007865213949,-8.066762547223952,-7
401762478,2025,6,2025-10-05T00:00Z,235,202,Memphis Tigers,Tulsa Golden Hurricane,45,7,False,True,0.951145213114204,1,0.9513417771571535,0.9642141144719055,2025-10-03T01:00Z,37.781078447378164,8.54831096634062,29.23276748103754,38
401754551,2025,6,2025-10-05T02:30Z,25,150,California Golden Bears,Duke Blue Devils,21,45,False,True,0.34706772826155635,0,0.4513152906391328,0.3688825671921449,2025-10-03T01:00Z,23.820216858502132,29.02082274022474,-5.200605881722609,-24
401760383,2025,6,2025-10-05T02:30Z,278,2440,Fresno State Bulldogs,Nevada Wolf Pack,20,17,False,True,0.7805207690217448,1,0.7979601278227222,0.8693532796030266,2025-10-03T01:00Z,29.84562152336393,10.424754869177306,19.420866654186625,3
401757278,2025,7,2025-10-08T23:30Z,2393,2623,Middle Tennessee Blue Raiders,Missouri State Bears,20,22,False,True,0.5719558716249876,0,0.43000571868885895,0.38344915200329244,2025-10-08T23:30Z,21.74455693895622,23.09067691235073,-1.3461199733945115,-2
401757277,2025,7,2025-10-09T00:00Z,2638,2335,UTEP Miners,Liberty Flames,8,19,False,True,0.5066934714095916,0,0.38220499946775455,0.43060451716993836,2025-10-08T23:30Z,18.135499897925474,19.023100262918334,-0.8876003649928599,-11
401757280,2025,7,2025-10-09T23:00Z,338,2348,Kennesaw State Owls,Louisiana Tech Bulldogs,35,7,False,True,0.292880140009938,1,0.34306446149966274,0.1990571155600408,2025-10-08T23:30Z,15.71904480696731,27.539337419464175,-11.820292612496866,28
401762480,2025,7,2025-10-09T23:30Z,2655,151,Tulane Green Wave,East Carolina Pirates,26,19,False,True,0.5333988558104917,1,0.59349976476855,0.5445336027180078,2025-10-08T23:30Z,21.487688051101795,21.280518338258887,0.20716971284290864,7
401757279,2025,7,2025-10-10T00:00Z,2534,55,Sam Houston Bearkats,Jacksonville State Gamecocks,27,29,False,True,0.2992023431625414,0,0.25769737191814857,0.19664462007123032,2025-10-08T23:30Z,23.412231287633478,35.306745623218625,-11.894514335585146,-2
401761622,2025,7,2025-10-10T00:00Z,290,2572,Georgia Southern Eagles,Southern Miss Golden Eagles,35,38,False,True,0.3885270540449085,0,0.5714463620358261,0.4009791436121422,2025-10-08T23:30Z,29.498763821673588,34.74830144012412,-5.249537618450535,-3
401762481,2025,7,2025-10-10T23:30Z,249,58,North Texas Mean Green,South Florida Bulls,36,63,False,True,0.6585628720621448,0,0.6865377159709978,0.6593184050241891,2025-10-08T23:30Z,41.24905160869567,34.520942531110116,6.728109077585557,-27
401752862,2025,7,2025-10-11T01:00Z,264,164,Washington Huskies,Rutgers Scarlet Knights,38,19,False,True,0.8368237092630876,1,0.7223163529714358,0.7268288917362278,2025-10-08T23:30Z,40.62239080955588,30.55190177857829,10.07048903097759,19
401760388,2025,7,2025-10-11T01:00Z,36,278,Colorado State Rams,Fresno State Bulldogs,49,21,False,True,0.3780948369708459,1,0.36325742517714116,0.2879941419589264,2025-10-08T23:30Z,17.038644601984828,24.04207282005061,-7.003428218065782,28
401752865,2025,7,2025-10-11T16:00Z,356,194,Illinois Fighting Illini,Ohio State Buckeyes,16,34,False,True,0.12598831163052135,0,0.15532322902100007,0.2063633917950012,2025-10-08T23:30Z,19.950529074643537,27.4578090717141,-7.507279997070562,-18
401752734,2025,7,2025-10-11T16:00Z,142,333,Missouri Tigers,Alabama Crimson Tide,24,27,False,True,0.3122508173636245,0,0.4939870507439489,0.3093004717355587,2025-10-08T23:30Z,23.10694369338359,30.8942298307254,-7.787286137341809,-3
401754559,2025,7,2025-10-11T16:00Z,52,221,Florida State Seminoles,Pittsburgh Panthers,31,34,False,True,0.801405612836183,0,0.6522426211384624,0.7635577171045693,2025-10-08T23:30Z,37.94618207856161,23.9362439276889,14.009938150872713,-3
401752863,2025,7,2025-10-11T16:00Z,127,26,Michigan State Spartans,UCLA Bruins,13,38,False,True,0.7439342848293597,0,0.6138812644450189,0.7330263032723137,2025-10-08T23:30Z,34.62654996177921,23.8275846850347,10.79896527674451,-25
401754561,2025,7,2025-10-11T16:00Z,2567,24,SMU Mustangs,Stanford Cardinal,34,10,False,True,0.8306789587748653,1,0.8847129177289903,0.8846794888341047,2025-10-08T23:30Z,34.739207437526446,18.19390443347418,16.545303004052265,24
401756917,2025,7,2025-10-11T16:00Z,2132,2116,Cincinnati Bearcats,UCF Knights,20,11,False,True,0.7562154516789685,1,0.6428832464319436,0.7635875179521735,2025-10-08T23:30Z,31.14625470568342,17.44927933600095,13.69697536968247,9
401756920,2025,7,2025-10-11T16:00Z,197,248,Oklahoma State Cowboys,Houston Cougars,17,39,False,True,0.16494073035765383,0,0.19849473831497405,0.076838930079619,2025-10-08T23:30Z,14.74540710774754,37.49652227871677,-22.75111517096923,-22
401761625,2025,7,2025-10-11T16:00Z,256,309,James Madison Dukes,Louisiana Ragin' Cajuns,24,14,False,True,0.8259643024215297,1,0.8503220184918181,0.8830803904218266,2025-10-08T23:30Z,33.800500597556834,13.899874869041442,19.900625728515394,10
401762483,2025,7,2025-10-11T16:00Z,349,2429,Army Black Knights,Charlotte 49ers,24,7,False,True,0.9187679529846282,1,0.9156791910798469,0.9542280329001346,2025-10-08T23:30Z,38.513119188494564,9.703323496965158,28.809795691529406,17
401762833,2025,7,2025-10-11T16:00Z,2006,193,Akron Zips,Miami (OH) RedHawks,7,20,False,True,0.11402492867900736,0,0.18431928114952856,0.1307767261972447,2025-10-08T23:30Z,16.233635886590598,31.594169675161382,-15.360533788570784,-13
401762835,2025,7,2025-10-11T16:00Z,189,2649,Bowling Green Falcons,Toledo Rockets,28,23,False,True,0.3486939559717882,1,0.3545591516141886,0.30751419473061964,2025-10-08T23:30Z,21.460138190485747,27.682777384209995,-6.222639193724248,5
401752733,2025,7,2025-10-11T16:45Z,145,265,Ole Miss Rebels,Washington State Cougars,24,21,False,True,0.9670998113067681,1,0.9454924516595156,0.9750853468396328,2025-10-08T23:30Z,45.79821162527541,13.604635004472287,32.19357662080312,3
401762836,2025,7,2025-10-11T17:00Z,2199,2459,Eastern Michigan Eagles,Northern Illinois Huskies,16,10,False,True,0.35596175022472853,1,0.4530151070084445,0.3658793993710351,2025-10-08T23:30Z,20.188545119070277,23.893422440765725,-3.7048773216954487,6
401762837,2025,7,2025-10-11T18:30Z,2309,113,Kent State Golden Flashes,Massachusetts Minutemen,42,6,False,True,0.5825559828097558,1,0.47410273874044284,0.5048006473293821,2025-10-08T23:30Z,32.954281864408955,29.616396615419546,3.3378852489894086,36
401752870,2025,7,2025-10-11T19:30Z,2483,84,Oregon Ducks,Indiana Hoosiers,20,30,False,True,0.6256642176641023,0,0.6297896676556405,0.41433805101136834,2025-10-08T23:30Z,27.06425958709871,32.73381188495269,-5.669552297853976,-10
401752736,2025,7,2025-10-11T19:30Z,251,201,Texas Longhorns,Oklahoma Sooners,23,6,True,True,0.5491253438895553,1,0.5788748177695717,0.4479817563449633,2025-10-08T23:30Z,16.67181008747327,21.587325129709235,-4.915515042235967,17
401754560,2025,7,2025-10-11T19:30Z,59,259,Georgia Tech Yellow Jackets,Virginia Tech Hokies,35,20,False,True,0.7440410957342878,1,0.7679310950153175,0.7869605493023595,2025-10-08T23:30Z,34.35470319270862,22.32203193278983,12.03267125991879,15
401754562,2025,7,2025-10-11T19:30Z,87,152,Notre Dame Fighting Irish,NC State Wolfpack,36,7,False,True,0.9470521180252953,1,0.923950750045357,0.9423668869345834,2025-10-08T23:30Z,44.73363541585606,19.88721855629302,24.846416859563035,29
401756918,2025,7,2025-10-11T19:30Z,38,66,Colorado Buffaloes,Iowa State Cyclones,24,17,False,True,0.5030724875151179,1,0.5007266828309516,0.4108254618550939,2025-10-08T23:30Z,23.268376080228116,26.381820616922678,-3.113444536694562,7
401752866,2025,7,2025-10-11T19:30Z,213,77,Penn State Nittany Lions,Northwestern Wildcats,21,22,False,True,0.9018585231850592,0,0.867574659104555,0.8606969341603895,2025-10-08T23:30Z,28.87320341009481,15.294098752145,13.57910465794981,-1
401752867,2025,7,2025-10-11T19:30Z,120,158,Maryland Terrapins,Nebraska Cornhuskers,31,34,False,True,0.37774451322003666,0,0.44734859684999007,0.3387400708986082,2025-10-08T23:30Z,19.417402256608668,24.981301289304955,-5.563899032696288,-3
401754563,2025,7,2025-10-11T19:30Z,204,154,Oregon State Beavers,Wake Forest Demon Deacons,14,39,False,True,0.332384701179814,0,0.4634175152843434,0.3409233909545975,2025-10-08T23:30Z,22.426322974275685,27.6322086020306,-5.205885627754917,-25
401756919,2025,7,2025-10-11T19:30Z,2306,2628,Kansas State Wildcats,TCU Horned Frogs,41,28,False,True,0.3667498630165326,1,0.4572392207366148,0.3298995181129695,2025-10-08T23:30Z,25.956341709193342,31.65499754630754,-5.698655837114199,13
401760386,2025,7,2025-10-11T19:30Z,2439,2005,UNLV Rebels,Air Force Falcons,51,48,False,True,0.7832808389679842,1,0.7636284584880291,0.8655040250736444,2025-10-08T23:30Z,46.93609360013488,30.87675216443703,16.059341435697853,3
401761624,2025,7,2025-10-11T19:30Z,2247,2026,Georgia State Panthers,App State Mountaineers,20,41,False,True,0.46876146379312245,0,0.3611200196299481,0.4052077090766293,2025-10-08T23:30Z,28.869625311297046,30.148159064762055,-1.278533753465009,-21
401761626,2025,7,2025-10-11T19:30Z,276,295,Marshall Thundering Herd,Old Dominion Monarchs,48,24,False,True,0.11178536998947565,1,0.30123735606325475,0.13732985077811113,2025-10-08T23:30Z,22.342064601409618,40.400083448146916,-18.058018846737298,24
401762834,2025,7,2025-10-11T19:30Z,2711,2050,Western Michigan Broncos,Ball State Cardinals,42,0,False,True,0.728205101780041,1,0.7060967735210557,0.7466129231696462,2025-10-08T23:30Z,19.072963363726693,9.797869795087863,9.27509356863883,42
401762484,2025,7,2025-10-11T20:00Z,218,2426,Temple Owls,Navy Midshipmen,31,32,False,True,0.30951068945985966,0,0.2403081876380248,0.34834118704580813,2025-10-08T23:30Z,27.942194622971538,28.691663887835503,-0.7494692648639649,-1
401752735,2025,7,2025-10-11T20:15Z,2633,8,Tennessee Volunteers,Arkansas Razorbacks,34,31,False,True,0.7472536875421266,1,0.7732197288382108,0.7699099203306026,2025-10-08T23:30Z,46.46531984157403,36.672486736372974,9.792833105201055,3
401762482,2025,7,2025-10-11T22:00Z,2226,5,Florida Atlantic Owls,UAB Blazers,53,33,False,True,0.5348070600610333,1,0.6114847803539001,0.542938500102774,2025-10-08T23:30Z,35.76189240236779,33.124699194792726,2.6371932075750664,20
401752737,2025,7,2025-10-11T23:00Z,245,57,Texas A&M Aggies,Florida Gators,34,17,False,True,0.7972519333447253,1,0.7519915974990616,0.7740058750316932,2025-10-08T23:30Z,26.950167306648453,15.579144160337577,11.371023146310876,17
401752869,2025,7,2025-10-11T23:00Z,275,2294,Wisconsin Badgers,Iowa Hawkeyes,0,37,False,True,0.4095598546679908,0,0.4113430934657567,0.2897985304099131,2025-10-08T23:30Z,13.56682012877204,21.17574989997659,-7.608929771204551,-37
401760391,2025,7,2025-10-11T23:00Z,2751,23,Wyoming Cowboys,San José State Spartans,35,28,False,True,0.442760010442285,1,0.4736432969707159,0.4577471993026116,2025-10-08T23:30Z,19.1986355210711,20.083423404717514,-0.884787883646414,7
401761623,2025,7,2025-10-11T23:00Z,324,2433,Coastal Carolina Chanticleers,UL Monroe Warhawks,23,8,False,True,0.5728950921905133,1,0.6489648539589946,0.6380627470323141,2025-10-08T23:30Z,32.63407584689768,26.148605124317992,6.485470722579688,15
401756921,2025,7,2025-10-11T23:30Z,2641,2305,Texas Tech Red Raiders,Kansas Jayhawks,42,17,False,True,0.7609926560125683,1,0.756617262021694,0.7924162671654993,2025-10-08T23:30Z,37.18121278665274,22.257196022969005,14.924016763683738,25
401752731,2025,7,2025-10-11T23:30Z,2,61,Auburn Tigers,Georgia Bulldogs,10,20,False,True,0.3136118102305328,0,0.37016840689710484,0.3333135935900061,2025-10-08T23:30Z,19.78161223236193,22.925564163791872,-3.1439519314299424,-10
401752868,2025,7,2025-10-11T23:30Z,30,130,USC Trojans,Michigan Wolverines,31,13,False,True,0.49147189155775,1,0.5786699229619374,0.629628791933389,2025-10-08T23:30Z,34.34526180575248,29.69716215381965,4.648099651932828,18
401752864,2025,7,2025-10-11T23:30Z,135,2509,Minnesota Golden Gophers,Purdue Boilermakers,27,20,False,True,0.5222029952591446,1,0.7482864173902588,0.5774489272427578,2025-10-08T23:30Z,24.380848374239307,25.30128057744011,-0.9204322032008037,7
401754558,2025,7,2025-10-11T23:30Z,103,228,Boston College Eagles,Clemson Tigers,10,41,False,True,0.19015903479556354,0,0.2552207763039368,0.18340422480132598,2025-10-08T23:30Z,21.538082953108354,33.272235274284085,-11.734152321175731,-31
401762485,2025,7,2025-10-11T23:30Z,2636,242,UTSA Roadrunners,Rice Owls,61,13,False,True,0.7719267163011021,1,0.7552072787887399,0.7303172091359815,2025-10-08T23:30Z,25.617796993071913,14.534169709616048,11.083627283455865,48
401752732,2025,7,2025-10-11T23:45Z,99,2579,LSU Tigers,South Carolina Gamecocks,20,10,False,True,0.6587623617025341,1,0.7185309184467474,0.6993953436686062,2025-10-08T23:30Z,18.53063071821553,9.537784920685738,8.992845797529792,10
401756916,2025,7,2025-10-12T00:00Z,12,252,Arizona Wildcats,BYU Cougars,27,33,False,True,0.3923826361973859,0,0.3669168097192075,0.29065193475692036,2025-10-08T23:30Z,19.5904728812422,27.426149800897647,-7.835676919655448,-6
401761627,2025,7,2025-10-12T00:00Z,326,2653,Texas State Bobcats,Troy Trojans,41,48,False,True,0.6388207281899061,0,0.6914467637898778,0.7120437509831592,2025-10-08T23:30Z,33.46009692612864,25.424560944199897,8.035535981928746,-7
401760387,2025,7,2025-10-12T01:45Z,68,167,Boise State Broncos,New Mexico Lobos,41,25,False,True,0.7245877720597549,1,0.7333862098019577,0.6704091411999687,2025-10-08T23:30Z,29.556380468844754,24.01111169970706,5.545268769137692,16
401756922,2025,7,2025-10-12T02:25Z,254,9,Utah Utes,Arizona State Sun Devils,42,10,False,True,0.5670263795439516,1,0.6384851723079663,0.6404181522807547,2025-10-08T23:30Z,24.131784447540152,16.4866199688996,7.645164478640552,32
401760390,2025,7,2025-10-12T02:30Z,2440,21,Nevada Wolf Pack,San Diego State Aztecs,10,44,False,True,0.3636708362087819,0,0.4461192448251675,0.27083113315762514,2025-10-08T23:30Z,14.768736220806169,23.694872199656377,-8.926135978850208,-34
401760389,2025,7,2025-10-12T03:59Z,62,328,Hawai'i Rainbow Warriors,Utah State Aggies,44,26,False,True,0.37576161237449474,1,0.5187780639814193,0.3641544798530264,2025-10-08T23:30Z,29.520710697366436,35.75731704946104,-6.236606352094601,18
401757282,2025,8,2025-10-14T23:00Z,2335,166,Liberty Flames,New Mexico State Aggies,30,27,False,True,0.7051011571730983,1,0.7780602926577532,0.7212391065393056,2025-10-14T23:00Z,25.533873612322736,17.39618496247217,8.137688649850567,3
401761628,2025,8,2025-10-14T23:30Z,6,2032,South Alabama Jaguars,Arkansas State Red Wolves,14,15,False,True,0.7718837914977176,0,0.7726166417199798,0.7063891785269992,2025-10-14T23:00Z,30.041693226116102,22.404212326096193,7.637480900019909,-1
401757281,2025,8,2025-10-15T00:00Z,98,2229,Western Kentucky Hilltoppers,Florida International Panthers,6,25,False,True,0.7755535063840419,0,0.803500152803601,0.8619749488364249,2025-10-14T23:00Z,35.10519525824965,16.924039812858958,18.181155445390694,-19
401757283,2025,8,2025-10-15T23:00Z,55,48,Jacksonville State Gamecocks,Delaware Blue Hens,38,25,False,True,0.5745741058635664,1,0.563819783265632,0.40776933998473824,2025-10-14T23:00Z,29.50720821635226,31.59757335115937,-2.090365134807108,13
401757284,2025,8,2025-10-15T23:00Z,2534,2638,Sam Houston Bearkats,UTEP Miners,17,35,False,True,0.47778374715560457,0,0.5603532956871077,0.45269936486795403,2025-10-14T23:00Z,21.188836051057418,23.011851601541785,-1.8230155504843673,-18
401762486,2025,8,2025-10-16T23:30Z,151,202,East Carolina Pirates,Tulsa Golden Hurricane,41,27,False,True,0.9079647336244191,1,0.9133991315962162,0.9518715280231728,2025-10-14T23:00Z,34.16413628685604,7.248156756775419,26.915979530080623,14
401754564,2025,8,2025-10-17T23:00Z,2390,97,Miami Hurricanes,Louisville Cardinals,21,24,False,True,0.8984261469561537,0,0.7486384925882685,0.8345649947279822,2025-10-14T23:00Z,33.80303586187564,16.866954800304697,16.936081061570945,-3
401752872,2025,8,2025-10-18T00:00Z,135,158,Minnesota Golden Gophers,Nebraska Cornhuskers,24,6,False,True,0.19556757886234222,1,0.3343299347015394,0.1937798611047175,2025-10-14T23:00Z,20.705481072516477,32.40903001504583,-11.703548942529352,18
401760396,2025,8,2025-10-18T01:00Z,328,23,Utah State Aggies,San José State Spartans,30,25,False,True,0.6589678033474529,1,0.5704185401711261,0.6382606914906814,2025-10-14T23:00Z,37.79422807563229,31.386291238477405,6.407936837154885,5
401754371,2025,8,2025-10-18T02:30Z,25,153,California Golden Bears,North Carolina Tar Heels,21,18,False,True,0.6668668394732528,1,0.6776101274363157,0.7612701459114102,2025-10-14T23:00Z,28.05612452429176,16.0281963766934,12.02792814759836,3
401752745,2025,8,2025-10-18T16:00Z,238,99,Vanderbilt Commodores,LSU Tigers,31,24,False,True,0.5546378275912451,1,0.5819189525685782,0.6447679717985759,2025-10-14T23:00Z,28.153609327600797,21.23933646821243,6.914272859388369,7
401754566,2025,8,2025-10-18T16:00Z,150,59,Duke Blue Devils,Georgia Tech Yellow Jackets,18,27,False,True,0.5787028477561874,0,0.576595984312481,0.5770582208358193,2025-10-14T23:00Z,34.38066313676608,29.486273836523104,4.8943893002429775,-9
401752873,2025,8,2025-10-18T16:00Z,130,264,Michigan Wolverines,Washington Huskies,24,7,False,True,0.6831347559329588,1,0.6669016829700791,0.5656592106944718,2025-10-14T23:00Z,25.946382259010132,23.879877141164172,2.06650511784596,17
401754569,2025,8,2025-10-18T16:00Z,103,41,Boston College Eagles,UConn Huskies,23,38,False,True,0.41175103682897857,0,0.3318152744298194,0.26023078437691777,2025-10-14T23:00Z,27.058196994225888,36.35994741643198,-9.30175042220609,-15
401756925,2025,8,2025-10-18T16:00Z,248,12,Houston Cougars,Arizona Wildcats,31,28,False,True,0.4969008925082955,1,0.6140379747569381,0.5391418955321235,2025-10-14T23:00Z,25.945697873642832,23.09435934856224,2.8513385250805925,3
401756927,2025,8,2025-10-18T16:00Z,2628,239,TCU Horned Frogs,Baylor Bears,42,36,False,True,0.7053452306053289,1,0.7032793273859279,0.7376416914263177,2025-10-14T23:00Z,43.69032055059845,33.86038957692124,9.829930973677207,6
401762488,2025,8,2025-10-18T16:00Z,2655,349,Tulane Green Wave,Army Black Knights,24,17,False,True,0.7036933702873625,1,0.6494729310786254,0.7035700388580673,2025-10-14T23:00Z,25.481332854461588,16.574912206456993,8.906420648004595,7
401762839,2025,8,2025-10-18T16:00Z,189,2117,Bowling Green Falcons,Central Michigan Chippewas,6,27,False,True,0.8066782835610661,0,0.8071457532368194,0.8780267421041644,2025-10-14T23:00Z,33.91152968087506,16.296305202182037,17.615224478693026,-21
401762841,2025,8,2025-10-18T16:00Z,193,2199,Miami (OH) RedHawks,Eastern Michigan Eagles,44,30,False,True,0.8110806122347965,1,0.7973565635224794,0.7584012822170678,2025-10-14T23:00Z,30.69177628705632,20.293791973738358,10.397984313317963,14
401752744,2025,8,2025-10-18T16:45Z,2579,201,South Carolina Gamecocks,Oklahoma Sooners,7,26,False,True,0.39274844343196386,0,0.3872670368932908,0.34742299714673947,2025-10-14T23:00Z,13.118170018903026,18.289113663192897,-5.170943644289871,-19
401756928,2025,8,2025-10-18T17:00Z,2116,277,UCF Knights,West Virginia Mountaineers,45,13,False,True,0.6950433317183465,1,0.7768019041616059,0.7311028789761098,2025-10-14T23:00Z,24.650675774438962,16.87539241788108,7.775283356557882,32
401762842,2025,8,2025-10-18T18:00Z,2649,2309,Toledo Rockets,Kent State Golden Flashes,45,10,False,True,0.9368317233320261,1,0.9571280086511716,0.9539500640220093,2025-10-14T23:00Z,41.88789984960222,17.68426628086403,24.20363356873819,35
401762840,2025,8,2025-10-18T18:30Z,113,2084,Massachusetts Minutemen,Buffalo Bulls,21,28,False,True,0.2468317363502328,0,0.1703521502273476,0.13247280914305046,2025-10-14T23:00Z,13.42490193664888,27.764602202214324,-14.339700265565444,-7
401752874,2025,8,2025-10-18T19:00Z,77,2509,Northwestern Wildcats,Purdue Boilermakers,19,0,False,True,0.6016624643324793,1,0.7454616935648428,0.6796922434173153,2025-10-14T23:00Z,24.277473927027376,18.47353100630203,5.803942920725348,19
401761633,2025,8,2025-10-18T19:00Z,2433,2653,UL Monroe Warhawks,Troy Trojans,14,37,False,True,0.3294576484329057,0,0.21217439936549645,0.1496813915872727,2025-10-14T23:00Z,19.796078220678208,34.054503767039186,-14.258425546360979,-23
401752877,2025,8,2025-10-18T19:30Z,275,194,Wisconsin Badgers,Ohio State Buckeyes,0,34,False,True,0.06029339876866258,0,0.07551305552858396,0.03981504049462143,2025-10-14T23:00Z,3.02640829852551,30.26688920227524,-27.24048090374973,-34
401752878,2025,8,2025-10-18T19:30Z,84,127,Indiana Hoosiers,Michigan State Spartans,38,13,False,True,0.949689978133988,1,0.9635108744332925,0.9866158286144208,2025-10-14T23:00Z,49.45751276986441,9.692522858541864,39.764989911322544,25
401752742,2025,8,2025-10-18T19:30Z,61,145,Georgia Bulldogs,Ole Miss Rebels,43,35,False,True,0.7563354259295484,1,0.6186117451321291,0.6380616432587777,2025-10-14T23:00Z,30.00042438858808,22.89158353103381,7.10884085755427,8
401754565,2025,8,2025-10-18T19:30Z,228,2567,Clemson Tigers,SMU Mustangs,24,35,False,True,0.6920646899178717,0,0.6276837120232769,0.5599287311344701,2025-10-14T23:00Z,26.72741760438637,23.628109118578777,3.099308485807594,-11
401760392,2025,8,2025-10-18T19:30Z,2005,2751,Air Force Falcons,Wyoming Cowboys,24,21,False,True,0.5134160463820964,1,0.6739914766275616,0.5551872680701737,2025-10-14T23:00Z,32.80513350589159,29.783498447196806,3.021635058694784,3
401760393,2025,8,2025-10-18T19:30Z,68,2439,Boise State Broncos,UNLV Rebels,56,31,False,True,0.6963664755264652,1,0.7055670362568334,0.6964506015597882,2025-10-14T23:00Z,36.49058804514627,26.322957136121012,10.167630909025256,25
401761629,2025,8,2025-10-18T19:30Z,2026,324,App State Mountaineers,Coastal Carolina Chanticleers,37,45,False,True,0.6759871294509837,0,0.7593820676968501,0.7280561489967847,2025-10-14T23:00Z,29.042820051789693,19.841521768649997,9.201298283139696,-8
401761631,2025,8,2025-10-18T19:30Z,256,295,James Madison Dukes,Old Dominion Monarchs,63,27,False,True,0.3909748875685017,1,0.6074557511317186,0.4673984200670537,2025-10-14T23:00Z,18.398112929507228,20.435730486549566,-2.0376175570423385,36
401761632,2025,8,2025-10-18T19:30Z,276,326,Marshall Thundering Herd,Texas State Bobcats,40,37,False,True,0.5430761364940923,1,0.5550149098743313,0.5628292783006077,2025-10-14T23:00Z,44.14974211205812,39.72279337422924,4.42694873782888,3
401762489,2025,8,2025-10-18T19:30Z,2429,218,Charlotte 49ers,Temple Owls,14,49,False,True,0.31454728692132206,0,0.42702305677858665,0.2221683679850409,2025-10-14T23:00Z,20.060153584847527,31.380192204398192,-11.320038619550665,-35
401762838,2025,8,2025-10-18T19:30Z,2050,2006,Ball State Cardinals,Akron Zips,42,28,False,True,0.659232086806556,1,0.6403593829713128,0.6927225511013811,2025-10-14T23:00Z,25.80690917437346,16.24598782866927,9.560921345704188,14
401762843,2025,8,2025-10-18T19:30Z,195,2459,Ohio Bobcats,Northern Illinois Huskies,48,21,False,True,0.7251353557062237,1,0.7765695232379275,0.7936070859369017,2025-10-14T23:00Z,20.502139590030353,7.503290874277361,12.998848715752992,27
401756923,2025,8,2025-10-18T20:00Z,9,2641,Arizona State Sun Devils,Texas Tech Red Raiders,26,22,False,True,0.19676940764470952,1,0.26629544456256804,0.14563113915534387,2025-10-14T23:00Z,14.776534556987126,31.303020591385526,-16.5264860343984,4
401762487,2025,8,2025-10-18T20:00Z,5,235,UAB Blazers,Memphis Tigers,31,24,False,True,0.08828186467508231,1,0.09142524504324154,0.03779271852799575,2025-10-14T23:00Z,17.95084603673434,46.15340847611562,-28.202562439381282,7
401762491,2025,8,2025-10-18T20:05Z,249,2636,North Texas Mean Green,UTSA Roadrunners,55,17,False,True,0.680525777809422,1,0.5384115378981738,0.6817153205370844,2025-10-14T23:00Z,43.515795356930035,36.541704362007366,6.974090994922669,38
401752741,2025,8,2025-10-18T20:15Z,57,344,Florida Gators,Mississippi State Bulldogs,23,21,False,True,0.7620926037120556,1,0.7115519257874541,0.6668074649039998,2025-10-14T23:00Z,26.399664254564993,18.66639935760916,7.733264896955834,2
401761668,2025,8,2025-10-18T21:00Z,309,2572,Louisiana Ragin' Cajuns,Southern Miss Golden Eagles,10,22,False,True,0.555141998527868,0,0.6698068056062988,0.504812191961082,2025-10-14T23:00Z,30.855573383995736,31.773770054157936,-0.9181966701621995,-12
401752739,2025,8,2025-10-18T21:30Z,8,245,Arkansas Razorbacks,Texas A&M Aggies,42,45,False,True,0.2728762758580553,0,0.3924553071731359,0.27291114587619153,2025-10-14T23:00Z,27.260466318686355,35.08567220169739,-7.825205883011037,-3
401752876,2025,8,2025-10-18T22:30Z,164,2483,Rutgers Scarlet Knights,Oregon Ducks,10,56,False,True,0.10030074163032585,0,0.16822483691950135,0.11811451365201514,2025-10-14T23:00Z,25.506113807295222,40.686096056587154,-15.179982249291932,-46
401752951,2025,8,2025-10-18T22:30Z,258,265,Virginia Cavaliers,Washington State Cougars,22,20,False,True,0.7851605132032958,1,0.7371836557273377,0.854570801046825,2025-10-14T23:00Z,39.11502436586087,22.601902895055467,16.5131214708054,2
401752743,2025,8,2025-10-18T23:00Z,96,251,Kentucky Wildcats,Texas Longhorns,13,16,False,True,0.14838841012107953,0,0.1973622830764386,0.16944466204044345,2025-10-14T23:00Z,17.106188086713665,29.572389681807092,-12.466201595093427,-3
401752875,2025,8,2025-10-18T23:00Z,2294,213,Iowa Hawkeyes,Penn State Nittany Lions,25,24,False,True,0.546668897052082,1,0.6098611569997517,0.7379068646739245,2025-10-14T23:00Z,32.10759371401477,18.3809632635238,13.726630450490969,1
401752879,2025,8,2025-10-18T23:00Z,26,120,UCLA Bruins,Maryland Terrapins,20,17,False,True,0.4554443649014634,1,0.5423319876589516,0.31210531509672085,2025-10-14T23:00Z,19.365815209385477,24.50087650916968,-5.135061299784201,3
401760394,2025,8,2025-10-18T23:00Z,36,62,Colorado State Rams,Hawai'i Rainbow Warriors,19,31,False,True,0.6563008986800271,0,0.5836703615311625,0.6301739627991143,2025-10-14T23:00Z,28.304360622259043,22.144892314071274,6.159468308187769,-12
401761630,2025,8,2025-10-18T23:00Z,290,2247,Georgia Southern Eagles,Georgia State Panthers,41,24,False,True,0.6551781555133986,1,0.740903439367933,0.7306091839331059,2025-10-14T23:00Z,38.8105192553261,29.755061874083726,9.055457381242373,17
401752738,2025,8,2025-10-18T23:30Z,333,2633,Alabama Crimson Tide,Tennessee Volunteers,37,20,False,True,0.7526646391196764,1,0.7020306550153963,0.7947954876208517,2025-10-14T23:00Z,40.08917067881943,26.250310514289254,13.838860164530175,17
401752871,2025,8,2025-10-18T23:30Z,87,30,Notre Dame Fighting Irish,USC Trojans,34,24,False,True,0.7368167357553569,1,0.7228056140917374,0.71614268026372,2025-10-14T23:00Z,39.114345167027004,29.193281567022023,9.921063600004981,10
401762490,2025,8,2025-10-18T23:30Z,58,2226,South Florida Bulls,Florida Atlantic Owls,48,13,False,True,0.907493424952647,1,0.8550786636657142,0.9568908714552816,2025-10-14T23:00Z,52.44084033531677,22.204759948447524,30.236080386869247,35
401754568,2025,8,2025-10-18T23:30Z,183,221,Syracuse Orange,Pittsburgh Panthers,13,30,False,True,0.3313360655112023,0,0.3980008147960938,0.32916671686953447,2025-10-14T23:00Z,23.549634223310424,30.135607670480248,-6.585973447169824,-17
401752740,2025,8,2025-10-18T23:45Z,2,142,Auburn Tigers,Missouri Tigers,17,23,False,True,0.4931869127569675,0,0.4491391692075369,0.43958412411074815,2025-10-14T23:00Z,22.980078754554455,23.06702155383165,-0.08694279927719606,-6
401756924,2025,8,2025-10-19T00:00Z,252,254,BYU Cougars,Utah Utes,24,21,False,True,0.5081244416661309,1,0.47918709570631457,0.40613561194963493,2025-10-14T23:00Z,23.824345853148994,28.183971797991685,-4.359625944842691,3
401756926,2025,8,2025-10-19T00:00Z,197,2132,Oklahoma State Cowboys,Cincinnati Bearcats,17,49,False,True,0.0936788545540569,0,0.11792808112624684,0.03790165180485941,2025-10-14T23:00Z,13.4068935382628,41.69005167673119,-28.283158138468387,-32
401760395,2025,8,2025-10-19T01:45Z,167,2440,New Mexico Lobos,Nevada Wolf Pack,24,22,False,True,0.8212647724487259,1,0.8407297270335854,0.8952680620959579,2025-10-14T23:00Z,37.094976362686275,15.474359958263044,21.62061640442323,2
401754567,2025,8,2025-10-19T02:30Z,24,52,Stanford Cardinal,Florida State Seminoles,20,13,False,True,0.1183516943956524,1,0.2168623729391843,0.08927115747878736,2025-10-14T23:00Z,15.886089021237773,36.685378287841075,-20.799289266603303,7
401757285,2025,9,2025-10-21T23:00Z,2229,338,Florida International Panthers,Kennesaw State Owls,26,45,False,True,0.4542408657257609,0,0.4899476128406145,0.2971738841077451,2025-10-21T23:00Z,15.273027004969801,24.34897660742743,-9.07594960245763,-19
401757286,2025,9,2025-10-21T23:30Z,2348,98,Louisiana Tech Bulldogs,Western Kentucky Hilltoppers,27,28,False,True,0.695964371135454,0,0.6482205511250988,0.7536383134963722,2025-10-21T23:00Z,31.2426824453073,18.49026726852069,12.75241517678661,-1
401757287,2025,9,2025-10-22T23:30Z,48,2393,Delaware Blue Hens,Middle Tennessee Blue Raiders,31,28,False,True,0.6700140764172883,1,0.8224403175597517,0.8353183475118,2025-10-21T23:00Z,33.24060612980999,20.49762348709674,12.742982642713251,3
401757288,2025,9,2025-10-23T01:00Z,166,2623,New Mexico State Aggies,Missouri State Bears,17,24,False,True,0.573049281925047,0,0.483951935049748,0.4607934842241293,2025-10-21T23:00Z,25.34374370656517,24.26074235357258,1.0830013529925893,-7
401761634,2025,9,2025-10-23T23:30Z,2247,6,Georgia State Panthers,South Alabama Jaguars,31,38,False,True,0.29841598031140587,0,0.2726533852880759,0.21944257128971242,2025-10-21T23:00Z,22.127266226504045,32.151048842809836,-10.023782616305791,-7
401762492,2025,9,2025-10-24T23:00Z,2429,249,Charlotte 49ers,North Texas Mean Green,20,54,False,True,0.07306660111916241,0,0.09182457746588474,0.02549087129988072,2025-10-21T23:00Z,20.202085528690603,52.17998794847868,-31.97790241978808,-34
401754372,2025,9,2025-10-24T23:30Z,259,25,Virginia Tech Hokies,California Golden Bears,42,34,False,True,0.7274233477001837,1,0.6421450714088687,0.6031285732045206,2025-10-21T23:00Z,26.61590009988941,21.065283691685515,5.550616408203894,8
401760397,2025,9,2025-10-25T02:00Z,2440,68,Nevada Wolf Pack,Boise State Broncos,3,24,False,True,0.12417816950212751,0,0.12239043225358645,0.06689221806988438,2025-10-21T23:00Z,12.44374007700045,34.39028984008236,-21.94654976308191,-21
401752885,2025,9,2025-10-25T16:00Z,84,26,Indiana Hoosiers,UCLA Bruins,56,6,False,True,0.9362002356788731,1,0.9304096813536118,0.9766399229708833,2025-10-21T23:00Z,39.61970113594312,7.201237287009043,32.418463848934074,50
401754571,2025,9,2025-10-25T16:00Z,59,183,Georgia Tech Yellow Jackets,Syracuse Orange,41,16,False,True,0.8330862597491061,1,0.8088261117547819,0.8422207571881442,2025-10-21T23:00Z,31.928369719368654,15.805357451883225,16.12301226748543,25
401752750,2025,9,2025-10-25T16:00Z,201,145,Oklahoma Sooners,Ole Miss Rebels,26,34,False,True,0.6217725273449854,0,0.5405737526068255,0.554755388212693,2025-10-21T23:00Z,27.403382928915363,22.99873571695001,4.404647211965354,-8
401754573,2025,9,2025-10-25T16:00Z,153,258,North Carolina Tar Heels,Virginia Cavaliers,16,17,False,True,0.2447704522081533,0,0.32200841163633975,0.08990603361337475,2025-10-21T23:00Z,17.471494374013464,38.6817647941342,-21.21027042012074,-1
401762494,2025,9,2025-10-25T16:00Z,235,58,Memphis Tigers,South Florida Bulls,34,31,False,True,0.5714565726532621,1,0.6046279743997429,0.43942162259420303,2025-10-21T23:00Z,28.036256701664417,31.096527960961517,-3.0602712592970995,3
401752883,2025,9,2025-10-25T16:00Z,158,77,Nebraska Cornhuskers,Northwestern Wildcats,28,21,False,True,0.744772973703839,1,0.6778371617614642,0.7317728977294695,2025-10-21T23:00Z,23.64229551262627,15.903475234282606,7.738820278343663,7
401752884,2025,9,2025-10-25T16:00Z,2509,164,Purdue Boilermakers,Rutgers Scarlet Knights,24,27,False,True,0.6475469121901704,0,0.49571314150704676,0.44010744656189643,2025-10-21T23:00Z,31.997988741591897,30.839142257048962,1.1588464845429343,-3
401752942,2025,9,2025-10-25T16:00Z,154,2567,Wake Forest Demon Deacons,SMU Mustangs,13,12,False,True,0.42124626271817944,1,0.31389723651105916,0.30189801728079857,2025-10-21T23:00Z,24.78591126419589,29.42461025730119,-4.638698993105301,1
401756932,2025,9,2025-10-25T16:00Z,2305,2306,Kansas Jayhawks,Kansas State Wildcats,17,42,False,True,0.5954495563585085,0,0.5625487191910843,0.5987664326308659,2025-10-21T23:00Z,30.731883198752207,26.17531917357383,4.556564025178378,-25
401761635,2025,9,2025-10-25T16:00Z,295,2026,Old Dominion Monarchs,App State Mountaineers,24,21,False,True,0.8733596920132031,1,0.7834704182917083,0.8440572328558665,2025-10-21T23:00Z,41.39175085416902,26.146498842192898,15.24525201197612,3
401762846,2025,9,2025-10-25T16:00Z,2309,189,Kent State Golden Flashes,Bowling Green Falcons,24,21,False,True,0.2743490407899828,1,0.1944890370077408,0.1720088190915454,2025-10-21T23:00Z,24.046993396234104,33.97295295037712,-9.925959554143017,3
401762848,2025,9,2025-10-25T16:00Z,2199,195,Eastern Michigan Eagles,Ohio Bobcats,21,28,False,True,0.2739170492287359,0,0.23684436736793574,0.17613141609501504,2025-10-21T23:00Z,23.81594007761911,35.66764902676367,-11.851708949144559,-7
401752746,2025,9,2025-10-25T16:45Z,8,2,Arkansas Razorbacks,Auburn Tigers,24,33,False,True,0.49393953857970896,0,0.5564596331044128,0.47050129568511134,2025-10-21T23:00Z,26.562215840153655,26.512980574951058,0.049235265202597134,-9
401762844,2025,9,2025-10-25T17:00Z,2084,2006,Buffalo Bulls,Akron Zips,16,24,False,True,0.8426530593726903,0,0.8399519495373735,0.8675475624971049,2025-10-21T23:00Z,30.149952278246086,13.806575812603574,16.343376465642514,-8
401757172,2025,9,2025-10-25T19:00Z,242,41,Rice Owls,UConn Huskies,37,34,False,True,0.2443614088272263,1,0.2541836276755531,0.1477663744829934,2025-10-21T23:00Z,17.438981441991274,32.351415657881134,-14.91243421588986,3
401760400,2025,9,2025-10-25T19:00Z,167,328,New Mexico Lobos,Utah State Aggies,33,14,False,True,0.6298586708160665,1,0.7113468884905865,0.6399788412219731,2025-10-21T23:00Z,37.07737316472802,31.153168063550687,5.924205101177336,19
401752751,2025,9,2025-10-25T19:30Z,2579,333,South Carolina Gamecocks,Alabama Crimson Tide,22,29,False,True,0.23785971038919174,0,0.2411913355022618,0.1550603671537572,2025-10-21T23:00Z,12.274769931112802,26.126201982888706,-13.851432051775904,-7
401752752,2025,9,2025-10-25T19:30Z,238,142,Vanderbilt Commodores,Missouri Tigers,17,10,False,True,0.5105737658003481,1,0.5225739663540245,0.6013770496243798,2025-10-21T23:00Z,36.56482830756814,31.448073573470936,5.116754734097206,7
401756931,2025,9,2025-10-25T19:30Z,66,252,Iowa State Cyclones,BYU Cougars,27,41,False,True,0.4674611097625223,0,0.5069676728842994,0.43546728369553567,2025-10-21T23:00Z,22.67411201662897,24.464498430528092,-1.790386413899121,-14
401752880,2025,9,2025-10-25T19:30Z,264,356,Washington Huskies,Illinois Fighting Illini,42,25,False,True,0.6575867436590086,1,0.6406364144207042,0.5454950292354626,2025-10-21T23:00Z,31.482429422711594,29.752947165889303,1.7294822568222905,17
401752882,2025,9,2025-10-25T19:30Z,2294,135,Iowa Hawkeyes,Minnesota Golden Gophers,41,3,False,True,0.8714460835344893,1,0.8131323585133491,0.8581130155100334,2025-10-21T23:00Z,27.220318341609282,10.36172853291326,16.858589808696024,38
401752952,2025,9,2025-10-25T19:30Z,265,2649,Washington State Cougars,Toledo Rockets,28,7,False,True,0.4499580614790098,1,0.43502670373411917,0.4692027701242969,2025-10-21T23:00Z,23.358419844364672,22.284016580102907,1.0744032642617647,21
401754574,2025,9,2025-10-25T19:30Z,221,152,Pittsburgh Panthers,NC State Wolfpack,53,34,False,True,0.7398066409155123,1,0.7427164749447408,0.7300828798966188,2025-10-21T23:00Z,33.17053189605812,23.7955263377285,9.375005558329622,19
401760399,2025,9,2025-10-25T19:30Z,278,21,Fresno State Bulldogs,San Diego State Aztecs,0,23,False,True,0.40422705127274317,0,0.4493131076472233,0.314316750357932,2025-10-21T23:00Z,19.853085999662458,28.115146936713405,-8.262060937050947,-23
401761637,2025,9,2025-10-25T19:30Z,2572,2433,Southern Miss Golden Eagles,UL Monroe Warhawks,49,21,False,True,0.7747452357230121,1,0.7810480046131847,0.8732936534223757,2025-10-21T23:00Z,36.60867879407012,18.038375823311515,18.570302970758608,28
401762493,2025,9,2025-10-25T19:30Z,2426,2226,Navy Midshipmen,Florida Atlantic Owls,42,32,False,True,0.8119442811574041,1,0.8415297658661889,0.863085011890781,2025-10-21T23:00Z,39.68780649521816,24.74752456588006,14.940281929338102,10
401762495,2025,9,2025-10-25T19:30Z,202,218,Tulsa Golden Hurricane,Temple Owls,37,38,False,True,0.37316527496809215,0,0.3609909973361277,0.20936562125265126,2025-10-21T23:00Z,22.80571048729645,33.47975676048222,-10.674046273185766,-1
401762845,2025,9,2025-10-25T19:30Z,2459,2050,Northern Illinois Huskies,Ball State Cardinals,21,7,False,True,0.7833282347848634,1,0.7442054008659637,0.7181144575555066,2025-10-21T23:00Z,23.302761017980895,16.03313024836693,7.269630769613965,14
401762847,2025,9,2025-10-25T19:30Z,2117,113,Central Michigan Chippewas,Massachusetts Minutemen,38,13,False,True,0.8120880084947231,1,0.8646875923722773,0.862052161084812,2025-10-21T23:00Z,30.537010223113505,12.929026341415916,17.60798388169759,25
401762874,2025,9,2025-10-25T19:30Z,193,2711,Miami (OH) RedHawks,Western Michigan Broncos,26,17,False,True,0.5610176281818006,1,0.6370120632099532,0.4634825947356043,2025-10-21T23:00Z,14.499545097672868,16.80548792829992,-2.3059428306270533,9
401756933,2025,9,2025-10-25T20:00Z,2641,197,Texas Tech Red Raiders,Oklahoma State Cowboys,42,0,False,True,0.9758570862611365,1,0.9809815825171323,0.9941868711630241,2025-10-21T23:00Z,52.72094543641827,6.115232389489259,46.60571304692901,42
401756930,2025,9,2025-10-25T20:00Z,2132,239,Cincinnati Bearcats,Baylor Bears,41,20,False,True,0.6289740002349747,1,0.6413847810504418,0.6896556289264775,2025-10-21T23:00Z,39.774858551919635,31.956456503341187,7.818402048578449,21
401752749,2025,9,2025-10-25T20:15Z,344,251,Mississippi State Bulldogs,Texas Longhorns,38,45,False,True,0.19376976389409664,0,0.21452249663941592,0.2253548322050924,2025-10-21T23:00Z,18.252382841967567,26.0834023928524,-7.831019550884832,-7
401756935,2025,9,2025-10-25T22:00Z,277,2628,West Virginia Mountaineers,TCU Horned Frogs,17,23,False,True,0.18264863060683773,0,0.20160939788437113,0.1282812033557131,2025-10-21T23:00Z,23.72878877382609,38.60610298865657,-14.877314214830484,-6
401752886,2025,9,2025-10-25T23:00Z,2483,275,Oregon Ducks,Wisconsin Badgers,21,7,False,True,0.96306141292048,1,0.9617115821814737,0.9740141699448229,2025-10-21T23:00Z,39.84889248895746,7.5051058273231455,32.34378666163431,14
401754572,2025,9,2025-10-25T23:00Z,2390,24,Miami Hurricanes,Stanford Cardinal,42,7,False,True,0.9630155956227234,1,0.933950070082763,0.9719275278101589,2025-10-21T23:00Z,36.17150325348074,5.723333865179015,30.44816938830173,35
401761636,2025,9,2025-10-25T23:00Z,2032,290,Arkansas State Red Wolves,Georgia Southern Eagles,34,24,False,True,0.5522345201728246,1,0.5450317332565742,0.5345429843117252,2025-10-21T23:00Z,29.647200438078826,26.48296198955499,3.164238448523836,10
401761638,2025,9,2025-10-25T23:00Z,2653,309,Troy Trojans,Louisiana Ragin' Cajuns,35,23,False,True,0.7038630627548731,1,0.7587044040822372,0.771795383955469,2025-10-21T23:00Z,31.881995911987023,19.681536446447556,12.200459465539467,12
401752748,2025,9,2025-10-25T23:30Z,99,245,LSU Tigers,Texas A&M Aggies,25,49,False,True,0.4236884837043947,0,0.5038300649127267,0.44976093256090816,2025-10-21T23:00Z,21.725894934702023,23.02711124713258,-1.301216312430558,-24
401754570,2025,9,2025-10-25T23:30Z,97,103,Louisville Cardinals,Boston College Eagles,38,24,False,True,0.9305388939073785,1,0.9237036839519475,0.972279609489594,2025-10-21T23:00Z,45.24256170369084,12.214134387225595,33.02842731646524,14
401752881,2025,9,2025-10-25T23:30Z,127,130,Michigan State Spartans,Michigan Wolverines,20,31,False,True,0.12268736664651703,0,0.1507519944328849,0.12099226002739333,2025-10-21T23:00Z,17.985788104292105,33.76103655707694,-15.775248452784837,-11
401760398,2025,9,2025-10-25T23:30Z,2751,36,Wyoming Cowboys,Colorado State Rams,28,0,False,True,0.564585165129236,1,0.6268859278975991,0.49454882321336974,2025-10-21T23:00Z,19.989646654594786,19.31333191258935,0.6763147420054345,28
401752747,2025,9,2025-10-25T23:45Z,96,2633,Kentucky Wildcats,Tennessee Volunteers,34,56,False,True,0.2653850018896197,0,0.3613209326325654,0.2987844109042001,2025-10-21T23:00Z,28.123218094531147,34.24715584434195,-6.1239377498108,-22
401756929,2025,9,2025-10-26T00:00Z,9,248,Arizona State Sun Devils,Houston Cougars,16,24,False,True,0.6987927551352836,0,0.6953794916103004,0.7107241013691886,2025-10-21T23:00Z,25.896712603150107,16.705860575813468,9.19085202733664,-8
401756934,2025,9,2025-10-26T02:25Z,254,38,Utah Utes,Colorado Buffaloes,53,7,False,True,0.766993344310641,1,0.8068803773303526,0.8357648936759654,2025-10-21T23:00Z,33.15158912242049,16.040855103792982,17.110734018627507,46
401757289,2025,10,2025-10-29T00:00Z,338,2638,Kennesaw State Owls,UTEP Miners,33,20,False,True,0.7667835779387822,1,0.7661127787024208,0.8443317187469236,2025-10-29T00:00Z,31.20060270321824,13.975688959084428,17.224913744133815,13
401761639,2025,10,2025-10-29T00:00Z,326,256,Texas State Bobcats,James Madison Dukes,20,52,False,True,0.35019757610724384,0,0.38302096144709935,0.3270890053964558,2025-10-29T00:00Z,28.963033989834233,34.075541053397934,-5.112507063563701,-32
401757292,2025,10,2025-10-29T23:30Z,2393,55,Middle Tennessee Blue Raiders,Jacksonville State Gamecocks,21,24,False,True,0.4679432200014284,0,0.31134151008067107,0.31575259015486223,2025-10-29T00:00Z,25.92809782605284,29.66882795783356,-3.740730131780719,-3
401757291,2025,10,2025-10-30T00:00Z,2623,2229,Missouri State Bears,Florida International Panthers,28,21,False,True,0.6152495558483466,1,0.713632580193795,0.7132821083500697,2025-10-29T00:00Z,25.87842646790356,16.90602506830357,8.972401399599988,7
401761640,2025,10,2025-10-30T23:30Z,324,276,Coastal Carolina Chanticleers,Marshall Thundering Herd,44,27,False,True,0.4187275147804275,1,0.32495555574793833,0.21830741180321278,2025-10-29T00:00Z,27.256355265553836,37.100675965540866,-9.84432069998703,17
401762443,2025,10,2025-10-30T23:30Z,2636,2655,UTSA Roadrunners,Tulane Green Wave,48,26,False,True,0.4433199234475684,1,0.4949926621582931,0.32571601698318225,2025-10-29T00:00Z,24.34022481036251,28.544889556790224,-4.204664746427714,22
401762497,2025,10,2025-10-31T23:00Z,242,235,Rice Owls,Memphis Tigers,14,38,False,True,0.12106468563541359,0,0.163803033212397,0.07485678618265575,2025-10-29T00:00Z,12.80024577526759,33.701042895415405,-20.900797120147814,-24
401754575,2025,10,2025-10-31T23:30Z,183,153,Syracuse Orange,North Carolina Tar Heels,10,27,False,True,0.6583575487697552,0,0.625715648469009,0.7210231889752892,2025-10-29T00:00Z,24.180536904764395,15.122236730444012,9.058300174320383,-17
401757290,2025,10,2025-11-01T00:00Z,2348,2534,Louisiana Tech Bulldogs,Sam Houston Bearkats,55,14,False,True,0.8631966779494374,1,0.83592817245319,0.9201023060957962,2025-10-29T00:00Z,35.81284964710925,13.048646707409425,22.764202939699828,41
401752889,2025,10,2025-11-01T16:00Z,194,213,Ohio State Buckeyes,Penn State Nittany Lions,38,14,False,True,0.8693884990836852,1,0.8640571785093849,0.9044521885799118,2025-10-29T00:00Z,33.84539596739049,12.756262490424827,21.08913347696566,24
401752758,2025,10,2025-11-01T16:00Z,251,238,Texas Longhorns,Vanderbilt Commodores,34,31,False,True,0.7345278064301359,1,0.7115894491347114,0.5775621984155064,2025-10-29T00:00Z,27.859464037557437,25.05529800660595,2.804166030951489,3
401754581,2025,10,2025-11-01T16:00Z,2567,2390,SMU Mustangs,Miami Hurricanes,26,20,False,True,0.19811260882791978,1,0.4095556003309886,0.2016464533237224,2025-10-29T00:00Z,20.227779582768683,31.00240893031856,-10.774629347549876,6
401756938,2025,10,2025-11-01T16:00Z,248,277,Houston Cougars,West Virginia Mountaineers,35,45,False,True,0.7537238066083867,0,0.8007114976739478,0.8201606385901705,2025-10-29T00:00Z,31.11174355404026,17.23155929536655,13.880184258673708,-10
401752891,2025,10,2025-11-01T16:00Z,356,164,Illinois Fighting Illini,Rutgers Scarlet Knights,35,13,False,True,0.8208580117566684,1,0.770142982627116,0.8130661783593144,2025-10-29T00:00Z,42.89140065500087,28.301799342996436,14.589601312004437,22
401754577,2025,10,2025-11-01T16:00Z,228,150,Clemson Tigers,Duke Blue Devils,45,46,False,True,0.6142779426616152,0,0.6787782289001969,0.5517314788252214,2025-10-29T00:00Z,27.85044350749968,26.57035382301143,1.2800896844882494,-1
401756936,2025,10,2025-11-01T16:00Z,239,2116,Baylor Bears,UCF Knights,30,3,False,True,0.5808805105675199,1,0.4924896789910399,0.4960773201000984,2025-10-29T00:00Z,31.476721066775717,30.520612692807994,0.956108373967723,27
401757173,2025,10,2025-11-01T16:00Z,41,5,UConn Huskies,UAB Blazers,38,19,False,True,0.6893328823753663,1,0.7908717314765646,0.8193582980170981,2025-10-29T00:00Z,40.851511327653995,28.042105789789495,12.8094055378645,19
401760401,2025,10,2025-11-01T16:00Z,2005,349,Air Force Falcons,Army Black Knights,17,20,False,True,0.3744814878033635,0,0.4453594992091474,0.30280037513522784,2025-10-29T00:00Z,27.203981433144065,32.66414601873505,-5.460164585590988,-3
401762499,2025,10,2025-11-01T16:00Z,249,2426,North Texas Mean Green,Navy Midshipmen,31,17,False,True,0.760043191391053,1,0.7338482646388579,0.8370614356548636,2025-10-29T00:00Z,46.038479695289496,29.57389498402073,16.464584711268767,14
401762849,2025,10,2025-11-01T16:00Z,189,2084,Bowling Green Falcons,Buffalo Bulls,3,28,False,True,0.6668692000814864,0,0.6236914010754095,0.6762626596519963,2025-10-29T00:00Z,24.494628464953877,17.124947049221724,7.369681415732153,-25
401756939,2025,10,2025-11-01T17:00Z,66,9,Iowa State Cyclones,Arizona State Sun Devils,19,24,False,True,0.5966228417198404,0,0.6140704031304283,0.6028127633602065,2025-10-29T00:00Z,23.555331711327604,19.36722529527437,4.188106416053234,-5
401762498,2025,10,2025-11-01T18:00Z,218,151,Temple Owls,East Carolina Pirates,14,45,False,True,0.3189249047234212,0,0.33195389720061685,0.29806683782302285,2025-10-29T00:00Z,24.55723074717063,30.554907815223757,-5.997677068053125,-31
401754580,2025,10,2025-11-01T19:00Z,259,97,Virginia Tech Hokies,Louisville Cardinals,16,28,False,True,0.30931730506685196,0,0.2998982325935895,0.15925487456278178,2025-10-29T00:00Z,22.345886305842022,35.46949910717036,-13.123612801328335,-12
401760404,2025,10,2025-11-01T19:00Z,2439,167,UNLV Rebels,New Mexico Lobos,35,40,False,True,0.5910763735469056,0,0.606706029794182,0.5906361000652544,2025-10-29T00:00Z,37.316879849825405,34.772428337764225,2.5444515120611797,-5
401752887,2025,10,2025-11-01T19:30Z,120,84,Maryland Terrapins,Indiana Hoosiers,10,55,False,True,0.1276456631704392,0,0.10695660137905916,0.056604726067521614,2025-10-29T00:00Z,11.744333187255105,35.4318364460027,-23.687503258747594,-45
401752755,2025,10,2025-11-01T19:30Z,57,61,Florida Gators,Georgia Bulldogs,20,24,True,True,0.20701163205773962,0,0.20674527367288004,0.16386079018569605,2025-10-29T00:00Z,14.447053163463266,27.269780121776154,-12.822726958312888,-4
401754583,2025,10,2025-11-01T19:30Z,103,87,Boston College Eagles,Notre Dame Fighting Irish,10,25,False,True,0.023308859187597022,0,0.04218679363088382,0.013774851906653932,2025-10-29T00:00Z,11.294404338543172,47.5532948364373,-36.25889049789413,-15
401756941,2025,10,2025-11-01T19:30Z,2306,2641,Kansas State Wildcats,Texas Tech Red Raiders,20,43,False,True,0.32504626495439026,0,0.37915591279691774,0.26454388597609596,2025-10-29T00:00Z,23.191225729481,30.836543501041632,-7.645317771560631,-23
401752888,2025,10,2025-11-01T19:30Z,135,127,Minnesota Golden Gophers,Michigan State Spartans,23,20,False,True,0.5395891358790502,1,0.6993690217041177,0.6046426534850584,2025-10-29T00:00Z,26.55525660959074,23.134577790719685,3.4206788188710533,3
401754582,2025,10,2025-11-01T19:30Z,24,221,Stanford Cardinal,Pittsburgh Panthers,20,35,False,True,0.23432380358060478,0,0.2135029173752499,0.15173608535190797,2025-10-29T00:00Z,20.292000965034575,33.62844604725498,-13.336445082220408,-15
401757293,2025,10,2025-11-01T19:30Z,2335,48,Liberty Flames,Delaware Blue Hens,59,30,False,True,0.6114431954983449,1,0.5875194165363522,0.4738945744984404,2025-10-29T00:00Z,24.542743517182274,23.788632009515425,0.754111507666849,29
401757294,2025,10,2025-11-01T19:30Z,98,166,Western Kentucky Hilltoppers,New Mexico State Aggies,35,16,False,True,0.6739228131229184,1,0.7299659819828089,0.7262456075093515,2025-10-29T00:00Z,31.338160605969488,23.324408947513433,8.013751658456055,19
401760402,2025,10,2025-11-01T19:30Z,68,278,Boise State Broncos,Fresno State Bulldogs,7,30,False,True,0.8563682855999301,0,0.9029520462870453,0.9188299022945245,2025-10-29T00:00Z,35.06459403709521,12.086411627414826,22.978182409680386,-23
401761641,2025,10,2025-11-01T19:30Z,2433,295,UL Monroe Warhawks,Old Dominion Monarchs,6,31,False,True,0.15704682724426677,0,0.16180484418095822,0.08627908096947395,2025-10-29T00:00Z,21.23367713766974,39.25995181061017,-18.026274672940428,-25
401761642,2025,10,2025-11-01T19:30Z,6,309,South Alabama Jaguars,Louisiana Ragin' Cajuns,22,31,False,True,0.6461721209546624,0,0.6478028568527319,0.637434738804973,2025-10-29T00:00Z,30.207403415918463,24.671953292258024,5.535450123660439,-9
401754576,2025,10,2025-11-01T19:45Z,25,258,California Golden Bears,Virginia Cavaliers,21,31,False,True,0.29737289660674787,0,0.3756016378763686,0.20302372323287696,2025-10-29T00:00Z,22.925720977147048,34.75719802595274,-11.831477048805692,-10
401752753,2025,10,2025-11-01T20:00Z,8,344,Arkansas Razorbacks,Mississippi State Bulldogs,35,38,False,True,0.7123741531388459,0,0.6927202040631998,0.6026888992013729,2025-10-29T00:00Z,37.09647487325475,33.11171341030422,3.98476146295053,-3
401756940,2025,10,2025-11-01T20:00Z,2305,197,Kansas Jayhawks,Oklahoma State Cowboys,38,21,False,True,0.910384409366083,1,0.9303629642756026,0.9665348441105943,2025-10-29T00:00Z,44.28826737534342,15.429855358102259,28.858412017241164,17
401762850,2025,10,2025-11-01T20:00Z,2711,2117,Western Michigan Broncos,Central Michigan Chippewas,24,21,False,True,0.6802322344227022,1,0.6885265541609686,0.7311433243332778,2025-10-29T00:00Z,20.724445260001627,11.644016611434939,9.080428648566688,3
401752756,2025,10,2025-11-01T23:00Z,145,2579,Ole Miss Rebels,South Carolina Gamecocks,30,14,False,True,0.7701870594347248,1,0.8499810757358774,0.8408742441025392,2025-10-29T00:00Z,32.910944973565776,18.01354186380267,14.897403109763108,16
401752890,2025,10,2025-11-01T23:00Z,130,2509,Michigan Wolverines,Purdue Boilermakers,21,16,False,True,0.9401527746943124,1,0.9317996708469831,0.9385064985707936,2025-10-29T00:00Z,33.69139954110833,10.284832353188158,23.406567187920174,5
401756937,2025,10,2025-11-01T23:00Z,38,12,Colorado Buffaloes,Arizona Wildcats,17,52,False,True,0.4661866862868349,0,0.5596359668079846,0.5064951076724062,2025-10-29T00:00Z,25.612824185700006,25.312448484686797,0.3003757010132091,-35
401760405,2025,10,2025-11-01T23:00Z,21,2751,San Diego State Aztecs,Wyoming Cowboys,24,7,False,True,0.7619052791363663,1,0.7489094312350602,0.80562677257368,2025-10-29T00:00Z,22.874541037759535,9.074168075616452,13.800372962143083,17
401754579,2025,10,2025-11-01T23:30Z,152,59,NC State Wolfpack,Georgia Tech Yellow Jackets,48,36,False,True,0.36864061448587915,1,0.35235862069888957,0.29277810422166817,2025-10-29T00:00Z,26.424776665286828,32.730839587851264,-6.306062922564436,12
401752757,2025,10,2025-11-01T23:30Z,2633,201,Tennessee Volunteers,Oklahoma Sooners,27,33,False,True,0.5698596171648959,0,0.5851522738428936,0.5088954760889844,2025-10-29T00:00Z,30.416614028464828,29.436288284387455,0.9803257440773727,-6
401752892,2025,10,2025-11-01T23:30Z,158,30,Nebraska Cornhuskers,USC Trojans,17,21,False,True,0.29629018911336524,0,0.326601397251894,0.27850188256083713,2025-10-29T00:00Z,28.890598868126467,36.74029103466203,-7.8496921665355615,-4
401752754,2025,10,2025-11-01T23:30Z,2,96,Auburn Tigers,Kentucky Wildcats,3,10,False,True,0.8169167276739103,0,0.753750577658888,0.7915012297103542,2025-10-29T00:00Z,26.961202967473415,13.624094655512016,13.3371083119614,-7
401752943,2025,10,2025-11-01T23:30Z,204,265,Oregon State Beavers,Washington State Cougars,10,7,False,True,0.27487477282202916,1,0.2812227570038245,0.18125819769158352,2025-10-29T00:00Z,17.78622032001159,31.015153625478106,-13.228933305466516,3
401754578,2025,10,2025-11-01T23:30Z,52,154,Florida State Seminoles,Wake Forest Demon Deacons,42,7,False,True,0.752088941901081,1,0.6739255944547182,0.7531170685530022,2025-10-29T00:00Z,28.53550150312869,18.68175301395795,9.853748489170737,35
401761643,2025,10,2025-11-02T00:00Z,2653,2032,Troy Trojans,Arkansas State Red Wolves,10,23,False,True,0.7311617898567767,0,0.7837210557914823,0.777736967971649,2025-10-29T00:00Z,27.60476809889331,16.59766262501518,11.00710547387813,-13
401756942,2025,10,2025-11-02T02:15Z,254,2132,Utah Utes,Cincinnati Bearcats,45,14,False,True,0.7793451926454618,1,0.8068723088480145,0.8244666026076153,2025-10-29T00:00Z,34.653338815747,19.01609369951725,15.63724511622975,31
401760403,2025,10,2025-11-02T02:30Z,23,62,San José State Spartans,Hawai'i Rainbow Warriors,45,38,False,True,0.5639872575214666,1,0.5897521810166031,0.5217415154005618,2025-10-29T00:00Z,29.227836413369076,27.51020231664582,1.7176340967232555,7
401762851,2025,11,2025-11-05T00:00Z,2006,113,Akron Zips,Massachusetts Minutemen,44,10,False,True,0.6228256886313461,1,0.7690566519868287,0.7311385638390107,2025-11-05T00:00Z,28.94386812293476,19.136683759117588,9.807184363817171,34
401762852,2025,11,2025-11-05T00:00Z,195,193,Ohio Bobcats,Miami (OH) RedHawks,24,20,False,True,0.6280896842168154,1,0.6955488868566053,0.7139654556377862,2025-11-05T00:00Z,29.01044598852423,20.661412994642404,8.349032993881824,4
401762853,2025,11,2025-11-06T00:00Z,2050,2309,Ball State Cardinals,Kent State Golden Flashes,17,13,False,True,0.5341348061555422,1,0.7341577122958385,0.6319163592619826,2025-11-05T00:00Z,31.571044159592972,26.663240606849563,4.90780355274341,4
401762854,2025,11,2025-11-06T00:00Z,2649,2459,Toledo Rockets,Northern Illinois Huskies,42,3,False,True,0.7989709105197497,1,0.7946893720854358,0.83247896684882,2025-11-05T00:00Z,24.64365062090556,10.305094911323165,14.338555709582396,39
401761644,2025,11,2025-11-07T00:30Z,2026,290,App State Mountaineers,Georgia Southern Eagles,23,25,False,True,0.6805348719047554,0,0.6872384973621568,0.624481165677794,2025-11-05T00:00Z,36.721019114573664,31.493244137829905,5.22777497674376,-2
401762500,2025,11,2025-11-07T00:30Z,58,2636,South Florida Bulls,UTSA Roadrunners,55,23,False,True,0.7784052635918134,1,0.7208754102538419,0.8247046344740506,2025-11-05T00:00Z,40.29816492034173,25.97497823506067,14.323186685281062,32
401756946,2025,11,2025-11-08T01:15Z,2116,248,UCF Knights,Houston Cougars,27,30,False,True,0.6150583640117094,0,0.6506798125164686,0.5393395484361614,2025-11-05T00:00Z,22.347305996056647,20.79125728888036,1.5560487071762878,-3
401752896,2025,11,2025-11-08T02:00Z,30,77,USC Trojans,Northwestern Wildcats,38,17,False,True,0.9006754854395038,1,0.8667435598102358,0.9033124918617661,2025-11-05T00:00Z,32.451897872359005,13.821888674940539,18.630009197418467,21
401762501,2025,11,2025-11-08T02:10Z,235,2655,Memphis Tigers,Tulane Green Wave,32,38,False,True,0.7168093219240557,0,0.7160147483994412,0.705987444807673,2025-11-05T00:00Z,30.959929544880247,22.056690709964517,8.90323883491573,-6
401752893,2025,11,2025-11-08T17:00Z,213,84,Penn State Nittany Lions,Indiana Hoosiers,24,27,False,True,0.26092155312072063,0,0.2238300949682241,0.0827746952733095,2025-11-05T00:00Z,19.96497845945341,40.903641320054675,-20.938662860601266,-3
401752762,2025,11,2025-11-08T17:00Z,344,61,Mississippi State Bulldogs,Georgia Bulldogs,21,41,False,True,0.17594691207889354,0,0.23373211391281112,0.21136991565490804,2025-11-05T00:00Z,24.993789887849008,33.684405104245194,-8.690615216396186,-20
401756945,2025,11,2025-11-08T17:00Z,2641,252,Texas Tech Red Raiders,BYU Cougars,29,7,False,True,0.7502387812415638,1,0.7647172873816432,0.7514606657058347,2025-11-05T00:00Z,32.19337506386448,22.100961752423053,10.092413311441426,22
401754584,2025,11,2025-11-08T17:00Z,103,2567,Boston College Eagles,SMU Mustangs,13,45,False,True,0.15992357434668708,0,0.17181804039637194,0.11198231256277603,2025-11-05T00:00Z,18.164218785075082,34.85715931367697,-16.69294052860189,-32
401756947,2025,11,2025-11-08T17:00Z,277,38,West Virginia Mountaineers,Colorado Buffaloes,29,22,False,True,0.5072216241558478,1,0.5516432556249702,0.47318226153243104,2025-11-05T00:00Z,27.83377481849832,26.023105510591556,1.810669307906764,7
401761646,2025,11,2025-11-08T17:00Z,276,256,Marshall Thundering Herd,James Madison Dukes,23,35,False,True,0.19555034659864814,0,0.2289066140467899,0.1788707118622565,2025-11-05T00:00Z,24.159704379250176,36.82866704720417,-12.668962667953995,-12
401761647,2025,11,2025-11-08T17:00Z,2032,2572,Arkansas State Red Wolves,Southern Miss Golden Eagles,21,27,False,True,0.41886650736908865,0,0.5580411583541912,0.40432726353186466,2025-11-05T00:00Z,21.25086555121181,24.080487642522687,-2.8296220913108776,-6
401762503,2025,11,2025-11-08T17:00Z,349,218,Army Black Knights,Temple Owls,14,13,False,True,0.7713535113766461,1,0.8478907038149988,0.7810850345175687,2025-11-05T00:00Z,29.02015821964546,18.237850873472176,10.782307346173283,1
401752897,2025,11,2025-11-08T18:00Z,2509,194,Purdue Boilermakers,Ohio State Buckeyes,10,34,False,True,0.0404638938987216,0,0.036419687272445204,0.024358326809955335,2025-11-05T00:00Z,5.9306973662926445,34.996282744746594,-29.06558537845395,-24
401757299,2025,11,2025-11-08T18:00Z,2335,2623,Liberty Flames,Missouri State Bears,17,21,False,True,0.6908848510120771,0,0.7187151201667952,0.6676049977608582,2025-11-05T00:00Z,26.7357658752899,19.610132731046424,7.125633144243476,-4
401762855,2025,11,2025-11-08T18:00Z,2199,189,Eastern Michigan Eagles,Bowling Green Falcons,27,21,False,True,0.5729516143590301,1,0.5767291113451286,0.5086978713844323,2025-11-05T00:00Z,27.488809893546378,24.7451819194962,2.7436279740501774,6
401762502,2025,11,2025-11-08T19:00Z,242,5,Rice Owls,UAB Blazers,24,17,False,True,0.4910240634365323,1,0.5560101714739949,0.5380415543454099,2025-11-05T00:00Z,28.20919480242009,26.692122097643697,1.5170727047763926,7
401752894,2025,11,2025-11-08T19:30Z,164,120,Rutgers Scarlet Knights,Maryland Terrapins,35,20,False,True,0.43833820599391293,1,0.5301886408837344,0.4573331226439486,2025-11-05T00:00Z,27.916006629413985,28.235456413467844,-0.3194497840538588,15
401757295,2025,11,2025-11-08T20:00Z,48,2348,Delaware Blue Hens,Louisiana Tech Bulldogs,25,24,False,True,0.2987031819126512,1,0.43612541285778367,0.2879641936210411,2025-11-05T00:00Z,26.417306181219434,34.761275627545615,-8.34396944632618,1
401757296,2025,11,2025-11-08T20:00Z,2393,2229,Middle Tennessee Blue Raiders,Florida International Panthers,30,56,False,True,0.625288809830959,0,0.5903408022339791,0.583871855970475,2025-11-05T00:00Z,24.21817764770032,19.881085295437018,4.337092352263301,-26
401757297,2025,11,2025-11-08T20:00Z,2638,55,UTEP Miners,Jacksonville State Gamecocks,27,30,False,True,0.4936379015517514,0,0.33907855292990374,0.35594346099640634,2025-11-05T00:00Z,22.599895674225642,25.537915855397326,-2.9380201811716837,-3
401762504,2025,11,2025-11-08T20:00Z,151,2429,East Carolina Pirates,Charlotte 49ers,48,22,False,True,0.9545549121712127,1,0.9578663605467015,0.977912724561907,2025-11-05T00:00Z,40.71925438934089,6.1777270012463035,34.541527388094586,26
401762505,2025,11,2025-11-08T20:00Z,2226,202,Florida Atlantic Owls,Tulsa Golden Hurricane,40,21,False,True,0.6653080852340713,1,0.723527024715443,0.6330292279964299,2025-11-05T00:00Z,35.61378279961091,30.525985067977167,5.087797731633742,19
401752763,2025,11,2025-11-08T20:30Z,142,245,Missouri Tigers,Texas A&M Aggies,17,38,False,True,0.3859524416122585,0,0.5006976248727306,0.42224306168176046,2025-11-05T00:00Z,28.388562565728105,30.99825131860606,-2.609688752877954,-21
401752898,2025,11,2025-11-08T20:30Z,2294,2483,Iowa Hawkeyes,Oregon Ducks,16,18,False,True,0.3109100461377856,0,0.3651390001035965,0.33876104642252364,2025-11-05T00:00Z,21.91335003543999,25.81782272473155,-3.904472689291559,-2
401754587,2025,11,2025-11-08T20:30Z,2390,183,Miami Hurricanes,Syracuse Orange,38,10,False,True,0.9630076489166982,1,0.936362598050306,0.9684703026620848,2025-11-05T00:00Z,37.8053791070144,7.428382866347615,30.376996240666788,28
401754590,2025,11,2025-11-08T20:30Z,41,150,UConn Huskies,Duke Blue Devils,37,34,False,True,0.2871059073099617,1,0.47732778922656466,0.2960607375901842,2025-11-05T00:00Z,30.005999680660707,36.97795150934796,-6.971951828687253,3
401756943,2025,11,2025-11-08T20:30Z,12,2305,Arizona Wildcats,Kansas Jayhawks,24,20,False,True,0.6866381455866276,1,0.6337876363515706,0.6494532303187466,2025-11-05T00:00Z,33.50786360680762,25.765773312870145,7.742090293937473,4
401756944,2025,11,2025-11-08T20:30Z,2628,66,TCU Horned Frogs,Iowa State Cyclones,17,20,False,True,0.6926367153348952,0,0.672080909686343,0.6344105909759588,2025-11-05T00:00Z,31.66720953291094,25.840708783553644,5.826500749357297,-3
401752764,2025,11,2025-11-08T21:00Z,238,2,Vanderbilt Commodores,Auburn Tigers,45,38,False,True,0.6252327640282624,1,0.7012299166960854,0.747776205426157,2025-11-05T00:00Z,27.624258550518242,17.25244263518131,10.371815915336931,7
401757298,2025,11,2025-11-08T21:00Z,166,338,New Mexico State Aggies,Kennesaw State Owls,21,24,False,True,0.36591573416322715,0,0.33021471251307905,0.20192717663712834,2025-11-05T00:00Z,19.89862281780704,31.86194655296373,-11.963323735156688,-3
401761645,2025,11,2025-11-08T21:00Z,324,2247,Coastal Carolina Chanticleers,Georgia State Panthers,40,27,False,True,0.7543343974010827,1,0.774267146151139,0.7867078389742993,2025-11-05T00:00Z,35.390768226047015,22.567889101697762,12.822879124349253,13
401752899,2025,11,2025-11-08T21:30Z,275,264,Wisconsin Badgers,Washington Huskies,13,10,False,True,0.25598920743730075,1,0.32682381675303596,0.21218331775499513,2025-11-05T00:00Z,16.155130693382254,27.105889370661686,-10.950758677279431,3
401754588,2025,11,2025-11-08T21:30Z,153,24,North Carolina Tar Heels,Stanford Cardinal,20,15,False,True,0.6054596934389537,1,0.7236213332749645,0.5346277192702802,2025-11-05T00:00Z,19.14292307776978,18.02351551810317,1.1194075596666089,5
401761648,2025,11,2025-11-08T22:00Z,309,326,Louisiana Ragin' Cajuns,Texas State Bobcats,42,39,False,True,0.4955522964852181,1,0.46900463116220803,0.3990983576816358,2025-11-05T00:00Z,35.13102773202654,36.509336453001495,-1.3783087209749567,3
401760406,2025,11,2025-11-08T23:00Z,23,2005,San José State Spartans,Air Force Falcons,16,26,False,True,0.6741224026388604,0,0.5829917366876736,0.63575384420203,2025-11-05T00:00Z,39.628834306563924,33.41807506140981,6.210759245154115,-10
401754589,2025,11,2025-11-09T00:00Z,258,154,Virginia Cavaliers,Wake Forest Demon Deacons,9,16,False,True,0.6559353297879232,0,0.7349428790011248,0.8043417261617475,2025-11-05T00:00Z,31.041609867123636,18.491227215819233,12.550382651304403,-7
401754585,2025,11,2025-11-09T00:00Z,97,25,Louisville Cardinals,California Golden Bears,26,29,False,True,0.8958170714151101,0,0.8911721772623498,0.9115133805949652,2025-11-05T00:00Z,36.43540428621078,15.870507203644642,20.56489708256614,-3
401754586,2025,11,2025-11-09T00:00Z,228,52,Clemson Tigers,Florida State Seminoles,24,10,False,True,0.41216242606001224,1,0.5859311580870412,0.3854263012424625,2025-11-05T00:00Z,26.881392522226086,31.447059573681408,-4.565667051455321,14
401752759,2025,11,2025-11-09T00:30Z,333,99,Alabama Crimson Tide,LSU Tigers,20,9,False,True,0.7917060134136839,1,0.7999626501050812,0.8354122036790448,2025-11-05T00:00Z,28.751263080945176,13.869072239899207,14.882190841045968,11
401757166,2025,11,2025-11-09T00:30Z,87,2426,Notre Dame Fighting Irish,Navy Midshipmen,49,10,False,True,0.9594240560387444,1,0.920637149753641,0.9687172031974318,2025-11-05T00:00Z,40.14313379094179,10.129641525192907,30.01349226574888,39
401752760,2025,11,2025-11-09T00:30Z,96,57,Kentucky Wildcats,Florida Gators,38,7,False,True,0.3630638945516327,1,0.4938801863423201,0.41957661376833627,2025-11-05T00:00Z,17.449758051870045,20.20132129928696,-2.7515632474169145,31
401760409,2025,11,2025-11-09T00:30Z,328,2440,Utah State Aggies,Nevada Wolf Pack,51,14,False,True,0.7399542730086943,1,0.6934511948434152,0.7843509243869129,2025-11-05T00:00Z,31.96775624698191,19.854282138478048,12.113474108503862,37
401752895,2025,11,2025-11-09T02:00Z,26,158,UCLA Bruins,Nebraska Cornhuskers,21,28,False,True,0.38276070040589955,0,0.4026466019361314,0.2502826905621698,2025-11-05T00:00Z,21.15885182457739,27.915016885879368,-6.756165061301978,-7
401760407,2025,11,2025-11-09T02:30Z,36,2439,Colorado State Rams,UNLV Rebels,10,42,False,True,0.4600991265148031,0,0.36252967104825184,0.34976324389793034,2025-11-05T00:00Z,32.44254045508002,35.55610845064776,-3.1135679955677418,-32
401752944,2025,11,2025-11-09T03:00Z,204,2534,Oregon State Beavers,Sam Houston Bearkats,17,21,False,True,0.8203856752530898,0,0.78497636962451,0.8658717984351049,2025-11-05T00:00Z,35.680582093399174,17.372848282555957,18.307733810843217,-4
401760408,2025,11,2025-11-09T04:00Z,62,21,Hawai'i Rainbow Warriors,San Diego State Aztecs,38,6,False,True,0.2996666784170411,1,0.3637338787304113,0.2614636018910275,2025-11-05T00:00Z,20.902638586166304,29.65618889345664,-8.753550307290336,32
401762856,2025,12,2025-11-12T00:30Z,2006,2309,Akron Zips,Kent State Golden Flashes,35,42,False,True,0.5449098770268087,0,0.7510160972313986,0.6303817510432139,2025-11-12T00:30Z,30.066819587631564,24.96138735520351,5.105432232428054,-7
401762857,2025,12,2025-11-12T01:00Z,2711,195,Western Michigan Broncos,Ohio Bobcats,17,13,False,True,0.462813750842156,1,0.38133858381266666,0.4100277775256644,2025-11-12T00:30Z,18.870935119432467,19.959043661417567,-1.0881085419851004,4
401762858,2025,12,2025-11-13T00:00Z,2117,2084,Central Michigan Chippewas,Buffalo Bulls,38,19,False,True,0.5755062640495479,1,0.5328531545630371,0.5240189688815139,2025-11-12T00:30Z,22.341393499570962,19.129286022301187,3.2121074772697753,19
401762859,2025,12,2025-11-13T00:00Z,113,2459,Massachusetts Minutemen,Northern Illinois Huskies,3,45,False,True,0.2389453990050487,0,0.20662994551392438,0.1567154177361041,2025-11-12T00:30Z,13.028726826695943,25.600562333467654,-12.571835506771711,-42
401762860,2025,12,2025-11-13T00:00Z,193,2649,Miami (OH) RedHawks,Toledo Rockets,3,24,False,True,0.3674308175315902,0,0.4377297981939787,0.3221696852003245,2025-11-12T00:30Z,21.731486861853945,26.778362261112044,-5.046875399258099,-21
401761649,2025,12,2025-11-14T00:30Z,295,2653,Old Dominion Monarchs,Troy Trojans,33,0,False,True,0.8013727677945736,1,0.7235591405882693,0.7422505366893446,2025-11-12T00:30Z,30.066698864853276,20.483925735038788,9.582773129814488,33
401754591,2025,12,2025-11-15T00:30Z,97,228,Louisville Cardinals,Clemson Tigers,19,20,False,True,0.5954971157495683,0,0.6134281153656151,0.6395615542317893,2025-11-12T00:30Z,28.96277863746932,24.255916336145876,4.706862301323444,-1
401752904,2025,12,2025-11-15T02:00Z,2483,135,Oregon Ducks,Minnesota Golden Gophers,42,13,False,True,0.964496547156716,1,0.9433988883940514,0.9632232903685873,2025-11-12T00:30Z,36.66214470950897,8.170192051080173,28.4919526584288,29
401752901,2025,12,2025-11-15T17:00Z,84,275,Indiana Hoosiers,Wisconsin Badgers,31,7,False,True,0.9305813710911455,1,0.9578763686191509,0.9821781939935348,2025-11-12T00:30Z,38.34212921234801,3.208996290960675,35.133132921387336,24
401752772,2025,12,2025-11-15T17:00Z,245,2579,Texas A&M Aggies,South Carolina Gamecocks,31,30,False,True,0.8482771738602268,1,0.8609860482707001,0.8664909628604895,2025-11-12T00:30Z,34.12525514550197,16.33621336605956,17.789041779442407,1
401754597,2025,12,2025-11-15T17:00Z,221,87,Pittsburgh Panthers,Notre Dame Fighting Irish,15,37,False,True,0.16644384685829908,0,0.21849932310874431,0.17467988641140889,2025-11-12T00:30Z,24.71333926909555,35.65610134718615,-10.942762078090603,-22
401752905,2025,12,2025-11-15T17:00Z,77,130,Northwestern Wildcats,Michigan Wolverines,22,24,False,True,0.17243563447082372,0,0.2895657994996216,0.24670475903376224,2025-11-12T00:30Z,13.423379593777819,20.73966266702299,-7.316283073245172,-2
401762510,2025,12,2025-11-15T17:00Z,2426,58,Navy Midshipmen,South Florida Bulls,41,38,False,True,0.2808933499347931,1,0.3197059787539273,0.17310481267798805,2025-11-12T00:30Z,24.108309941593642,37.9187116639759,-13.810401722382256,3
401756951,2025,12,2025-11-15T17:00Z,2132,12,Cincinnati Bearcats,Arizona Wildcats,24,30,False,True,0.5851746752728711,0,0.616769326151543,0.5513073150363235,2025-11-12T00:30Z,28.683435885728287,26.330249455511186,2.3531864302171,-6
401756952,2025,12,2025-11-15T17:00Z,197,2306,Oklahoma State Cowboys,Kansas State Wildcats,6,14,False,True,0.1223778609369151,0,0.09752015397364336,0.04356864893757391,2025-11-12T00:30Z,16.466947520688663,41.41490649591225,-24.947958975223585,-8
401757174,2025,12,2025-11-15T17:00Z,41,2005,UConn Huskies,Air Force Falcons,26,16,False,True,0.6948122598088645,1,0.6282710865797583,0.6981478213182487,2025-11-12T00:30Z,38.62662886720913,31.42075011623826,7.205878750970868,10
401762507,2025,12,2025-11-15T17:00Z,2429,2636,Charlotte 49ers,UTSA Roadrunners,7,28,False,True,0.16013102454315034,0,0.1519482582743349,0.10023556210128082,2025-11-12T00:30Z,22.071575056589943,40.2451206982756,-18.173545641685656,-21
401762861,2025,12,2025-11-15T17:00Z,2050,2199,Ball State Cardinals,Eastern Michigan Eagles,9,24,False,True,0.36524044933613625,0,0.430702111430993,0.40629156847235404,2025-11-12T00:30Z,25.359535319818725,27.054941625850798,-1.6954063060320728,-15
401752768,2025,12,2025-11-15T17:45Z,99,8,LSU Tigers,Arkansas Razorbacks,23,22,False,True,0.6522087097183812,1,0.6449035035654609,0.6878300326960085,2025-11-12T00:30Z,31.132632867045174,23.71715014712361,7.415482719921563,1
401752945,2025,12,2025-11-15T18:00Z,202,204,Tulsa Golden Hurricane,Oregon State Beavers,31,14,False,True,0.44062676753643587,1,0.42011083358386414,0.3653561245828529,2025-11-12T00:30Z,23.55474340764565,26.130165384793123,-2.5754219771474745,17
401756948,2025,12,2025-11-15T18:00Z,9,277,Arizona State Sun Devils,West Virginia Mountaineers,25,23,False,True,0.8169993431149463,1,0.8164206768902826,0.8353986991646513,2025-11-12T00:30Z,29.835233530581185,15.532280952271975,14.30295257830921,2
401761651,2025,12,2025-11-15T19:00Z,2247,276,Georgia State Panthers,Marshall Thundering Herd,18,30,False,True,0.3334657170036262,0,0.24683440443455956,0.16727564937333425,2025-11-12T00:30Z,29.452753718046672,41.68365371853843,-12.230900000491758,-12
401762506,2025,12,2025-11-15T19:00Z,5,249,UAB Blazers,North Texas Mean Green,24,53,False,True,0.18527002753444613,0,0.17792844585184675,0.0650712414391072,2025-11-12T00:30Z,27.469676132584695,48.84910418956847,-21.379428056983777,-29
401757304,2025,12,2025-11-15T20:00Z,2623,2638,Missouri State Bears,UTEP Miners,38,24,False,True,0.6136820215466317,1,0.7216435515295876,0.6864605347594033,2025-11-12T00:30Z,23.904586406011603,16.52647213475934,7.378114271252262,14
401760411,2025,12,2025-11-15T20:00Z,167,36,New Mexico Lobos,Colorado State Rams,20,17,False,True,0.8384409457330327,1,0.8457222012012264,0.8416529875023387,2025-11-12T00:30Z,34.44883370048934,18.139773308537773,16.309060391951565,3
401752765,2025,12,2025-11-15T20:30Z,333,201,Alabama Crimson Tide,Oklahoma Sooners,21,23,False,True,0.6406953058055449,0,0.6716781049433338,0.7084548262951911,2025-11-12T00:30Z,24.82088622708654,17.01382767143809,7.8070585556484495,-2
401756953,2025,12,2025-11-15T20:30Z,2641,2116,Texas Tech Red Raiders,UCF Knights,48,9,False,True,0.9063610377032559,1,0.8852675809812593,0.9461491247205908,2025-11-12T00:30Z,34.66365697271536,8.408293537383388,26.255363435331972,39
401754592,2025,12,2025-11-15T20:30Z,103,59,Boston College Eagles,Georgia Tech Yellow Jackets,34,36,False,True,0.15634467964242035,0,0.20141898400501382,0.12156406635641746,2025-11-12T00:30Z,20.896556650483348,36.955897841322304,-16.059341190838957,-2
401752907,2025,12,2025-11-15T20:30Z,30,2294,USC Trojans,Iowa Hawkeyes,26,21,False,True,0.6858977797116176,1,0.645412986297814,0.6196915528284614,2025-11-12T00:30Z,29.021279914085483,24.714915407051052,4.306364507034431,5
401752903,2025,12,2025-11-15T20:30Z,127,213,Michigan State Spartans,Penn State Nittany Lions,10,28,False,True,0.21351608600705357,0,0.18842550086035761,0.17419897178967317,2025-11-12T00:30Z,24.191236781678874,35.88139700612492,-11.690160224446046,-18
401752906,2025,12,2025-11-15T20:30Z,356,120,Illinois Fighting Illini,Maryland Terrapins,24,6,False,True,0.7700613035791516,1,0.8083363587895855,0.8201351098031493,2025-11-12T00:30Z,35.163901981748836,20.26738497676279,14.896517004986045,18
401757303,2025,12,2025-11-15T20:30Z,98,2393,Western Kentucky Hilltoppers,Middle Tennessee Blue Raiders,42,26,False,True,0.7303231358947567,1,0.8115226638526856,0.8227904533940248,2025-11-12T00:30Z,33.23694099003887,19.591951442914436,13.644989547124432,16
401760413,2025,12,2025-11-15T20:30Z,2440,23,Nevada Wolf Pack,San José State Spartans,55,10,False,True,0.33539276837361,1,0.3338467763405984,0.2541578058418245,2025-11-12T00:30Z,19.655083248968133,28.52359215911338,-8.868508910145248,45
401761652,2025,12,2025-11-15T20:30Z,256,2026,James Madison Dukes,App State Mountaineers,58,10,False,True,0.8964417129573088,1,0.9117375899471882,0.9301516391263206,2025-11-12T00:30Z,35.84544274089893,12.943629011208834,22.901813729690097,48
401761653,2025,12,2025-11-15T20:30Z,2433,6,UL Monroe Warhawks,South Alabama Jaguars,14,26,False,True,0.374558550498995,0,0.2827399368491116,0.23284434060441664,2025-11-12T00:30Z,22.658835263770513,30.98171457145446,-8.322879307683948,-12
401761654,2025,12,2025-11-15T20:30Z,2572,326,Southern Miss Golden Eagles,Texas State Bobcats,14,41,False,True,0.5678362851990737,0,0.470264732250148,0.5900842127518674,2025-11-12T00:30Z,39.789352305884876,33.479591932002165,6.30976037388271,-27
401754593,2025,12,2025-11-15T20:35Z,150,258,Duke Blue Devils,Virginia Cavaliers,17,34,False,True,0.5989822174932637,0,0.6243780513854965,0.5320275638822473,2025-11-12T00:30Z,32.80928663985354,30.13565535604658,2.6736312838069587,-17
401754595,2025,12,2025-11-15T20:40Z,2390,152,Miami Hurricanes,NC State Wolfpack,41,7,False,True,0.8996745117981207,1,0.867797868677123,0.9117291205935321,2025-11-12T00:30Z,39.03360808969198,19.87766138256446,19.15594670712752,34
401762508,2025,12,2025-11-15T21:00Z,151,235,East Carolina Pirates,Memphis Tigers,31,27,False,True,0.5061315366650166,1,0.5486651759052525,0.5215969105677716,2025-11-12T00:30Z,28.468254605647033,25.948994036023965,2.519260569623068,4
401762509,2025,12,2025-11-15T21:00Z,2655,2226,Tulane Green Wave,Florida Atlantic Owls,35,24,False,True,0.8549969592094975,1,0.8506178222669976,0.901328470281297,2025-11-12T00:30Z,41.35368640838881,23.181869260858466,18.171817147530344,11
401752771,2025,12,2025-11-15T21:15Z,2633,166,Tennessee Volunteers,New Mexico State Aggies,42,9,False,True,0.9735371009831315,1,0.9470362103556835,0.9779524887891519,2025-11-12T00:30Z,50.01444625749815,18.173095416212302,31.84135084128585,33
401754596,2025,12,2025-11-15T21:30Z,154,153,Wake Forest Demon Deacons,North Carolina Tar Heels,28,12,False,True,0.7230859039898593,1,0.632626730475077,0.7560180623124118,2025-11-12T00:30Z,22.09938949026133,11.148386842919148,10.951002647342182,16
401757301,2025,12,2025-11-15T22:00Z,2229,2335,Florida International Panthers,Liberty Flames,34,27,False,True,0.4905601141533278,1,0.41621717064471275,0.4112056593769033,2025-11-12T00:30Z,25.134660318158225,26.38086108253032,-1.2462007643720945,7
401761650,2025,12,2025-11-15T23:00Z,290,324,Georgia Southern Eagles,Coastal Carolina Chanticleers,45,40,False,True,0.5206292107225663,1,0.5805191973479589,0.5744772122523267,2025-11-12T00:30Z,33.03513372998114,29.510316070894937,3.524817659086203,5
401752769,2025,12,2025-11-16T00:00Z,145,57,Ole Miss Rebels,Florida Gators,34,24,False,True,0.7760315442382993,1,0.8605605840790669,0.8628833563465771,2025-11-12T00:30Z,32.532449767938985,17.10500984587242,15.427439922066565,10
401756949,2025,12,2025-11-16T00:00Z,239,254,Baylor Bears,Utah Utes,28,55,False,True,0.3205004955155308,0,0.2674863470306475,0.14065127844361258,2025-11-12T00:30Z,25.138144575327374,40.71307562407734,-15.574931048749967,-27
401752902,2025,12,2025-11-16T00:00Z,264,2509,Washington Huskies,Purdue Boilermakers,49,13,False,True,0.8572199625858593,1,0.865405156060595,0.8672281438230144,2025-11-12T00:30Z,32.97716413060019,17.291183851289784,15.685980279310403,36
401757300,2025,12,2025-11-16T00:00Z,2534,48,Sam Houston Bearkats,Delaware Blue Hens,26,23,False,True,0.3859469378313291,1,0.3086482375068267,0.23923171098324653,2025-11-12T00:30Z,26.401458954674375,34.29956828341411,-7.898109328739736,3
401760414,2025,12,2025-11-16T00:00Z,2439,328,UNLV Rebels,Utah State Aggies,29,26,False,True,0.6477225418344136,1,0.7425794577686708,0.6864783772838067,2025-11-12T00:30Z,41.83522503245485,35.422657354553344,6.412567677901507,3
401752900,2025,12,2025-11-16T00:30Z,194,26,Ohio State Buckeyes,UCLA Bruins,48,10,False,True,0.9685305263984705,1,0.971553523897894,0.9797929865364013,2025-11-12T00:30Z,36.865511503371735,4.114176288322515,32.751335215049224,38
401752766,2025,12,2025-11-16T00:30Z,61,251,Georgia Bulldogs,Texas Longhorns,35,10,False,True,0.6703938604770711,1,0.65536702151755,0.6567165804720838,2025-11-12T00:30Z,28.274596438450907,21.699118040055097,6.575478398395809,25
401754594,2025,12,2025-11-16T00:30Z,52,259,Florida State Seminoles,Virginia Tech Hokies,34,14,False,True,0.8619179180556575,1,0.7864899765644422,0.8626325423524783,2025-11-12T00:30Z,36.38667156921685,19.171138360931558,17.215533208285294,20
401752770,2025,12,2025-11-16T00:45Z,142,344,Missouri Tigers,Mississippi State Bulldogs,49,27,False,True,0.7863196761264722,1,0.7875095661177829,0.7388571420318115,2025-11-12T00:30Z,31.613412249692054,23.1171972513455,8.496214998346552,22
401757302,2025,12,2025-11-16T01:00Z,55,338,Jacksonville State Gamecocks,Kennesaw State Owls,35,26,False,True,0.5166122441161695,1,0.6289772773535085,0.4351824346024012,2025-11-12T00:30Z,25.95861444527158,28.904530588835037,-2.9459161435634584,9
401752953,2025,12,2025-11-16T03:00Z,265,2348,Washington State Cougars,Louisiana Tech Bulldogs,28,3,False,True,0.6468623312170378,1,0.6329380053217075,0.6039148049629083,2025-11-12T00:30Z,23.937696581136215,18.91397467269386,5.023721908442354,25
401756950,2025,12,2025-11-16T03:15Z,252,2628,BYU Cougars,TCU Horned Frogs,44,13,False,True,0.5989241522985451,1,0.6427322840908141,0.6938745762327349,2025-11-12T00:30Z,31.28550008396523,22.385537775820612,8.899962308144616,31
401760410,2025,12,2025-11-16T03:30Z,21,68,San Diego State Aztecs,Boise State Broncos,17,7,False,True,0.4795653937317042,1,0.4100639167729165,0.4194634424960753,2025-11-12T00:30Z,21.979827807744105,22.57234112940776,-0.592513321663656,10
401760412,2025,12,2025-11-16T03:30Z,278,2751,Fresno State Bulldogs,Wyoming Cowboys,24,3,False,True,0.6274702481389108,1,0.6179031645919375,0.5949845750815088,2025-11-12T00:30Z,18.558323797011127,15.268475821738654,3.2898479752724725,21
401762862,2025,13,2025-11-19T00:00Z,189,2006,Bowling Green Falcons,Akron Zips,16,19,False,True,0.7615780510293734,0,0.7289677483618731,0.7642455059673215,2025-11-19T00:00Z,28.22840619104605,19.040629985450515,9.187776205595537,-3
401762864,2025,13,2025-11-19T00:00Z,2459,2711,Northern Illinois Huskies,Western Michigan Broncos,19,35,False,True,0.48319094818101815,0,0.519283023486603,0.38044262288038305,2025-11-19T00:00Z,12.874760781472595,16.499276027002967,-3.6245152455303717,-16
401762863,2025,13,2025-11-19T00:15Z,195,113,Ohio Bobcats,Massachusetts Minutemen,42,14,False,True,0.9513520939368286,1,0.9771451753686955,0.9828680271721213,2025-11-19T00:00Z,42.481662895501884,7.275257532592423,35.206405362909464,28
401762865,2025,13,2025-11-20T00:00Z,2084,193,Buffalo Bulls,Miami (OH) RedHawks,20,37,False,True,0.38363953361756287,0,0.451797160720023,0.37320265596873187,2025-11-19T00:00Z,18.87475018532004,22.929377272469548,-4.054627087149509,-17
401762866,2025,13,2025-11-20T00:00Z,2309,2117,Kent State Golden Flashes,Central Michigan Chippewas,16,28,False,True,0.4130238430541237,0,0.2732551188059155,0.2926784058809011,2025-11-19T00:00Z,25.31438199014507,31.416169059879806,-6.101787069734737,-12
401761655,2025,13,2025-11-21T00:30Z,2032,309,Arkansas State Red Wolves,Louisiana Ragin' Cajuns,30,34,False,True,0.5276718667481318,0,0.5254478807093488,0.5237991915292224,2025-11-19T00:00Z,25.720396706504925,23.55960531442727,2.1607913920776554,-4
401754598,2025,13,2025-11-22T01:00Z,152,52,NC State Wolfpack,Florida State Seminoles,21,11,False,True,0.28558744785093093,1,0.37622283641779375,0.2932032775456031,2025-11-19T00:00Z,27.062452263992903,33.44796448619504,-6.385512222202138,10
401760418,2025,13,2025-11-22T03:30Z,2439,62,UNLV Rebels,Hawai'i Rainbow Warriors,38,10,False,True,0.6545897932753996,1,0.6918226962545695,0.6368049330899045,2025-11-19T00:00Z,37.91015913513941,33.91536176816348,3.9947973669759307,28
401752912,2025,13,2025-11-22T17:00Z,194,164,Ohio State Buckeyes,Rutgers Scarlet Knights,42,9,False,True,0.9783705709018664,1,0.9751219823359476,0.9761358688194036,2025-11-19T00:00Z,43.0330799845574,10.88054563247136,32.15253435208604,33
401752778,2025,13,2025-11-22T17:00Z,201,142,Oklahoma Sooners,Missouri Tigers,17,6,False,True,0.693128539790717,1,0.6498888358105008,0.6845759278345214,2025-11-19T00:00Z,25.629592267280543,17.310858429271065,8.318733838009479,11
401754603,2025,13,2025-11-22T17:00Z,259,2390,Virginia Tech Hokies,Miami Hurricanes,17,34,False,True,0.10948871298784531,0,0.14129928569454409,0.0592236948400997,2025-11-19T00:00Z,14.172218114367098,36.1920426105751,-22.019824496208003,-17
401752909,2025,13,2025-11-22T17:00Z,77,135,Northwestern Wildcats,Minnesota Golden Gophers,38,35,False,True,0.6768125924396339,1,0.642448619659703,0.6743693519682455,2025-11-19T00:00Z,21.474270503312834,13.515861096749333,7.958409406563501,3
401754602,2025,13,2025-11-22T17:00Z,2567,97,SMU Mustangs,Louisville Cardinals,38,6,False,True,0.5757063731810504,1,0.6463321730528879,0.5985219574607273,2025-11-19T00:00Z,29.016367692916567,23.1892053508017,5.8271623421148675,32
401754606,2025,13,2025-11-22T17:00Z,154,48,Wake Forest Demon Deacons,Delaware Blue Hens,52,14,False,True,0.8896088796176025,1,0.7189951923671029,0.8456084364223174,2025-11-19T00:00Z,33.14629938706612,16.0271934448205,17.11910594224562,38
401756958,2025,13,2025-11-22T17:00Z,66,2305,Iowa State Cyclones,Kansas Jayhawks,38,14,False,True,0.6578349259941726,1,0.6399950686417806,0.6285857282793927,2025-11-19T00:00Z,29.788542899907558,24.366875422898513,5.421667477009045,24
401762512,2025,13,2025-11-22T17:00Z,349,202,Army Black Knights,Tulsa Golden Hurricane,25,26,False,True,0.7971150575510527,0,0.8740095704187001,0.8923516121487781,2025-11-19T00:00Z,28.39728011692877,11.307035242115889,17.090244874812882,-1
401752776,2025,13,2025-11-22T17:45Z,61,2429,Georgia Bulldogs,Charlotte 49ers,35,3,False,True,0.9942322996338698,1,0.9912368934934237,0.9971781575899812,2025-11-19T00:00Z,50.81716153315935,0.9797774107241128,49.83738412243524,32
401752954,2025,13,2025-11-22T18:00Z,256,265,James Madison Dukes,Washington State Cougars,24,20,False,True,0.8078026576605783,1,0.8591490416813969,0.8094447022903396,2025-11-19T00:00Z,26.902766595532334,14.298290469536713,12.604476125995621,4
401756954,2025,13,2025-11-22T18:00Z,12,239,Arizona Wildcats,Baylor Bears,41,17,False,True,0.6681845747968498,1,0.6315764906502437,0.7073476893125106,2025-11-19T00:00Z,38.482737018145016,29.497881588075447,8.984855430069569,24
401761657,2025,13,2025-11-22T18:00Z,290,295,Georgia Southern Eagles,Old Dominion Monarchs,10,45,False,True,0.1912369353898249,0,0.27000022323447614,0.18891278879663687,2025-11-19T00:00Z,25.174114439623548,36.04858801512638,-10.87447357550283,-35
401757306,2025,13,2025-11-22T19:00Z,338,2623,Kennesaw State Owls,Missouri State Bears,41,34,False,True,0.6429899701766658,1,0.6151659345669145,0.6746854454022492,2025-11-19T00:00Z,27.313442589499186,19.81127825256511,7.502164336934076,7
401760419,2025,13,2025-11-22T19:00Z,2751,2440,Wyoming Cowboys,Nevada Wolf Pack,7,13,False,True,0.6284907991044895,0,0.6551516430449555,0.6864869326903079,2025-11-19T00:00Z,20.85226048036483,13.739330832369962,7.112929647994868,-6
401762867,2025,13,2025-11-22T19:00Z,2649,2050,Toledo Rockets,Ball State Cardinals,38,9,False,True,0.9543121364258221,1,0.9511374097244492,0.9616589038578004,2025-11-19T00:00Z,34.1742293792468,6.10596846002787,28.068260919218933,29
401761656,2025,13,2025-11-22T19:30Z,2026,276,App State Mountaineers,Marshall Thundering Herd,26,24,False,True,0.41204530926651833,1,0.3889527605680047,0.3145155215862957,2025-11-19T00:00Z,30.5099007138704,36.34400177674824,-5.834101062877842,2
401757175,2025,13,2025-11-22T20:00Z,2226,41,Florida Atlantic Owls,UConn Huskies,45,48,False,True,0.42075913044140156,0,0.387173671590035,0.26136478741497376,2025-11-19T00:00Z,29.889309778841483,36.425308101264385,-6.535998322422902,-3
401757307,2025,13,2025-11-22T20:00Z,2348,2335,Louisiana Tech Bulldogs,Liberty Flames,34,28,False,True,0.6265707430928183,1,0.5508162879729884,0.6854703162879604,2025-11-19T00:00Z,27.25536061067881,20.01933464760115,7.236025963077662,6
401757308,2025,13,2025-11-22T20:00Z,2393,2534,Middle Tennessee Blue Raiders,Sam Houston Bearkats,31,17,False,True,0.7430901269062081,1,0.6537532533884405,0.6541070248081639,2025-11-19T00:00Z,30.70739108609267,23.99403212379621,6.713358962296461,14
401757309,2025,13,2025-11-22T20:00Z,2638,166,UTEP Miners,New Mexico State Aggies,31,34,False,True,0.6132710074075617,0,0.6307432632001342,0.5710450588031656,2025-11-19T00:00Z,24.707262276072523,21.80911813439058,2.898144141681943,-3
401762511,2025,13,2025-11-22T20:00Z,5,58,UAB Blazers,South Florida Bulls,18,48,False,True,0.14432535086914758,0,0.1370221494177511,0.05235043631104486,2025-11-19T00:00Z,22.969511688423815,46.943604446155945,-23.97409275773213,-30
401752911,2025,13,2025-11-22T20:30Z,2483,30,Oregon Ducks,USC Trojans,42,27,False,True,0.7583461404243736,1,0.7637999298809498,0.7105737035964976,2025-11-19T00:00Z,35.07559201971277,26.720334654126496,8.355257365586276,15
401754604,2025,13,2025-11-22T20:30Z,87,183,Notre Dame Fighting Irish,Syracuse Orange,70,7,False,True,0.9784702974341156,1,0.9749236511720132,0.9833965880619913,2025-11-19T00:00Z,41.69071100774161,6.051332126490104,35.63937888125151,63
401752782,2025,13,2025-11-22T20:30Z,238,96,Vanderbilt Commodores,Kentucky Wildcats,45,17,False,True,0.7297162608067027,1,0.7014026565701146,0.7877934821416938,2025-11-19T00:00Z,35.93033070497351,24.622292364597513,11.308038340375994,28
401752780,2025,13,2025-11-22T20:30Z,251,8,Texas Longhorns,Arkansas Razorbacks,52,37,False,True,0.7910087117775141,1,0.7551050735940718,0.7826215903337662,2025-11-19T00:00Z,34.93285219306817,23.936131388055504,10.996720805012668,15
401752913,2025,13,2025-11-22T20:30Z,2294,127,Iowa Hawkeyes,Michigan State Spartans,20,17,False,True,0.8899998643588749,1,0.9188139953548928,0.9372295416109143,2025-11-19T00:00Z,35.077741900821,11.109748867275558,23.967993033545447,3
401754600,2025,13,2025-11-22T20:30Z,153,150,North Carolina Tar Heels,Duke Blue Devils,25,32,False,True,0.3694938411652796,0,0.42269722738889665,0.24245637437705206,2025-11-19T00:00Z,22.07385810346468,30.100360297777584,-8.026502194312904,-7
401757305,2025,13,2025-11-22T20:30Z,2229,55,Florida International Panthers,Jacksonville State Gamecocks,27,21,False,True,0.5149103963295409,1,0.4394176216355234,0.42245847520754776,2025-11-19T00:00Z,29.481618951852845,30.24321886696707,-0.7615999151142248,6
401761658,2025,13,2025-11-22T20:30Z,6,2572,South Alabama Jaguars,Southern Miss Golden Eagles,42,35,False,True,0.5579919025287697,1,0.6791901552841895,0.49465957631289975,2025-11-19T00:00Z,25.309336803657263,25.48149475502461,-0.17215795136734613,7
401762513,2025,13,2025-11-22T20:30Z,2636,151,UTSA Roadrunners,East Carolina Pirates,58,24,False,True,0.4047749744079617,1,0.4692713149859122,0.33310889253809495,2025-11-19T00:00Z,25.988478745920748,30.652905219059917,-4.664426473139169,34
401762515,2025,13,2025-11-22T20:45Z,218,2655,Temple Owls,Tulane Green Wave,13,37,False,True,0.270156056703563,0,0.2558839238563152,0.25880708855633716,2025-11-19T00:00Z,25.351598106363756,32.069160665102316,-6.71756255873856,-24
401756960,2025,13,2025-11-22T21:00Z,254,2306,Utah Utes,Kansas State Wildcats,51,47,False,True,0.8429267551407492,1,0.8613854295451879,0.9030721524146301,2025-11-19T00:00Z,37.565216750497285,16.36942034752856,21.195796402968725,4
401752914,2025,13,2025-11-22T21:00Z,120,130,Maryland Terrapins,Michigan Wolverines,20,45,False,True,0.16048241231309715,0,0.20123569595070795,0.2137355183661389,2025-11-19T00:00Z,15.577365350233041,25.955644825954682,-10.37827947572164,-25
401756957,2025,13,2025-11-22T21:00Z,248,2628,Houston Cougars,TCU Horned Frogs,14,17,False,True,0.4190578365315057,0,0.5231153671615936,0.45875691529291335,2025-11-19T00:00Z,30.283689390372153,29.929596897964224,0.35409249240792917,-3
401756959,2025,13,2025-11-22T21:00Z,2116,197,UCF Knights,Oklahoma State Cowboys,17,14,False,True,0.8332384440536336,1,0.8796249241004479,0.9110101051977283,2025-11-19T00:00Z,30.27833486989277,10.956951384139547,19.321383485753223,3
401761660,2025,13,2025-11-22T21:00Z,2653,2247,Troy Trojans,Georgia State Panthers,31,19,False,True,0.7524188854775191,1,0.8112423848049232,0.8556990367788148,2025-11-19T00:00Z,33.00472170827805,17.666568096762255,15.338153611515793,12
401752779,2025,13,2025-11-22T21:15Z,2579,324,South Carolina Gamecocks,Coastal Carolina Chanticleers,51,7,False,True,0.9263578055188877,1,0.8377292605989389,0.933554719878588,2025-11-19T00:00Z,36.11606778168519,13.254434621831317,22.861633159853874,44
401761659,2025,13,2025-11-22T22:00Z,326,2433,Texas State Bobcats,UL Monroe Warhawks,31,14,False,True,0.8570022188944058,1,0.9210371695018112,0.9339320281467963,2025-11-19T00:00Z,46.27151047268298,23.038113320225293,23.233397152457684,17
401754601,2025,13,2025-11-23T00:00Z,59,221,Georgia Tech Yellow Jackets,Pittsburgh Panthers,28,42,False,True,0.4972109266473869,0,0.5486829040022758,0.47042448218138866,2025-11-19T00:00Z,31.75679093061189,32.56667625194676,-0.8098853213348711,-14
401752908,2025,13,2025-11-23T00:00Z,213,158,Penn State Nittany Lions,Nebraska Cornhuskers,37,10,False,True,0.7416412770049744,1,0.7685679149169797,0.6935241007675536,2025-11-19T00:00Z,30.04014337663766,21.760383754170526,8.279759622467132,27
401760415,2025,13,2025-11-23T00:00Z,2005,167,Air Force Falcons,New Mexico Lobos,3,20,False,True,0.32972664856515316,0,0.5050511157284849,0.3848536097397474,2025-11-19T00:00Z,29.596077265357046,32.4297221169231,-2.8336448515660564,-17
401760416,2025,13,2025-11-23T00:00Z,68,36,Boise State Broncos,Colorado State Rams,49,21,False,True,0.866385981731079,1,0.8928533771030689,0.8831591327195748,2025-11-19T00:00Z,31.344503229306792,13.686548191685567,17.657955037621225,28
401752775,2025,13,2025-11-23T00:30Z,57,2633,Florida Gators,Tennessee Volunteers,11,31,False,True,0.3974788276666926,0,0.3358966318284945,0.3177457215296136,2025-11-19T00:00Z,26.64082683301722,31.510982095276695,-4.870155262259477,-20
401752915,2025,13,2025-11-23T00:30Z,275,356,Wisconsin Badgers,Illinois Fighting Illini,27,10,False,True,0.40327273121858265,1,0.387007629753529,0.26112969876871356,2025-11-19T00:00Z,16.604266844292283,24.28629592904201,-7.6820290847497255,17
401754599,2025,13,2025-11-23T00:30Z,24,25,Stanford Cardinal,California Golden Bears,31,10,False,True,0.5689221322288749,1,0.4867915745969399,0.47404085926719614,2025-11-19T00:00Z,24.216177159300816,23.231112173766075,0.9850649855347413,21
401762514,2025,13,2025-11-23T00:30Z,242,249,Rice Owls,North Texas Mean Green,24,56,False,True,0.13905489123089193,0,0.16014055907416735,0.059034264800022836,2025-11-19T00:00Z,20.366530419908266,43.237359227994766,-22.8708288080865,-32
401752777,2025,13,2025-11-23T00:45Z,99,98,LSU Tigers,Western Kentucky Hilltoppers,13,10,False,True,0.9231291661794779,1,0.7899031495125424,0.9143184886009617,2025-11-19T00:00Z,31.322018460647588,10.803413542643062,20.518604918004527,3
401756955,2025,13,2025-11-23T01:00Z,2132,252,Cincinnati Bearcats,BYU Cougars,14,26,False,True,0.43572924993625606,0,0.39533122259611553,0.2913167910953082,2025-11-19T00:00Z,22.567389232987797,29.93218340025785,-7.364794167270052,-12
401756956,2025,13,2025-11-23T01:00Z,38,9,Colorado Buffaloes,Arizona State Sun Devils,17,42,False,True,0.36581928648558465,0,0.347740330645423,0.3112275995703544,2025-11-19T00:00Z,18.233466756531094,24.844305404772253,-6.61083864824116,-25
401752910,2025,13,2025-11-23T03:30Z,26,264,UCLA Bruins,Washington Huskies,14,48,False,True,0.23448393297906267,0,0.24830903161240864,0.1712326578454261,2025-11-19T00:00Z,20.397215731152265,32.50671220497984,-12.109496473827576,-34
401760417,2025,13,2025-11-23T03:30Z,278,328,Fresno State Bulldogs,Utah State Aggies,17,28,False,True,0.5525550761408554,0,0.6257137793510741,0.5579719817370256,2025-11-19T00:00Z,27.474379559699397,25.094285903667203,2.3800936560321944,-11
401760420,2025,13,2025-11-23T03:30Z,21,23,San Diego State Aztecs,San José State Spartans,25,3,False,True,0.8025518536857787,1,0.8011567589538644,0.8787968235800868,2025-11-19T00:00Z,33.34969771728035,14.433237111523606,18.916460605756743,22
401762868,2025,14,2025-11-25T21:30Z,113,189,Massachusetts Minutemen,Bowling Green Falcons,14,45,False,True,0.22925382591385263,0,0.17658277619309876,0.12151493489448313,2025-11-25T21:30Z,15.23858228202726,29.9342901604805,-14.695707878453241,-31
401762869,2025,14,2025-11-26T00:30Z,2199,2711,Eastern Michigan Eagles,Western Michigan Broncos,21,31,False,True,0.39738764156724166,0,0.42118440234408133,0.3210788698520243,2025-11-25T21:30Z,20.013247360574002,25.72328195180992,-5.710034591235917,-10
401762516,2025,14,2025-11-28T00:30Z,235,2426,Memphis Tigers,Navy Midshipmen,17,28,False,True,0.7230452041965274,0,0.7339035018972869,0.7610342765971599,2025-11-25T21:30Z,33.87237674750288,23.754053005135045,10.118323742367831,-11
401752788,2025,14,2025-11-28T17:00Z,344,145,Mississippi State Bulldogs,Ole Miss Rebels,19,38,False,True,0.20673215566385034,0,0.1894101355480673,0.1790452318878016,2025-11-25T21:30Z,28.585954599877777,39.53491436375223,-10.948959763874452,-19
401756964,2025,14,2025-11-28T17:00Z,2305,254,Kansas Jayhawks,Utah Utes,21,31,False,True,0.26229693773140317,0,0.20680307256194186,0.12213081967542416,2025-11-25T21:30Z,23.005053203992027,40.00968718421386,-17.004633980221833,-10
401752916,2025,14,2025-11-28T17:00Z,158,2294,Nebraska Cornhuskers,Iowa Hawkeyes,16,40,False,True,0.35110239830481726,0,0.348700756497908,0.2973700365887146,2025-11-25T21:30Z,17.18918245330999,24.32267062974962,-7.133488176439631,-24
401762870,2025,14,2025-11-28T17:00Z,2084,195,Buffalo Bulls,Ohio Bobcats,26,31,False,True,0.31848366851965765,0,0.3064325047512354,0.23003092184379498,2025-11-25T21:30Z,18.53635948472899,27.797512500429505,-9.261153015700515,-5
401762871,2025,14,2025-11-28T17:00Z,2459,2309,Northern Illinois Huskies,Kent State Golden Flashes,31,35,False,True,0.7408241876064948,0,0.8331152453689437,0.7793653453003214,2025-11-25T21:30Z,29.80087852989307,19.77335852841234,10.027520001480728,-4
401760421,2025,14,2025-11-28T20:00Z,36,2005,Colorado State Rams,Air Force Falcons,21,42,False,True,0.5483942333750941,0,0.4243288904027531,0.4875060858728567,2025-11-25T21:30Z,27.481168753073746,27.272957294403074,0.2082114586706716,-21
401752786,2025,14,2025-11-28T20:30Z,59,61,Georgia Tech Yellow Jackets,Georgia Bulldogs,9,16,True,True,0.11704877813934271,0,0.15067682144872796,0.1205976731214205,2025-11-25T21:30Z,20.497535650755978,37.07734695644527,-16.57981130568929,-7
401760426,2025,14,2025-11-28T20:30Z,167,21,New Mexico Lobos,San Diego State Aztecs,23,17,False,True,0.54446714009933,1,0.5777175051296296,0.487291520612382,2025-11-25T21:30Z,19.503210808605367,18.812652020896664,0.6905587877087029,6
401762442,2025,14,2025-11-28T20:30Z,249,218,North Texas Mean Green,Temple Owls,52,25,False,True,0.9146691048779833,1,0.9354211293655359,0.9409486586298798,2025-11-25T21:30Z,49.69120529296929,25.14171057174864,24.549494721220654,27
401760422,2025,14,2025-11-28T21:00Z,328,68,Utah State Aggies,Boise State Broncos,24,25,False,True,0.42545517809448524,0,0.3600932803108878,0.34036034670958965,2025-11-25T21:30Z,28.347437140417295,31.61682112100329,-3.269383980585996,-1
401752924,2025,14,2025-11-29T00:30Z,2509,84,Purdue Boilermakers,Indiana Hoosiers,3,56,False,True,0.07884627335842893,0,0.045206765575336046,0.017769476845571116,2025-11-25T21:30Z,11.044837965707778,42.8362861107118,-31.79144814500402,-53
401752792,2025,14,2025-11-29T00:30Z,251,245,Texas Longhorns,Texas A&M Aggies,27,17,False,True,0.49652233638986865,1,0.5095661906637975,0.43680118204162216,2025-11-25T21:30Z,28.30997258217369,30.601266233211533,-2.2912936510378437,10
401756961,2025,14,2025-11-29T02:00Z,9,12,Arizona State Sun Devils,Arizona Wildcats,7,23,False,True,0.5593842668432711,0,0.6357257069689823,0.5022783892438883,2025-11-25T21:30Z,22.800561466304835,22.384454354984992,0.41610711131984246,-16
401752921,2025,14,2025-11-29T17:00Z,130,194,Michigan Wolverines,Ohio State Buckeyes,9,27,False,True,0.27867448020964897,0,0.22800050607898237,0.18164466505001628,2025-11-25T21:30Z,15.940922177326009,27.273087518176936,-11.332165340850928,-18
401756968,2025,14,2025-11-29T17:00Z,277,2641,West Virginia Mountaineers,Texas Tech Red Raiders,0,49,False,True,0.10214546680230155,0,0.10385799554497213,0.04239748640618879,2025-11-25T21:30Z,15.374467886063462,40.61904177818888,-25.244573892125416,-49
401754611,2025,14,2025-11-29T17:00Z,221,2390,Pittsburgh Panthers,Miami Hurricanes,7,38,False,True,0.2782305774665536,0,0.34089611117011676,0.2596746534456206,2025-11-25T21:30Z,25.473484796901822,31.950382579307494,-6.476897782405672,-31
401752787,2025,14,2025-11-29T17:00Z,97,96,Louisville Cardinals,Kentucky Wildcats,41,0,False,True,0.5873840848315521,1,0.6345007521358437,0.5883927987385812,2025-11-25T21:30Z,25.13987964242854,22.814507750870806,2.325371891557733,41
401752790,2025,14,2025-11-29T17:00Z,2579,228,South Carolina Gamecocks,Clemson Tigers,14,28,False,True,0.7166487812471536,0,0.6066837406659016,0.6651327012858913,2025-11-25T21:30Z,25.699727938879285,18.420836708197548,7.278891230681737,-14
401756962,2025,14,2025-11-29T17:00Z,239,248,Baylor Bears,Houston Cougars,24,31,False,True,0.6341586406501067,0,0.5887225914385026,0.543177035156556,2025-11-25T21:30Z,34.551176173041675,32.38362378858807,2.1675523844536073,-7
401756965,2025,14,2025-11-29T17:00Z,2306,38,Kansas State Wildcats,Colorado Buffaloes,24,14,False,True,0.8206299961006827,1,0.8508249103207756,0.8360551172348591,2025-11-25T21:30Z,37.08787717913091,20.843420824254107,16.244456354876807,10
401756966,2025,14,2025-11-29T17:00Z,197,66,Oklahoma State Cowboys,Iowa State Cyclones,13,20,False,True,0.15683600915877138,0,0.14120602946778327,0.059508964903888184,2025-11-25T21:30Z,12.281263329751473,33.39824035230957,-21.116977022558096,-7
401762519,2025,14,2025-11-29T17:00Z,2226,151,Florida Atlantic Owls,East Carolina Pirates,3,42,False,True,0.28794162742392965,0,0.33227041583604866,0.18644066502580306,2025-11-25T21:30Z,28.602020307322018,38.73232503075896,-10.13030472343694,-39
401762872,2025,14,2025-11-29T17:00Z,2117,2649,Central Michigan Chippewas,Toledo Rockets,3,21,False,True,0.2036025373809606,0,0.236486081572779,0.15998478871792296,2025-11-25T21:30Z,16.254074524381608,28.381279713317753,-12.127205188936145,-18
401762875,2025,14,2025-11-29T17:00Z,193,2050,Miami (OH) RedHawks,Ball State Cardinals,45,24,False,True,0.8988270863837321,1,0.8973832777603102,0.8894225921174217,2025-11-25T21:30Z,29.801122014564925,11.583198559807213,18.21792345475771,21
401756963,2025,14,2025-11-29T18:00Z,252,2116,BYU Cougars,UCF Knights,41,21,False,True,0.8480666985058075,1,0.846403580475104,0.9203894373999224,2025-11-25T21:30Z,31.350507350742145,8.397477136567339,22.953030214174806,20
401757310,2025,14,2025-11-29T18:00Z,48,2638,Delaware Blue Hens,UTEP Miners,61,31,False,True,0.4815532802571476,1,0.6515656731271589,0.628051034783283,2025-11-25T21:30Z,31.069012430114253,27.110651058434584,3.9583613716796684,30
401757311,2025,14,2025-11-29T18:00Z,2534,2229,Sam Houston Bearkats,Florida International Panthers,16,56,False,True,0.28433131399995903,0,0.308593070439663,0.25789802881755175,2025-11-25T21:30Z,21.946680634728107,30.965731676054787,-9.01905104132668,-40
401761663,2025,14,2025-11-29T18:30Z,276,290,Marshall Thundering Herd,Georgia Southern Eagles,19,24,False,True,0.7460868374139793,0,0.7971771765549787,0.7789382163474091,2025-11-25T21:30Z,40.74217042268194,29.11757591142883,11.624594511253107,-5
401757312,2025,14,2025-11-29T19:00Z,55,98,Jacksonville State Gamecocks,Western Kentucky Hilltoppers,37,34,False,True,0.518836449665417,1,0.5836603392328199,0.46672548117934853,2025-11-25T21:30Z,26.75472952663788,27.50471523470097,-0.7499857080630896,3
401757314,2025,14,2025-11-29T19:00Z,2623,2348,Missouri State Bears,Louisiana Tech Bulldogs,30,42,False,True,0.5051169365248207,0,0.5850621543364252,0.43813086902074855,2025-11-25T21:30Z,24.528643126282002,24.766759324964745,-0.23811619868274292,-12
401761664,2025,14,2025-11-29T19:00Z,295,2247,Old Dominion Monarchs,Georgia State Panthers,27,10,False,True,0.9378583611709944,1,0.943936156808258,0.9644146239728041,2025-11-25T21:30Z,40.98519300834847,12.304648680498364,28.680544327850104,17
401761661,2025,14,2025-11-29T19:30Z,2026,2032,App State Mountaineers,Arkansas State Red Wolves,29,30,False,True,0.5664642231884468,0,0.5598544623243186,0.5246989833067799,2025-11-25T21:30Z,25.35937670029369,24.098903760638937,1.260472939654754,-1
401754608,2025,14,2025-11-29T20:00Z,183,103,Syracuse Orange,Boston College Eagles,12,34,False,True,0.5813662496384412,0,0.5752832410978137,0.5923566801843753,2025-11-25T21:30Z,28.63109264701488,25.327360267856676,3.3037323791582054,-22
401757315,2025,14,2025-11-29T20:00Z,166,2393,New Mexico State Aggies,Middle Tennessee Blue Raiders,24,31,False,True,0.5902900457152837,0,0.6142706466044054,0.634411393543587,2025-11-25T21:30Z,29.643215153001744,23.3753896114415,6.267825541560246,-7
401761665,2025,14,2025-11-29T20:00Z,309,2433,Louisiana Ragin' Cajuns,UL Monroe Warhawks,30,27,False,True,0.7483089350244736,1,0.8522600099456858,0.8623895580525743,2025-11-25T21:30Z,34.917634413023684,18.40950763037844,16.508126782645245,3
401761667,2025,14,2025-11-29T20:00Z,326,6,Texas State Bobcats,South Alabama Jaguars,49,26,False,True,0.708799674790462,1,0.7302403066794547,0.7362605235289826,2025-11-25T21:30Z,38.7506536443087,29.29809980344738,9.45255384086132,23
401762517,2025,14,2025-11-29T20:00Z,202,5,Tulsa Golden Hurricane,UAB Blazers,24,31,False,True,0.6045113914226583,0,0.5998530077756812,0.5908710675739416,2025-11-25T21:30Z,31.900288851438276,26.94744435260035,4.952844498837926,-7
401752917,2025,14,2025-11-29T20:30Z,264,2483,Washington Huskies,Oregon Ducks,14,26,False,True,0.272321872941602,0,0.3105493171642123,0.24743785011681324,2025-11-25T21:30Z,24.566206862158563,31.785788936885268,-7.219582074726706,-12
401752789,2025,14,2025-11-29T20:30Z,201,99,Oklahoma Sooners,LSU Tigers,17,13,False,True,0.7692230504850843,1,0.7590630860136993,0.7880716187216472,2025-11-25T21:30Z,20.30158266848941,7.294567036171051,13.007015632318359,4
401752791,2025,14,2025-11-29T20:30Z,2633,238,Tennessee Volunteers,Vanderbilt Commodores,24,45,False,True,0.5770130226424205,0,0.6388793081676155,0.471085828074766,2025-11-25T21:30Z,38.11231899752258,38.31580452880672,-0.20348553128414437,-21
401752783,2025,14,2025-11-29T20:30Z,8,142,Arkansas Razorbacks,Missouri Tigers,17,31,False,True,0.4387011094462672,0,0.4647145034239471,0.37357460285686306,2025-11-25T21:30Z,30.297322344755848,33.46896916561994,-3.1716468208640904,-14
401752918,2025,14,2025-11-29T20:30Z,135,275,Minnesota Golden Gophers,Wisconsin Badgers,17,7,False,True,0.40369055948346155,1,0.48305412417167715,0.4369001857168856,2025-11-25T21:30Z,16.50526603291096,18.3127934257988,-1.8075273928878417,10
401752920,2025,14,2025-11-29T20:30Z,164,213,Rutgers Scarlet Knights,Penn State Nittany Lions,36,40,False,True,0.14466955055439026,0,0.17043797743242872,0.16790413809647636,2025-11-25T21:30Z,23.258866550077972,35.88166795284192,-12.622801402763951,-4
401754610,2025,14,2025-11-29T20:30Z,150,154,Duke Blue Devils,Wake Forest Demon Deacons,49,32,False,True,0.48633287917297763,1,0.5579572651121452,0.5673730798901311,2025-11-25T21:30Z,28.06900762815023,25.745251170981916,2.323756457168315,17
401756967,2025,14,2025-11-29T20:30Z,2628,2132,TCU Horned Frogs,Cincinnati Bearcats,45,23,False,True,0.6108963143257334,1,0.6385100638840981,0.5901544126882158,2025-11-25T21:30Z,29.199764684353326,25.495841521972128,3.703923162381198,22
401757313,2025,14,2025-11-29T20:30Z,2335,338,Liberty Flames,Kennesaw State Owls,42,48,False,True,0.570969782266677,0,0.6299134422047145,0.4328084431365228,2025-11-25T21:30Z,25.298775841778458,27.171289859309958,-1.8725140175315005,-6
401761666,2025,14,2025-11-29T20:30Z,2572,2653,Southern Miss Golden Eagles,Troy Trojans,18,28,False,True,0.633321499515612,0,0.49370420660136843,0.5437107514695771,2025-11-25T21:30Z,27.039897320940266,23.908180005213865,3.1317173157264016,-10
401762441,2025,14,2025-11-29T20:30Z,2636,349,UTSA Roadrunners,Army Black Knights,24,27,False,True,0.7141560065299352,0,0.7074647853631044,0.6705226947472313,2025-11-25T21:30Z,28.31870487639607,19.439583385876027,8.879121490520042,-3
401761662,2025,14,2025-11-29T20:45Z,324,256,Coastal Carolina Chanticleers,James Madison Dukes,10,59,False,True,0.11880293828501623,0,0.08300435386100839,0.059716960846062914,2025-11-25T21:30Z,17.266370273903135,39.65393372982228,-22.387563455919143,-49
401752785,2025,14,2025-11-29T21:30Z,57,52,Florida Gators,Florida State Seminoles,40,21,False,True,0.49233725861108557,1,0.47585379630644675,0.4219917545173245,2025-11-25T21:30Z,18.810591481881872,20.676583071206597,-1.8659915893247252,19
401752946,2025,14,2025-11-29T23:30Z,265,204,Washington State Cougars,Oregon State Beavers,32,8,False,True,0.859596217931446,1,0.8808564795340836,0.9050123560084539,2025-11-25T21:30Z,30.541141716002308,9.406731037438432,21.134410678563874,24
401754613,2025,14,2025-11-30T00:00Z,258,259,Virginia Cavaliers,Virginia Tech Hokies,27,7,False,True,0.692938492931081,1,0.7541158432892268,0.833667079939695,2025-11-25T21:30Z,34.939016124381325,19.950508544747354,14.988507579633971,20
401752923,2025,14,2025-11-30T00:00Z,127,120,Michigan State Spartans,Maryland Terrapins,38,28,True,True,0.5063611483973043,1,0.5232139772214925,0.47982069591751647,2025-11-25T21:30Z,24.615389291009677,23.787180968388732,0.8282083226209451,10
401762520,2025,14,2025-11-30T00:00Z,58,242,South Florida Bulls,Rice Owls,52,3,False,True,0.9511036726673487,1,0.9434131767288682,0.9705743674139784,2025-11-25T21:30Z,44.353691686853445,13.044776246463002,31.308915440390443,49
401752784,2025,14,2025-11-30T00:30Z,2,333,Auburn Tigers,Alabama Crimson Tide,20,27,False,True,0.3438163595954642,0,0.32458335947483136,0.2343529000939846,2025-11-25T21:30Z,17.019452793837093,25.402190729018102,-8.382737935181009,-7
401752919,2025,14,2025-11-30T00:30Z,30,26,USC Trojans,UCLA Bruins,29,10,False,True,0.9077334806162932,1,0.92470242962533,0.951603475676468,2025-11-25T21:30Z,42.81479897218399,17.594759792378678,25.220039179805315,19
401762518,2025,14,2025-11-30T00:30Z,2655,2429,Tulane Green Wave,Charlotte 49ers,27,0,False,True,0.9461162490983381,1,0.9560111798855351,0.9681023605652722,2025-11-25T21:30Z,38.51909479241654,9.690356326725105,28.828738465691433,27
401752922,2025,14,2025-11-30T00:30Z,356,77,Illinois Fighting Illini,Northwestern Wildcats,20,13,False,True,0.7089000345534721,1,0.7140765977562054,0.7440193437958614,2025-11-25T21:30Z,28.475332461395595,19.276492474985904,9.198839986409691,7
401754612,2025,14,2025-11-30T00:30Z,152,153,NC State Wolfpack,North Carolina Tar Heels,42,19,False,True,0.7567670241847219,1,0.7092102870690027,0.814620240300338,2025-11-25T21:30Z,30.890979899724645,17.614426110601162,13.276553789123483,23
401754609,2025,14,2025-11-30T01:00Z,25,2567,California Golden Bears,SMU Mustangs,38,35,False,True,0.1827606752075039,1,0.14997390116675957,0.112918113465957,2025-11-25T21:30Z,17.104665782390054,34.44220577894315,-17.337539996553094,3
401760425,2025,14,2025-11-30T02:00Z,2440,2439,Nevada Wolf Pack,UNLV Rebels,17,42,False,True,0.31063676048735134,0,0.2822122275375698,0.19276837729126498,2025-11-25T21:30Z,24.62252905395714,34.815406541250425,-10.192877487293284,-25
401754614,2025,14,2025-11-30T03:30Z,24,87,Stanford Cardinal,Notre Dame Fighting Irish,20,49,False,True,0.039073689535750286,0,0.03770783916104678,0.023045018921568114,2025-11-25T21:30Z,9.535604855645714,39.1631805237028,-29.627575668057084,-29
401760423,2025,14,2025-11-30T03:30Z,23,278,San José State Spartans,Fresno State Bulldogs,14,41,False,True,0.46033178232168054,0,0.45292833053475573,0.34060909335341183,2025-11-25T21:30Z,22.31789963827986,27.25329384864807,-4.935394210368209,-27
401760424,2025,14,2025-11-30T04:00Z,62,2751,Hawai'i Rainbow Warriors,Wyoming Cowboys,27,7,False,True,0.6835391010698191,1,0.6836714125339738,0.7239830760053075,2025-11-25T21:30Z,25.29467496173412,15.499638007293008,9.795036954441112,20
401777352,2025,15,2025-12-06T00:00Z,256,2653,James Madison Dukes,Troy Trojans,31,14,False,True,0.9263272828840647,1,0.9373422875393078,0.938457737820424,2025-12-06T00:00Z,35.81046576812387,11.160222679748815,24.650243088375056,17
401777325,2025,15,2025-12-06T00:00Z,55,338,Jacksonville State Gamecocks,Kennesaw State Owls,15,19,False,True,0.5675656659297362,0,0.6061110319914423,0.43858513457398646,2025-12-06T00:00Z,28.76367251941956,30.646204010320552,-1.8825314909009911,-4
401777324,2025,15,2025-12-06T01:00Z,2655,249,Tulane Green Wave,North Texas Mean Green,34,21,False,True,0.4342876367462342,1,0.45126057638212513,0.31682196579216276,2025-12-06T00:00Z,31.525884525641395,37.94506349712662,-6.419178971485223,13
401777326,2025,15,2025-12-06T01:00Z,68,2439,Boise State Broncos,UNLV Rebels,38,21,False,True,0.6019982554973511,1,0.6079877050255057,0.6199153491301646,2025-12-06T00:00Z,34.054933452567916,29.640349081865402,4.414584370702514,17
401777327,2025,15,2025-12-06T17:00Z,2641,252,Texas Tech Red Raiders,BYU Cougars,34,7,True,True,0.7430778868648967,1,0.7460896294622401,0.7666974718272844,2025-12-06T00:00Z,31.160509254974784,20.8099664781288,10.350542776845984,27
401777329,2025,15,2025-12-06T17:00Z,2711,193,Western Michigan Broncos,Miami (OH) RedHawks,23,13,True,True,0.45231755395690576,1,0.43005447493206433,0.511651596658023,2025-12-06T00:00Z,21.32698593101875,20.619162042837818,0.7078238881809327,10
401777351,2025,15,2025-12-06T21:00Z,333,61,Alabama Crimson Tide,Georgia Bulldogs,7,28,True,True,0.4788373561889665,0,0.4494190837274368,0.5409724829177426,2025-12-06T00:00Z,25.67758496540084,24.01270643831522,1.6648785270856195,-21
401777353,2025,15,2025-12-07T01:00Z,194,84,Ohio State Buckeyes,Indiana Hoosiers,10,13,True,True,0.6183513153225157,0,0.5728095714462238,0.41541629804666225,2025-12-06T00:00Z,22.714146766467653,26.0313768259984,-3.317230059530747,-3
401777328,2025,15,2025-12-07T01:00Z,258,150,Virginia Cavaliers,Duke Blue Devils,20,27,True,True,0.6113700871608325,0,0.577996635997642,0.6279445615540707,2025-12-06T00:00Z,33.01750522204723,28.666414389676266,4.351090832370961,-7
401762521,2025,16,2025-12-13T20:00Z,2426,349,Navy Midshipmen,Army Black Knights,17,16,True,True,0.6586132285049989,1,0.5669644210926812,0.5532122933160255,2025-12-13T20:00Z,22.324395881570812,19.73835744197881,2.586038439592002,1
401778302,2025,31,2025-12-14T01:00Z,264,68,Washington Huskies,Boise State Broncos,38,10,True,True,0.7783065537094785,1,0.5898878852611427,0.7359530302672892,2025-12-14T01:00Z,30.281831096478726,21.3544052663122,8.927425830166527,28
401778303,2025,31,2025-12-17T02:00Z,55,2653,Jacksonville State Gamecocks,Troy Trojans,17,13,True,True,0.5236061778722103,1,0.5514522333189764,0.44500021295109604,2025-12-14T01:00Z,23.345872013167437,25.25951221664221,-1.913640203474774,4
401778304,2025,31,2025-12-17T22:00Z,58,295,South Florida Bulls,Old Dominion Monarchs,10,24,True,True,0.616066731199698,0,0.61032221099098,0.7390712274872249,2025-12-14T01:00Z,35.216105961009816,25.284166480459447,9.93193948055037,-14
401778305,2025,31,2025-12-18T01:40Z,48,309,Delaware Blue Hens,Louisiana Ragin' Cajuns,20,13,True,True,0.41312041094468943,1,0.45879438029207775,0.45992591050834464,2025-12-14T01:00Z,32.67015283795834,34.62666757240217,-1.9565147344438287,7
401838053,2025,31,2025-12-19T02:00Z,2032,2623,Arkansas State Red Wolves,Missouri State Bears,34,28,True,True,0.419895211171784,1,0.43094070372694737,0.4569224557577745,2025-12-14T01:00Z,23.481405064424774,24.950477913018034,-1.4690728485932603,6
401778306,2025,31,2025-12-19T16:00Z,2711,338,Western Michigan Broncos,Kennesaw State Owls,41,6,True,True,0.5787370013729399,1,0.5233012777944476,0.5065585397837575,2025-12-14T01:00Z,22.56101834897562,21.99768127617453,0.5633370728010902,35
401778307,2025,31,2025-12-19T19:30Z,152,235,NC State Wolfpack,Memphis Tigers,31,7,True,True,0.4404389953199355,1,0.38278401950042673,0.4709730660552571,2025-12-14T01:00Z,30.124374010150987,30.25963876701131,-0.13526475686032313,24
401779840,2025,31,2025-12-20T01:00Z,201,333,Oklahoma Sooners,Alabama Crimson Tide,24,34,False,True,0.559216731461292,0,0.5450092147492441,0.4857978929768242,2025-12-14T01:00Z,21.199018436444476,20.0004161222922,1.198602314152275,-10
401779841,2025,31,2025-12-20T17:00Z,245,2390,Texas A&M Aggies,Miami Hurricanes,3,10,False,True,0.5282840949995933,0,0.49402490020432754,0.44018497658934497,2025-12-14T01:00Z,26.93867897068723,28.05602937395946,-1.11735040327223,-7
401779842,2025,31,2025-12-20T20:30Z,145,2655,Ole Miss Rebels,Tulane Green Wave,41,10,False,True,0.8536170960036605,1,0.8167382211750402,0.8814121916559046,2025-12-14T01:00Z,36.60021663705257,19.988503411295014,16.611713225757555,31
401779843,2025,31,2025-12-21T00:30Z,2483,256,Oregon Ducks,James Madison Dukes,51,34,False,True,0.8753019741725959,1,0.7000891142506064,0.87236559824979,2025-12-14T01:00Z,34.538085141041606,17.877270480492133,16.660814660549473,17
401778308,2025,31,2025-12-22T19:00Z,328,265,Utah State Aggies,Washington State Cougars,21,34,True,True,0.40015237030558065,0,0.34766440547522937,0.3448092845074026,2025-12-14T01:00Z,22.627617492396066,27.6983379362016,-5.070720443805534,-13
401778309,2025,31,2025-12-23T19:00Z,97,2649,Louisville Cardinals,Toledo Rockets,27,22,True,True,0.6492371758116118,1,0.5145066934665403,0.6590422798598001,2025-12-14T01:00Z,24.186822299706115,20.060821260691547,4.126001039014568,5
401778310,2025,31,2025-12-23T22:30Z,2572,98,Southern Miss Golden Eagles,Western Kentucky Hilltoppers,16,27,True,True,0.4457698168408621,0,0.3061088488181557,0.3981690677117962,2025-12-14T01:00Z,25.678889805366925,29.724997153346795,-4.04610734797987,-11
401778311,2025,31,2025-12-24T02:00Z,195,2439,Ohio Bobcats,UNLV Rebels,17,10,True,True,0.37967824177448894,1,0.4529449585659507,0.35821263542449217,2025-12-14T01:00Z,28.3846031526652,34.147652573335534,-5.763049420670335,7
401778312,2025,31,2025-12-25T01:00Z,62,25,Hawai'i Rainbow Warriors,California Golden Bears,35,31,False,True,0.5936258282685564,1,0.6370344270740423,0.5777615874146811,2025-12-14T01:00Z,30.45675113045357,26.30161743656598,4.1551336938875885,4
401778313,2025,31,2025-12-26T18:00Z,77,2117,Northwestern Wildcats,Central Michigan Chippewas,34,7,True,True,0.7980034983552068,1,0.6712641897633971,0.8546589177512,2025-12-14T01:00Z,26.455965736269878,12.355541332133388,14.10042440413649,27
401778314,2025,31,2025-12-26T21:30Z,135,167,Minnesota Golden Gophers,New Mexico Lobos,20,17,True,True,0.4739680547085045,1,0.4300300943979918,0.5180608769553078,2025-12-14T01:00Z,23.407562785695706,23.103753187045143,0.3038095986505631,3
401778315,2025,31,2025-12-27T01:00Z,2636,2229,UTSA Roadrunners,Florida International Panthers,57,20,True,True,0.6779019311727335,1,0.6607268431118132,0.7523510886588997,2025-12-14T01:00Z,36.01228381401397,26.889919334652202,9.122364479361767,37
401778316,2025,31,2025-12-27T16:00Z,151,221,East Carolina Pirates,Pittsburgh Panthers,23,17,True,True,0.3556639148570082,1,0.5053168825143945,0.36661858415702103,2025-12-14T01:00Z,27.50894384746728,31.653342465834235,-4.1443986183669566,6
401778317,2025,31,2025-12-27T17:00Z,228,213,Clemson Tigers,Penn State Nittany Lions,10,22,True,True,0.301844164532864,0,0.34944884802760157,0.29525619318724916,2025-12-14T01:00Z,22.69796828764826,29.784547771128683,-7.086579483480424,-12
401778318,2025,31,2025-12-27T19:15Z,349,41,Army Black Knights,UConn Huskies,41,16,True,True,0.49059315065163017,1,0.5299679709331242,0.5205241046046278,2025-12-14T01:00Z,23.456637904002783,23.09531087523293,0.36132702876985334,25
401778319,2025,31,2025-12-27T20:40Z,252,59,BYU Cougars,Georgia Tech Yellow Jackets,25,21,True,True,0.6678855635556407,1,0.6659805906319091,0.7712317667816114,2025-12-14T01:00Z,31.78598907158341,20.888270215753003,10.897718855830405,4
401778320,2025,31,2025-12-27T21:30Z,278,193,Fresno State Bulldogs,Miami (OH) RedHawks,18,3,True,True,0.5409510947422931,1,0.4862799697738084,0.5638900735664777,2025-12-14T01:00Z,23.580601394688028,21.381439789754886,2.199161604933142,15
401778321,2025,31,2025-12-27T22:45Z,21,249,San Diego State Aztecs,North Texas Mean Green,47,49,True,True,0.29462499881552684,0,0.286614836411356,0.2608768826612914,2025-12-14T01:00Z,25.27356210678866,33.73778656323029,-8.464224456441627,-2
401778322,2025,31,2025-12-28T00:30Z,142,258,Missouri Tigers,Virginia Cavaliers,7,13,True,True,0.7390930354510379,0,0.6873277011116152,0.6496065915637033,2025-12-14T01:00Z,24.548909938138102,19.972799413165426,4.576110524972677,-6
401778323,2025,31,2025-12-28T02:20Z,248,99,Houston Cougars,LSU Tigers,38,35,True,True,0.24694451303147777,1,0.3692499535619399,0.33656294400443126,2025-12-14T01:00Z,17.057911355006567,21.426938615714338,-4.369027260707771,3
401778324,2025,31,2025-12-29T19:00Z,2026,290,App State Mountaineers,Georgia Southern Eagles,10,29,True,True,0.5100310169835696,0,0.49813794771703,0.4954619809576629,2025-12-14T01:00Z,31.551063312770623,31.928151555292352,-0.37708824252172946,-19
401778325,2025,31,2025-12-30T19:00Z,2348,324,Louisiana Tech Bulldogs,Coastal Carolina Chanticleers,23,14,True,True,0.7218659213070912,1,0.7613182986978232,0.805448165878042,2025-12-14T01:00Z,35.964096794672656,23.94365725336469,12.020439541307965,9
401778326,2025,31,2025-12-30T22:30Z,356,2633,Illinois Fighting Illini,Tennessee Volunteers,30,28,True,True,0.32551867346972313,1,0.3407912358387576,0.4189944138207901,2025-12-14T01:00Z,31.76958331477416,33.8076555635644,-2.038072248790243,2
401778327,2025,31,2025-12-31T02:00Z,2628,30,TCU Horned Frogs,USC Trojans,30,27,True,True,0.2660447130637223,1,0.29982207159220353,0.21236261771638998,2025-12-14T01:00Z,24.962389031675315,35.5652017374252,-10.602812705749884,3
401778328,2025,31,2025-12-31T17:00Z,238,2294,Vanderbilt Commodores,Iowa Hawkeyes,27,34,True,True,0.5684251442789422,0,0.507912562068805,0.5244644268204611,2025-12-14T01:00Z,28.12933286548286,27.805081003433454,0.3242518620494046,-7
401778329,2025,31,2025-12-31T19:00Z,150,9,Duke Blue Devils,Arizona State Sun Devils,42,39,True,True,0.36701203094470103,1,0.4146728448057912,0.444344433021749,2025-12-14T01:00Z,26.67640391818441,28.11824495619789,-1.4418410380134823,3
401778330,2025,31,2025-12-31T20:00Z,251,130,Texas Longhorns,Michigan Wolverines,41,27,True,True,0.5362226388869306,1,0.5274741274541788,0.5374007215907001,2025-12-14T01:00Z,23.506277951096433,23.124679484851043,0.3815984662453893,14
401778331,2025,31,2025-12-31T20:30Z,254,158,Utah Utes,Nebraska Cornhuskers,44,22,True,True,0.7543237122397568,1,0.8087328451473536,0.8612978327117761,2025-12-14T01:00Z,37.079739483351794,20.475367790231193,16.6043716931206,22
401769070,2025,31,2026-01-01T00:30Z,194,2390,Ohio State Buckeyes,Miami Hurricanes,14,24,True,True,0.7084314998501352,0,0.7383185453012701,0.7128455286478228,2025-12-14T01:00Z,23.439789308284507,15.475792026056766,7.963997282227741,-10
401769071,2025,31,2026-01-01T17:00Z,2641,2483,Texas Tech Red Raiders,Oregon Ducks,0,23,True,True,0.3955184082573622,0,0.47756704073755196,0.5285235083761026,2025-12-14T01:00Z,27.929057470894232,25.834178055328735,2.0948794155654973,-23
401769072,2025,31,2026-01-01T21:00Z,84,333,Indiana Hoosiers,Alabama Crimson Tide,38,3,True,True,0.7006708792418461,1,0.7777069597493176,0.8336219498412112,2025-12-14T01:00Z,33.9016091475483,18.844727030986732,15.056882116561567,35
401769073,2025,31,2026-01-02T01:00Z,61,145,Georgia Bulldogs,Ole Miss Rebels,34,39,True,True,0.6523950096189524,0,0.5746324078168852,0.5676899047313426,2025-12-14T01:00Z,29.152941152816318,26.82062758506737,2.3323135677489475,-5
401778332,2025,31,2026-01-02T18:00Z,326,242,Texas State Bobcats,Rice Owls,41,10,True,True,0.8283789960657235,1,0.8717360088479593,0.8654936345161904,2025-12-14T01:00Z,38.51131648997274,23.347636407246352,15.16368008272639,31
401778333,2025,31,2026-01-02T21:30Z,2132,2426,Cincinnati Bearcats,Navy Midshipmen,13,35,True,True,0.6310876745358617,0,0.4606112312137436,0.6487438019232787,2025-12-14T01:00Z,29.4754811888575,25.27663189956453,4.198849289292969,-22
401831583,2025,31,2026-01-03T01:00Z,2567,12,SMU Mustangs,Arizona Wildcats,24,19,True,True,0.5383009136401736,1,0.6711260972407576,0.5292085526327696,2025-12-14T01:00Z,26.523157908056323,25.884023224579913,0.63913468347641,5
401778334,2025,31,2026-01-03T01:00Z,344,154,Mississippi State Bulldogs,Wake Forest Demon Deacons,29,43,True,True,0.45719296356547046,0,0.4331275761421428,0.5397401601328997,2025-12-14T01:00Z,27.402172921955124,27.147785702281887,0.2543872196732373,-14
401769075,2025,31,2026-01-09T00:30Z,145,2390,Ole Miss Rebels,Miami Hurricanes,27,31,True,True,0.37280998180465896,0,0.45594284337231794,0.3949894472113428,2025-12-14T01:00Z,26.092886713593625,30.151966347276975,-4.05907963368335,-4
401769074,2025,31,2026-01-10T00:30Z,84,2483,Indiana Hoosiers,Oregon Ducks,56,22,True,True,0.49082133848889,1,0.5798766462632287,0.6760176226875749,2025-12-14T01:00Z,30.54746360282368,24.087392172829098,6.460071429994581,34
401769076,2025,31,2026-01-20T00:30Z,84,2390,Indiana Hoosiers,Miami Hurricanes,27,21,False,True,0.6997937199985939,1,0.763028245017856,0.8185542438733097,2025-12-14T01:00Z,31.858847986795215,17.678372659234228,14.180475327560988,6
401856766,2026,1,2026-08-29T16:00Z,2628,153,TCU Horned Frogs,North Carolina Tar Heels,10,15,True,True,0.7259121629103414,0,0.7157713878906949,0.7873882673074578,2026-08-29T16:00Z,31.17039782877612,22.962033822637434,8.208364006138687,-5
401864494,2026,1,2026-08-29T19:00Z,30,23,USC Trojans,San José State Spartans,42,26,False,True,0.9764254291264833,1,0.8716212578864106,0.9428645230889469,2026-08-29T16:00Z,39.95858225509801,20.9701847811647,18.988397473933308,16
401858202,2026,1,2026-08-29T19:30Z,258,152,Virginia Cavaliers,NC State Wolfpack,34,8,False,True,0.4820750108956469,1,0.6395608269639316,0.6275515434129992,2026-08-29T16:00Z,29.484790708433895,24.987256853147603,4.497533855286292,26
401864577,2026,1,2026-08-29T21:30Z,2449,55,North Dakota State Bison,Jacksonville State Gamecocks,33,7,False,True,0.6614712273448253,1,0.6318823882720964,0.7193875660244368,2026-08-29T16:00Z,31.05313409276798,25.429294220065177,5.623839872702803,26
401866408,2026,1,2026-08-29T22:30Z,2199,16,Eastern Michigan Eagles,Sacramento State Hornets,28,17,False,True,0.448099073862064,1,0.4479473430414862,0.3097598295163272,2026-08-29T16:00Z,27.269195540580398,30.226753987847967,-2.9575584472675693,11
401858201,2026,1,2026-08-29T23:00Z,24,62,Stanford Cardinal,Hawai'i Rainbow Warriors,37,27,False,True,0.5065537155963797,1,0.5272072346732826,0.5300513631091063,2026-08-29T16:00Z,28.282888734433527,27.194889347715485,1.0879993867180424,10
401864570,2026,1,2026-08-29T23:00Z,52,166,Florida State Seminoles,New Mexico State Aggies,34,17,False,True,0.9481547957643288,1,0.8208014104224259,0.9012525520562282,2026-08-29T16:00Z,34.16666459038224,20.390260602760613,13.776403987621627,17
401862693,2026,1,2026-08-30T02:00Z,2439,235,UNLV Rebels,Memphis Tigers,21,27,False,True,0.5462564523064609,0,0.6203763997091059,0.5365986960998405,2026-08-29T16:00Z,32.42415594639386,29.120523900667038,3.303632045726822,-6
401858423,2026,1,2026-09-03T22:00Z,164,113,Rutgers Scarlet Knights,Massachusetts Minutemen,21,37,False,True,0.9618703630582863,0,0.8973152270542428,0.9533141656662596,2026-08-29T16:00Z,40.81788263087841,20.640407242330383,20.177475388548025,-16
401858204,2026,1,2026-09-03T23:00Z,154,2006,Wake Forest Demon Deacons,Akron Zips,38,16,False,True,0.8870082171787842,1,0.8085341129207189,0.8907846399596265,2026-08-29T16:00Z,33.86150699383515,20.406942038470262,13.454564955364887,22
401856776,2026,1,2026-09-04T00:00Z,59,38,Georgia Tech Yellow Jackets,Colorado Buffaloes,13,14,False,True,0.7613928574167906,0,0.7450170941192686,0.7313733903755252,2026-08-29T16:00Z,32.634903757133834,24.582003616777865,8.05290014035597,-1
401858424,2026,1,2026-09-04T01:00Z,356,5,Illinois Fighting Illini,UAB Blazers,42,23,False,True,0.9110811023057316,1,0.8351674342460556,0.9157287860775531,2026-08-29T16:00Z,37.554432819734366,21.70812513018345,15.846307689550915,19
401864495,2026,1,2026-09-04T22:30Z,2199,23,Eastern Michigan Eagles,San José State Spartans,21,27,False,True,0.6473074352285303,0,0.6091410563297621,0.5790624440029669,2026-08-29T16:00Z,31.868020939846005,27.426172881876983,4.441848057969022,-6
401856664,2026,1,2026-09-05T00:00Z,201,2638,Oklahoma Sooners,UTEP Miners,51,0,False,True,0.9714754194171167,1,0.8909159823588828,0.9503452375950928,2026-08-29T16:00Z,35.512868822643206,16.160564873212834,19.35230394943037,51
401858429,2026,1,2026-09-05T00:00Z,127,2649,Michigan State Spartans,Toledo Rockets,30,20,False,True,0.567127686833425,1,0.40031404709271257,0.4695435245246955,2026-08-29T16:00Z,25.343252620940238,27.41266136070702,-2.069408739766782,10
401858206,2026,1,2026-09-05T01:00Z,24,2390,Stanford Cardinal,Miami Hurricanes,6,45,False,True,0.0671704779563928,0,0.17994266066046521,0.11153539041549146,2026-08-29T16:00Z,19.00031540364021,32.420202111665496,-13.419886708025285,-39
401858436,2026,1,2026-09-05T01:00Z,30,278,USC Trojans,Fresno State Bulldogs,39,0,False,True,0.9437861438515543,1,0.7918448010013068,0.8691505305666121,2026-08-29T16:00Z,33.30261087404932,21.237954829034035,12.064656045015287,39
401858425,2026,1,2026-09-05T16:00Z,84,249,Indiana Hoosiers,North Texas Mean Green,52,16,False,True,0.9130637729131751,1,0.8635459042456095,0.9061917694280396,2026-08-29T16:00Z,42.44830664342374,26.09130784468719,16.35699879873655,36
401856634,2026,1,2026-09-05T16:00Z,333,151,Alabama Crimson Tide,East Carolina Pirates,48,10,False,True,0.946891266579269,1,0.727232202885256,0.7900829007769707,2026-08-29T16:00Z,31.877698592071706,22.561230364906763,9.316468227164943,38
401856778,2026,1,2026-09-05T16:00Z,248,204,Houston Cougars,Oregon State Beavers,33,20,False,True,0.8246328675225312,1,0.7747535535406578,0.8383368763549981,2026-08-29T16:00Z,32.488555225095055,20.947225006236224,11.541330218858832,13
401856780,2026,1,2026-09-05T16:00Z,277,324,West Virginia Mountaineers,Coastal Carolina Chanticleers,31,24,False,True,0.779113882555111,1,0.6812471897973837,0.7420471567678025,2026-08-29T16:00Z,33.53515533717573,26.770420487118294,6.764734850057437,7
401858430,2026,1,2026-09-05T16:00Z,158,195,Nebraska Cornhuskers,Ohio Bobcats,49,21,False,True,0.771403052927244,1,0.5198512134366887,0.6940162477251858,2026-08-29T16:00Z,27.957308385278957,24.390731492596665,3.566576892682292,28
401869960,2026,1,2026-09-05T16:00Z,256,2335,James Madison Dukes,Liberty Flames,20,13,False,True,0.86268500443481,1,0.8438240710082973,0.8830756956923945,2026-08-29T16:00Z,36.5157033119078,21.605367821644784,14.910335490263016,7
401858432,2026,1,2026-09-05T16:30Z,194,2050,Ohio State Buckeyes,Ball State Cardinals,56,3,False,True,0.995689075023643,1,0.9682272707447468,0.9853433452763173,2026-08-29T16:00Z,39.08955714613006,9.838479401722864,29.251077744407198,53
401858207,2026,1,2026-09-05T16:30Z,221,193,Pittsburgh Panthers,Miami (OH) RedHawks,59,14,False,True,0.8221729110505057,1,0.6778061308706729,0.7970133684240003,2026-08-29T16:00Z,31.674150987602417,23.663165964759724,8.010985022842693,45
401856665,2026,1,2026-09-05T16:45Z,2579,2309,South Carolina Gamecocks,Kent State Golden Flashes,57,0,False,True,0.9640813142797564,1,0.878182454748172,0.9216719095014974,2026-08-29T16:00Z,36.73564358926399,19.013864504755336,17.72177908450865,57
401858433,2026,1,2026-09-05T19:30Z,2483,68,Oregon Ducks,Boise State Broncos,34,27,False,True,0.9599865196337238,1,0.8348060887175155,0.8847538808048658,2026-08-29T16:00Z,35.75564577450294,21.64819650946862,14.107449265034319,7
401856667,2026,1,2026-09-05T19:30Z,251,326,Texas Longhorns,Texas State Bobcats,59,7,False,True,0.9620346838464078,1,0.7570149139212387,0.8301039045213222,2026-08-29T16:00Z,36.58046060330963,25.952882690990993,10.627577912318639,52
401858434,2026,1,2026-09-05T19:30Z,213,276,Penn State Nittany Lions,Marshall Thundering Herd,45,0,False,True,0.9478274250623004,1,0.8165874284613406,0.8802321217489952,2026-08-29T16:00Z,35.80641783628525,22.365496051085454,13.440921785199794,45
401856636,2026,1,2026-09-05T19:30Z,2,239,Auburn Tigers,Baylor Bears,17,16,True,True,0.7409453732105054,1,0.58794278443631,0.640201842512457,2026-08-29T16:00Z,30.806973197876466,27.133193159307524,3.6737800385689425,1
401856777,2026,1,2026-09-05T19:30Z,2132,103,Cincinnati Bearcats,Boston College Eagles,34,15,False,True,0.6990506077785182,1,0.6959100506914414,0.7390591435643526,2026-08-29T16:00Z,32.268871627493866,25.134667423575788,7.1342042039180775,19
401858209,2026,1,2026-09-05T19:30Z,150,2655,Duke Blue Devils,Tulane Green Wave,17,3,False,True,0.6079763125233144,1,0.5488318040373502,0.5987786934905182,2026-08-29T16:00Z,31.46415683494414,28.320404427472464,3.143752407471677,14
401856772,2026,1,2026-09-05T19:45Z,202,197,Tulsa Golden Hurricane,Oklahoma State Cowboys,24,10,False,True,0.5430838062012701,1,0.6045906552663516,0.5402224089818858,2026-08-29T16:00Z,29.15134688454223,26.49219713241231,2.6591497521299203,14
401858426,2026,1,2026-09-05T20:15Z,2294,2459,Iowa Hawkeyes,Northern Illinois Huskies,40,0,False,True,0.9438244347080248,1,0.8783733550039158,0.9448695663194591,2026-08-29T16:00Z,32.80173069300622,14.30494538847367,18.49678530453255,40
401860878,2026,1,2026-09-05T22:00Z,36,2751,Colorado State Rams,Wyoming Cowboys,35,13,False,True,0.5494016182082836,1,0.544550964556138,0.5325141888930113,2026-08-29T16:00Z,24.427659112386877,22.742850969377287,1.6848081430095903,22
401856668,2026,1,2026-09-05T23:00Z,245,2623,Texas A&M Aggies,Missouri State Bears,50,0,False,True,0.9827488131644603,1,0.8471025587501402,0.9249034635401004,2026-08-29T16:00Z,36.61313415893778,20.777506623431936,15.835627535505846,50
401862695,2026,1,2026-09-05T23:00Z,235,2032,Memphis Tigers,Arkansas State Red Wolves,42,24,False,True,0.7659830515266433,1,0.7208113053240485,0.7854729272812725,2026-08-29T16:00Z,32.81221335058672,23.60534457489885,9.206868775687866,18
401862699,2026,1,2026-09-05T23:00Z,58,2229,South Florida Bulls,Florida International Panthers,19,9,False,True,0.8365740340177,1,0.8130438532569642,0.8848197971469408,2026-08-29T16:00Z,38.17345064633129,24.599056317429124,13.574394328902166,10
401870763,2026,1,2026-09-05T23:00Z,2653,2534,Troy Trojans,Sam Houston Bearkats,24,21,False,True,0.8379929101740978,1,0.7944220614771489,0.8358447567031427,2026-08-29T16:00Z,32.129324151934654,20.08165719004794,12.047666961886712,3
401858428,2026,1,2026-09-05T23:30Z,130,2711,Michigan Wolverines,Western Michigan Broncos,13,12,False,True,0.9294231594485935,1,0.7482179230779282,0.8096076920790762,2026-08-29T16:00Z,29.587628804818745,20.307441434784277,9.280187370034469,1
401856662,2026,1,2026-09-05T23:30Z,344,2433,Mississippi State Bulldogs,UL Monroe Warhawks,62,13,False,True,0.8930081627946966,1,0.7722073716678203,0.8930356773715696,2026-08-29T16:00Z,35.77887399028148,22.641495990234134,13.137378000047349,49
401856637,2026,1,2026-09-05T23:45Z,57,2226,Florida Gators,Florida Atlantic Owls,66,21,False,True,0.9484771891726937,1,0.7917719974229842,0.8636976507814794,2026-08-29T16:00Z,34.995883318132684,22.346965365912762,12.648917952219922,45
401856660,2026,1,2026-09-06T01:40Z,99,228,LSU Tigers,Clemson Tigers,51,10,False,True,0.6537913315015316,1,0.5632441235062073,0.5741855315868523,2026-08-29T16:00Z,25.95104294662145,23.659625767887068,2.291417178734381,41
401864497,2026,1,2026-09-06T02:00Z,62,2439,Hawai'i Rainbow Warriors,UNLV Rebels,6,21,False,True,0.6115100918665936,0,0.45317566655035335,0.4757471219664996,2026-08-29T16:00Z,30.44446170051304,31.116409286317875,-0.6719475858048369,-15
401864498,2026,1,2026-09-06T02:00Z,167,2117,New Mexico Lobos,Central Michigan Chippewas,38,7,False,True,0.6864505520778248,1,0.7403360605199638,0.7622200235728445,2026-08-29T16:00Z,30.40413286639904,21.98429898586904,8.41983388053,31
401858210,2026,1,2026-09-06T02:30Z,25,26,California Golden Bears,UCLA Bruins,24,45,False,True,0.5874100635718618,0,0.6127716242320397,0.546305382130025,2026-08-29T16:00Z,29.571551812221923,25.96303326869659,3.6085185435253315,-21
401864432,2026,1,2026-09-06T02:30Z,2440,98,Nevada Wolf Pack,Western Kentucky Hilltoppers,49,14,False,True,0.4774187800486632,1,0.44248103120463156,0.4245663409363409,2026-08-29T16:00Z,25.359204936172812,27.256556609518025,-1.897351673345213,35
401858437,2026,1,2026-09-06T20:00Z,264,265,Washington Huskies,Washington State Cougars,24,10,False,True,0.8530357710889783,1,0.7114058722799095,0.7643239148345671,2026-08-29T16:00Z,30.13523391232801,21.83521951403483,8.300014398293182,14
401858438,2026,1,2026-09-06T23:30Z,87,275,Notre Dame Fighting Irish,Wisconsin Badgers,41,13,True,True,0.9493524087394345,1,0.8410805381438973,0.8769586779356586,2026-08-29T16:00Z,32.47737372333403,17.835303540281846,14.642070183052187,28
401856661,2026,1,2026-09-06T23:30Z,145,97,Ole Miss Rebels,Louisville Cardinals,41,38,True,True,0.7916978723371307,1,0.6541854585656613,0.6757041994618918,2026-08-29T16:00Z,32.27423897452161,27.1478884652323,5.12635050928931,3
401858212,2026,1,2026-09-07T23:30Z,52,2567,Florida State Seminoles,SMU Mustangs,24,27,False,True,0.6382540006050395,0,0.4472843758818763,0.4701887600690004,2026-08-29T16:00Z,26.730011406718106,28.50193136637502,-1.7719199596569126,-3
401858214,2026,2,2026-09-11T23:30Z,103,164,Boston College Eagles,Rutgers Scarlet Knights,28,21,False,True,0.5273646202212672,1,0.6321984983924809,0.6166726412237205,2026-09-11T00:00Z,30.107660363091455,26.84026752925942,3.2673928338320337,7
401856678,2026,2,2026-09-12T00:00Z,2305,142,Kansas Jayhawks,Missouri Tigers,21,38,False,True,0.292503208494441,0,0.43462906970844717,0.40477716203051933,2026-09-11T00:00Z,24.7418895092834,26.169335995937196,-1.4274464866537961,-17
401856683,2026,2,2026-09-12T16:00Z,245,9,Texas A&M Aggies,Arizona State Sun Devils,48,20,False,True,0.9569166638515929,1,0.8552651940622766,0.8899563715439545,2026-09-11T00:00Z,32.208942809985224,17.754392611350212,14.454550198635012,28
401856679,2026,2,2026-09-12T16:00Z,130,201,Michigan Wolverines,Oklahoma Sooners,17,10,False,True,0.3886523430154746,1,0.42097138695215375,0.24401061206426283,2026-09-11T00:00Z,19.1050141030003,23.597645770089002,-4.492631667088702,7
401858442,2026,2,2026-09-12T16:00Z,218,213,Temple Owls,Penn State Nittany Lions,9,27,False,True,0.04556039460634555,0,0.11094422336603582,0.0651447674804191,2026-09-11T00:00Z,17.38078409226336,34.21291875563036,-16.832134663367,-18
401856781,2026,2,2026-09-12T16:00Z,2306,265,Kansas State Wildcats,Washington State Cougars,34,7,False,True,0.7446973214705255,1,0.6040497177602284,0.667680668951511,2026-09-11T00:00Z,26.591701845454025,21.262602867608905,5.3290989778451205,27
401858221,2026,2,2026-09-12T16:00Z,259,295,Virginia Tech Hokies,Old Dominion Monarchs,44,21,False,True,0.5029330673662656,1,0.3832994511568639,0.3890102658664879,2026-09-11T00:00Z,23.163819177225726,26.418403103890945,-3.2545839266652195,23
401858224,2026,2,2026-09-12T16:00Z,2509,154,Purdue Boilermakers,Wake Forest Demon Deacons,36,38,False,True,0.36174514184063505,0,0.31235555256944414,0.36187396093200647,2026-09-11T00:00Z,23.524478131181617,28.39987643148,-4.875398300298382,-2
401862702,2026,2,2026-09-12T16:00Z,349,58,Army Black Knights,South Florida Bulls,24,28,False,True,0.36492760902241717,0,0.5014752352184345,0.39019640358699176,2026-09-11T00:00Z,22.27820988908436,23.55869835728945,-1.2804884682050925,-4
401864571,2026,2,2026-09-12T16:00Z,151,2026,East Carolina Pirates,App State Mountaineers,24,27,False,True,0.7120012702238266,0,0.6643543101378107,0.7004370974833892,2026-09-11T00:00Z,30.84091214118727,23.67199045336193,7.168921687825343,-3
401856673,2026,2,2026-09-12T16:45Z,61,98,Georgia Bulldogs,Western Kentucky Hilltoppers,70,20,False,True,0.9914980466072689,1,0.9239041083288937,0.9710281309013071,2026-09-11T00:00Z,37.19001660072134,15.48544595153161,21.704570649189733,50
401856782,2026,2,2026-09-12T17:30Z,197,2483,Oklahoma State Cowboys,Oregon Ducks,39,31,False,True,0.021043201276051835,1,0.08828984002003334,0.04073978974122605,2026-09-11T00:00Z,15.039783959882238,35.366105865572735,-20.3263219056905,8
401859184,2026,2,2026-09-12T19:30Z,87,242,Notre Dame Fighting Irish,Rice Owls,52,0,False,True,0.9946091658445806,1,0.9726377707731111,0.9866364215342915,2026-09-11T00:00Z,41.68193291297164,11.192345709235921,30.489587203735717,52
401856674,2026,2,2026-09-12T19:30Z,96,333,Kentucky Wildcats,Alabama Crimson Tide,17,45,False,True,0.07468089099625656,0,0.23022811142607125,0.1397874355294858,2026-09-11T00:00Z,19.82641989227112,30.110472853276242,-10.284052961005123,-28
401856810,2026,2,2026-09-12T19:30Z,252,12,BYU Cougars,Arizona Wildcats,28,17,False,True,0.662155304387751,1,0.6643259323606698,0.6410324895924928,2026-09-11T00:00Z,27.490017230227846,22.06231692280646,5.427700307421386,11
401858446,2026,2,2026-09-12T19:30Z,264,328,Washington Huskies,Utah State Aggies,16,14,False,True,0.9334361360616219,1,0.832900262339468,0.866334682939798,2026-09-11T00:00Z,33.71903052311683,20.3617498304783,13.357280692638529,2
401856677,2026,2,2026-09-12T19:30Z,135,344,Minnesota Golden Gophers,Mississippi State Bulldogs,13,38,False,True,0.4102821365312723,0,0.43226236823517317,0.30312030666131534,2026-09-11T00:00Z,27.05736116163562,29.314943026088958,-2.257581864453339,-25
401856790,2026,2,2026-09-12T19:30Z,221,2116,Pittsburgh Panthers,UCF Knights,12,7,False,True,0.8747386892602467,1,0.8378508396560811,0.8912608173265235,2026-09-11T00:00Z,34.74526541517967,20.683383891026814,14.061881524152852,5
401858216,2026,2,2026-09-12T19:30Z,183,25,Syracuse Orange,California Golden Bears,18,21,False,True,0.6342048449419335,0,0.6062437128247729,0.6025403095734785,2026-09-11T00:00Z,29.315598885180506,26.47353810232805,2.8420607828524567,-3
401858217,2026,2,2026-09-12T19:30Z,356,150,Illinois Fighting Illini,Duke Blue Devils,27,31,False,True,0.6014975848062898,0,0.586907936121775,0.5752942826093641,2026-09-11T00:00Z,28.52103510106079,25.25407498301647,3.26696011804432,-4
401858440,2026,2,2026-09-12T19:30Z,127,2199,Michigan State Spartans,Eastern Michigan Eagles,35,7,False,True,0.8216996788875285,1,0.7320599265942775,0.8019380672563204,2026-09-11T00:00Z,30.25530805979758,21.172393814304087,9.082914245493495,28
401858444,2026,2,2026-09-12T19:30Z,41,120,UConn Huskies,Maryland Terrapins,14,38,False,True,0.3933112191269344,0,0.6301237392935246,0.4923465988763764,2026-09-11T00:00Z,29.241627873148484,25.65668356895407,3.5849443041944156,-24
401860884,2026,2,2026-09-12T19:30Z,326,2636,Texas State Bobcats,UTSA Roadrunners,26,31,False,True,0.3451664537061021,0,0.3870529272831901,0.2289109913542149,2026-09-11T00:00Z,30.751328980058204,35.63808565989616,-4.8867566798379585,-5
401862708,2026,2,2026-09-12T19:30Z,5,2433,UAB Blazers,UL Monroe Warhawks,26,20,False,True,0.7378844955086225,1,0.7964163200837784,0.8450400800944327,2026-09-11T00:00Z,34.80446757108737,24.11707435386998,10.68739321721739,6
401862705,2026,2,2026-09-12T19:45Z,249,2439,North Texas Mean Green,UNLV Rebels,44,6,False,True,0.5599526454816621,1,0.5924474956311502,0.5667705720157545,2026-09-11T00:00Z,32.44095688978681,29.74970566505509,2.6912512247317224,38
401856684,2026,2,2026-09-12T20:15Z,238,48,Vanderbilt Commodores,Delaware Blue Hens,35,26,False,True,0.9413252152533665,1,0.8356181991185172,0.9285515752713703,2026-09-11T00:00Z,38.279564283858306,22.51749010854373,15.762074175314577,9
401860881,2026,2,2026-09-12T22:00Z,68,235,Boise State Broncos,Memphis Tigers,38,20,False,True,0.5455063885937935,1,0.5761860998961408,0.5595334103145029,2026-09-11T00:00Z,29.258920288043257,26.531847913616474,2.7270723744267826,18
401866414,2026,2,2026-09-12T22:00Z,2229,2084,Florida International Panthers,Buffalo Bulls,33,20,False,True,0.6537349526060857,1,0.6409441393653066,0.6519410140004215,2026-09-11T00:00Z,26.305592961867976,21.542725692378237,4.762867269489739,13
401866418,2026,2,2026-09-12T22:00Z,195,55,Ohio Bobcats,Jacksonville State Gamecocks,29,27,False,True,0.7281243157514423,1,0.6651117271453675,0.6715886812877923,2026-09-11T00:00Z,28.53828383815261,22.780410919905687,5.757872918246921,2
401856681,2026,2,2026-09-12T23:00Z,59,2633,Georgia Tech Yellow Jackets,Tennessee Volunteers,24,45,False,True,0.27243830100491156,0,0.43438437839514776,0.38242878425014215,2026-09-11T00:00Z,26.3164715106288,28.311716408972586,-1.9952448983437847,-21
401858441,2026,2,2026-09-12T23:00Z,158,189,Nebraska Cornhuskers,Bowling Green Falcons,56,7,False,True,0.9283869128318554,1,0.8237188722620679,0.9173971429035658,2026-09-11T00:00Z,32.99415032728372,18.845402982153075,14.148747345130644,49
401862707,2026,2,2026-09-12T23:00Z,2534,202,Sam Houston Bearkats,Tulsa Golden Hurricane,17,23,False,True,0.4189557150967662,0,0.5233783607454181,0.37251443855797384,2026-09-11T00:00Z,24.976561473987683,25.120876258410284,-0.14431478442260115,-6
401864575,2026,2,2026-09-12T23:00Z,2655,6,Tulane Green Wave,South Alabama Jaguars,28,24,False,True,0.7395301344438944,1,0.7068479143315527,0.743492737131504,2026-09-11T00:00Z,26.648300962931224,18.618529093688306,8.029771869242918,4
401869955,2026,2,2026-09-12T23:00Z,338,2247,Kennesaw State Owls,Georgia State Panthers,17,31,False,True,0.6313803530223826,0,0.7333813639827107,0.7843785505690224,2026-09-11T00:00Z,31.80481317986603,22.24475668008636,9.56005649977967,-14
401871045,2026,2,2026-09-12T23:00Z,276,2393,Marshall Thundering Herd,Middle Tennessee Blue Raiders,28,26,False,True,0.5450386386037837,1,0.6182327227986577,0.5515760921420858,2026-09-11T00:00Z,29.23325717163364,25.11617200567549,4.117085165958148,2
401858443,2026,2,2026-09-12T23:15Z,26,21,UCLA Bruins,San Diego State Aztecs,28,10,False,True,0.7048944841256208,1,0.6106152891795742,0.6392700231792661,2026-09-11T00:00Z,26.329252335538072,22.71239633732799,3.616855998210081,18
401856682,2026,2,2026-09-12T23:30Z,251,194,Texas Longhorns,Ohio State Buckeyes,24,23,False,True,0.4808308234249637,1,0.4554978291656419,0.45459269690574017,2026-09-11T00:00Z,24.498182829077376,25.536785128020703,-1.038602298943328,1
401867796,2026,2,2026-09-12T23:30Z,99,2348,LSU Tigers,Louisiana Tech Bulldogs,45,14,False,True,0.9672431356764452,1,0.85870964257808,0.9245995262491353,2026-09-11T00:00Z,31.61364376926819,16.637361835122817,14.976281934145373,31
401856783,2026,2,2026-09-12T23:30Z,204,2641,Oregon State Beavers,Texas Tech Red Raiders,24,35,False,True,0.06083402782755702,0,0.1303274078877764,0.054587027708041275,2026-09-11T00:00Z,16.060549151524782,33.46806646312436,-17.407517311599577,-11
401856788,2026,2,2026-09-12T23:30Z,2294,66,Iowa Hawkeyes,Iowa State Cyclones,16,13,False,True,0.8487772052235886,1,0.8143682691564882,0.8400090543052703,2026-09-11T00:00Z,28.804470747061547,16.692598727840615,12.111872019220932,3
401862703,2026,2,2026-09-12T23:30Z,2226,2426,Florida Atlantic Owls,Navy Midshipmen,38,30,False,True,0.2961158692612104,1,0.21131084471003236,0.12575035954137484,2026-09-11T00:00Z,25.635747051107884,36.94080374402364,-11.305056692915755,8
401856676,2026,2,2026-09-12T23:45Z,145,2429,Ole Miss Rebels,Charlotte 49ers,41,9,False,True,0.9820532508560176,1,0.9554441681193158,0.9714250634987784,2026-09-11T00:00Z,41.591342859329565,16.21240502394775,25.378937835381816,32
401856671,2026,2,2026-09-13T00:50Z,2,2572,Auburn Tigers,Southern Miss Golden Eagles,43,8,False,True,0.9249551626049493,1,0.794981164439474,0.8366694304756003,2026-09-11T00:00Z,28.42846220553288,16.82085684088988,11.607605364643,35
401858219,2026,2,2026-09-13T01:30Z,228,290,Clemson Tigers,Georgia Southern Eagles,22,7,False,True,0.8376848988541575,1,0.6106516883262706,0.6319159953612181,2026-09-11T00:00Z,30.58705636538237,25.018162541926543,5.568893823455827,15
401864502,2026,2,2026-09-13T02:00Z,2005,2449,Air Force Falcons,North Dakota State Bison,32,38,False,True,0.35449934168820085,0,0.4316474819381958,0.28748928083198244,2026-09-11T00:00Z,24.09257912980866,27.679414162999752,-3.586835033191093,-6
401856670,2026,2,2026-09-13T02:30Z,254,8,Utah Utes,Arkansas Razorbacks,43,10,False,True,0.801920598100624,1,0.7670964238799708,0.8219527064866725,2026-09-11T00:00Z,36.390114724551594,24.662964739431743,11.727149985119851,33
401860883,2026,2,2026-09-13T02:30Z,278,16,Fresno State Bulldogs,Sacramento State Hornets,49,3,False,True,0.5453359376109983,1,0.5172686038941539,0.46116986004980004,2026-09-11T00:00Z,22.3669463276516,21.823145092058105,0.5438012355934951,46
401858445,2026,2,2026-09-13T03:00Z,30,309,USC Trojans,Louisiana Ragin' Cajuns,49,30,False,True,0.9799148417255739,1,0.9035675274053543,0.9549149937877155,2026-09-11T00:00Z,38.11218203241378,18.568557793786496,19.54362423862728,19
401864578,2026,2,2026-09-13T03:59Z,62,166,Hawai'i Rainbow Warriors,New Mexico State Aggies,29,19,False,True,0.775314208793321,1,0.6448646092397898,0.6254984955899351,2026-09-11T00:00Z,28.2334990981124,22.423840279292403,5.809658818819997,10
401858225,2026,3,2026-09-17T23:30Z,221,183,Pittsburgh Panthers,Syracuse Orange,27,13,False,True,0.8968188408493348,1,0.8882242240238738,0.9341954733235343,2026-09-17T23:30Z,33.89384099722331,15.78617762875632,18.107663368466987,14
401858226,2026,3,2026-09-18T23:30Z,154,2390,Wake Forest Demon Deacons,Miami Hurricanes,20,33,False,True,0.07718293908409407,0,0.2166801405077038,0.1065415802245216,2026-09-17T23:30Z,20.113549706496503,32.17588186020003,-12.062332153703526,-13
401856811,2026,3,2026-09-19T00:00Z,2641,248,Texas Tech Red Raiders,Houston Cougars,28,26,False,True,0.8695002631715755,1,0.8117688818238338,0.8136794196157496,2026-09-17T23:30Z,33.24050918291738,20.131723054616238,13.10878612830114,2
401869940,2026,3,2026-09-19T15:30Z,48,324,Delaware Blue Hens,Coastal Carolina Chanticleers,22,14,False,True,0.6161718889871536,1,0.7090748429797272,0.7070333611848719,2026-09-17T23:30Z,33.018334472218115,25.85295281112274,7.165381661095374,8
401856686,2026,3,2026-09-19T16:00Z,8,61,Arkansas Razorbacks,Georgia Bulldogs,17,45,False,True,0.05000510695203753,0,0.1522209235131865,0.08623769770595034,2026-09-17T23:30Z,23.69650582419828,38.51644398785436,-14.81993816365608,-28
401858454,2026,3,2026-09-19T16:00Z,194,2309,Ohio State Buckeyes,Kent State Golden Flashes,59,3,False,True,0.9979140830416107,1,0.9918345805213642,0.9972458318240374,2026-09-17T23:30Z,46.54824723730225,6.707685965227721,39.840561272074524,56
401858456,2026,3,2026-09-19T16:00Z,213,2084,Penn State Nittany Lions,Buffalo Bulls,55,13,False,True,0.9767647366708696,1,0.9374315027223704,0.9754797935524278,2026-09-17T23:30Z,35.845213132974905,11.610172915544835,24.23504021743007,42
401856792,2026,3,2026-09-19T16:00Z,2306,2655,Kansas State Wildcats,Tulane Green Wave,31,20,False,True,0.8049061842477535,1,0.7600357898365335,0.8413439726540752,2026-09-17T23:30Z,27.628712004334194,17.46111630017879,10.167595704155403,11
401856798,2026,3,2026-09-19T16:00Z,66,189,Iowa State Cyclones,Bowling Green Falcons,55,7,False,True,0.943736428113524,1,0.9074152752729718,0.9630180453543632,2026-09-17T23:30Z,32.81170983845553,12.946169840166828,19.8655399982887,48
401856812,2026,3,2026-09-19T16:00Z,2305,9,Kansas Jayhawks,Arizona State Sun Devils,17,24,True,True,0.33285602626344896,0,0.39912236772297793,0.42982577393180355,2026-09-17T23:30Z,27.113419604036,29.215172417908875,-2.1017528138728743,-7
401858229,2026,3,2026-09-19T16:00Z,228,153,Clemson Tigers,North Carolina Tar Heels,28,20,False,True,0.7228578380089804,1,0.6224926518772433,0.5360867856013116,2026-09-17T23:30Z,23.320189395179753,18.325735591105595,4.994453804074158,8
401858451,2026,3,2026-09-19T16:00Z,135,2006,Minnesota Golden Gophers,Akron Zips,41,7,False,True,0.8732256209236477,1,0.7266536774200381,0.8176761907718192,2026-09-17T23:30Z,28.501995285229757,18.458044556509222,10.043950728720535,34
401860889,2026,3,2026-09-19T16:00Z,326,249,Texas State Bobcats,North Texas Mean Green,49,35,False,True,0.24331758400484196,1,0.2943644758152342,0.10358407493764199,2026-09-17T23:30Z,29.797717815731282,39.850919828987095,-10.053202013255813,14
401858460,2026,3,2026-09-19T16:30Z,275,2199,Wisconsin Badgers,Eastern Michigan Eagles,54,10,False,True,0.8500738875806493,1,0.8019599182058608,0.8376640341059581,2026-09-17T23:30Z,26.799521356088242,16.064650860525873,10.734870495562369,44
401856695,2026,3,2026-09-19T16:45Z,238,152,Vanderbilt Commodores,NC State Wolfpack,35,31,False,True,0.7847653329793074,1,0.7896454412253522,0.8238776430604255,2026-09-17T23:30Z,34.55234153560738,23.152175335668773,11.40016619993861,4
401864508,2026,3,2026-09-19T17:00Z,2117,2751,Central Michigan Chippewas,Wyoming Cowboys,24,10,False,True,0.5642420205348854,1,0.5502790533941131,0.5358811588000555,2026-09-17T23:30Z,21.727202597312118,19.342206358958293,2.384996238353825,14
401862774,2026,3,2026-09-19T19:00Z,2649,218,Toledo Rockets,Temple Owls,49,48,False,True,0.7654032241239297,1,0.8307920788922207,0.7486481655963307,2026-09-17T23:30Z,29.901888353978794,18.407750939911494,11.4941374140673,1
401858457,2026,3,2026-09-19T19:30Z,164,30,Rutgers Scarlet Knights,USC Trojans,35,42,False,True,0.06732450424359851,0,0.1166360456583207,0.04541492046957374,2026-09-17T23:30Z,22.236487373894203,39.09874316679375,-16.86225579289955,-7
401858230,2026,3,2026-09-19T19:30Z,97,2567,Louisville Cardinals,SMU Mustangs,41,31,False,True,0.5501112219754947,1,0.5221125450366868,0.5436925742084142,2026-09-17T23:30Z,28.86491462034521,27.1918849915712,1.6730296287740103,10
401856801,2026,3,2026-09-19T19:30Z,254,328,Utah Utes,Utah State Aggies,33,0,False,True,0.9153871859646766,1,0.861108682836966,0.9172721517524474,2026-09-17T23:30Z,35.18757693467378,18.747807801722793,16.439769132950985,33
401858450,2026,3,2026-09-19T19:30Z,130,2638,Michigan Wolverines,UTEP Miners,52,17,False,True,0.9843852835946312,1,0.946294463067507,0.9792784147183687,2026-09-17T23:30Z,35.35083773193256,11.018603772390847,24.33223395954171,35
401856797,2026,3,2026-09-19T19:30Z,2132,193,Cincinnati Bearcats,Miami (OH) RedHawks,35,31,False,True,0.864243868585295,1,0.7879034091271768,0.9214856575870495,2026-09-17T23:30Z,33.515902285361165,20.281992315687884,13.233909969673281,4
401856694,2026,3,2026-09-19T19:40Z,245,96,Texas A&M Aggies,Kentucky Wildcats,21,31,False,True,0.9710279173856345,0,0.9279948419267163,0.9573878696910685,2026-09-17T23:30Z,38.137459413769825,16.39390603249562,21.743553381274204,-10
401858449,2026,3,2026-09-19T20:00Z,84,98,Indiana Hoosiers,Western Kentucky Hilltoppers,38,0,False,True,0.9923719481656162,1,0.9855602164425514,0.9978561616128097,2026-09-17T23:30Z,49.55457559157748,11.76912558468076,37.785450006896724,38
401858231,2026,3,2026-09-19T20:00Z,150,24,Duke Blue Devils,Stanford Cardinal,35,7,False,True,0.8345711849173562,1,0.8532518806630431,0.8806583045799139,2026-09-17T23:30Z,34.518696847557564,19.5680044504866,14.950692397070963,28
401866422,2026,3,2026-09-19T20:00Z,2335,2050,Liberty Flames,Ball State Cardinals,51,15,False,True,0.8540479805369918,1,0.888426347740729,0.8867032264430011,2026-09-17T23:30Z,32.755691769840475,17.395226098522738,15.360465671317737,36
401867804,2026,3,2026-09-19T20:00Z,239,2348,Baylor Bears,Louisiana Tech Bulldogs,36,19,False,True,0.829363825152331,1,0.7422812944964601,0.7994156046364383,2026-09-17T23:30Z,31.496532802266394,23.191017109701594,8.3055156925648,17
401856685,2026,3,2026-09-19T21:15Z,333,52,Alabama Crimson Tide,Florida State Seminoles,50,36,False,True,0.9170842921755747,1,0.8817410390375797,0.9103806734455049,2026-09-17T23:30Z,34.738568609284606,18.43856660335936,16.300002005925247,14
401856691,2026,3,2026-09-19T21:35Z,2579,344,South Carolina Gamecocks,Mississippi State Bulldogs,34,41,False,True,0.7735046918027361,0,0.6170050170540424,0.59177094297819,2026-09-17T23:30Z,30.516267845253093,26.063517953851882,4.452749891401211,-7
401862710,2026,3,2026-09-19T22:00Z,295,151,Old Dominion Monarchs,East Carolina Pirates,17,20,False,True,0.6636008334118038,0,0.696335900046442,0.6258800948543672,2026-09-17T23:30Z,29.13375715442164,23.340991400129592,5.7927657542920485,-3
401862771,2026,3,2026-09-19T22:00Z,2226,2229,Florida Atlantic Owls,Florida International Panthers,16,10,False,True,0.4059305968855556,1,0.35727123596092736,0.3214674061831414,2026-09-17T23:30Z,28.53799831680419,32.69107912332944,-4.153080806525246,6
401871047,2026,3,2026-09-19T22:30Z,2623,276,Missouri State Bears,Marshall Thundering Herd,24,30,False,True,0.45760624983030784,0,0.5153762901885822,0.49436022093042586,2026-09-17T23:30Z,27.247520009257663,26.50875080489373,0.7387692043639333,-6
401856689,2026,3,2026-09-19T23:00Z,142,2653,Missouri Tigers,Troy Trojans,27,17,False,True,0.917507834607945,1,0.8411722334561458,0.9230662234424307,2026-09-17T23:30Z,30.807754054366107,15.628891258404906,15.178862795961201,10
401856687,2026,3,2026-09-19T23:00Z,2,57,Auburn Tigers,Florida Gators,39,44,False,True,0.48300633865668413,0,0.5768302174249307,0.44968602794984547,2026-09-17T23:30Z,24.099748977136052,22.599778488955373,1.4999704881806792,-5
401856800,2026,3,2026-09-19T23:00Z,2116,2247,UCF Knights,Georgia State Panthers,44,30,False,True,0.7199236713629986,1,0.707538497816053,0.7839161325189735,2026-09-17T23:30Z,26.055526073549913,17.534258281176022,8.52126779237389,14
401861963,2026,3,2026-09-19T23:00Z,2572,41,Southern Miss Golden Eagles,UConn Huskies,20,48,False,True,0.5275037032897091,0,0.4768944427966464,0.4584097513189002,2026-09-17T23:30Z,28.359760267487218,28.588663754784204,-0.22890348729698573,-28
401862773,2026,3,2026-09-19T23:00Z,242,2711,Rice Owls,Western Michigan Broncos,21,28,False,True,0.19020808808683587,0,0.2164975245192342,0.1042171829465151,2026-09-17T23:30Z,14.471508900454296,27.070252262407852,-12.598743361953556,-7
401864443,2026,3,2026-09-19T23:00Z,2393,2440,Middle Tennessee Blue Raiders,Nevada Wolf Pack,27,20,False,True,0.3933396247721403,1,0.44069417044959946,0.25177002328822407,2026-09-17T23:30Z,23.948253836807837,27.36152486492048,-3.413271028112643,7
401866423,2026,3,2026-09-19T23:00Z,6,195,South Alabama Jaguars,Ohio Bobcats,41,36,False,True,0.5285894980549645,1,0.570368043256096,0.5699429815467101,2026-09-17T23:30Z,29.043486827021752,26.628183506915978,2.4153033201057745,5
401869948,2026,3,2026-09-19T23:00Z,55,290,Jacksonville State Gamecocks,Georgia Southern Eagles,31,27,False,True,0.501672551482891,1,0.6762428801455481,0.579546403108681,2026-09-17T23:30Z,26.45216031412699,22.732336857808477,3.7198234563185117,4
401858453,2026,3,2026-09-19T23:30Z,87,127,Notre Dame Fighting Irish,Michigan State Spartans,27,10,False,True,0.9546179177057136,1,0.9151928414162335,0.922968340160877,2026-09-17T23:30Z,37.47325988215615,17.381744801663203,20.091515080492947,17
401856688,2026,3,2026-09-19T23:30Z,145,99,Ole Miss Rebels,LSU Tigers,32,24,False,True,0.39758520393061547,1,0.5537978383514284,0.40444960168791216,2026-09-17T23:30Z,30.361961724797727,28.720979520281084,1.640982204516643,8
401856690,2026,3,2026-09-19T23:30Z,201,167,Oklahoma Sooners,New Mexico Lobos,14,6,False,True,0.9241890758661516,1,0.7954223540339802,0.7859729339836516,2026-09-17T23:30Z,27.67807493542935,17.059667898193297,10.618407037236054,8
401856802,2026,3,2026-09-19T23:30Z,258,277,Virginia Cavaliers,West Virginia Mountaineers,27,38,True,True,0.7018798998616697,0,0.7832768095396649,0.8644844183932271,2026-09-17T23:30Z,29.665601809011594,18.713684368871476,10.951917440140118,-11
401856796,2026,3,2026-09-19T23:30Z,77,38,Northwestern Wildcats,Colorado Buffaloes,41,7,False,True,0.6230458538642454,1,0.6828928231541382,0.6681204267546865,2026-09-17T23:30Z,24.646466514767113,18.91417707409402,5.732289440673092,34
401858232,2026,3,2026-09-19T23:30Z,120,259,Maryland Terrapins,Virginia Tech Hokies,26,35,False,True,0.5905505284699519,0,0.5457021883675321,0.5758741407885293,2026-09-17T23:30Z,28.271089907680672,25.161423150393414,3.1096667572872576,-9
401856692,2026,3,2026-09-19T23:45Z,2633,338,Tennessee Volunteers,Kennesaw State Owls,42,9,False,True,0.9770648799351263,1,0.9064084816082524,0.9543286872403406,2026-09-17T23:30Z,39.60435831640102,20.181529944185915,19.422828372215104,33
401856693,2026,3,2026-09-20T00:00Z,251,2636,Texas Longhorns,UTSA Roadrunners,30,6,False,True,0.972538874951506,1,0.8815827283237102,0.944089112670547,2026-09-17T23:30Z,36.649384419976315,20.008784804516655,16.64059961545966,24
401856799,2026,3,2026-09-20T00:00Z,2628,2032,TCU Horned Frogs,Arkansas State Red Wolves,31,7,False,True,0.860704412520991,1,0.7568304862229179,0.8417208785997491,2026-09-17T23:30Z,31.074804132197333,19.796267271589308,11.278536860608025,24
401862776,2026,3,2026-09-20T00:00Z,309,5,Louisiana Ragin' Cajuns,UAB Blazers,21,14,False,True,0.7387229720782834,1,0.72676964612439,0.7591948972712287,2026-09-17T23:30Z,34.61092361725878,25.799344466428657,8.81157915083012,7
401856795,2026,3,2026-09-20T00:15Z,36,252,Colorado State Rams,BYU Cougars,23,41,False,True,0.19503018902274039,0,0.25471760403632737,0.1882938066648515,2026-09-17T23:30Z,20.65595384711831,29.217223951191137,-8.561270104072825,-18
401864574,2026,3,2026-09-20T01:30Z,2026,2429,App State Mountaineers,Charlotte 49ers,26,21,False,True,0.7941179007727025,1,0.8071527327447918,0.8083584237150127,2026-09-17T23:30Z,30.542990758882915,18.929678263431473,11.613312495451442,5
401860887,2026,3,2026-09-20T02:00Z,21,256,San Diego State Aztecs,James Madison Dukes,13,26,False,True,0.3341051419234155,0,0.2912342911693542,0.3174919238316253,2026-09-17T23:30Z,18.712694847107095,24.611793028908128,-5.899098181801033,-13
401856793,2026,3,2026-09-20T02:30Z,12,2459,Arizona Wildcats,Northern Illinois Huskies,42,17,False,True,0.9119250104871006,1,0.8705720795600824,0.9327904789184134,2026-09-17T23:30Z,31.126227453549063,14.397884632995135,16.728342820553927,25
401864507,2026,3,2026-09-20T02:30Z,16,2449,Sacramento State Hornets,North Dakota State Bison,10,31,False,True,0.2234335214173271,0,0.2395554820432478,0.09036038113860285,2026-09-17T23:30Z,21.244818875705345,31.705921076633373,-10.461102200928028,-21
401858458,2026,3,2026-09-20T03:00Z,26,2509,UCLA Bruins,Purdue Boilermakers,52,38,False,True,0.8267734071844742,1,0.8172620719858645,0.8066347617468106,2026-09-17T23:30Z,33.93474858859121,22.48899441549334,11.445754173097871,14
401860888,2026,3,2026-09-20T03:00Z,23,278,San José State Spartans,Fresno State Bulldogs,10,26,False,True,0.4479849425689356,0,0.44616121788686813,0.3850506816123148,2026-09-17T23:30Z,22.57630494979743,26.04236258274548,-3.4660576329480506,-16
