sealedAt,ratingThrough,id,date,week,awayName,homeName,neutral,modeled,pickName,pickProbability,homeProbability,awayProbability,homeScoreEstimate,awayScoreEstimate,margin
2026-09-23T23:32:27.780138+00:00,2026-09-20T03:00Z,401869941,2026-09-24T23:30Z,4,Liberty Flames,Coastal Carolina Chanticleers,False,True,Liberty Flames,0.7122057556086288,0.2877942443913713,0.7122057556086288,21.03516652616729,28.284134979349467,-7.248968453182176
2026-09-23T23:32:27.780138+00:00,2026-09-20T03:00Z,401862779,2026-09-25T20:00Z,4,Army Black Knights,Temple Owls,False,True,Army Black Knights,0.5185211011831443,0.4814788988168556,0.5185211011831443,27.237842436332702,27.83078897237008,-0.5929465360373776
2026-09-23T23:32:27.780138+00:00,2026-09-20T03:00Z,401858468,2026-09-25T23:00Z,4,Howard Bison,Rutgers Scarlet Knights,False,False,,,,,,,
2026-09-23T23:32:27.780138+00:00,2026-09-20T03:00Z,401862778,2026-09-25T23:00Z,4,Navy Midshipmen,UAB Blazers,False,True,Navy Midshipmen,0.6431084188295739,0.3568915811704261,0.6431084188295739,24.268419748347853,28.97947000924404,-4.711050260896187
2026-09-23T23:32:27.780138+00:00,2026-09-20T03:00Z,401858461,2026-09-26T00:00Z,4,Northwestern Wildcats,Indiana Hoosiers,False,True,Indiana Hoosiers,0.8978435639328828,0.8978435639328828,0.10215643606711722,31.64127121709461,14.25334703443769,17.387924182656917
2026-09-23T23:32:27.780138+00:00,2026-09-20T03:00Z,401858234,2026-09-26T02:30Z,4,Clemson Tigers,California Golden Bears,False,True,Clemson Tigers,0.5690578482957531,0.4309421517042468,0.5690578482957531,24.46269664091905,26.686762506897466,-2.2240658659784174
2026-09-23T23:32:27.780138+00:00,2026-09-20T03:00Z,401856704,2026-09-26T16:00Z,4,Texas Longhorns,Tennessee Volunteers,False,True,Texas Longhorns,0.709597720785266,0.29040227921473405,0.709597720785266,25.62096902845997,32.76841772896898,-7.147448700509006
2026-09-23T23:32:27.780138+00:00,2026-09-20T03:00Z,401856805,2026-09-26T16:00Z,4,Sam Houston Bearkats,Texas Tech Red Raiders,False,True,Texas Tech Red Raiders,0.9607201247453522,0.9607201247453522,0.03927987525464782,38.92089828352641,13.34513167940596,25.575766604120453
2026-09-23T23:32:27.780138+00:00,2026-09-20T03:00Z,401856813,2026-09-26T16:00Z,4,Colorado Buffaloes,Baylor Bears,False,True,Baylor Bears,0.8257717829352309,0.8257717829352309,0.1742282170647691,29.700136128487348,17.252516837731722,12.447619290755625
2026-09-23T23:32:27.780138+00:00,2026-09-20T03:00Z,401858236,2026-09-26T16:00Z,4,Bucknell Bison,Pittsburgh Panthers,False,False,,,,,,,
2026-09-23T23:32:27.780138+00:00,2026-09-20T03:00Z,401858242,2026-09-26T16:00Z,4,Virginia Tech Hokies,Boston College Eagles,False,True,Virginia Tech Hokies,0.8157436260163378,0.18425637398366226,0.8157436260163378,22.190285383383966,34.09246136027115,-11.902175976887186
2026-09-23T23:32:27.780138+00:00,2026-09-20T03:00Z,401858243,2026-09-26T16:00Z,4,Wake Forest Demon Deacons,Louisville Cardinals,False,True,Louisville Cardinals,0.7790968109117774,0.7790968109117774,0.2209031890882226,36.9840856958208,26.90079956051716,10.083286135303641
2026-09-23T23:32:27.780138+00:00,2026-09-20T03:00Z,401858465,2026-09-26T16:00Z,4,Illinois Fighting Illini,Ohio State Buckeyes,False,True,Ohio State Buckeyes,0.9255657188604804,0.9255657188604804,0.07443428113951955,38.893494629948606,18.72958635151945,20.163908278429155
2026-09-23T23:32:27.780138+00:00,2026-09-20T03:00Z,401860893,2026-09-26T16:00Z,4,San Diego State Aztecs,Toledo Rockets,False,True,Toledo Rockets,0.6593073812475329,0.6593073812475329,0.34069261875246715,28.37456232809717,23.092888710864365,5.281673617232805
2026-09-23T23:32:27.780138+00:00,2026-09-20T03:00Z,401860896,2026-09-26T16:00Z,4,Colorado State Rams,UTSA Roadrunners,False,True,UTSA Roadrunners,0.7396930117517081,0.7396930117517081,0.2603069882482919,31.680367795033572,23.325379054238446,8.354988740795125
2026-09-23T23:32:27.780138+00:00,2026-09-20T03:00Z,401864512,2026-09-26T16:00Z,4,UNLV Rebels,Akron Zips,False,True,UNLV Rebels,0.782864628571022,0.21713537142897796,0.782864628571022,17.416684677711885,27.676195096718835,-10.25951041900695
2026-09-23T23:32:27.780138+00:00,2026-09-20T03:00Z,401866425,2026-09-26T16:00Z,4,Ball State Cardinals,Kent State Golden Flashes,False,True,Ball State Cardinals,0.5383252236470728,0.46167477635292714,0.5383252236470728,31.00270904582451,32.23152653811271,-1.2288174922882007
2026-09-23T23:32:27.780138+00:00,2026-09-20T03:00Z,401864576,2026-09-26T16:45Z,4,South Alabama Jaguars,Kentucky Wildcats,False,True,Kentucky Wildcats,0.8222947126633078,0.8222947126633078,0.17770528733669222,35.00652682862352,22.750747844500005,12.255778984123516
2026-09-23T23:32:27.780138+00:00,2026-09-20T03:00Z,401866427,2026-09-26T17:00Z,4,Lindenwood Lions,Eastern Michigan Eagles,False,False,,,,,,,
2026-09-23T23:32:27.780138+00:00,2026-09-20T03:00Z,401858462,2026-09-26T17:30Z,4,UCLA Bruins,Maryland Terrapins,False,True,UCLA Bruins,0.5284988329878848,0.47150116701211514,0.5284988329878848,28.437354907845872,29.35030706763002,-0.9129521597841475
2026-09-23T23:32:27.780138+00:00,2026-09-20T03:00Z,401858467,2026-09-26T18:00Z,4,Notre Dame Fighting Irish,Purdue Boilermakers,False,True,Notre Dame Fighting Irish,0.9651149690689237,0.03488503093107627,0.9651149690689237,19.460315133378792,46.02183040637787,-26.56151527299908
2026-09-23T23:32:27.780138+00:00,2026-09-20T03:00Z,401864511,2026-09-26T18:00Z,4,Northern Illinois Huskies,Georgia State Panthers,False,True,Georgia State Panthers,0.7453397148312781,0.7453397148312781,0.25466028516872186,33.762976565174725,25.1716992406788,8.591277324495923
2026-09-23T23:32:27.780138+00:00,2026-09-20T03:00Z,401858237,2026-09-26T19:00Z,4,Central Arkansas Bears,Florida State Seminoles,False,False,,,,,,,
2026-09-23T23:32:27.780138+00:00,2026-09-20T03:00Z,401864510,2026-09-26T19:00Z,4,Hawai'i Rainbow Warriors,Wyoming Cowboys,False,True,Hawai'i Rainbow Warriors,0.6077394291038958,0.39226057089610417,0.6077394291038958,18.878280548055464,22.38083957938472,-3.5025590313292554
2026-09-23T23:32:27.780138+00:00,2026-09-20T03:00Z,401856699,2026-09-26T19:30Z,4,Ole Miss Rebels,Florida Gators,False,True,Florida Gators,0.5072409356196167,0.5072409356196167,0.4927590643803833,36.38653708030224,36.15481094001148,0.23172614029076044
2026-09-23T23:32:27.780138+00:00,2026-09-20T03:00Z,401856700,2026-09-26T19:30Z,4,Oklahoma Sooners,Georgia Bulldogs,False,True,Georgia Bulldogs,0.7808169715360624,0.7808169715360624,0.21918302846393756,28.628465826567627,18.464996676462025,10.163469150105602
2026-09-23T23:32:27.780138+00:00,2026-09-20T03:00Z,401856815,2026-09-26T19:30Z,4,TCU Horned Frogs,UCF Knights,False,True,UCF Knights,0.5299067619879076,0.5299067619879076,0.47009323801209235,19.85324629767239,18.895086165560507,0.9581601321118818
2026-09-23T23:32:27.780138+00:00,2026-09-20T03:00Z,401856816,2026-09-26T19:30Z,4,Utah Utes,Iowa State Cyclones,False,True,Utah Utes,0.7001914162825555,0.29980858371744445,0.7001914162825555,20.029815210466623,26.815491472520467,-6.785676262053844
2026-09-23T23:32:27.780138+00:00,2026-09-20T03:00Z,401858244,2026-09-26T19:30Z,4,William & Mary Tribe,Duke Blue Devils,False,False,,,,,,,
2026-09-23T23:32:27.780138+00:00,2026-09-20T03:00Z,401858463,2026-09-26T19:30Z,4,Iowa Hawkeyes,Michigan Wolverines,False,True,Iowa Hawkeyes,0.6136560665335069,0.38634393346649304,0.6136560665335069,17.135560134198812,20.83721314933267,-3.701653015133857
2026-09-23T23:32:27.780138+00:00,2026-09-20T03:00Z,401860897,2026-09-26T19:30Z,4,Boise State Broncos,Western Michigan Broncos,False,True,Boise State Broncos,0.6052333734300088,0.3947666265699911,0.6052333734300088,20.096434033947485,23.514988860905014,-3.4185548269575285
2026-09-23T23:32:27.780138+00:00,2026-09-20T03:00Z,401861970,2026-09-26T19:30Z,4,UConn Huskies,Miami (OH) RedHawks,False,True,UConn Huskies,0.6288382238976442,0.37116177610235584,0.6288382238976442,30.730210894019255,34.94809894330764,-4.217888049288387
2026-09-23T23:32:27.780138+00:00,2026-09-20T03:00Z,401864579,2026-09-26T19:30Z,4,New Mexico Lobos,New Mexico State Aggies,False,True,New Mexico Lobos,0.8872258716934467,0.11277412830655331,0.8872258716934467,13.808318436665246,30.31001957986059,-16.501701143195344
2026-09-23T23:32:27.780138+00:00,2026-09-20T03:00Z,401866426,2026-09-26T19:30Z,4,Robert Morris Colonials,Buffalo Bulls,False,False,,,,,,,
2026-09-23T23:32:27.780138+00:00,2026-09-20T03:00Z,401866428,2026-09-26T19:30Z,4,Stonehill Skyhawks,Ohio Bobcats,False,False,,,,,,,
2026-09-23T23:32:27.780138+00:00,2026-09-20T03:00Z,401868188,2026-09-26T19:30Z,4,Gardner-Webb Runnin' Bulldogs,Marshall Thundering Herd,False,False,,,,,,,
2026-09-23T23:32:27.780138+00:00,2026-09-20T03:00Z,401856806,2026-09-26T20:00Z,4,Houston Cougars,Georgia Southern Eagles,False,True,Houston Cougars,0.8356074330028711,0.16439256699712884,0.8356074330028711,19.429318379931633,32.43653163084107,-13.007213250909434
2026-09-23T23:32:27.780138+00:00,2026-09-20T03:00Z,401862781,2026-09-26T20:00Z,4,North Carolina Central Eagles,East Carolina Pirates,False,False,,,,,,,
2026-09-23T23:32:27.780138+00:00,2026-09-20T03:00Z,401856698,2026-09-26T20:15Z,4,Vanderbilt Commodores,Auburn Tigers,False,True,Auburn Tigers,0.5969389167431648,0.5969389167431648,0.4030610832568352,30.66318688677861,27.521373532163263,3.1418133546153477
2026-09-23T23:32:27.780138+00:00,2026-09-20T03:00Z,401858464,2026-09-26T21:00Z,4,Nebraska Cornhuskers,Michigan State Spartans,False,True,Nebraska Cornhuskers,0.6616438710048727,0.3383561289951273,0.6616438710048727,22.500188761395556,27.865216562191755,-5.365027800796199
2026-09-23T23:32:27.780138+00:00,2026-09-20T03:00Z,401858466,2026-09-26T21:00Z,4,Wisconsin Badgers,Penn State Nittany Lions,False,True,Penn State Nittany Lions,0.8625563567576586,0.8625563567576586,0.13744364324234137,30.293741932718522,15.600249755282157,14.693492177436365
2026-09-23T23:32:27.780138+00:00,2026-09-20T03:00Z,401862785,2026-09-26T21:00Z,4,South Florida Bulls,Bowling Green Falcons,False,True,South Florida Bulls,0.954767432592147,0.045232567407852954,0.954767432592147,15.923964128801167,40.32116764463528,-24.397203515834114
2026-09-23T23:32:27.780138+00:00,2026-09-20T03:00Z,401858239,2026-09-26T22:00Z,4,Delaware Blue Hens,Virginia Cavaliers,False,True,Virginia Cavaliers,0.8263437529592854,0.8263437529592854,0.17365624704071458,30.78043789842745,18.30097310387435,12.479464794553099
2026-09-23T23:32:27.780138+00:00,2026-09-20T03:00Z,401860892,2026-09-26T22:00Z,4,Incarnate Word Cardinals,Texas State Bobcats,False,False,,,,,,,
2026-09-23T23:32:27.780138+00:00,2026-09-20T03:00Z,401867909,2026-09-26T22:00Z,4,Long Island University Sharks,Florida International Panthers,False,False,,,,,,,
2026-09-23T23:32:27.780138+00:00,2026-09-20T03:00Z,401869961,2026-09-26T22:00Z,4,James Madison Dukes,Old Dominion Monarchs,False,True,James Madison Dukes,0.7844497453341166,0.21555025466588335,0.7844497453341166,17.38026488833315,27.714572312123202,-10.334307423790051
2026-09-23T23:32:27.780138+00:00,2026-09-20T03:00Z,401858238,2026-09-26T22:30Z,4,Central Michigan Chippewas,Miami Hurricanes,False,True,Miami Hurricanes,0.9828456852395072,0.9828456852395072,0.017154314760492784,39.163965494240585,6.77834635149973,32.38561914274086
2026-09-23T23:32:27.780138+00:00,2026-09-20T03:00Z,401862780,2026-09-26T22:30Z,4,Louisiana Ragin' Cajuns,Charlotte 49ers,False,True,Louisiana Ragin' Cajuns,0.6553250174944353,0.3446749825055647,0.6553250174944353,21.63077003548394,26.771005468904917,-5.140235433420976
2026-09-23T23:32:27.780138+00:00,2026-09-20T03:00Z,401856696,2026-09-26T23:00Z,4,South Carolina Gamecocks,Alabama Crimson Tide,False,True,Alabama Crimson Tide,0.8166323429316454,0.8166323429316454,0.18336765706835456,37.37713848838651,25.427572148255123,11.949566340131383
2026-09-23T23:32:27.780138+00:00,2026-09-20T03:00Z,401856814,2026-09-26T23:00Z,4,Kansas State Wildcats,Cincinnati Bearcats,False,True,Kansas State Wildcats,0.7004844994363137,0.2995155005636862,0.7004844994363137,24.84556220600235,31.642410739246692,-6.796848533244344
2026-09-23T23:32:27.780138+00:00,2026-09-20T03:00Z,401856881,2026-09-26T23:00Z,4,Oklahoma State Cowboys,West Virginia Mountaineers,False,True,West Virginia Mountaineers,0.7551274698550288,0.7551274698550288,0.24487253014497123,32.65434282248269,23.64515258875223,9.009190233730461
2026-09-23T23:32:27.780138+00:00,2026-09-20T03:00Z,401862784,2026-09-26T23:00Z,4,Southern Miss Golden Eagles,Tulane Green Wave,False,True,Tulane Green Wave,0.9260899456952023,0.9260899456952023,0.07391005430479769,33.83533968865922,13.610359752895993,20.224979935763223
2026-09-23T23:32:27.780138+00:00,2026-09-20T03:00Z,401869931,2026-09-26T23:00Z,4,Kennesaw State Owls,Arkansas State Red Wolves,False,True,Arkansas State Red Wolves,0.5704051852395966,0.5704051852395966,0.4295948147604034,24.572755704423695,22.304719813273458,2.2680358911502374
2026-09-23T23:32:27.780138+00:00,2026-09-20T03:00Z,401870745,2026-09-26T23:00Z,4,Mercyhurst Lakers,Western Kentucky Hilltoppers,False,False,,,,,,,
2026-09-23T23:32:27.780138+00:00,2026-09-20T03:00Z,401871048,2026-09-26T23:00Z,4,Middle Tennessee Blue Raiders,Jacksonville State Gamecocks,False,True,Jacksonville State Gamecocks,0.5130919366613088,0.5130919366613088,0.4869080633386912,25.821939167003453,25.40290141289992,0.4190377541035346
2026-09-23T23:32:27.780138+00:00,2026-09-20T03:00Z,401856702,2026-09-26T23:30Z,4,Texas A&M Aggies,LSU Tigers,False,True,LSU Tigers,0.5939735665338949,0.5939735665338949,0.4060264334661051,30.140043655771755,27.09671123140348,3.043332424368277
2026-09-23T23:32:27.780138+00:00,2026-09-20T03:00Z,401856804,2026-09-26T23:30Z,4,Arizona Wildcats,Washington State Cougars,False,True,Arizona Wildcats,0.7335385365095168,0.26646146349048316,0.7335385365095168,17.98241168386928,26.083615709352436,-8.101204025483156
2026-09-23T23:32:27.780138+00:00,2026-09-20T03:00Z,401858469,2026-09-26T23:30Z,4,Oregon Ducks,USC Trojans,False,True,USC Trojans,0.7022464794970242,0.7022464794970242,0.29775352050297577,39.0283962828958,32.16424891535567,6.864147367540127
2026-09-23T23:32:27.780138+00:00,2026-09-20T03:00Z,401860894,2026-09-26T23:30Z,4,Troy Trojans,Utah State Aggies,False,True,Utah State Aggies,0.6598888147853698,0.6598888147853698,0.34011118521463024,23.600651898595626,18.298261667450213,5.302390231145413
2026-09-23T23:32:27.780138+00:00,2026-09-20T03:00Z,401862783,2026-09-26T23:30Z,4,Houston Christian Huskies,North Texas Mean Green,False,False,,,,,,,
2026-09-23T23:32:27.780138+00:00,2026-09-20T03:00Z,401864572,2026-09-26T23:30Z,4,App State Mountaineers,NC State Wolfpack,False,True,NC State Wolfpack,0.704537688626824,0.704537688626824,0.295462311373176,30.72601709797626,23.77401277744476,6.9520043205315005
2026-09-23T23:32:27.780138+00:00,2026-09-20T03:00Z,401856703,2026-09-26T23:45Z,4,Missouri Tigers,Mississippi State Bulldogs,False,True,Mississippi State Bulldogs,0.7653487252260526,0.7653487252260526,0.23465127477394743,36.36345611755963,26.905607277236886,9.457848840322743
2026-09-23T23:32:27.780138+00:00,2026-09-20T03:00Z,401856697,2026-09-27T00:00Z,4,Tulsa Golden Hurricane,Arkansas Razorbacks,False,True,Arkansas Razorbacks,0.6011853366962103,0.6011853366962103,0.3988146633037897,27.44812218734197,24.16487049498244,3.283251692359528
2026-09-23T23:32:27.780138+00:00,2026-09-20T03:00Z,401862782,2026-09-27T00:00Z,4,Florida Atlantic Owls,UL Monroe Warhawks,False,True,Florida Atlantic Owls,0.6985490134414576,0.30145098655854236,0.6985490134414576,26.78381320420517,33.50699646948718,-6.723183265282007
2026-09-23T23:32:27.780138+00:00,2026-09-20T03:00Z,401858241,2026-09-27T01:00Z,4,Missouri State Bears,SMU Mustangs,False,True,SMU Mustangs,0.958190307201353,0.958190307201353,0.04180969279864699,38.79719351978314,13.74184783193364,25.055345687849503
2026-09-23T23:32:27.780138+00:00,2026-09-20T03:00Z,401860895,2026-09-27T01:00Z,4,Oregon State Beavers,UTEP Miners,False,True,Oregon State Beavers,0.8267780143548448,0.1732219856451552,0.8267780143548448,24.395484169117115,36.8991826509333,-12.503698481816183
2026-09-23T23:32:27.780138+00:00,2026-09-20T03:00Z,401866429,2026-09-27T01:00Z,4,Massachusetts Minutemen,Sacramento State Hornets,False,True,Massachusetts Minutemen,0.6403874982670458,0.3596125017329542,0.6403874982670458,23.549227241136855,28.16559837327854,-4.616371132141687
2026-09-23T23:32:27.780138+00:00,2026-09-20T03:00Z,401860891,2026-09-27T02:00Z,4,Rice Owls,Fresno State Bulldogs,False,True,Fresno State Bulldogs,0.9048601359842828,0.9048601359842828,0.09513986401571717,30.09784486514634,12.078386271651915,18.019458593494424
2026-09-23T23:32:27.780138+00:00,2026-09-20T03:00Z,401858240,2026-09-27T02:30Z,4,Georgia Tech Yellow Jackets,Stanford Cardinal,False,True,Georgia Tech Yellow Jackets,0.6308563418895066,0.3691436581104935,0.6308563418895066,23.27306122960579,27.56019949842365,-4.287138268817859
2026-09-23T23:32:27.780138+00:00,2026-09-20T03:00Z,401864509,2026-09-27T02:30Z,4,Air Force Falcons,Nevada Wolf Pack,False,True,Nevada Wolf Pack,0.5980130604561293,0.5980130604561293,0.40198693954387066,31.75356344627109,28.576019489908163,3.1775439563629284
2026-09-23T23:32:27.780138+00:00,2026-09-20T03:00Z,401858470,2026-09-27T03:00Z,4,Minnesota Golden Gophers,Washington Huskies,False,True,Washington Huskies,0.7273752136145053,0.7273752136145053,0.2726247863854947,23.81373370626583,15.962965580818093,7.850768125447736
2026-09-23T23:32:27.780138+00:00,2026-09-20T03:00Z,401871049,2026-10-02T00:00Z,5,Western Kentucky Hilltoppers,New Mexico State Aggies,False,True,New Mexico State Aggies,0.6749962427686831,0.6749962427686831,0.3250037572313169,31.02571870377714,25.178755650867032,5.846963052910109
2026-09-23T23:32:27.780138+00:00,2026-09-20T03:00Z,401862786,2026-10-02T01:00Z,5,North Texas Mean Green,Tulsa Golden Hurricane,False,True,North Texas Mean Green,0.6820175174313378,0.31798248256866224,0.6820175174313378,27.281838308279745,33.38631069144764,-6.104472383167895
2026-09-23T23:32:27.780138+00:00,2026-09-20T03:00Z,401858245,2026-10-02T23:00Z,5,Pittsburgh Panthers,Virginia Tech Hokies,False,True,Pittsburgh Panthers,0.5517017327883461,0.4482982672116539,0.5517017327883461,27.35640936188121,29.016799563310126,-1.6603902014289176
2026-09-23T23:32:27.780138+00:00,2026-09-20T03:00Z,401871050,2026-10-02T23:00Z,5,Liberty Flames,Delaware Blue Hens,False,True,Liberty Flames,0.6022102150895371,0.3977897849104629,0.6022102150895371,23.473612948836724,26.791076082624354,-3.31746313378763
2026-09-23T23:32:27.780138+00:00,2026-09-20T03:00Z,401858476,2026-10-03T00:00Z,5,Penn State Nittany Lions,Northwestern Wildcats,False,True,Penn State Nittany Lions,0.7085773892810158,0.29142261071898423,0.7085773892810158,18.849051254946453,25.956929645038517,-7.107878390092065
2026-09-23T23:32:27.780138+00:00,2026-09-20T03:00Z,401856705,2026-10-03T04:00Z,5,Vanderbilt Commodores,Georgia Bulldogs,False,True,Georgia Bulldogs,0.8900756163245,0.8900756163245,0.10992438367549995,43.388219258305924,26.656109554297053,16.73210970400887
2026-09-23T23:32:27.780138+00:00,2026-09-20T03:00Z,401856707,2026-10-03T04:00Z,5,Alabama Crimson Tide,Mississippi State Bulldogs,False,True,Alabama Crimson Tide,0.6157765900087369,0.38422340999126314,0.6157765900087369,35.26484937136565,39.038129682811245,-3.773280311445596
2026-09-23T23:32:27.780138+00:00,2026-09-20T03:00Z,401858249,2026-10-03T04:00Z,5,Miami Hurricanes,Clemson Tigers,False,True,Miami Hurricanes,0.9167568737881668,0.08324312621183311,0.9167568737881668,13.986064993103218,33.17867897305596,-19.19261397995274
2026-09-23T23:32:27.780138+00:00,2026-09-20T03:00Z,401858250,2026-10-03T04:00Z,5,Notre Dame Fighting Irish,North Carolina Tar Heels,False,True,Notre Dame Fighting Irish,0.9599933989934248,0.04000660100657515,0.9599933989934248,10.126763166282027,35.54981870809455,-25.423055541812523
2026-09-23T23:32:27.780138+00:00,2026-09-20T03:00Z,401856807,2026-10-03T16:00Z,5,Middle Tennessee Blue Raiders,Kansas Jayhawks,False,True,Kansas Jayhawks,0.6803434520255344,0.6803434520255344,0.31965654797446563,29.46241494029367,23.419610017560256,6.0428049227334135
2026-09-23T23:32:27.780138+00:00,2026-09-20T03:00Z,401856819,2026-10-03T16:00Z,5,UCF Knights,Houston Cougars,False,True,Houston Cougars,0.6483812022684788,0.6483812022684788,0.35161879773152116,26.071834141997677,21.176384776318898,4.895449365678779
2026-09-23T23:32:27.780138+00:00,2026-09-20T03:00Z,401856822,2026-10-03T16:00Z,5,West Virginia Mountaineers,Iowa State Cyclones,False,True,Iowa State Cyclones,0.8236400586405589,0.8236400586405589,0.1763599413594411,33.67645822306098,21.34680554744527,12.329652675615712
2026-09-23T23:32:27.780138+00:00,2026-09-20T03:00Z,401858246,2026-10-03T16:00Z,5,Boston College Eagles,SMU Mustangs,False,True,SMU Mustangs,0.877933202984631,0.877933202984631,0.12206679701536904,33.50652133953508,17.722504533810316,15.784016805724761
2026-09-23T23:32:27.780138+00:00,2026-09-20T03:00Z,401858251,2026-10-03T16:00Z,5,Stanford Cardinal,Wake Forest Demon Deacons,False,True,Wake Forest Demon Deacons,0.8402378597375485,0.8402378597375485,0.1597621402624515,34.179360254922415,20.89936879608795,13.279991458834466
2026-09-23T23:32:27.780138+00:00,2026-09-20T03:00Z,401858252,2026-10-03T16:00Z,5,Syracuse Orange,UConn Huskies,False,True,UConn Huskies,0.6295234838409589,0.6295234838409589,0.3704765161590411,27.794794368564595,23.553409570220452,4.241384798344143
2026-09-23T23:32:27.780138+00:00,2026-09-20T03:00Z,401858474,2026-10-03T16:00Z,5,Michigan Wolverines,Minnesota Golden Gophers,False,True,Michigan Wolverines,0.6958528207794359,0.30414717922056417,0.6958528207794359,17.520566440219547,24.14157801746105,-6.621011577241504
2026-09-23T23:32:27.780138+00:00,2026-09-20T03:00Z,401862791,2026-10-03T16:00Z,5,Navy Midshipmen,Air Force Falcons,False,True,Air Force Falcons,0.5825034055582214,0.5825034055582214,0.41749659444177856,33.832026958597076,31.167557801455587,2.6644691571414896
2026-09-23T23:32:27.780138+00:00,2026-09-20T03:00Z,401858479,2026-10-03T16:30Z,5,Michigan State Spartans,Wisconsin Badgers,False,True,Wisconsin Badgers,0.5902426617448074,0.5902426617448074,0.40975733825519256,23.374023606761632,20.454274671813575,2.919748934948057
2026-09-23T23:32:27.780138+00:00,2026-09-20T03:00Z,401866432,2026-10-03T17:00Z,5,Western Michigan Broncos,Buffalo Bulls,False,True,Western Michigan Broncos,0.8306673061372102,0.1693326938627898,0.8306673061372102,19.039920789845297,31.762832618362467,-12.72291182851717
2026-09-23T23:32:27.780138+00:00,2026-09-20T03:00Z,401866431,2026-10-03T18:00Z,5,Toledo Rockets,Ball State Cardinals,False,True,Toledo Rockets,0.9214591787838856,0.07854082121611436,0.9214591787838856,23.047864209534254,42.74658398832302,-19.698719778788764
2026-09-23T23:32:27.780138+00:00,2026-09-20T03:00Z,401856708,2026-10-03T19:30Z,5,Florida Gators,Missouri Tigers,False,True,Florida Gators,0.602891319170771,0.397108680829229,0.602891319170771,30.687430300106158,34.02764588790703,-3.34021558780087
2026-09-23T23:32:27.780138+00:00,2026-09-20T03:00Z,401856710,2026-10-03T19:30Z,5,Auburn Tigers,Tennessee Volunteers,False,True,Tennessee Volunteers,0.7277727272270054,0.7277727272270054,0.27222727277299463,33.21473630480837,25.347924044753867,7.866812260054502
2026-09-23T23:32:27.780138+00:00,2026-09-20T03:00Z,401858247,2026-10-03T19:30Z,5,California Golden Bears,UNLV Rebels,False,True,UNLV Rebels,0.5311033326013039,0.5311033326013039,0.46889666739869607,23.652035537628983,22.65544206949213,0.9965934681368545
2026-09-23T23:32:27.780138+00:00,2026-09-20T03:00Z,401858248,2026-10-03T19:30Z,5,Louisville Cardinals,NC State Wolfpack,False,True,Louisville Cardinals,0.774203362766315,0.22579663723368498,0.774203362766315,26.20190606661457,36.059504648556484,-9.857598581941915
2026-09-23T23:32:27.780138+00:00,2026-09-20T03:00Z,401858253,2026-10-03T19:30Z,5,Virginia Cavaliers,Florida State Seminoles,False,True,Florida State Seminoles,0.5226870770486416,0.5226870770486416,0.4773129229513584,27.86990945645776,27.143424150879003,0.7264853055787555
2026-09-23T23:32:27.780138+00:00,2026-09-20T03:00Z,401858473,2026-10-03T19:30Z,5,Ohio State Buckeyes,Iowa Hawkeyes,False,True,Ohio State Buckeyes,0.6987946647997139,0.3012053352002861,0.6987946647997139,17.25746635337911,23.989984229463957,-6.732517876084845
2026-09-23T23:32:27.780138+00:00,2026-09-20T03:00Z,401862787,2026-10-03T19:30Z,5,Memphis Tigers,Charlotte 49ers,False,True,Memphis Tigers,0.7956516084544172,0.2043483915455828,0.7956516084544172,20.662483700675345,31.537164287165545,-10.8746805864902
2026-09-23T23:32:27.780138+00:00,2026-09-20T03:00Z,401862793,2026-10-03T19:30Z,5,Samford Bulldogs,UAB Blazers,False,False,,,,,,,
2026-09-23T23:32:27.780138+00:00,2026-09-20T03:00Z,401864515,2026-10-03T19:30Z,5,Wyoming Cowboys,North Dakota State Bison,False,True,North Dakota State Bison,0.9418194162853196,0.9418194162853196,0.05818058371468038,30.970493917504825,8.696398974980205,22.27409494252462
2026-09-23T23:32:27.780138+00:00,2026-09-20T03:00Z,401866430,2026-10-03T19:30Z,5,Akron Zips,Central Michigan Chippewas,False,True,Central Michigan Chippewas,0.7835961113138801,0.7835961113138801,0.21640388868611993,29.503203424383834,19.209225770323425,10.29397765406041
2026-09-23T23:32:27.780138+00:00,2026-09-20T03:00Z,401866433,2026-10-03T19:30Z,5,Eastern Michigan Eagles,Massachusetts Minutemen,False,True,Massachusetts Minutemen,0.7241975825744127,0.7241975825744127,0.2758024174255873,30.86680548449283,23.143769254078663,7.723036230414166
2026-09-23T23:32:27.780138+00:00,2026-09-20T03:00Z,401866434,2026-10-03T19:30Z,5,Ohio Bobcats,Kent State Golden Flashes,False,True,Ohio Bobcats,0.887442339859172,0.11255766014082802,0.887442339859172,24.09665805466215,40.6156814557629,-16.519023401100753
2026-09-23T23:32:27.780138+00:00,2026-09-20T03:00Z,401866477,2026-10-03T19:30Z,5,Bowling Green Falcons,Miami (OH) RedHawks,False,True,Miami (OH) RedHawks,0.8354256990980453,0.8354256990980453,0.16457430090195468,38.03729926309108,25.040665112925097,12.996634150165981
2026-09-23T23:32:27.780138+00:00,2026-09-20T03:00Z,401869956,2026-10-03T19:30Z,5,Old Dominion Monarchs,Georgia State Panthers,False,True,Old Dominion Monarchs,0.5617604104736559,0.4382395895263441,0.5617604104736559,28.071730649279797,30.05820804319158,-1.986477393911784
2026-09-23T23:32:27.780138+00:00,2026-09-20T03:00Z,401869962,2026-10-03T19:45Z,5,Marshall Thundering Herd,James Madison Dukes,False,True,James Madison Dukes,0.9234439302712532,0.9234439302712532,0.07655606972874685,34.89497606423668,14.97428267686206,19.92069338737462
2026-09-23T23:32:27.780138+00:00,2026-09-20T03:00Z,401858475,2026-10-03T20:00Z,5,Maryland Terrapins,Nebraska Cornhuskers,False,True,Nebraska Cornhuskers,0.7963556231622113,0.7963556231622113,0.2036443768377887,33.43693507051211,22.52757005432815,10.909365016183955
2026-09-23T23:32:27.780138+00:00,2026-09-20T03:00Z,401864514,2026-10-03T20:00Z,5,UTEP Miners,New Mexico Lobos,False,True,New Mexico Lobos,0.973734264294398,0.973734264294398,0.026265735705601978,42.11147594109376,13.208490562983023,28.902985378110735
2026-09-23T23:32:27.780138+00:00,2026-09-20T03:00Z,401856709,2026-10-03T20:15Z,5,Kentucky Wildcats,South Carolina Gamecocks,False,True,South Carolina Gamecocks,0.7325613952265647,0.7325613952265647,0.2674386047734353,29.224129256997735,21.162872230917834,8.0612570260799
2026-09-23T23:32:27.780138+00:00,2026-09-20T03:00Z,401858472,2026-10-03T20:15Z,5,Purdue Boilermakers,Illinois Fighting Illini,False,True,Illinois Fighting Illini,0.7978319452514646,0.7978319452514646,0.2021680547485354,41.30607279161735,30.32368339458693,10.982389397030424
2026-09-23T23:32:27.780138+00:00,2026-09-20T03:00Z,401860899,2026-10-03T22:00Z,5,Oregon State Beavers,Colorado State Rams,False,True,Colorado State Rams,0.6060429476214384,0.6060429476214384,0.3939570523785616,30.244971656149037,26.79930001631448,3.4456716398345577
2026-09-23T23:32:27.780138+00:00,2026-09-20T03:00Z,401862790,2026-10-03T22:00Z,5,Texas Southern Tigers,Florida Atlantic Owls,False,False,,,,,,,
2026-09-23T23:32:27.780138+00:00,2026-09-20T03:00Z,401856711,2026-10-03T23:00Z,5,Arkansas Razorbacks,Texas A&M Aggies,False,True,Texas A&M Aggies,0.9245424545257558,0.9245424545257558,0.07545754547424421,41.204639843226445,21.15880956418004,20.045830279046406
2026-09-23T23:32:27.780138+00:00,2026-09-20T03:00Z,401856818,2026-10-03T23:00Z,5,BYU Cougars,TCU Horned Frogs,False,True,BYU Cougars,0.7030837980560142,0.2969162019439858,0.7030837980560142,18.677947521624155,25.574156599231195,-6.89620907760704
2026-09-23T23:32:27.780138+00:00,2026-09-20T03:00Z,401862788,2026-10-03T23:00Z,5,UTSA Roadrunners,Rice Owls,False,True,UTSA Roadrunners,0.8483991800341243,0.15160081996587568,0.8483991800341243,18.084225992429396,31.861028986553656,-13.77680299412426
2026-09-23T23:32:27.780138+00:00,2026-09-20T03:00Z,401869942,2026-10-03T23:00Z,5,Georgia Southern Eagles,Coastal Carolina Chanticleers,False,True,Coastal Carolina Chanticleers,0.6072464374150414,0.6072464374150414,0.39275356258495864,26.046995669149073,22.560976843974277,3.4860188251747957
2026-09-23T23:32:27.780138+00:00,2026-09-20T03:00Z,401871089,2026-10-03T23:00Z,5,UL Monroe Warhawks,South Alabama Jaguars,False,True,South Alabama Jaguars,0.8797306033341619,0.8797306033341619,0.12026939666583814,38.546194182913695,22.627141949178377,15.919052233735318
2026-09-23T23:32:27.780138+00:00,2026-09-20T03:00Z,401856821,2026-10-03T23:30Z,5,Texas Tech Red Raiders,Colorado Buffaloes,False,True,Texas Tech Red Raiders,0.8754186880645721,0.12458131193542789,0.8754186880645721,16.119915389173,31.717864684534803,-15.597949295361804
2026-09-23T23:32:27.780138+00:00,2026-09-20T03:00Z,401858478,2026-10-03T23:30Z,5,Washington Huskies,USC Trojans,False,True,USC Trojans,0.7490869873637097,0.7490869873637097,0.2509130126362903,32.684567941869446,23.934577550564182,8.749990391305264
2026-09-23T23:32:27.780138+00:00,2026-09-20T03:00Z,401860898,2026-10-03T23:30Z,5,Utah State Aggies,Boise State Broncos,False,True,Boise State Broncos,0.7756506710417469,0.7756506710417469,0.2243493289582531,28.545871249476026,18.62188795927011,9.923983290205914
2026-09-23T23:32:27.780138+00:00,2026-09-20T03:00Z,401862792,2026-10-03T23:30Z,5,Temple Owls,South Florida Bulls,False,True,South Florida Bulls,0.7805700051080633,0.7805700051080633,0.2194299948919367,35.46763507937078,25.315705664909935,10.151929414460845
2026-09-23T23:32:27.780138+00:00,2026-09-20T03:00Z,401869842,2026-10-03T23:30Z,5,Army Black Knights,Louisiana Tech Bulldogs,False,True,Army Black Knights,0.6567594896313336,0.3432405103686664,0.6567594896313336,21.925771311391067,27.11686315131191,-5.191091839920844
2026-09-23T23:32:27.780138+00:00,2026-09-20T03:00Z,401856706,2026-10-03T23:45Z,5,McNeese Cowboys,LSU Tigers,False,False,,,,,,,
2026-09-23T23:32:27.780138+00:00,2026-09-20T03:00Z,401858477,2026-10-04T00:00Z,5,Indiana Hoosiers,Rutgers Scarlet Knights,False,True,Indiana Hoosiers,0.9782913758231132,0.021708624176886772,0.9782913758231132,12.02133815821397,42.48612173303445,-30.46478357482048
2026-09-23T23:32:27.780138+00:00,2026-09-20T03:00Z,401869932,2026-10-04T00:00Z,5,Arkansas State Red Wolves,Louisiana Ragin' Cajuns,False,True,Louisiana Ragin' Cajuns,0.7345241480158178,0.7345241480158178,0.2654758519841822,30.798220145916858,22.656628239396504,8.141591906520354
2026-09-23T23:32:27.780138+00:00,2026-09-20T03:00Z,401860921,2026-10-04T01:30Z,5,Fresno State Bulldogs,Washington State Cougars,False,True,Fresno State Bulldogs,0.6110095570144297,0.3889904429855703,0.6110095570144297,15.4683548194852,19.080817423388574,-3.6124626039033743
2026-09-23T23:32:27.780138+00:00,2026-09-20T03:00Z,401856817,2026-10-04T02:30Z,5,Baylor Bears,Arizona State Sun Devils,False,True,Baylor Bears,0.5560832903850612,0.4439167096149388,0.5560832903850612,24.619631174607342,26.42188023064406,-1.8022490560367181
2026-09-23T23:32:27.780138+00:00,2026-09-20T03:00Z,401860900,2026-10-04T02:30Z,5,Texas State Bobcats,San Diego State Aztecs,False,True,San Diego State Aztecs,0.5769935959988998,0.5769935959988998,0.42300640400110023,28.42205681873564,25.938506024786932,2.4835507939487087
2026-09-23T23:32:27.780138+00:00,2026-09-20T03:00Z,401856820,2026-10-04T03:00Z,5,Cincinnati Bearcats,Arizona Wildcats,False,True,Arizona Wildcats,0.7061123749725191,0.7061123749725191,0.2938876250274809,30.695737902228636,23.68312246460727,7.012615437621367
2026-09-23T23:32:27.780138+00:00,2026-09-20T03:00Z,401864513,2026-10-04T03:59Z,5,San José State Spartans,Hawai'i Rainbow Warriors,False,True,Hawai'i Rainbow Warriors,0.5247698673634669,0.5247698673634669,0.47523013263653313,26.00184164220596,25.20855650507394,0.7932851371320204
2026-09-23T23:32:27.780138+00:00,2026-09-20T03:00Z,401871090,2026-10-07T00:00Z,6,Southern Miss Golden Eagles,Troy Trojans,False,True,Troy Trojans,0.866813788124383,0.866813788124383,0.13318621187561697,33.136984116838526,18.15237661154429,14.984607505294235
2026-09-23T23:32:27.780138+00:00,2026-09-20T03:00Z,401871051,2026-10-07T23:00Z,6,Jacksonville State Gamecocks,Kennesaw State Owls,False,True,Jacksonville State Gamecocks,0.5491224397298249,0.45087756027017517,0.5491224397298249,22.431877803762475,24.008882781165827,-1.5770049774033517
2026-09-23T23:32:27.780138+00:00,2026-09-20T03:00Z,401871066,2026-10-07T23:30Z,6,New Mexico State Aggies,Florida International Panthers,False,True,Florida International Panthers,0.7178507963344015,0.7178507963344015,0.2821492036655985,22.582209288314026,15.11160352132119,7.470605766992836
2026-09-23T23:32:27.780138+00:00,2026-09-20T03:00Z,401870766,2026-10-08T23:00Z,6,Sam Houston Bearkats,Liberty Flames,False,True,Liberty Flames,0.8730815211328312,0.8730815211328312,0.12691847886716878,32.72281379151339,17.294942189431946,15.427871602081442
2026-09-23T23:32:27.780138+00:00,2026-09-20T03:00Z,401871052,2026-10-08T23:00Z,6,Missouri State Bears,Western Kentucky Hilltoppers,False,True,Western Kentucky Hilltoppers,0.558115117173097,0.558115117173097,0.44188488282690297,29.626900122904235,27.758773385155553,1.8681267377486819
2026-09-23T23:32:27.780138+00:00,2026-09-20T03:00Z,401862794,2026-10-08T23:30Z,6,South Florida Bulls,UTSA Roadrunners,False,True,South Florida Bulls,0.5507908232905377,0.44920917670946225,0.5507908232905377,24.957759065371988,26.588690700264813,-1.6309316348928249
2026-09-23T23:32:27.780138+00:00,2026-09-20T03:00Z,401869933,2026-10-08T23:30Z,6,South Alabama Jaguars,Arkansas State Red Wolves,False,True,South Alabama Jaguars,0.6648744309901322,0.33512556900986773,0.6648744309901322,27.192641608074492,32.67338483038855,-5.480743222314057
2026-09-23T23:32:27.780138+00:00,2026-09-20T03:00Z,401858254,2026-10-09T23:00Z,6,Florida State Seminoles,Louisville Cardinals,False,True,Louisville Cardinals,0.7155573760947077,0.7155573760947077,0.2844426239052923,36.895524547914405,29.51528273826058,7.380241809653825
2026-09-23T23:32:27.780138+00:00,2026-09-20T03:00Z,401858487,2026-10-10T01:00Z,6,Iowa Hawkeyes,Washington Huskies,False,True,Iowa Hawkeyes,0.6918936105861313,0.30810638941386875,0.6918936105861313,14.80771582300359,21.279612289931215,-6.471896466927625
2026-09-23T23:32:27.780138+00:00,2026-09-20T03:00Z,401860922,2026-10-10T01:00Z,6,Washington State Cougars,Utah State Aggies,False,True,Utah State Aggies,0.6227336074399195,0.6227336074399195,0.37726639256008054,21.27787674086084,17.268538489207902,4.009338251652938
2026-09-23T23:32:27.780138+00:00,2026-09-20T03:00Z,401864519,2026-10-10T01:00Z,6,Wyoming Cowboys,San José State Spartans,False,True,San José State Spartans,0.7481291630799787,0.7481291630799787,0.2518708369200213,25.237297469490784,16.528023575293545,8.709273894197239
2026-09-23T23:32:27.780138+00:00,2026-09-20T03:00Z,401856826,2026-10-10T02:15Z,6,Iowa State Cyclones,BYU Cougars,False,True,BYU Cougars,0.5670012444393092,0.5670012444393092,0.4329987555606908,25.56463783509005,23.40762467909731,2.1570131559927397
2026-09-23T23:32:27.780138+00:00,2026-09-20T03:00Z,401856712,2026-10-10T04:00Z,6,Georgia Bulldogs,Alabama Crimson Tide,False,True,Alabama Crimson Tide,0.575588673848223,0.575588673848223,0.424411326151777,36.65215818507322,34.21463655412925,2.4375216309439693
2026-09-23T23:32:27.780138+00:00,2026-09-20T03:00Z,401856713,2026-10-10T04:00Z,6,Tennessee Volunteers,Arkansas Razorbacks,False,True,Tennessee Volunteers,0.8611619614509041,0.1388380385490959,0.8611619614509041,26.423405704564026,41.02320195896996,-14.599796254405938
2026-09-23T23:32:27.780138+00:00,2026-09-20T03:00Z,401856714,2026-10-10T04:00Z,6,South Carolina Gamecocks,Florida Gators,False,True,Florida Gators,0.6241807304963136,0.6241807304963136,0.3758192695036864,34.97639288656593,30.91774011040202,4.058652776163914
2026-09-23T23:32:27.780138+00:00,2026-09-20T03:00Z,401856715,2026-10-10T04:00Z,6,LSU Tigers,Kentucky Wildcats,False,True,LSU Tigers,0.7393124390046342,0.2606875609953658,0.7393124390046342,21.003692947809387,29.342877042746423,-8.339184094937035
2026-09-23T23:32:27.780138+00:00,2026-09-20T03:00Z,401856716,2026-10-10T04:00Z,6,Texas A&M Aggies,Missouri Tigers,False,True,Texas A&M Aggies,0.6374976611611168,0.36250233883888316,0.6374976611611168,25.790986059727203,30.30714351585302,-4.516157456125818
2026-09-23T23:32:27.780138+00:00,2026-09-20T03:00Z,401856718,2026-10-10T04:00Z,6,Ole Miss Rebels,Vanderbilt Commodores,False,True,Ole Miss Rebels,0.7070032930597697,0.2929967069402303,0.7070032930597697,30.791234051346645,37.83822568204126,-7.046991630694617
2026-09-23T23:32:27.780138+00:00,2026-09-20T03:00Z,401856808,2026-10-10T04:00Z,6,Hawai'i Rainbow Warriors,Arizona State Sun Devils,False,True,Arizona State Sun Devils,0.8175354413882056,0.8175354413882056,0.18246455861179445,30.802834140875355,18.804927737389193,11.997906403486162
2026-09-23T23:32:27.780138+00:00,2026-09-20T03:00Z,401856823,2026-10-10T04:00Z,6,Arizona Wildcats,West Virginia Mountaineers,False,True,Arizona Wildcats,0.5777767444852893,0.42222325551471074,0.5777767444852893,27.642737890060573,30.151964475611837,-2.5092265855512643
2026-09-23T23:32:27.780138+00:00,2026-09-20T03:00Z,401856824,2026-10-10T04:00Z,6,UCF Knights,Oklahoma State Cowboys,False,True,UCF Knights,0.6670173986255195,0.3329826013744805,0.6670173986255195,19.593457688724904,25.151264808568666,-5.557807119843762
2026-09-23T23:32:27.780138+00:00,2026-09-20T03:00Z,401856825,2026-10-10T04:00Z,6,Houston Cougars,Kansas State Wildcats,False,True,Kansas State Wildcats,0.7018607113697443,0.7018607113697443,0.29813928863025574,31.12958600631458,24.280192576932414,6.8493934293821646
2026-09-23T23:32:27.780138+00:00,2026-09-20T03:00Z,401856827,2026-10-10T04:00Z,6,Kansas Jayhawks,Utah Utes,False,True,Utah Utes,0.9634161555201711,0.9634161555201711,0.036583844479828875,38.4394418192903,12.272411995067548,26.16702982422275
2026-09-23T23:32:27.780138+00:00,2026-09-20T03:00Z,401858255,2026-10-10T04:00Z,6,Duke Blue Devils,Georgia Tech Yellow Jackets,False,True,Duke Blue Devils,0.7861058306627474,0.21389416933725255,0.7861058306627474,17.882960528015058,28.295841096679624,-10.412880568664566
2026-09-23T23:32:27.780138+00:00,2026-09-20T03:00Z,401858256,2026-10-10T04:00Z,6,North Carolina Tar Heels,Pittsburgh Panthers,False,True,Pittsburgh Panthers,0.8670253026479623,0.8670253026479623,0.1329746973520377,28.818170022861743,13.818895656112382,14.999274366749361
2026-09-23T23:32:27.780138+00:00,2026-09-20T03:00Z,401858258,2026-10-10T04:00Z,6,Syracuse Orange,Virginia Cavaliers,False,True,Virginia Cavaliers,0.8573733820971927,0.8573733820971927,0.14262661790280728,29.119694801122815,14.770547945887987,14.349146855234828
2026-09-23T23:32:27.780138+00:00,2026-09-20T03:00Z,401858259,2026-10-10T04:00Z,6,Virginia Tech Hokies,California Golden Bears,False,True,Virginia Tech Hokies,0.7894824019452172,0.2105175980547828,0.7894824019452172,24.944014347239825,35.51848068709952,-10.574466339859693
2026-09-23T23:32:27.780138+00:00,2026-09-20T03:00Z,401858260,2026-10-10T04:00Z,6,Wake Forest Demon Deacons,NC State Wolfpack,False,True,Wake Forest Demon Deacons,0.5552210871085371,0.4447789128914629,0.5552210871085371,26.549094845300004,28.323407291938274,-1.7743124466382696
2026-09-23T23:32:27.780138+00:00,2026-09-20T03:00Z,401858480,2026-10-10T04:00Z,6,Illinois Fighting Illini,Michigan State Spartans,False,True,Michigan State Spartans,0.5643515520533776,0.5643515520533776,0.4356484479466224,26.98482885593986,24.914094691913576,2.070734164026284
2026-09-23T23:32:27.780138+00:00,2026-09-20T03:00Z,401858481,2026-10-10T04:00Z,6,Indiana Hoosiers,Nebraska Cornhuskers,False,True,Indiana Hoosiers,0.7885208418989493,0.21147915810105067,0.7885208418989493,21.495738490203514,32.023997594356594,-10.52825910415308
2026-09-23T23:32:27.780138+00:00,2026-09-20T03:00Z,401858482,2026-10-10T04:00Z,6,Ball State Cardinals,Northwestern Wildcats,False,True,Northwestern Wildcats,0.9856891058078892,0.9856891058078892,0.014310894192110846,44.05678029792114,10.198220957636444,33.85855934028469
2026-09-23T23:32:27.780138+00:00,2026-09-20T03:00Z,401858483,2026-10-10T04:00Z,6,Maryland Terrapins,Ohio State Buckeyes,False,True,Ohio State Buckeyes,0.9373027598459609,0.9373027598459609,0.0626972401540391,35.574378583405085,13.936867253614459,21.637511329790627
2026-09-23T23:32:27.780138+00:00,2026-09-20T03:00Z,401858484,2026-10-10T04:00Z,6,UCLA Bruins,Oregon Ducks,False,True,Oregon Ducks,0.6048579893825395,0.6048579893825395,0.39514201061746046,35.36604234725315,31.960054496494003,3.4059878507591463
2026-09-23T23:32:27.780138+00:00,2026-09-20T03:00Z,401858485,2026-10-10T04:00Z,6,USC Trojans,Penn State Nittany Lions,False,True,Penn State Nittany Lions,0.7304311939671608,0.7304311939671608,0.26956880603283917,33.047647443920745,25.073156494231988,7.974490949688757
2026-09-23T23:32:27.780138+00:00,2026-09-20T03:00Z,401858486,2026-10-10T04:00Z,6,Minnesota Golden Gophers,Purdue Boilermakers,False,True,Minnesota Golden Gophers,0.5649778065880906,0.43502219341190934,0.5649778065880906,28.42619087736452,30.51730608436389,-2.0911152069993726
2026-09-23T23:32:27.780138+00:00,2026-09-20T03:00Z,401861964,2026-10-10T04:00Z,6,UConn Huskies,Temple Owls,False,True,Temple Owls,0.5935942566045557,0.5935942566045557,0.40640574339544433,34.18169213579761,31.150940233878714,3.0307519019188973
2026-09-23T23:32:27.780138+00:00,2026-09-20T03:00Z,401862796,2026-10-10T04:00Z,6,Charlotte 49ers,North Texas Mean Green,False,True,North Texas Mean Green,0.9129978724185774,0.9129978724185774,0.08700212758142256,40.19525376413698,21.388845948468067,18.806407815668912
2026-09-23T23:32:27.780138+00:00,2026-09-20T03:00Z,401862797,2026-10-10T04:00Z,6,Rice Owls,East Carolina Pirates,False,True,East Carolina Pirates,0.8254367181677741,0.8254367181677741,0.17456328183222591,29.963885341187396,17.534883108184772,12.429002233002624
2026-09-23T23:32:27.780138+00:00,2026-09-20T03:00Z,401862798,2026-10-10T04:00Z,6,UAB Blazers,Memphis Tigers,False,True,Memphis Tigers,0.839375608774012,0.839375608774012,0.16062439122598804,34.15717993136658,20.928462915860187,13.22871701550639
2026-09-23T23:32:27.780138+00:00,2026-09-20T03:00Z,401864517,2026-10-10T04:00Z,6,Nevada Wolf Pack,UTEP Miners,False,True,Nevada Wolf Pack,0.877375631508146,0.12262436849185404,0.877375631508146,21.91972402805789,37.66219960295004,-15.74247557489215
2026-09-23T23:32:27.780138+00:00,2026-09-20T03:00Z,401866436,2026-10-10T04:00Z,6,Sacramento State Hornets,Bowling Green Falcons,False,True,Sacramento State Hornets,0.564254071984298,0.435745928015702,0.564254071984298,25.94513431374025,28.012696655487133,-2.067562341746882
2026-09-23T23:32:27.780138+00:00,2026-09-20T03:00Z,401866437,2026-10-10T04:00Z,6,Buffalo Bulls,Toledo Rockets,False,True,Toledo Rockets,0.8815117386442748,0.8815117386442748,0.11848826135572521,42.48642456611563,26.43182918179778,16.05459538431785
2026-09-23T23:32:27.780138+00:00,2026-09-20T03:00Z,401866438,2026-10-10T04:00Z,6,Central Michigan Chippewas,Ohio Bobcats,False,True,Ohio Bobcats,0.6807073339713736,0.6807073339713736,0.3192926660286264,30.18147254896173,24.125277956922428,6.056194592039301
2026-09-23T23:32:27.780138+00:00,2026-09-20T03:00Z,401866439,2026-10-10T04:00Z,6,Kent State Golden Flashes,Western Michigan Broncos,False,True,Western Michigan Broncos,0.9692156804996539,0.9692156804996539,0.030784319500346102,38.6458105126085,11.04995679733221,27.595853715276288
2026-09-23T23:32:27.780138+00:00,2026-09-20T03:00Z,401866440,2026-10-10T04:00Z,6,Miami (OH) RedHawks,Massachusetts Minutemen,False,True,Massachusetts Minutemen,0.5525335061822242,0.5525335061822242,0.4474664938177758,31.261129172463388,29.5738298487408,1.6872993237225877
2026-09-23T23:32:27.780138+00:00,2026-09-20T03:00Z,401869843,2026-10-10T04:00Z,6,Old Dominion Monarchs,App State Mountaineers,False,True,Old Dominion Monarchs,0.5237323186178728,0.47626768138212716,0.5237323186178728,25.472551699237382,26.23255697484465,-0.7600052756072664
2026-09-23T23:32:27.780138+00:00,2026-09-20T03:00Z,401869943,2026-10-10T04:00Z,6,Coastal Carolina Chanticleers,Marshall Thundering Herd,False,True,Marshall Thundering Herd,0.5275256935742214,0.5275256935742214,0.4724743064257786,26.69116400706446,25.809450368334957,0.8817136387295044
2026-09-23T23:32:27.780138+00:00,2026-09-20T03:00Z,401869949,2026-10-10T04:00Z,6,James Madison Dukes,Georgia Southern Eagles,False,True,James Madison Dukes,0.8845307718325357,0.11546922816746429,0.8845307718325357,14.844095513771876,31.1325213650508,-16.288425851278923
2026-09-23T23:32:27.780138+00:00,2026-09-20T03:00Z,401869965,2026-10-10T04:00Z,6,Louisiana Ragin' Cajuns,Louisiana Tech Bulldogs,False,True,Louisiana Tech Bulldogs,0.5156677349930615,0.5156677349930615,0.4843322650069385,27.77240186741854,27.27087015135287,0.5015317160656707
2026-09-23T23:32:27.780138+00:00,2026-09-20T03:00Z,401862795,2026-10-10T16:00Z,6,Tulane Green Wave,Army Black Knights,False,True,Army Black Knights,0.5465657693023968,0.5465657693023968,0.45343423069760325,20.17824747618547,18.683812166159417,1.4944353100260521
2026-09-23T23:32:27.780138+00:00,2026-09-20T03:00Z,401856717,2026-10-10T19:30Z,6,Texas Longhorns,Oklahoma Sooners,True,True,Texas Longhorns,0.7682452326426996,0.23175476735730033,0.7682452326426996,12.73649337797984,22.323927139255424,-9.587433761275584
2026-09-23T23:32:27.780138+00:00,2026-09-20T03:00Z,401858257,2026-10-10T19:30Z,6,Stanford Cardinal,Notre Dame Fighting Irish,False,True,Notre Dame Fighting Irish,0.9894654679689443,0.9894654679689443,0.010534532031055699,44.914054616477046,8.574004695660546,36.3400499208165
2026-09-23T23:32:27.780138+00:00,2026-09-20T03:00Z,401862799,2026-10-10T19:30Z,6,Tulsa Golden Hurricane,Navy Midshipmen,False,True,Navy Midshipmen,0.551537508194496,0.551537508194496,0.448462491805504,25.55051129235366,23.89543289297469,1.6550783993789722
2026-09-23T23:32:27.780138+00:00,2026-09-20T03:00Z,401866435,2026-10-10T19:30Z,6,Eastern Michigan Eagles,Akron Zips,False,True,Eastern Michigan Eagles,0.5148914762603388,0.4851085237396612,0.5148914762603388,26.58618179678379,27.06285000922403,-0.47666821244023794
2026-09-23T23:32:27.780138+00:00,2026-09-20T03:00Z,401860902,2026-10-10T22:00Z,6,San Diego State Aztecs,Oregon State Beavers,False,True,San Diego State Aztecs,0.5310733415395439,0.46892665846045617,0.5310733415395439,20.86148133088259,21.857111360448265,-0.9956300295656746
2026-09-23T23:32:27.780138+00:00,2026-09-20T03:00Z,401864518,2026-10-10T23:00Z,6,North Dakota State Bison,UNLV Rebels,False,True,North Dakota State Bison,0.7637204307244135,0.23627956927558647,0.7637204307244135,16.48738593920733,25.872874533851117,-9.385488594643789
2026-09-23T23:32:27.780138+00:00,2026-09-20T03:00Z,401864516,2026-10-10T23:30Z,6,Air Force Falcons,Northern Illinois Huskies,False,True,Air Force Falcons,0.7365567285664054,0.2634432714335946,0.7365567285664054,26.0072942202136,34.23247983093446,-8.22518561072086
2026-09-23T23:32:27.780138+00:00,2026-09-20T03:00Z,401860901,2026-10-11T02:30Z,6,Boise State Broncos,Fresno State Bulldogs,False,True,Boise State Broncos,0.5720224180074093,0.4279775819925907,0.5720224180074093,20.424828641797845,22.745687579753323,-2.320858937955478
2026-09-23T23:32:27.780138+00:00,2026-09-20T03:00Z,401871067,2026-10-13T23:00Z,7,Delaware Blue Hens,Middle Tennessee Blue Raiders,False,True,Delaware Blue Hens,0.52961787741362,0.47038212258637996,0.52961787741362,24.766916480895603,25.7157994356342,-0.9488829547385969
2026-09-23T23:32:27.780138+00:00,2026-09-20T03:00Z,401871053,2026-10-14T00:00Z,7,Florida International Panthers,Jacksonville State Gamecocks,False,True,Florida International Panthers,0.5006508983587736,0.4993491016412263,0.5006508983587736,19.800469964709873,19.821298723956627,-0.020828759246754203
2026-09-23T23:32:27.780138+00:00,2026-09-20T03:00Z,401871054,2026-10-14T23:30Z,7,Kennesaw State Owls,Missouri State Bears,False,True,Kennesaw State Owls,0.5494584189283087,0.45054158107169134,0.5494584189283087,22.053071019155556,23.640932840157078,-1.5878618210015212
2026-09-23T23:32:27.780138+00:00,2026-09-20T03:00Z,401871068,2026-10-15T00:00Z,7,Western Kentucky Hilltoppers,Sam Houston Bearkats,False,True,Sam Houston Bearkats,0.6713996073327831,0.6713996073327831,0.32860039266721686,31.429774656391793,25.71359786339435,5.716176792997441
2026-09-23T23:32:27.780138+00:00,2026-09-20T03:00Z,401862800,2026-10-15T23:30Z,7,East Carolina Pirates,UAB Blazers,False,True,East Carolina Pirates,0.6728036837430065,0.3271963162569936,0.6728036837430065,20.01923693456295,25.786382835395635,-5.767145900832684
2026-09-23T23:32:27.780138+00:00,2026-09-20T03:00Z,401869950,2026-10-15T23:30Z,7,Georgia Southern Eagles,Old Dominion Monarchs,False,True,Old Dominion Monarchs,0.7299294773939863,0.7299294773939863,0.2700705226060137,28.24754164962429,20.293423222135416,7.954118427488872
2026-09-23T23:32:27.780138+00:00,2026-09-20T03:00Z,401860923,2026-10-16T00:00Z,7,Colorado State Rams,Texas State Bobcats,False,True,Texas State Bobcats,0.5946690044602412,0.5946690044602412,0.4053309955397588,35.876324710218825,32.809917114436416,3.066407595782408
2026-09-23T23:32:27.780138+00:00,2026-09-20T03:00Z,401862801,2026-10-16T23:30Z,7,Memphis Tigers,Tulane Green Wave,False,True,Tulane Green Wave,0.5763891679662584,0.5763891679662584,0.4236108320337416,25.562156387378295,23.09841329448706,2.463743092891235
2026-09-23T23:32:27.780138+00:00,2026-09-20T03:00Z,401858493,2026-10-17T00:00Z,7,Washington Huskies,Purdue Boilermakers,False,True,Washington Huskies,0.7296278796351763,0.27037212036482366,0.7296278796351763,25.27048643588104,33.212369768328145,-7.941883332447105
2026-09-23T23:32:27.780138+00:00,2026-09-20T03:00Z,401869844,2026-10-17T00:00Z,7,App State Mountaineers,Coastal Carolina Chanticleers,False,True,Coastal Carolina Chanticleers,0.509121040341492,0.509121040341492,0.49087895965850803,26.032010994369433,25.740105321076243,0.29190567329318995
2026-09-23T23:32:27.780138+00:00,2026-09-20T03:00Z,401856719,2026-10-17T04:00Z,7,Auburn Tigers,Georgia Bulldogs,False,True,Georgia Bulldogs,0.8753143210314679,0.8753143210314679,0.12468567896853211,36.40227397353506,20.811977624141534,15.590296349393526
2026-09-23T23:32:27.780138+00:00,2026-09-20T03:00Z,401856720,2026-10-17T04:00Z,7,Mississippi State Bulldogs,LSU Tigers,False,True,LSU Tigers,0.5653011560236675,0.5653011560236675,0.4346988439763325,33.254664873281435,31.153023833110083,2.1016410401713514
2026-09-23T23:32:27.780138+00:00,2026-09-20T03:00Z,401856721,2026-10-17T04:00Z,7,Missouri Tigers,Ole Miss Rebels,False,True,Ole Miss Rebels,0.7574153721597392,0.7574153721597392,0.2425846278402608,33.76324972405857,24.65476027654845,9.108489447510117
2026-09-23T23:32:27.780138+00:00,2026-09-20T03:00Z,401856722,2026-10-17T04:00Z,7,Kentucky Wildcats,Oklahoma Sooners,False,True,Oklahoma Sooners,0.7642691037957164,0.7642691037957164,0.23573089620428356,22.939180343665043,13.529347758503325,9.409832585161718
2026-09-23T23:32:27.780138+00:00,2026-09-20T03:00Z,401856723,2026-10-17T04:00Z,7,Alabama Crimson Tide,Tennessee Volunteers,False,True,Alabama Crimson Tide,0.6835480877955823,0.3164519122044177,0.6835480877955823,33.02709888540256,39.18810460568555,-6.1610057202829935
2026-09-23T23:32:27.780138+00:00,2026-09-20T03:00Z,401856724,2026-10-17T04:00Z,7,Florida Gators,Texas Longhorns,False,True,Texas Longhorns,0.7957059886137025,0.7957059886137025,0.20429401138629755,36.40026582896394,25.52290928477046,10.877356544193479
2026-09-23T23:32:27.780138+00:00,2026-09-20T03:00Z,401856726,2026-10-17T04:00Z,7,Arkansas Razorbacks,Vanderbilt Commodores,False,True,Vanderbilt Commodores,0.8098285199785792,0.8098285199785792,0.1901714800214208,39.32983918632486,27.73866854658877,11.591170639736092
2026-09-23T23:32:27.780138+00:00,2026-09-20T03:00Z,401856809,2026-10-17T04:00Z,7,Notre Dame Fighting Irish,BYU Cougars,False,True,Notre Dame Fighting Irish,0.7967872822136088,0.2032127177863911,0.7967872822136088,20.662077945125787,31.592753495433385,-10.930675550307598
2026-09-23T23:32:27.780138+00:00,2026-09-20T03:00Z,401856828,2026-10-17T04:00Z,7,Arizona State Sun Devils,Texas Tech Red Raiders,False,True,Texas Tech Red Raiders,0.8346671602974879,0.8346671602974879,0.1653328397025121,32.439608786691515,19.48702972604862,12.952579060642897
2026-09-23T23:32:27.780138+00:00,2026-09-20T03:00Z,401856829,2026-10-17T04:00Z,7,Cincinnati Bearcats,West Virginia Mountaineers,False,True,West Virginia Mountaineers,0.5775987194363059,0.5775987194363059,0.4224012805636941,31.19228752316504,28.688898671094936,2.5033888520701026
2026-09-23T23:32:27.780138+00:00,2026-09-20T03:00Z,401856830,2026-10-17T04:00Z,7,Kansas Jayhawks,Kansas State Wildcats,False,True,Kansas State Wildcats,0.8719314421802901,0.8719314421802901,0.12806855781970994,35.42087911029676,20.075718542569323,15.345160567727437
2026-09-23T23:32:27.780138+00:00,2026-09-20T03:00Z,401856831,2026-10-17T04:00Z,7,Oklahoma State Cowboys,Houston Cougars,False,True,Houston Cougars,0.8258731395001078,0.8258731395001078,0.17412686049989223,32.129357767959455,19.676101282436914,12.453256485522541
2026-09-23T23:32:27.780138+00:00,2026-09-20T03:00Z,401856832,2026-10-17T04:00Z,7,TCU Horned Frogs,Baylor Bears,False,True,Baylor Bears,0.5799013809675094,0.5799013809675094,0.4200986190324906,24.009693972625886,21.430745449954852,2.578948522671034
2026-09-23T23:32:27.780138+00:00,2026-09-20T03:00Z,401856833,2026-10-17T04:00Z,7,Utah Utes,Colorado Buffaloes,False,True,Utah Utes,0.9598514754817395,0.04014852451826042,0.9598514754817395,9.12190944077034,34.51545239252307,-25.393542951752735
2026-09-23T23:32:27.780138+00:00,2026-09-20T03:00Z,401858261,2026-10-17T04:00Z,7,Charleston Southern Buccaneers,Clemson Tigers,False,False,,,,,,,
2026-09-23T23:32:27.780138+00:00,2026-09-20T03:00Z,401858263,2026-10-17T04:00Z,7,Florida State Seminoles,Miami Hurricanes,False,True,Miami Hurricanes,0.8946723913821338,0.8946723913821338,0.10532760861786616,35.805669983684645,18.690613717773033,17.115056265911612
2026-09-23T23:32:27.780138+00:00,2026-09-20T03:00Z,401858264,2026-10-17T04:00Z,7,Georgia Tech Yellow Jackets,Virginia Tech Hokies,False,True,Virginia Tech Hokies,0.8169909682293192,0.8169909682293192,0.18300903177068084,34.3633334059961,22.394593130489532,11.968740275506569
2026-09-23T23:32:27.780138+00:00,2026-09-20T03:00Z,401858265,2026-10-17T04:00Z,7,Louisville Cardinals,Syracuse Orange,False,True,Louisville Cardinals,0.8589969980028211,0.1410030019971789,0.8589969980028211,20.41592122769081,34.87179519815821,-14.455873970467401
2026-09-23T23:32:27.780138+00:00,2026-09-20T03:00Z,401858266,2026-10-17T04:00Z,7,North Carolina Tar Heels,Duke Blue Devils,False,True,Duke Blue Devils,0.8484991769821141,0.8484991769821141,0.15150082301788592,27.489284670499096,13.706260212020652,13.783024458478444
2026-09-23T23:32:27.780138+00:00,2026-09-20T03:00Z,401858267,2026-10-17T04:00Z,7,Pittsburgh Panthers,Boston College Eagles,False,True,Pittsburgh Panthers,0.8749355226675665,0.12506447733243356,0.8749355226675665,15.791288225001221,31.353854403317328,-15.562566178316107
2026-09-23T23:32:27.780138+00:00,2026-09-20T03:00Z,401858268,2026-10-17T04:00Z,7,Virginia Cavaliers,SMU Mustangs,False,True,SMU Mustangs,0.5890758031407007,0.5890758031407007,0.41092419685929926,27.41113889125392,24.52996999699745,2.8811688942564686
2026-09-23T23:32:27.780138+00:00,2026-09-20T03:00Z,401858269,2026-10-17T04:00Z,7,Wake Forest Demon Deacons,California Golden Bears,False,True,Wake Forest Demon Deacons,0.6681483962926632,0.3318516037073368,0.6681483962926632,25.178248799454128,30.77682805382386,-5.5985792543697315
2026-09-23T23:32:27.780138+00:00,2026-09-20T03:00Z,401858488,2026-10-17T04:00Z,7,Ohio State Buckeyes,Indiana Hoosiers,False,True,Indiana Hoosiers,0.6165698376491986,0.6165698376491986,0.3834301623508014,25.4332947936429,21.633182003096493,3.8001127905464074
2026-09-23T23:32:27.780138+00:00,2026-09-20T03:00Z,401858489,2026-10-17T04:00Z,7,Rutgers Scarlet Knights,Maryland Terrapins,False,True,Maryland Terrapins,0.8359496418694973,0.8359496418694973,0.16405035813050273,34.98969419300602,21.962534738522557,13.02715945448346
2026-09-23T23:32:27.780138+00:00,2026-09-20T03:00Z,401858490,2026-10-17T04:00Z,7,Penn State Nittany Lions,Michigan Wolverines,False,True,Penn State Nittany Lions,0.7299324211061422,0.27006757889385785,0.7299324211061422,17.374462128340113,25.328700017540367,-7.954237889200254
2026-09-23T23:32:27.780138+00:00,2026-09-20T03:00Z,401858491,2026-10-17T04:00Z,7,Northwestern Wildcats,Michigan State Spartans,False,True,Northwestern Wildcats,0.5776589160053516,0.42234108399464837,0.5776589160053516,20.11746238413357,22.62282510642593,-2.5053627222923573
2026-09-23T23:32:27.780138+00:00,2026-09-20T03:00Z,401858492,2026-10-17T04:00Z,7,Nebraska Cornhuskers,Oregon Ducks,False,True,Nebraska Cornhuskers,0.5802508223819001,0.4197491776181,0.5802508223819001,31.45625749373543,34.04668249937609,-2.590425005640661
2026-09-23T23:32:27.780138+00:00,2026-09-20T03:00Z,401858494,2026-10-17T04:00Z,7,Wisconsin Badgers,UCLA Bruins,False,True,UCLA Bruins,0.5759350462687189,0.5759350462687189,0.42406495373128106,30.138868930047256,27.69000292059892,2.4488660094483343
2026-09-23T23:32:27.780138+00:00,2026-09-20T03:00Z,401862803,2026-10-17T04:00Z,7,Charlotte 49ers,Temple Owls,False,True,Temple Owls,0.8220047130685239,0.8220047130685239,0.17799528693147615,33.421457436098805,21.181544982728695,12.23991245337011
2026-09-23T23:32:27.780138+00:00,2026-09-20T03:00Z,401862804,2026-10-17T04:00Z,7,Navy Midshipmen,UTSA Roadrunners,False,True,UTSA Roadrunners,0.740868415207643,0.740868415207643,0.259131584792357,31.0981968905013,22.694300489443165,8.403896401058134
2026-09-23T23:32:27.780138+00:00,2026-09-20T03:00Z,401862805,2026-10-17T04:00Z,7,Tulsa Golden Hurricane,Rice Owls,False,True,Tulsa Golden Hurricane,0.7240675349070893,0.27593246509291064,0.7240675349070893,18.94043679533989,26.658264989027042,-7.717828193687151
2026-09-23T23:32:27.780138+00:00,2026-09-20T03:00Z,401862806,2026-10-17T04:00Z,7,Kent State Golden Flashes,South Florida Bulls,False,True,South Florida Bulls,0.9821935599601019,0.9821935599601019,0.017806440039898064,45.927722981169964,13.845897341368968,32.081825639800996
2026-09-23T23:32:27.780138+00:00,2026-09-20T03:00Z,401864521,2026-10-17T04:00Z,7,New Mexico Lobos,Hawai'i Rainbow Warriors,False,True,New Mexico Lobos,0.852066381000246,0.14793361899975394,0.852066381000246,15.903536910015077,29.910743173131692,-14.007206263116615
2026-09-23T23:32:27.780138+00:00,2026-09-20T03:00Z,401866441,2026-10-17T04:00Z,7,Ball State Cardinals,Bowling Green Falcons,False,True,Bowling Green Falcons,0.5761468631239481,0.5761468631239481,0.42385313687605186,31.08077583325671,28.624971201578028,2.4558046316786815
2026-09-23T23:32:27.780138+00:00,2026-09-20T03:00Z,401866442,2026-10-17T04:00Z,7,Massachusetts Minutemen,Buffalo Bulls,False,True,Massachusetts Minutemen,0.5466022746840622,0.45339772531593775,0.5466022746840622,29.545466759491276,31.041080470587616,-1.4956137110963397
2026-09-23T23:32:27.780138+00:00,2026-09-20T03:00Z,401866443,2026-10-17T04:00Z,7,Western Michigan Broncos,Central Michigan Chippewas,False,True,Western Michigan Broncos,0.7579784371397266,0.24202156286027346,0.7579784371397266,15.078576699592489,24.211601605807324,-9.133024906214835
2026-09-23T23:32:27.780138+00:00,2026-09-20T03:00Z,401866444,2026-10-17T04:00Z,7,Toledo Rockets,Eastern Michigan Eagles,False,True,Toledo Rockets,0.856344200043615,0.14365579995638494,0.856344200043615,24.030131676385167,38.31214958002085,-14.282017903635683
2026-09-23T23:32:27.780138+00:00,2026-09-20T03:00Z,401866445,2026-10-17T04:00Z,7,Ohio Bobcats,Sacramento State Hornets,False,True,Ohio Bobcats,0.7494826270968536,0.25051737290314635,0.7494826270968536,24.090382528820815,32.857221464207804,-8.766838935386989
2026-09-23T23:32:27.780138+00:00,2026-09-20T03:00Z,401866478,2026-10-17T04:00Z,7,Akron Zips,Miami (OH) RedHawks,False,True,Miami (OH) RedHawks,0.7881901851022679,0.7881901851022679,0.2118098148977321,35.492910603886166,24.980505484754346,10.51240511913182
2026-09-23T23:32:27.780138+00:00,2026-09-20T03:00Z,401869934,2026-10-17T04:00Z,7,Arkansas State Red Wolves,Southern Miss Golden Eagles,False,True,Arkansas State Red Wolves,0.6190811430638355,0.38091885693616445,0.6190811430638355,26.07632542258642,29.96152520586883,-3.8851997832824097
2026-09-23T23:32:27.780138+00:00,2026-09-20T03:00Z,401869957,2026-10-17T04:00Z,7,Georgia State Panthers,James Madison Dukes,False,True,James Madison Dukes,0.9080536411689961,0.9080536411689961,0.09194635883100388,36.943187758618095,18.622402940916256,18.32078481770184
2026-09-23T23:32:27.780138+00:00,2026-09-20T03:00Z,401869966,2026-10-17T04:00Z,7,Troy Trojans,Louisiana Ragin' Cajuns,False,True,Louisiana Ragin' Cajuns,0.5325222739802632,0.5325222739802632,0.4674777260197368,24.874271334874727,23.8320871503662,1.0421841845085282
2026-09-23T23:32:27.780138+00:00,2026-09-20T03:00Z,401871091,2026-10-17T04:00Z,7,Louisiana Tech Bulldogs,UL Monroe Warhawks,False,True,Louisiana Tech Bulldogs,0.7567934129508453,0.24320658704915465,0.7567934129508453,22.927977706686974,32.00941034069426,-9.081432634007285
2026-09-23T23:32:27.780138+00:00,2026-09-20T03:00Z,401862802,2026-10-17T16:00Z,7,Florida Atlantic Owls,Army Black Knights,False,True,Army Black Knights,0.8090219657757733,0.8090219657757733,0.19097803422422666,32.972698648830104,21.423357440183988,11.549341208646116
2026-09-23T23:32:27.780138+00:00,2026-09-20T03:00Z,401856725,2026-10-17T17:00Z,7,The Citadel Bulldogs,Texas A&M Aggies,False,False,,,,,,,
2026-09-23T23:32:27.780138+00:00,2026-09-20T03:00Z,401864522,2026-10-17T19:30Z,7,Northern Illinois Huskies,Wyoming Cowboys,False,True,Wyoming Cowboys,0.5328735742407225,0.5328735742407225,0.46712642575927754,20.797412649203824,19.74393857334732,1.0534740758565029
2026-09-23T23:32:27.780138+00:00,2026-09-20T03:00Z,401864524,2026-10-17T19:30Z,7,UNLV Rebels,Air Force Falcons,False,True,Air Force Falcons,0.6307389328394964,0.6307389328394964,0.36926106716050355,29.24446931054923,24.961364123565705,4.283105186983526
2026-09-23T23:32:27.780138+00:00,2026-09-20T03:00Z,401860903,2026-10-17T22:00Z,7,Washington State Cougars,Oregon State Beavers,False,True,Washington State Cougars,0.5134609144989587,0.4865390855010413,0.5134609144989587,21.962933766076794,22.393787142173274,-0.4308533760964792
2026-09-23T23:32:27.780138+00:00,2026-09-20T03:00Z,401864520,2026-10-17T23:00Z,7,Nevada Wolf Pack,North Dakota State Bison,False,True,North Dakota State Bison,0.7756692937841381,0.7756692937841381,0.22433070621586193,29.20442471321005,19.279585261912715,9.924839451297334
2026-09-23T23:32:27.780138+00:00,2026-09-20T03:00Z,401858262,2026-10-17T23:30Z,7,Elon Phoenix,Stanford Cardinal,False,False,,,,,,,
2026-09-23T23:32:27.780138+00:00,2026-09-20T03:00Z,401864523,2026-10-18T01:00Z,7,San José State Spartans,UTEP Miners,False,True,San José State Spartans,0.7795097546435952,0.22049024535640485,0.7795097546435952,25.306795295173906,35.40928927303601,-10.102493977862103
2026-09-23T23:32:27.780138+00:00,2026-09-20T03:00Z,401860904,2026-10-18T02:30Z,7,Fresno State Bulldogs,San Diego State Aztecs,False,True,Fresno State Bulldogs,0.5941048017433379,0.40589519825666204,0.5941048017433379,14.93167903776019,17.97936498819437,-3.047685950434179
2026-09-23T23:32:27.780138+00:00,2026-09-20T03:00Z,401871055,2026-10-20T23:00Z,8,Middle Tennessee Blue Raiders,Florida International Panthers,False,True,Florida International Panthers,0.5756602751075526,0.5756602751075526,0.4243397248924474,21.059125463581854,18.619258950231565,2.439866513350289
2026-09-23T23:32:27.780138+00:00,2026-09-20T03:00Z,401871069,2026-10-20T23:00Z,8,Missouri State Bears,Delaware Blue Hens,False,True,Delaware Blue Hens,0.8470746588538095,0.8470746588538095,0.1529253411461905,31.687027732403575,17.99231573336364,13.694711999039935
2026-09-23T23:32:27.780138+00:00,2026-09-20T03:00Z,401871092,2026-10-20T23:30Z,8,South Alabama Jaguars,Marshall Thundering Herd,False,True,South Alabama Jaguars,0.583331593149346,0.416668406850654,0.583331593149346,29.878746299782062,32.570466915872984,-2.6917206160909224
2026-09-23T23:32:27.780138+00:00,2026-09-20T03:00Z,401871070,2026-10-22T00:00Z,8,New Mexico State Aggies,Sam Houston Bearkats,False,True,Sam Houston Bearkats,0.5581486268308151,0.5581486268308151,0.4418513731691849,25.060212500961594,23.190998760874262,1.869213740087332
2026-09-23T23:32:27.780138+00:00,2026-09-20T03:00Z,401869845,2026-10-22T23:00Z,8,James Madison Dukes,App State Mountaineers,False,True,James Madison Dukes,0.8370975543542258,0.16290244564577422,0.8370975543542258,18.02322399087384,31.11753669027116,-13.094312699397317
2026-09-23T23:32:27.780138+00:00,2026-09-20T03:00Z,401871056,2026-10-22T23:00Z,8,Liberty Flames,Kennesaw State Owls,False,True,Liberty Flames,0.8065956109333773,0.19340438906662274,0.8065956109333773,17.427518056590227,28.85183136841627,-11.424313311826044
2026-09-23T23:32:27.780138+00:00,2026-09-20T03:00Z,401862807,2026-10-22T23:30Z,8,East Carolina Pirates,Memphis Tigers,False,True,Memphis Tigers,0.6643402376199489,0.6643402376199489,0.33565976238005113,29.32266752732108,23.861096412647377,5.461571114673703
2026-09-23T23:32:27.780138+00:00,2026-09-20T03:00Z,401858271,2026-10-23T23:00Z,8,Duke Blue Devils,Virginia Cavaliers,False,True,Duke Blue Devils,0.5449864032764622,0.4550135967235378,0.5449864032764622,22.486118244096627,23.929586602673524,-1.4434683585768973
2026-09-23T23:32:27.780138+00:00,2026-09-20T03:00Z,401861965,2026-10-23T23:00Z,8,Massachusetts Minutemen,UConn Huskies,False,True,UConn Huskies,0.7438971359543175,0.7438971359543175,0.2561028640456825,33.54100338479294,25.010414659227134,8.530588725565803
2026-09-23T23:32:27.780138+00:00,2026-09-20T03:00Z,401862808,2026-10-24T00:30Z,8,Army Black Knights,Tulsa Golden Hurricane,False,True,Army Black Knights,0.5662004102619118,0.43379958973808813,0.5662004102619118,19.677131839268146,21.808055396174613,-2.130923556906467
2026-09-23T23:32:27.780138+00:00,2026-09-20T03:00Z,401864525,2026-10-24T01:00Z,8,Air Force Falcons,Wyoming Cowboys,False,True,Air Force Falcons,0.7588644489332919,0.24113555106670811,0.7588644489332919,21.170377159338585,30.342088694202936,-9.17171153486435
2026-09-23T23:32:27.780138+00:00,2026-09-20T03:00Z,401858272,2026-10-24T02:30Z,8,NC State Wolfpack,Stanford Cardinal,False,True,NC State Wolfpack,0.6655685866302841,0.334431413369716,0.6655685866302841,23.974787748823626,29.48046676101982,-5.505679012196193
2026-09-23T23:32:27.780138+00:00,2026-09-20T03:00Z,401856727,2026-10-24T04:00Z,8,Texas A&M Aggies,Alabama Crimson Tide,False,True,Alabama Crimson Tide,0.7482633453182518,0.7482633453182518,0.2517366546817482,37.923508465301566,29.20853676965904,8.714971695642525
2026-09-23T23:32:27.780138+00:00,2026-09-20T03:00Z,401856729,2026-10-24T04:00Z,8,Vanderbilt Commodores,Kentucky Wildcats,False,True,Kentucky Wildcats,0.5361495641716002,0.5361495641716002,0.4638504358283998,30.289101190241624,29.130293221500068,1.1588079687415558
2026-09-23T23:32:27.780138+00:00,2026-09-20T03:00Z,401856730,2026-10-24T04:00Z,8,Oklahoma Sooners,Mississippi State Bulldogs,False,True,Mississippi State Bulldogs,0.6464483706597269,0.6464483706597269,0.35355162934027307,27.678678643804027,22.85096817420005,4.827710469603975
2026-09-23T23:32:27.780138+00:00,2026-09-20T03:00Z,401856731,2026-10-24T04:00Z,8,Tennessee Volunteers,South Carolina Gamecocks,False,True,South Carolina Gamecocks,0.5066070960237012,0.5066070960237012,0.49339290397629876,31.285892010407053,31.074452630255443,0.21143938015161012
2026-09-23T23:32:27.780138+00:00,2026-09-20T03:00Z,401856732,2026-10-24T04:00Z,8,Ole Miss Rebels,Texas Longhorns,False,True,Texas Longhorns,0.7574289968715838,0.7574289968715838,0.24257100312841617,32.36759580540624,23.258513120922,9.109082684484239
2026-09-23T23:32:27.780138+00:00,2026-09-20T03:00Z,401856834,2026-10-24T04:00Z,8,Baylor Bears,Kansas Jayhawks,False,True,Baylor Bears,0.6576047443617775,0.3423952556382225,0.6576047443617775,24.40301939202893,29.62412555525458,-5.221106163225649
2026-09-23T23:32:27.780138+00:00,2026-09-20T03:00Z,401856835,2026-10-24T04:00Z,8,BYU Cougars,UCF Knights,False,True,BYU Cougars,0.7295333175432244,0.2704666824567756,0.7295333175432244,18.876602538670532,26.814651484165694,-7.9380489454951615
2026-09-23T23:32:27.780138+00:00,2026-09-20T03:00Z,401856836,2026-10-24T04:00Z,8,Colorado Buffaloes,Oklahoma State Cowboys,False,True,Oklahoma State Cowboys,0.6007588468190533,0.6007588468190533,0.39924115318094666,24.043404959651866,20.774381179299155,3.269023780352711
2026-09-23T23:32:27.780138+00:00,2026-09-20T03:00Z,401856837,2026-10-24T04:00Z,8,Houston Cougars,Utah Utes,False,True,Utah Utes,0.9010465903170083,0.9010465903170083,0.09895340968299171,34.14814871530812,16.476886029430638,17.67126268587748
2026-09-23T23:32:27.780138+00:00,2026-09-20T03:00Z,401856838,2026-10-24T04:00Z,8,Iowa State Cyclones,Arizona Wildcats,False,True,Iowa State Cyclones,0.6171699468330463,0.3828300531669537,0.6171699468330463,22.85025592650887,26.67068201657332,-3.8204260900644513
2026-09-23T23:32:27.780138+00:00,2026-09-20T03:00Z,401856839,2026-10-24T04:00Z,8,Kansas State Wildcats,Arizona State Sun Devils,False,True,Kansas State Wildcats,0.7292435256891081,0.27075647431089184,0.7292435256891081,22.292330325147734,30.218633785686244,-7.926303460538509
2026-09-23T23:32:27.780138+00:00,2026-09-20T03:00Z,401856840,2026-10-24T04:00Z,8,Texas Tech Red Raiders,Cincinnati Bearcats,False,True,Texas Tech Red Raiders,0.7266894482704086,0.2733105517295914,0.7266894482704086,24.040261606903233,31.863385740251964,-7.823124133348731
2026-09-23T23:32:27.780138+00:00,2026-09-20T03:00Z,401856841,2026-10-24T04:00Z,8,West Virginia Mountaineers,TCU Horned Frogs,False,True,TCU Horned Frogs,0.6103555725142561,0.6103555725142561,0.3896444274857439,26.94678106558783,23.356324311586416,3.5904567540014156
2026-09-23T23:32:27.780138+00:00,2026-09-20T03:00Z,401858270,2026-10-24T04:00Z,8,California Golden Bears,SMU Mustangs,False,True,SMU Mustangs,0.85900355655909,0.85900355655909,0.14099644344091,34.932540666363444,20.476233497666176,14.456307168697268
2026-09-23T23:32:27.780138+00:00,2026-09-20T03:00Z,401858273,2026-10-24T04:00Z,8,Boston College Eagles,Georgia Tech Yellow Jackets,False,True,Georgia Tech Yellow Jackets,0.6773629992616859,0.6773629992616859,0.32263700073831414,26.731647970496734,20.79821226911611,5.933435701380624
2026-09-23T23:32:27.780138+00:00,2026-09-20T03:00Z,401858274,2026-10-24T04:00Z,8,Pittsburgh Panthers,Miami Hurricanes,False,True,Miami Hurricanes,0.8018230951173747,0.8018230951173747,0.1981769048826253,29.260999520993995,18.079176216351442,11.181823304642553
2026-09-23T23:32:27.780138+00:00,2026-09-20T03:00Z,401858275,2026-10-24T04:00Z,8,Syracuse Orange,North Carolina Tar Heels,False,True,North Carolina Tar Heels,0.679439865240404,0.679439865240404,0.320560134759596,22.33983676904684,16.33024601371356,6.0095907553332815
2026-09-23T23:32:27.780138+00:00,2026-09-20T03:00Z,401858276,2026-10-24T04:00Z,8,Virginia Tech Hokies,Clemson Tigers,False,True,Virginia Tech Hokies,0.6886466940252359,0.31135330597476407,0.6886466940252359,24.9236883400619,31.274088813943173,-6.3504004738812725
2026-09-23T23:32:27.780138+00:00,2026-09-20T03:00Z,401858495,2026-10-24T04:00Z,8,Oregon Ducks,Illinois Fighting Illini,False,True,Oregon Ducks,0.5263922275865113,0.4736077724134887,0.5263922275865113,33.09556062909791,33.94089758827973,-0.8453369591818216
2026-09-23T23:32:27.780138+00:00,2026-09-20T03:00Z,401858496,2026-10-24T04:00Z,8,Indiana Hoosiers,Michigan Wolverines,False,True,Indiana Hoosiers,0.8556086122968602,0.1443913877031398,0.8556086122968602,14.77875790783135,29.013041589596458,-14.234283681765108
2026-09-23T23:32:27.780138+00:00,2026-09-20T03:00Z,401858497,2026-10-24T04:00Z,8,Iowa Hawkeyes,Minnesota Golden Gophers,False,True,Iowa Hawkeyes,0.8235131391689932,0.17648686083100684,0.8235131391689932,12.112652139039337,24.435316731414694,-12.322664592375357
2026-09-23T23:32:27.780138+00:00,2026-09-20T03:00Z,401858498,2026-10-24T04:00Z,8,Rutgers Scarlet Knights,Northwestern Wildcats,False,True,Northwestern Wildcats,0.9156459865798467,0.9156459865798467,0.08435401342015325,37.491143705423355,18.41428431325979,19.076859392163563
2026-09-23T23:32:27.780138+00:00,2026-09-20T03:00Z,401858499,2026-10-24T04:00Z,8,Michigan State Spartans,UCLA Bruins,False,True,UCLA Bruins,0.6037409061932936,0.6037409061932936,0.39625909380670643,27.778588559309668,24.409973614913277,3.3686149443963913
2026-09-23T23:32:27.780138+00:00,2026-09-20T03:00Z,401858500,2026-10-24T04:00Z,8,USC Trojans,Wisconsin Badgers,False,True,USC Trojans,0.6433364995901265,0.35666350040987344,0.6433364995901265,28.488209488701447,33.207210716449055,-4.719001227747608
2026-09-23T23:32:27.780138+00:00,2026-09-20T03:00Z,401862809,2026-10-24T04:00Z,8,Rice Owls,Florida Atlantic Owls,False,True,Florida Atlantic Owls,0.6872784441252667,0.6872784441252667,0.31272155587473327,32.40449058994288,26.105080047995386,6.299410541947495
2026-09-23T23:32:27.780138+00:00,2026-09-20T03:00Z,401862811,2026-10-24T04:00Z,8,UTSA Roadrunners,Tulane Green Wave,False,True,Tulane Green Wave,0.5180394618277426,0.5180394618277426,0.48196053817225737,21.202273290325685,20.624759843882373,0.5775134464433123
2026-09-23T23:32:27.780138+00:00,2026-09-20T03:00Z,401864526,2026-10-24T04:00Z,8,Hawai'i Rainbow Warriors,Northern Illinois Huskies,False,True,Hawai'i Rainbow Warriors,0.5792034021255772,0.42079659787442286,0.5792034021255772,23.715197608930477,26.271230716116236,-2.5560331071857583
2026-09-23T23:32:27.780138+00:00,2026-09-20T03:00Z,401866446,2026-10-24T04:00Z,8,Akron Zips,Kent State Golden Flashes,False,True,Akron Zips,0.6274064419063136,0.37259355809368644,0.6274064419063136,27.474583522123552,31.643434677124603,-4.16885115500105
2026-09-23T23:32:27.780138+00:00,2026-09-20T03:00Z,401866447,2026-10-24T04:00Z,8,Sacramento State Hornets,Ball State Cardinals,False,True,Sacramento State Hornets,0.5782078799309811,0.42179212006901895,0.5782078799309811,26.47306654655761,28.996433519983174,-2.5233669734255635
2026-09-23T23:32:27.780138+00:00,2026-09-20T03:00Z,401866448,2026-10-24T04:00Z,8,Bowling Green Falcons,Buffalo Bulls,False,True,Buffalo Bulls,0.7592441355362355,0.7592441355362355,0.2407558644637645,36.008936173841555,26.820616411049322,9.188319762792233
2026-09-23T23:32:27.780138+00:00,2026-09-20T03:00Z,401866449,2026-10-24T04:00Z,8,Eastern Michigan Eagles,Ohio Bobcats,False,True,Ohio Bobcats,0.8152043208000638,0.8152043208000638,0.18479567919993622,35.55842857542209,23.684924541762623,11.873504033659469
2026-09-23T23:32:27.780138+00:00,2026-09-20T03:00Z,401866450,2026-10-24T04:00Z,8,Western Michigan Broncos,Toledo Rockets,False,True,Toledo Rockets,0.5415192836037798,0.5415192836037798,0.45848071639622023,26.79383173983072,25.462148184030042,1.3316835558006765
2026-09-23T23:32:27.780138+00:00,2026-09-20T03:00Z,401866476,2026-10-24T04:00Z,8,Miami (OH) RedHawks,Central Michigan Chippewas,False,True,Central Michigan Chippewas,0.5554451862862476,0.5554451862862476,0.4445548137137524,28.991218227753176,27.209645692824587,1.7815725349285891
2026-09-23T23:32:27.780138+00:00,2026-09-20T03:00Z,401869967,2026-10-24T04:00Z,8,Louisiana Ragin' Cajuns,Southern Miss Golden Eagles,False,True,Louisiana Ragin' Cajuns,0.7778790439852665,0.22212095601473347,0.7778790439852665,23.71212630183585,33.738917991638615,-10.026791689802767
2026-09-23T23:32:27.780138+00:00,2026-09-20T03:00Z,401871093,2026-10-24T04:00Z,8,Old Dominion Monarchs,Louisiana Tech Bulldogs,False,True,Old Dominion Monarchs,0.5539233739354873,0.4460766260645127,0.5539233739354873,24.853279321540068,26.58556426876175,-1.7322849472216824
2026-09-23T23:32:27.780138+00:00,2026-09-20T03:00Z,401871094,2026-10-24T04:00Z,8,UL Monroe Warhawks,Troy Trojans,False,True,Troy Trojans,0.8745952379396066,0.8745952379396066,0.12540476206039342,32.069095623641914,16.53137889020883,15.537716733433083
2026-09-23T23:32:27.780138+00:00,2026-09-20T03:00Z,401856728,2026-10-24T16:00Z,8,LSU Tigers,Auburn Tigers,False,True,LSU Tigers,0.6888015385971389,0.31119846140286106,0.6888015385971389,21.377778644346375,27.733957353409618,-6.356178709063244
2026-09-23T23:32:27.780138+00:00,2026-09-20T03:00Z,401862810,2026-10-24T19:30Z,8,North Texas Mean Green,Navy Midshipmen,False,True,North Texas Mean Green,0.6912936611155698,0.30870633888443016,0.6912936611155698,31.780545834288503,38.22993981807742,-6.449393983788916
2026-09-23T23:32:27.780138+00:00,2026-09-20T03:00Z,401864528,2026-10-24T21:00Z,8,San José State Spartans,Nevada Wolf Pack,False,True,Nevada Wolf Pack,0.7221191442500008,0.7221191442500008,0.2778808557499992,29.111209862226055,21.471228265196007,7.639981597030047
2026-09-23T23:32:27.780138+00:00,2026-09-20T03:00Z,401860907,2026-10-24T22:00Z,8,Boise State Broncos,Washington State Cougars,False,True,Boise State Broncos,0.7294167035947621,0.27058329640523787,0.7294167035947621,18.263850342506817,26.197171884365666,-7.933321541858849
2026-09-23T23:32:27.780138+00:00,2026-09-20T03:00Z,401860905,2026-10-24T22:30Z,8,San Diego State Aztecs,Colorado State Rams,False,True,Colorado State Rams,0.5140600925798561,0.5140600925798561,0.4859399074201439,23.669571202879105,23.219529592610222,0.4500416102688831
2026-09-23T23:32:27.780138+00:00,2026-09-20T03:00Z,401869935,2026-10-24T23:00Z,8,Georgia State Panthers,Arkansas State Red Wolves,False,True,Georgia State Panthers,0.5741042487677791,0.4258957512322209,0.5741042487677791,28.96612114001292,31.355052315908843,-2.388931175895923
2026-09-23T23:32:27.780138+00:00,2026-09-20T03:00Z,401860906,2026-10-24T23:30Z,8,Utah State Aggies,Texas State Bobcats,False,True,Texas State Bobcats,0.5022464726294953,0.5022464726294953,0.4977535273705047,29.388657825091496,29.316770217223944,0.0718876078675521
2026-09-23T23:32:27.780138+00:00,2026-09-20T03:00Z,401864527,2026-10-25T02:00Z,8,North Dakota State Bison,New Mexico Lobos,False,True,New Mexico Lobos,0.599758460325583,0.599758460325583,0.400241539674417,23.728861600056437,20.493191248135183,3.2356703519212537
2026-09-23T23:32:27.780138+00:00,2026-09-20T03:00Z,401871071,2026-10-27T23:00Z,9,Delaware Blue Hens,Western Kentucky Hilltoppers,False,True,Delaware Blue Hens,0.7735249528939416,0.2264750471060584,0.7735249528939416,23.781860154505317,33.60844541579657,-9.82658526129125
2026-09-23T23:32:27.780138+00:00,2026-09-20T03:00Z,401871072,2026-10-28T00:00Z,9,Sam Houston Bearkats,Missouri State Bears,False,True,Sam Houston Bearkats,0.5493483079447565,0.4506516920552435,0.5493483079447565,23.924053442252674,25.508356972998797,-1.5843035307461228
2026-09-23T23:32:27.780138+00:00,2026-09-20T03:00Z,401871058,2026-10-28T23:00Z,9,Kennesaw State Owls,Middle Tennessee Blue Raiders,False,True,Middle Tennessee Blue Raiders,0.7098685885150582,0.7098685885150582,0.2901314114849418,26.82767176668752,19.669704543387702,7.157967223299817
2026-09-23T23:32:27.780138+00:00,2026-09-20T03:00Z,401871057,2026-10-29T00:00Z,9,Jacksonville State Gamecocks,New Mexico State Aggies,False,True,Jacksonville State Gamecocks,0.5451819457039384,0.4548180542960616,0.5451819457039384,23.895245983989543,25.345022991735625,-1.449777007746082
2026-09-23T23:32:27.780138+00:00,2026-09-20T03:00Z,401862812,2026-10-29T23:30Z,9,Florida Atlantic Owls,North Texas Mean Green,False,True,North Texas Mean Green,0.8743918256928672,0.8743918256928672,0.12560817430713278,44.55095394410313,29.028063909195588,15.52289003490754
2026-09-23T23:32:27.780138+00:00,2026-09-20T03:00Z,401869963,2026-10-29T23:30Z,9,Troy Trojans,James Madison Dukes,False,True,James Madison Dukes,0.8755870753634947,0.8755870753634947,0.12441292463650533,29.073945167710118,13.463636896124186,15.610308271585932
2026-09-23T23:32:27.780138+00:00,2026-09-20T03:00Z,401862813,2026-10-30T23:00Z,9,Tulane Green Wave,Charlotte 49ers,False,True,Tulane Green Wave,0.8049152573928086,0.19508474260719144,0.8049152573928086,13.529003486544086,24.867427165925523,-11.338423679381437
2026-09-23T23:32:27.780138+00:00,2026-09-20T03:00Z,401856844,2026-10-30T23:30Z,9,Baylor Bears,UCF Knights,False,True,UCF Knights,0.511848144414188,0.511848144414188,0.488151855585812,23.629400467001233,23.250188857560385,0.37921160944084775
2026-09-23T23:32:27.780138+00:00,2026-09-20T03:00Z,401866451,2026-10-31T02:30Z,9,Kent State Golden Flashes,Sacramento State Hornets,False,True,Sacramento State Hornets,0.7718915801250225,0.7718915801250225,0.22810841987497754,33.619251992021816,23.867067526308052,9.752184465713764
2026-09-23T23:32:27.780138+00:00,2026-09-20T03:00Z,401856733,2026-10-31T04:00Z,9,Missouri Tigers,Arkansas Razorbacks,False,True,Missouri Tigers,0.7669572415670203,0.23304275843297978,0.7669572415670203,23.663692588606075,33.19336541152667,-9.529672822920595
2026-09-23T23:32:27.780138+00:00,2026-09-20T03:00Z,401856735,2026-10-31T04:00Z,9,Auburn Tigers,Ole Miss Rebels,False,True,Ole Miss Rebels,0.7752413576843926,0.7752413576843926,0.22475864231560738,32.85228039727039,22.947102121191126,9.905178276079265
2026-09-23T23:32:27.780138+00:00,2026-09-20T03:00Z,401856736,2026-10-31T04:00Z,9,South Carolina Gamecocks,Oklahoma Sooners,False,True,Oklahoma Sooners,0.6031414783695374,0.6031414783695374,0.39685852163046265,21.189976979775313,17.8414014206935,3.3485755590818123
2026-09-23T23:32:27.780138+00:00,2026-09-20T03:00Z,401856737,2026-10-31T04:00Z,9,Mississippi State Bulldogs,Texas Longhorns,False,True,Texas Longhorns,0.7493155872895448,0.7493155872895448,0.25068441271045516,34.61844280609467,25.85871951442306,8.759723291671609
2026-09-23T23:32:27.780138+00:00,2026-09-20T03:00Z,401856842,2026-10-31T04:00Z,9,Arizona Wildcats,Texas Tech Red Raiders,False,True,Texas Tech Red Raiders,0.7008426246990994,0.7008426246990994,0.2991573753009006,30.313836107147498,23.503327411420134,6.810508695727364
2026-09-23T23:32:27.780138+00:00,2026-09-20T03:00Z,401856843,2026-10-31T04:00Z,9,Arizona State Sun Devils,BYU Cougars,False,True,BYU Cougars,0.8538271193092727,0.8538271193092727,0.1461728806907273,31.98634285724937,17.86683324627664,14.119509610972727
2026-09-23T23:32:27.780138+00:00,2026-09-20T03:00Z,401856845,2026-10-31T04:00Z,9,Kansas Jayhawks,TCU Horned Frogs,False,True,TCU Horned Frogs,0.7465450191249354,0.7465450191249354,0.2534549808750646,27.2690228632547,18.626865222700086,8.642157640554615
2026-09-23T23:32:27.780138+00:00,2026-09-20T03:00Z,401856846,2026-10-31T04:00Z,9,Kansas State Wildcats,Colorado Buffaloes,False,True,Kansas State Wildcats,0.8607411287859003,0.13925887121409974,0.8607411287859003,16.925215988272114,31.49688968352953,-14.571673695257417
2026-09-23T23:32:27.780138+00:00,2026-09-20T03:00Z,401856847,2026-10-31T04:00Z,9,Oklahoma State Cowboys,Iowa State Cyclones,False,True,Iowa State Cyclones,0.9181411987991397,0.9181411987991397,0.08185880120086031,33.68228694899544,14.34344403964926,19.33884290934618
2026-09-23T23:32:27.780138+00:00,2026-09-20T03:00Z,401856848,2026-10-31T04:00Z,9,Utah Utes,Cincinnati Bearcats,False,True,Utah Utes,0.9004594221679348,0.09954057783206514,0.9004594221679348,17.042255658500572,34.660973448240235,-17.618717789739662
2026-09-23T23:32:27.780138+00:00,2026-09-20T03:00Z,401858277,2026-10-31T04:00Z,9,California Golden Bears,NC State Wolfpack,False,True,NC State Wolfpack,0.6743735567125733,0.6743735567125733,0.32562644328742674,30.077934559921268,24.253667752189806,5.824266807731462
2026-09-23T23:32:27.780138+00:00,2026-09-20T03:00Z,401858278,2026-10-31T04:00Z,9,SMU Mustangs,Syracuse Orange,False,True,SMU Mustangs,0.8027845314838209,0.1972154685161791,0.8027845314838209,18.061094704588292,29.29141045407959,-11.230315749491297
2026-09-23T23:32:27.780138+00:00,2026-09-20T03:00Z,401858279,2026-10-31T04:00Z,9,Boston College Eagles,Duke Blue Devils,False,True,Duke Blue Devils,0.9083197541142396,0.9083197541142396,0.0916802458857604,32.02496905095468,13.678652780909491,18.34631627004519
2026-09-23T23:32:27.780138+00:00,2026-09-20T03:00Z,401858280,2026-10-31T04:00Z,9,Clemson Tigers,Florida State Seminoles,False,True,Florida State Seminoles,0.7329604000771083,0.7329604000771083,0.2670395999228917,31.146919358410937,23.069361644369803,8.077557714041134
2026-09-23T23:32:27.780138+00:00,2026-09-20T03:00Z,401858281,2026-10-31T04:00Z,9,Georgia Tech Yellow Jackets,Pittsburgh Panthers,False,True,Pittsburgh Panthers,0.8758431470473473,0.8758431470473473,0.12415685295265266,31.62472644904227,15.995595972106788,15.629130476935483
2026-09-23T23:32:27.780138+00:00,2026-09-20T03:00Z,401858282,2026-10-31T04:00Z,9,Miami Hurricanes,North Carolina Tar Heels,False,True,Miami Hurricanes,0.9257136139338109,0.07428638606618915,0.9257136139338109,11.280269467536444,31.461367138928352,-20.18109767139191
2026-09-23T23:32:27.780138+00:00,2026-09-20T03:00Z,401858283,2026-10-31T04:00Z,9,Stanford Cardinal,Louisville Cardinals,False,True,Louisville Cardinals,0.935257843357922,0.935257843357922,0.06474215664207805,41.91545761154062,20.552180017402513,21.363277594138104
2026-09-23T23:32:27.780138+00:00,2026-09-20T03:00Z,401858284,2026-10-31T04:00Z,9,Virginia Cavaliers,Wake Forest Demon Deacons,False,True,Virginia Cavaliers,0.5614551669741814,0.43854483302581865,0.5614551669741814,25.25542627871434,27.231985298785403,-1.9765590200710648
2026-09-23T23:32:27.780138+00:00,2026-09-20T03:00Z,401858501,2026-10-31T04:00Z,9,Minnesota Golden Gophers,Indiana Hoosiers,False,True,Indiana Hoosiers,0.9663304473640885,0.9663304473640885,0.03366955263591154,34.61114517167849,7.755849912671875,26.85529525900661
2026-09-23T23:32:27.780138+00:00,2026-09-20T03:00Z,401858502,2026-10-31T04:00Z,9,Wisconsin Badgers,Iowa Hawkeyes,False,True,Iowa Hawkeyes,0.7866943042142406,0.7866943042142406,0.21330569578575942,25.802255064510824,15.361347761140856,10.440907303369968
2026-09-23T23:32:27.780138+00:00,2026-09-20T03:00Z,401858503,2026-10-31T04:00Z,9,Illinois Fighting Illini,Maryland Terrapins,False,True,Maryland Terrapins,0.5164439721018679,0.5164439721018679,0.4835560278981321,29.012210148872455,28.485813200233927,0.5263969486385278
2026-09-23T23:32:27.780138+00:00,2026-09-20T03:00Z,401858504,2026-10-31T04:00Z,9,Washington Huskies,Nebraska Cornhuskers,False,True,Nebraska Cornhuskers,0.7426013871566797,0.7426013871566797,0.25739861284332033,29.702854158349737,21.226586128943936,8.476268029405801
2026-09-23T23:32:27.780138+00:00,2026-09-20T03:00Z,401858505,2026-10-31T04:00Z,9,Northwestern Wildcats,Oregon Ducks,False,True,Oregon Ducks,0.5084129582071146,0.5084129582071146,0.49158704179288537,29.073531116473443,28.804291043610263,0.2692400728631803
2026-09-23T23:32:27.780138+00:00,2026-09-20T03:00Z,401858506,2026-10-31T04:00Z,9,Purdue Boilermakers,Penn State Nittany Lions,False,True,Penn State Nittany Lions,0.9561984212629663,0.9561984212629663,0.04380157873703372,42.32543966168471,17.65907498824358,24.66636467344113
2026-09-23T23:32:27.780138+00:00,2026-09-20T03:00Z,401858507,2026-10-31T04:00Z,9,Michigan Wolverines,Rutgers Scarlet Knights,False,True,Michigan Wolverines,0.8555501701217443,0.1444498298782557,0.8555501701217443,19.78605468576164,34.01655457881702,-14.23049989305538
2026-09-23T23:32:27.780138+00:00,2026-09-20T03:00Z,401858508,2026-10-31T04:00Z,9,Nevada Wolf Pack,UCLA Bruins,False,True,UCLA Bruins,0.8187204369985106,0.8187204369985106,0.1812795630014894,34.94016240278974,22.87854406546726,12.061618337322479
2026-09-23T23:32:27.780138+00:00,2026-09-20T03:00Z,401858509,2026-10-31T04:00Z,9,Ohio State Buckeyes,USC Trojans,False,True,Ohio State Buckeyes,0.7420791194212176,0.2579208805787824,0.7420791194212176,26.66242200531734,35.116845957024545,-8.454423951707206
2026-09-23T23:32:27.780138+00:00,2026-09-20T03:00Z,401860924,2026-10-31T04:00Z,9,Oregon State Beavers,Fresno State Bulldogs,False,True,Fresno State Bulldogs,0.7782357291756169,0.7782357291756169,0.2217642708243831,26.5547654414643,16.511449461464448,10.043315979999853
2026-09-23T23:32:27.780138+00:00,2026-09-20T03:00Z,401862814,2026-10-31T04:00Z,9,Army Black Knights,Memphis Tigers,False,True,Memphis Tigers,0.5634627949138582,0.5634627949138582,0.4365372050861418,27.35354928739944,25.31172769031673,2.041821597082709
2026-09-23T23:32:27.780138+00:00,2026-09-20T03:00Z,401862815,2026-10-31T04:00Z,9,Temple Owls,East Carolina Pirates,False,True,East Carolina Pirates,0.5365968423373237,0.5365968423373237,0.46340315766267626,28.380157694700728,27.206960676254344,1.173197018446384
2026-09-23T23:32:27.780138+00:00,2026-09-20T03:00Z,401862816,2026-10-31T04:00Z,9,UAB Blazers,South Florida Bulls,False,True,South Florida Bulls,0.9123949880665826,0.9123949880665826,0.08760501193341741,34.87386022006569,16.12798192321854,18.745878296847145
2026-09-23T23:32:27.780138+00:00,2026-09-20T03:00Z,401864529,2026-10-31T04:00Z,9,New Mexico Lobos,San José State Spartans,False,True,New Mexico Lobos,0.8320269699541042,0.16797303004589584,0.8320269699541042,16.75999480012114,29.560486200369777,-12.800491400248635
2026-09-23T23:32:27.780138+00:00,2026-09-20T03:00Z,401869846,2026-10-31T04:00Z,9,App State Mountaineers,Georgia Southern Eagles,False,True,App State Mountaineers,0.5372469072390076,0.46275309276099236,0.5372469072390076,25.696387600283373,26.89050075216498,-1.1941131518816057
2026-09-23T23:32:27.780138+00:00,2026-09-20T03:00Z,401869944,2026-10-31T04:00Z,9,Coastal Carolina Chanticleers,Georgia State Panthers,False,True,Georgia State Panthers,0.5769347556939416,0.5769347556939416,0.4230652443060584,30.339284271118657,27.857662062716365,2.4816222084022925
2026-09-23T23:32:27.780138+00:00,2026-09-20T03:00Z,401871095,2026-10-31T04:00Z,9,Southern Miss Golden Eagles,UL Monroe Warhawks,False,True,UL Monroe Warhawks,0.5450924858734516,0.5450924858734516,0.4549075141265484,29.396025546972716,27.949134775111567,1.446890771861149
2026-09-23T23:32:27.780138+00:00,2026-09-20T03:00Z,401871096,2026-10-31T04:00Z,9,Marshall Thundering Herd,Old Dominion Monarchs,False,True,Old Dominion Monarchs,0.7207728126917243,0.7207728126917243,0.27922718730827567,30.009996348810173,22.4236103852256,7.586385963584572
2026-09-23T23:32:27.780138+00:00,2026-09-20T03:00Z,401871097,2026-10-31T04:00Z,9,Louisiana Tech Bulldogs,South Alabama Jaguars,False,True,South Alabama Jaguars,0.646731414302265,0.646731414302265,0.353268585697735,33.14603483582456,28.30841523609653,4.837619599728029
2026-09-23T23:32:27.780138+00:00,2026-09-20T03:00Z,401859185,2026-10-31T16:00Z,9,Notre Dame Fighting Irish,Navy Midshipmen,True,True,Notre Dame Fighting Irish,0.9771441264318357,0.022855873568164337,0.9771441264318357,13.0040254004702,43.04743361884307,-30.043408218372875
2026-09-23T23:32:27.780138+00:00,2026-09-20T03:00Z,401866452,2026-10-31T16:00Z,9,Bowling Green Falcons,Western Michigan Broncos,False,True,Western Michigan Broncos,0.9520703194547009,0.9520703194547009,0.047929680545299114,35.039255176073816,11.12802358476441,23.911231591309406
2026-09-23T23:32:27.780138+00:00,2026-09-20T03:00Z,401861966,2026-10-31T19:00Z,9,UConn Huskies,Air Force Falcons,False,True,Air Force Falcons,0.5563941010474027,0.5563941010474027,0.4436058989525973,34.557575604355435,32.74525316678517,1.8123224375702662
2026-09-23T23:32:27.780138+00:00,2026-09-20T03:00Z,401856734,2026-10-31T19:30Z,9,Florida Gators,Georgia Bulldogs,True,True,Georgia Bulldogs,0.7174147786578038,0.7174147786578038,0.2825852213421962,40.70480451627614,33.251412583252645,7.453391933023497
2026-09-23T23:32:27.780138+00:00,2026-09-20T03:00Z,401860910,2026-10-31T19:30Z,9,Colorado State Rams,Utah State Aggies,False,True,Utah State Aggies,0.6511992903815188,0.6511992903815188,0.3488007096184812,28.114242991098525,23.119723003183665,4.99451998791486
2026-09-23T23:32:27.780138+00:00,2026-09-20T03:00Z,401864531,2026-10-31T19:30Z,9,UTEP Miners,North Dakota State Bison,False,True,North Dakota State Bison,0.9694810870463799,0.9694810870463799,0.03051891295362008,43.14248572105005,15.475170694860566,27.667315026189485
2026-09-23T23:32:27.780138+00:00,2026-09-20T03:00Z,401871059,2026-10-31T19:30Z,9,Florida International Panthers,Liberty Flames,False,True,Liberty Flames,0.7735226385697028,0.7735226385697028,0.22647736143029717,24.643418551960316,14.816938976784378,9.826479575175938
2026-09-23T23:32:27.780138+00:00,2026-09-20T03:00Z,401860909,2026-10-31T23:00Z,9,Washington State Cougars,San Diego State Aztecs,False,True,San Diego State Aztecs,0.5794697586345494,0.5794697586345494,0.4205302413654506,18.383163342372534,15.818386688903338,2.5647766534691954
2026-09-23T23:32:27.780138+00:00,2026-09-20T03:00Z,401860908,2026-11-01T02:00Z,9,Texas State Bobcats,Boise State Broncos,False,True,Boise State Broncos,0.8148008447649806,0.8148008447649806,0.1851991552350194,38.23606536072877,26.38396967839041,11.852095682338362
2026-09-23T23:32:27.780138+00:00,2026-09-20T03:00Z,401864530,2026-11-01T02:30Z,9,Northern Illinois Huskies,UNLV Rebels,False,True,UNLV Rebels,0.7760440760111994,0.7760440760111994,0.2239559239888006,26.588399613430944,16.646319189693614,9.94208042373733
2026-09-23T23:32:27.780138+00:00,2026-09-20T03:00Z,401866453,2026-11-04T00:00Z,10,Ohio Bobcats,Akron Zips,False,True,Ohio Bobcats,0.784784875742851,0.21521512425714895,0.784784875742851,24.114565213923598,34.46473746002331,-10.35017224609971
2026-09-23T23:32:27.780138+00:00,2026-09-20T03:00Z,401866454,2026-11-04T00:00Z,10,Buffalo Bulls,Miami (OH) RedHawks,False,True,Miami (OH) RedHawks,0.673935522848188,0.673935522848188,0.32606447715181197,36.76087670537973,30.952562318005985,5.808314387373745
2026-09-23T23:32:27.780138+00:00,2026-09-20T03:00Z,401866455,2026-11-04T05:00Z,10,Ball State Cardinals,Massachusetts Minutemen,False,True,Massachusetts Minutemen,0.8378703788104186,0.8378703788104186,0.1621296211895814,35.301239892794996,22.16150178722775,13.139738105567247
2026-09-23T23:32:27.780138+00:00,2026-09-20T03:00Z,401866456,2026-11-04T05:00Z,10,Central Michigan Chippewas,Eastern Michigan Eagles,True,True,Central Michigan Chippewas,0.6741825533970788,0.3258174466029212,0.6741825533970788,21.77958509816245,27.596894539782618,-5.817309441620168
2026-09-23T23:32:27.780138+00:00,2026-09-20T03:00Z,401866457,2026-11-04T05:00Z,10,Toledo Rockets,Sacramento State Hornets,False,True,Toledo Rockets,0.8695424311006215,0.13045756889937857,0.8695424311006215,22.43558966344336,37.610942468806556,-15.175352805363197
2026-09-23T23:32:27.780138+00:00,2026-09-20T03:00Z,401862817,2026-11-06T01:00Z,10,UTSA Roadrunners,Florida Atlantic Owls,False,True,UTSA Roadrunners,0.7657871705813634,0.2342128294186366,0.7657871705813634,23.941818564350257,33.41921101652701,-9.477392452176751
2026-09-23T23:32:27.780138+00:00,2026-09-20T03:00Z,401869964,2026-11-06T01:00Z,10,James Madison Dukes,Southern Miss Golden Eagles,False,True,James Madison Dukes,0.9558228317020002,0.04417716829799975,0.9558228317020002,13.343676047593835,37.938591824474,-24.594915776880168
2026-09-23T23:32:27.780138+00:00,2026-09-20T03:00Z,401858288,2026-11-07T00:00Z,10,Virginia Tech Hokies,SMU Mustangs,False,True,SMU Mustangs,0.5585378506119257,0.5585378506119257,0.44146214938807427,31.169466499527875,29.287625670690304,1.8818408288375714
2026-09-23T23:32:27.780138+00:00,2026-09-20T03:00Z,401862818,2026-11-07T00:30Z,10,South Florida Bulls,East Carolina Pirates,False,True,South Florida Bulls,0.7052326920449393,0.2947673079550607,0.7052326920449393,21.060615420005732,28.03934781602019,-6.978732396014458
2026-09-23T23:32:27.780138+00:00,2026-09-20T03:00Z,401858510,2026-11-07T01:00Z,10,Nebraska Cornhuskers,Illinois Fighting Illini,False,True,Nebraska Cornhuskers,0.6636204514576588,0.3363795485423412,0.6636204514576588,29.320289152233144,34.75605111705563,-5.435761964822483
2026-09-23T23:32:27.780138+00:00,2026-09-20T03:00Z,401864533,2026-11-07T02:00Z,10,New Mexico Lobos,Nevada Wolf Pack,False,True,New Mexico Lobos,0.7099340413354329,0.290065958664567,0.7099340413354329,19.012905130035172,26.17341493325376,-7.160509803218588
2026-09-23T23:32:27.780138+00:00,2026-09-20T03:00Z,401856855,2026-11-07T03:15Z,10,TCU Horned Frogs,Arizona Wildcats,False,True,Arizona Wildcats,0.6490454982397718,0.6490454982397718,0.35095450176022824,24.859774690650013,19.941004859100165,4.918769831549849
2026-09-23T23:32:27.780138+00:00,2026-09-20T03:00Z,401856738,2026-11-07T05:00Z,10,Arkansas Razorbacks,Auburn Tigers,False,True,Auburn Tigers,0.8308443251815628,0.8308443251815628,0.16915567481843719,33.48570725616935,20.752723261817902,12.732983994351446
2026-09-23T23:32:27.780138+00:00,2026-09-20T03:00Z,401856739,2026-11-07T05:00Z,10,Oklahoma Sooners,Florida Gators,False,True,Florida Gators,0.5838891961820765,0.5838891961820765,0.41611080381792354,27.342868414151425,24.632791197069324,2.7100772170821017
2026-09-23T23:32:27.780138+00:00,2026-09-20T03:00Z,401856740,2026-11-07T05:00Z,10,Alabama Crimson Tide,LSU Tigers,False,True,Alabama Crimson Tide,0.6127662222199779,0.38723377778002216,0.6127662222199779,29.54631993400381,33.21795920527806,-3.671639271274252
2026-09-23T23:32:27.780138+00:00,2026-09-20T03:00Z,401856741,2026-11-07T05:00Z,10,Georgia Bulldogs,Ole Miss Rebels,False,True,Georgia Bulldogs,0.6131659338183058,0.38683406618169425,0.6131659338183058,31.987016419404185,35.67213449271844,-3.685118073314257
2026-09-23T23:32:27.780138+00:00,2026-09-20T03:00Z,401856742,2026-11-07T05:00Z,10,Vanderbilt Commodores,Mississippi State Bulldogs,False,True,Mississippi State Bulldogs,0.8060497649529997,0.8060497649529997,0.19395023504700026,42.43843207554232,31.04208105203508,11.396351023507243
2026-09-23T23:32:27.780138+00:00,2026-09-20T03:00Z,401856743,2026-11-07T05:00Z,10,Texas Longhorns,Missouri Tigers,False,True,Texas Longhorns,0.8215957607680606,0.17840423923193932,0.8215957607680606,17.791132481016675,30.008704613011027,-12.217572131994352
2026-09-23T23:32:27.780138+00:00,2026-09-20T03:00Z,401856744,2026-11-07T05:00Z,10,Texas A&M Aggies,South Carolina Gamecocks,False,True,Texas A&M Aggies,0.5385046939768781,0.4614953060231219,0.5385046939768781,28.021295870023067,29.255890514511925,-1.2345946444888583
2026-09-23T23:32:27.780138+00:00,2026-09-20T03:00Z,401856745,2026-11-07T05:00Z,10,Kentucky Wildcats,Tennessee Volunteers,False,True,Tennessee Volunteers,0.7740332917976461,0.7740332917976461,0.22596670820235387,34.82365599414517,24.97383834821688,9.84981764592829
2026-09-23T23:32:27.780138+00:00,2026-09-20T03:00Z,401856849,2026-11-07T05:00Z,10,BYU Cougars,Utah Utes,False,True,Utah Utes,0.7906061312766525,0.7906061312766525,0.20939386872334753,29.84836647765976,19.219703371598655,10.628663106061104
2026-09-23T23:32:27.780138+00:00,2026-09-20T03:00Z,401856850,2026-11-07T05:00Z,10,UCF Knights,Kansas Jayhawks,False,True,UCF Knights,0.6106486780700504,0.38935132192994965,0.6106486780700504,21.867360107634585,25.467677880301082,-3.6003177726664966
2026-09-23T23:32:27.780138+00:00,2026-09-20T03:00Z,401856851,2026-11-07T05:00Z,10,Cincinnati Bearcats,Houston Cougars,False,True,Houston Cougars,0.677745859339286,0.677745859339286,0.322254140660714,30.6673024686418,24.71984736477962,5.947455103862179
2026-09-23T23:32:27.780138+00:00,2026-09-20T03:00Z,401856852,2026-11-07T05:00Z,10,Colorado Buffaloes,Arizona State Sun Devils,False,True,Arizona State Sun Devils,0.7466209956996562,0.7466209956996562,0.25337900430034377,26.53391916113996,17.888548926421052,8.645370234718907
2026-09-23T23:32:27.780138+00:00,2026-09-20T03:00Z,401856853,2026-11-07T05:00Z,10,Iowa State Cyclones,Baylor Bears,False,True,Iowa State Cyclones,0.6835275833682972,0.3164724166317028,0.6835275833682972,22.00017520848474,28.160422607428007,-6.160247398943266
2026-09-23T23:32:27.780138+00:00,2026-09-20T03:00Z,401856854,2026-11-07T05:00Z,10,Oklahoma State Cowboys,Kansas State Wildcats,False,True,Kansas State Wildcats,0.8968617347645014,0.8968617347645014,0.10313826523549863,35.10446603856435,17.80181612365964,17.302649914904705
2026-09-23T23:32:27.780138+00:00,2026-09-20T03:00Z,401856856,2026-11-07T05:00Z,10,West Virginia Mountaineers,Texas Tech Red Raiders,False,True,Texas Tech Red Raiders,0.8045481739350735,0.8045481739350735,0.1954518260649265,35.31961231363516,23.999877032356537,11.319735281278625
2026-09-23T23:32:27.780138+00:00,2026-09-20T03:00Z,401858285,2026-11-07T05:00Z,10,Clemson Tigers,Syracuse Orange,False,True,Clemson Tigers,0.5926084919843947,0.4073915080156053,0.5926084919843947,20.047557847841166,23.045632294613615,-2.998074446772449
2026-09-23T23:32:27.780138+00:00,2026-09-20T03:00Z,401858286,2026-11-07T05:00Z,10,Duke Blue Devils,NC State Wolfpack,False,True,Duke Blue Devils,0.7593816614685088,0.24061833853149114,0.7593816614685088,19.803227790611228,28.99756761589746,-9.194339825286232
2026-09-23T23:32:27.780138+00:00,2026-09-20T03:00Z,401858287,2026-11-07T05:00Z,10,Louisville Cardinals,Georgia Tech Yellow Jackets,False,True,Louisville Cardinals,0.7997155371595872,0.20028446284041285,0.7997155371595872,24.2816388040184,35.35777812933865,-11.076139325320248
2026-09-23T23:32:27.780138+00:00,2026-09-20T03:00Z,401858289,2026-11-07T05:00Z,10,Florida State Seminoles,Boston College Eagles,False,True,Florida State Seminoles,0.7691764182077776,0.2308235817922224,0.7691764182077776,22.335958687691868,31.965291904738912,-9.629333217047044
2026-09-23T23:32:27.780138+00:00,2026-09-20T03:00Z,401858290,2026-11-07T05:00Z,10,Merrimack Warriors,Wake Forest Demon Deacons,False,False,,,,,,,
2026-09-23T23:32:27.780138+00:00,2026-09-20T03:00Z,401858511,2026-11-07T05:00Z,10,Michigan State Spartans,Michigan Wolverines,False,True,Michigan Wolverines,0.6698209606402092,0.6698209606402092,0.33017903935979076,23.14823597981959,17.48923275663542,5.659003223184168
2026-09-23T23:32:27.780138+00:00,2026-09-20T03:00Z,401858512,2026-11-07T05:00Z,10,UCLA Bruins,Minnesota Golden Gophers,False,True,UCLA Bruins,0.6321212698770998,0.3678787301229002,0.6321212698770998,24.441307298497403,28.77193059695113,-4.330623298453727
2026-09-23T23:32:27.780138+00:00,2026-09-20T03:00Z,401858513,2026-11-07T05:00Z,10,Iowa Hawkeyes,Northwestern Wildcats,False,True,Iowa Hawkeyes,0.5882926361358529,0.41170736386414714,0.5882926361358529,18.61014926080515,21.46544277683082,-2.855293516025668
2026-09-23T23:32:27.780138+00:00,2026-09-20T03:00Z,401858514,2026-11-07T05:00Z,10,Oregon Ducks,Ohio State Buckeyes,False,True,Ohio State Buckeyes,0.8970456821747819,0.8970456821747819,0.10295431782521813,38.18412601226907,20.865554693021735,17.318571319247333
2026-09-23T23:32:27.780138+00:00,2026-09-20T03:00Z,401858515,2026-11-07T05:00Z,10,Maryland Terrapins,Purdue Boilermakers,False,True,Maryland Terrapins,0.6656550375907819,0.334344962409218,0.6656550375907819,29.00456734804341,34.51335369371236,-5.508786345668952
2026-09-23T23:32:27.780138+00:00,2026-09-20T03:00Z,401858516,2026-11-07T05:00Z,10,Penn State Nittany Lions,Washington Huskies,False,True,Penn State Nittany Lions,0.7925820457081545,0.20741795429184545,0.7925820457081545,15.046617817144892,25.771099158138917,-10.724481340994025
2026-09-23T23:32:27.780138+00:00,2026-09-20T03:00Z,401858517,2026-11-07T05:00Z,10,Rutgers Scarlet Knights,Wisconsin Badgers,False,True,Wisconsin Badgers,0.8739567404515071,0.8739567404515071,0.12604325954849294,36.24234220575906,20.751096600939796,15.491245604819262
2026-09-23T23:32:27.780138+00:00,2026-09-20T03:00Z,401862819,2026-11-07T05:00Z,10,Charlotte 49ers,UAB Blazers,False,True,UAB Blazers,0.612004393754173,0.612004393754173,0.38799560624582696,24.233733694407416,20.587770123423603,3.645963570983813
2026-09-23T23:32:27.780138+00:00,2026-09-20T03:00Z,401862821,2026-11-07T05:00Z,10,Rice Owls,North Texas Mean Green,False,True,North Texas Mean Green,0.9225699014709786,0.9225699014709786,0.07743009852902139,42.992771914129776,23.170471337274734,19.822300576855042
2026-09-23T23:32:27.780138+00:00,2026-09-20T03:00Z,401862822,2026-11-07T05:00Z,10,Tulsa Golden Hurricane,Tulane Green Wave,False,True,Tulane Green Wave,0.69626210410799,0.69626210410799,0.30373789589200995,22.058484093236178,15.421995846355763,6.636488246880415
2026-09-23T23:32:27.780138+00:00,2026-09-20T03:00Z,401864532,2026-11-07T05:00Z,10,Hawai'i Rainbow Warriors,UTEP Miners,False,True,Hawai'i Rainbow Warriors,0.7524966428964246,0.24750335710357538,0.7524966428964246,25.65705226793582,34.552831382929945,-8.895779114994124
2026-09-23T23:32:27.780138+00:00,2026-09-20T03:00Z,401864534,2026-11-07T05:00Z,10,Northern Illinois Huskies,San José State Spartans,False,True,San José State Spartans,0.7251879585853421,0.7251879585853421,0.27481204141465787,29.1276886062223,21.364940636168562,7.762747970053738
2026-09-23T23:32:27.780138+00:00,2026-09-20T03:00Z,401869927,2026-11-07T05:00Z,10,Georgia State Panthers,App State Mountaineers,False,True,App State Mountaineers,0.5994824262099424,0.5994824262099424,0.4005175737900576,32.70116714573227,29.474695027427753,3.2264721183045175
2026-09-23T23:32:27.780138+00:00,2026-09-20T03:00Z,401869945,2026-11-07T05:00Z,10,Old Dominion Monarchs,Coastal Carolina Chanticleers,False,True,Old Dominion Monarchs,0.5765221256564179,0.4234778743435821,0.5765221256564179,22.629046616221476,25.097146218535553,-2.4680996023140764
2026-09-23T23:32:27.780138+00:00,2026-09-20T03:00Z,401869951,2026-11-07T05:00Z,10,Marshall Thundering Herd,Georgia Southern Eagles,False,True,Georgia Southern Eagles,0.5508321390732818,0.5508321390732818,0.44916786092671823,27.473826974248897,25.841559438153197,1.6322675360957
2026-09-23T23:32:27.780138+00:00,2026-09-20T03:00Z,401869968,2026-11-07T05:00Z,10,South Alabama Jaguars,Louisiana Ragin' Cajuns,False,True,Louisiana Ragin' Cajuns,0.5206397859613274,0.5206397859613274,0.47936021403867257,30.970034393844273,30.309185709637976,0.6608486842062966
2026-09-23T23:32:27.780138+00:00,2026-09-20T03:00Z,401871098,2026-11-07T05:00Z,10,Louisiana Tech Bulldogs,Troy Trojans,False,True,Troy Trojans,0.6357663379850389,0.6357663379850389,0.3642336620149611,26.668936276552785,22.212652177126984,4.456284099425801
2026-09-23T23:32:27.780138+00:00,2026-09-20T03:00Z,401858292,2026-11-07T17:00Z,10,North Carolina Tar Heels,UConn Huskies,False,True,UConn Huskies,0.5072430571344623,0.5072430571344623,0.49275694286553773,25.474220873564498,25.242426830553637,0.23179404301086137
2026-09-23T23:32:27.780138+00:00,2026-09-20T03:00Z,401869936,2026-11-07T20:00Z,10,UL Monroe Warhawks,Arkansas State Red Wolves,False,True,Arkansas State Red Wolves,0.741693386140917,0.741693386140917,0.25830661385908305,30.893636712672222,22.45532770125096,8.438309011421264
2026-09-23T23:32:27.780138+00:00,2026-09-20T03:00Z,401871073,2026-11-07T20:00Z,10,Delaware Blue Hens,Kennesaw State Owls,False,True,Delaware Blue Hens,0.682081972878567,0.31791802712143297,0.682081972878567,19.79589287175816,25.902743049796573,-6.106850178038414
2026-09-23T23:32:27.780138+00:00,2026-09-20T03:00Z,401862820,2026-11-07T20:30Z,10,Temple Owls,Navy Midshipmen,False,True,Navy Midshipmen,0.5036593527404816,0.5036593527404816,0.49634064725951843,31.57324486854913,31.456143490039246,0.11710137850988289
2026-09-23T23:32:27.780138+00:00,2026-09-20T03:00Z,401871076,2026-11-07T20:30Z,10,Western Kentucky Hilltoppers,Middle Tennessee Blue Raiders,False,True,Middle Tennessee Blue Raiders,0.795713014327237,0.795713014327237,0.20428698567276304,34.53337413268751,23.65567182613486,10.877702306552653
2026-09-23T23:32:27.780138+00:00,2026-09-20T03:00Z,401871074,2026-11-07T21:00Z,10,Missouri State Bears,Florida International Panthers,False,True,Florida International Panthers,0.8018999978710027,0.8018999978710027,0.19810000212899725,25.03035376035123,13.844658202699602,11.185695557651627
2026-09-23T23:32:27.780138+00:00,2026-09-20T03:00Z,401870795,2026-11-07T22:00Z,10,Liberty Flames,New Mexico State Aggies,False,True,Liberty Flames,0.8041025759902989,0.19589742400970106,0.8041025759902989,18.890886236817295,30.18797157898607,-11.297085342168774
2026-09-23T23:32:27.780138+00:00,2026-09-20T03:00Z,401860911,2026-11-07T23:00Z,10,Boise State Broncos,Colorado State Rams,False,True,Boise State Broncos,0.7530252973635745,0.24697470263642546,0.7530252973635745,24.11503485648258,33.033538134603354,-8.918503278120774
2026-09-23T23:32:27.780138+00:00,2026-09-20T03:00Z,401871075,2026-11-08T00:00Z,10,Sam Houston Bearkats,Jacksonville State Gamecocks,False,True,Jacksonville State Gamecocks,0.6676488805054003,0.6676488805054003,0.3323511194945997,27.879865204262945,22.299301936604195,5.58056326765875
2026-09-23T23:32:27.780138+00:00,2026-09-20T03:00Z,401858291,2026-11-08T00:30Z,10,Miami Hurricanes,Notre Dame Fighting Irish,False,True,Notre Dame Fighting Irish,0.7120261034423649,0.7120261034423649,0.28797389655763506,28.810824901584247,21.56886703116364,7.241957870420606
2026-09-23T23:32:27.780138+00:00,2026-09-20T03:00Z,401862823,2026-11-08T00:30Z,10,Air Force Falcons,Army Black Knights,False,True,Army Black Knights,0.6740196145672372,0.6740196145672372,0.32598038543276275,31.425101905276538,25.61372590489053,5.811376000386009
2026-09-23T23:32:27.780138+00:00,2026-09-20T03:00Z,401860913,2026-11-08T02:30Z,10,Fresno State Bulldogs,Utah State Aggies,False,True,Fresno State Bulldogs,0.5499306615500557,0.45006933844994435,0.5499306615500557,17.826392436248494,19.42951678849893,-1.6031243522504361
2026-09-23T23:32:27.780138+00:00,2026-09-20T03:00Z,401860912,2026-11-08T03:30Z,10,Texas State Bobcats,Oregon State Beavers,False,True,Texas State Bobcats,0.5159970144815305,0.4840029855184695,0.5159970144815305,32.0018272424399,32.51390647805687,-0.5120792356169659
2026-09-23T23:32:27.780138+00:00,2026-09-20T03:00Z,401864535,2026-11-08T03:30Z,10,Wyoming Cowboys,UNLV Rebels,False,True,UNLV Rebels,0.7959344867137416,0.7959344867137416,0.20406551328625844,22.698008476699428,11.809402128818599,10.88860634788083
2026-09-23T23:32:27.780138+00:00,2026-09-20T03:00Z,401866458,2026-11-11T00:00Z,11,Western Michigan Broncos,Akron Zips,False,True,Western Michigan Broncos,0.8982907300628504,0.10170926993714959,0.8982907300628504,13.067863956593659,30.494866516868903,-17.427002560275245
2026-09-23T23:32:27.780138+00:00,2026-09-20T03:00Z,401866459,2026-11-11T00:00Z,11,Kent State Golden Flashes,Bowling Green Falcons,False,True,Bowling Green Falcons,0.6705288122919016,0.6705288122919016,0.32947118770809836,33.703594305295354,28.018972181328465,5.684622123966889
2026-09-23T23:32:27.780138+00:00,2026-09-20T03:00Z,401866460,2026-11-11T00:00Z,11,Ohio Bobcats,Miami (OH) RedHawks,False,True,Ohio Bobcats,0.5571789909454714,0.44282100905452854,0.5571789909454714,32.114985136424764,33.952752263392654,-1.83776712696789
2026-09-23T23:32:27.780138+00:00,2026-09-20T03:00Z,401866461,2026-11-11T05:00Z,11,Buffalo Bulls,Ball State Cardinals,False,True,Buffalo Bulls,0.6694095040189574,0.33059049598104256,0.6694095040189574,29.348548643866682,34.9926730383376,-5.644124394470918
2026-09-23T23:32:27.780138+00:00,2026-09-20T03:00Z,401866462,2026-11-11T05:00Z,11,Sacramento State Hornets,Central Michigan Chippewas,False,True,Central Michigan Chippewas,0.7481614412531982,0.7481614412531982,0.25183855874680183,27.89568742856833,19.18504308522064,8.710644343347688
2026-09-23T23:32:27.780138+00:00,2026-09-20T03:00Z,401866463,2026-11-11T05:00Z,11,Massachusetts Minutemen,Toledo Rockets,False,True,Toledo Rockets,0.827765461192316,0.827765461192316,0.17223453880768402,37.299377709476694,24.740396036255184,12.55898167322151
2026-09-23T23:32:27.780138+00:00,2026-09-20T03:00Z,401862824,2026-11-13T01:00Z,11,Memphis Tigers,South Florida Bulls,False,True,South Florida Bulls,0.7190279758515972,0.7190279758515972,0.28097202414840283,32.94857379731742,25.43141251597667,7.517161281340751
2026-09-23T23:32:27.780138+00:00,2026-09-20T03:00Z,401869969,2026-11-13T02:00Z,11,Louisiana Ragin' Cajuns,UL Monroe Warhawks,False,True,Louisiana Ragin' Cajuns,0.789595283060786,0.210404716939214,0.789595283060786,22.09112858050039,32.671029498442,-10.579900917941615
2026-09-23T23:32:27.780138+00:00,2026-09-20T03:00Z,401858293,2026-11-14T00:00Z,11,Florida State Seminoles,Pittsburgh Panthers,False,True,Pittsburgh Panthers,0.7294145182177445,0.7294145182177445,0.2705854817822555,31.16247286761803,23.22923990634897,7.933232961269059
2026-09-23T23:32:27.780138+00:00,2026-09-20T03:00Z,401858526,2026-11-14T02:00Z,11,Illinois Fighting Illini,UCLA Bruins,False,True,UCLA Bruins,0.6058542399020946,0.6058542399020946,0.39414576009790536,34.66942311417354,31.230074005750865,3.4393491084226753
2026-09-23T23:32:27.780138+00:00,2026-09-20T03:00Z,401856860,2026-11-14T03:15Z,11,Houston Cougars,Colorado Buffaloes,False,True,Houston Cougars,0.7712327386557147,0.2287672613442852,0.7712327386557147,18.799501147049387,28.52178141292464,-9.722280265875252
2026-09-23T23:32:27.780138+00:00,2026-09-20T03:00Z,401856857,2026-11-14T05:00Z,11,Arizona State Sun Devils,UCF Knights,False,True,UCF Knights,0.627774829724544,0.627774829724544,0.372225170275456,24.265432555690563,20.083971890212997,4.181460665477566
2026-09-23T23:32:27.780138+00:00,2026-09-20T03:00Z,401856858,2026-11-14T05:00Z,11,Baylor Bears,BYU Cougars,False,True,BYU Cougars,0.7840892236006479,0.7840892236006479,0.21591077639935208,31.35031076856004,21.03305021362403,10.31726055493601
2026-09-23T23:32:27.780138+00:00,2026-09-20T03:00Z,401856859,2026-11-14T05:00Z,11,Cincinnati Bearcats,Iowa State Cyclones,False,True,Iowa State Cyclones,0.8325948449655604,0.8325948449655604,0.16740515503443965,32.220231649677785,19.387190121991967,12.833041527685818
2026-09-23T23:32:27.780138+00:00,2026-09-20T03:00Z,401856861,2026-11-14T05:00Z,11,Kansas Jayhawks,West Virginia Mountaineers,False,True,West Virginia Mountaineers,0.7071252182791883,0.7071252182791883,0.2928747817208117,32.97075589421511,25.91905500766191,7.051700886553199
2026-09-23T23:32:27.780138+00:00,2026-09-20T03:00Z,401856862,2026-11-14T05:00Z,11,Kansas State Wildcats,TCU Horned Frogs,False,True,Kansas State Wildcats,0.6428775076233197,0.35712249237668026,0.6428775076233197,21.103444600495244,25.80644752766807,-4.703002927172825
2026-09-23T23:32:27.780138+00:00,2026-09-20T03:00Z,401856863,2026-11-14T05:00Z,11,Texas Tech Red Raiders,Oklahoma State Cowboys,False,True,Texas Tech Red Raiders,0.8570640088307189,0.14293599116928118,0.8570640088307189,18.996515524560525,33.32544103956962,-14.328925515009093
2026-09-23T23:32:27.780138+00:00,2026-09-20T03:00Z,401856864,2026-11-14T05:00Z,11,Utah Utes,Arizona Wildcats,False,True,Utah Utes,0.8286035889431536,0.17139641105684647,0.8286035889431536,18.505321463017474,31.111423815135765,-12.606102352118292
2026-09-23T23:32:27.780138+00:00,2026-09-20T03:00Z,401856882,2026-11-14T05:00Z,11,South Carolina Gamecocks,Arkansas Razorbacks,False,True,South Carolina Gamecocks,0.8322145854738596,0.16778541452614043,0.8322145854738596,22.61243958726498,35.423675221822535,-12.811235634557555
2026-09-23T23:32:27.780138+00:00,2026-09-20T03:00Z,401856883,2026-11-14T05:00Z,11,Missouri Tigers,Georgia Bulldogs,False,True,Georgia Bulldogs,0.8640332569070726,0.8640332569070726,0.13596674309292744,37.31324330032323,22.51963577949886,14.79360752082437
2026-09-23T23:32:27.780138+00:00,2026-09-20T03:00Z,401856884,2026-11-14T05:00Z,11,Florida Gators,Kentucky Wildcats,False,True,Florida Gators,0.6824358587729248,0.3175641412270752,0.6824358587729248,28.605686448211845,34.72559625045566,-6.119909802243814
2026-09-23T23:32:27.780138+00:00,2026-09-20T03:00Z,401856885,2026-11-14T05:00Z,11,Texas Longhorns,LSU Tigers,False,True,Texas Longhorns,0.641587331063503,0.35841266893649704,0.641587331063503,22.140190077061224,26.798272328561485,-4.658082251500261
2026-09-23T23:32:27.780138+00:00,2026-09-20T03:00Z,401856886,2026-11-14T05:00Z,11,Auburn Tigers,Mississippi State Bulldogs,False,True,Mississippi State Bulldogs,0.7827589467593552,0.7827589467593552,0.2172410532406448,35.45248679077146,25.19794912187956,10.2545376688919
2026-09-23T23:32:27.780138+00:00,2026-09-20T03:00Z,401856887,2026-11-14T05:00Z,11,Ole Miss Rebels,Oklahoma Sooners,False,True,Ole Miss Rebels,0.5149440189583531,0.48505598104164693,0.5149440189583531,22.600121173511617,23.078472250302966,-0.47835107679134836
2026-09-23T23:32:27.780138+00:00,2026-09-20T03:00Z,401856888,2026-11-14T05:00Z,11,Tennessee Volunteers,Texas A&M Aggies,False,True,Texas A&M Aggies,0.6060537627126926,0.6060537627126926,0.3939462372873074,35.06685663181097,31.620822607170503,3.4460340246404684
2026-09-23T23:32:27.780138+00:00,2026-09-20T03:00Z,401856889,2026-11-14T05:00Z,11,Alabama Crimson Tide,Vanderbilt Commodores,False,True,Alabama Crimson Tide,0.8383773386948993,0.16162266130510075,0.8383773386948993,29.333736112757457,42.503367447710296,-13.16963133495284
2026-09-23T23:32:27.780138+00:00,2026-09-20T03:00Z,401858295,2026-11-14T05:00Z,11,California Golden Bears,Virginia Cavaliers,False,True,Virginia Cavaliers,0.8451284133961057,0.8451284133961057,0.15487158660389433,32.76082501340667,19.18568673896587,13.575138274440796
2026-09-23T23:32:27.780138+00:00,2026-09-20T03:00Z,401858296,2026-11-14T05:00Z,11,Duke Blue Devils,Miami Hurricanes,False,True,Miami Hurricanes,0.8248789431244236,0.8248789431244236,0.17512105687557644,29.148364076902265,16.750290863988795,12.39807321291347
2026-09-23T23:32:27.780138+00:00,2026-09-20T03:00Z,401858297,2026-11-14T05:00Z,11,Georgia Tech Yellow Jackets,Clemson Tigers,False,True,Clemson Tigers,0.6111841520187329,0.6111841520187329,0.3888158479812671,25.531615225794045,21.913275424168756,3.6183398016252895
2026-09-23T23:32:27.780138+00:00,2026-09-20T03:00Z,401858298,2026-11-14T05:00Z,11,Louisville Cardinals,North Carolina Tar Heels,False,True,Louisville Cardinals,0.7868070465233908,0.21319295347660916,0.7868070465233908,22.104938488023993,32.55122170315812,-10.446283215134127
2026-09-23T23:32:27.780138+00:00,2026-09-20T03:00Z,401858299,2026-11-14T05:00Z,11,Stanford Cardinal,Virginia Tech Hokies,False,True,Virginia Tech Hokies,0.9073739986801035,0.9073739986801035,0.09262600131989651,38.92101288819807,20.665134343873646,18.255878544324425
2026-09-23T23:32:27.780138+00:00,2026-09-20T03:00Z,401858300,2026-11-14T05:00Z,11,Syracuse Orange,NC State Wolfpack,False,True,NC State Wolfpack,0.6952509955715429,0.6952509955715429,0.3047490044284571,26.436804347637416,19.838528959111922,6.598275388525494
2026-09-23T23:32:27.780138+00:00,2026-09-20T03:00Z,401858301,2026-11-14T05:00Z,11,Wake Forest Demon Deacons,SMU Mustangs,False,True,SMU Mustangs,0.7020786667331456,0.7020786667331456,0.29792133326685444,31.403700951742177,24.545973037414644,6.857727914327533
2026-09-23T23:32:27.780138+00:00,2026-09-20T03:00Z,401858518,2026-11-14T05:00Z,11,USC Trojans,Indiana Hoosiers,False,True,Indiana Hoosiers,0.8559210950642923,0.8559210950642923,0.14407890493570774,36.731989015976836,22.477452273723223,14.254536742253613
2026-09-23T23:32:27.780138+00:00,2026-09-20T03:00Z,401858519,2026-11-14T05:00Z,11,Purdue Boilermakers,Iowa Hawkeyes,False,True,Iowa Hawkeyes,0.9276891468460743,0.9276891468460743,0.07231085315392571,37.83395279347702,17.42017299410228,20.413779799374737
2026-09-23T23:32:27.780138+00:00,2026-09-20T03:00Z,401858520,2026-11-14T05:00Z,11,Wisconsin Badgers,Maryland Terrapins,False,True,Wisconsin Badgers,0.5144986264683158,0.4855013735316842,0.5144986264683158,24.48165596474617,24.945742115081984,-0.46408615033581313
2026-09-23T23:32:27.780138+00:00,2026-09-20T03:00Z,401858521,2026-11-14T05:00Z,11,Washington Huskies,Michigan State Spartans,False,True,Michigan State Spartans,0.534670528876839,0.534670528876839,0.46532947112316103,19.93163189723397,18.820391668624367,1.1112402286096028
2026-09-23T23:32:27.780138+00:00,2026-09-20T03:00Z,401858522,2026-11-14T05:00Z,11,Northwestern Wildcats,Ohio State Buckeyes,False,True,Ohio State Buckeyes,0.8752804163101816,0.8752804163101816,0.12471958368981839,32.02612815814231,16.438316766031804,15.58781139211051
2026-09-23T23:32:27.780138+00:00,2026-09-20T03:00Z,401858523,2026-11-14T05:00Z,11,Michigan Wolverines,Oregon Ducks,False,True,Oregon Ducks,0.5348061007760615,0.5348061007760615,0.4651938992239385,28.445301488975293,27.329701917003923,1.1155995719713694
2026-09-23T23:32:27.780138+00:00,2026-09-20T03:00Z,401858524,2026-11-14T05:00Z,11,Minnesota Golden Gophers,Penn State Nittany Lions,False,True,Penn State Nittany Lions,0.9290314772047608,0.9290314772047608,0.07096852279523924,30.926803599622396,10.351554133180638,20.575249466441758
2026-09-23T23:32:27.780138+00:00,2026-09-20T03:00Z,401858525,2026-11-14T05:00Z,11,Nebraska Cornhuskers,Rutgers Scarlet Knights,False,True,Nebraska Cornhuskers,0.9039639256372702,0.09603607436272978,0.9039639256372702,22.797010690521773,40.73353516118918,-17.936524470667408
2026-09-23T23:32:27.780138+00:00,2026-09-20T03:00Z,401862825,2026-11-14T05:00Z,11,East Carolina Pirates,Charlotte 49ers,False,True,East Carolina Pirates,0.7163928500414286,0.2836071499585714,0.7163928500414286,17.75325771937811,25.166367191194606,-7.413109471816497
2026-09-23T23:32:27.780138+00:00,2026-09-20T03:00Z,401862826,2026-11-14T05:00Z,11,Florida Atlantic Owls,Tulsa Golden Hurricane,False,True,Tulsa Golden Hurricane,0.7165276412906251,0.7165276412906251,0.2834723587093749,30.2164470190004,22.79802936726075,7.418417651739652
2026-09-23T23:32:27.780138+00:00,2026-09-20T03:00Z,401862827,2026-11-14T05:00Z,11,North Texas Mean Green,UTSA Roadrunners,False,True,North Texas Mean Green,0.5014217956281002,0.4985782043718998,0.5014217956281002,32.484602305806355,32.530099888537144,-0.04549758273078908
2026-09-23T23:32:27.780138+00:00,2026-09-20T03:00Z,401862828,2026-11-14T05:00Z,11,Tulane Green Wave,Rice Owls,False,True,Tulane Green Wave,0.8240874353157962,0.1759125646842038,0.8240874353157962,15.31062887535075,27.664945315918313,-12.354316440567564
2026-09-23T23:32:27.780138+00:00,2026-09-20T03:00Z,401862829,2026-11-14T05:00Z,11,UAB Blazers,Temple Owls,False,True,Temple Owls,0.7898868662777337,0.7898868662777337,0.21011313372226625,34.04147308029984,23.447524197913538,10.5939488823863
2026-09-23T23:32:27.780138+00:00,2026-09-20T03:00Z,401864536,2026-11-14T05:00Z,11,Nevada Wolf Pack,Northern Illinois Huskies,False,True,Nevada Wolf Pack,0.7641091046627656,0.2358908953372344,0.7641091046627656,19.977869369052545,29.38059893613633,-9.402729567083785
2026-09-23T23:32:27.780138+00:00,2026-09-20T03:00Z,401864540,2026-11-14T05:00Z,11,Wyoming Cowboys,UTEP Miners,False,True,Wyoming Cowboys,0.6044764809120684,0.3955235190879316,0.6044764809120684,23.685793232352665,27.07901331601753,-3.3932200836648647
2026-09-23T23:32:27.780138+00:00,2026-09-20T03:00Z,401869928,2026-11-14T05:00Z,11,App State Mountaineers,Marshall Thundering Herd,False,True,App State Mountaineers,0.5258014579407334,0.4741985420592666,0.5258014579407334,27.826574763373557,28.652955451350863,-0.8263806879773057
2026-09-23T23:32:27.780138+00:00,2026-09-20T03:00Z,401869937,2026-11-14T05:00Z,11,Arkansas State Red Wolves,Coastal Carolina Chanticleers,False,True,Coastal Carolina Chanticleers,0.6766488614580556,0.6766488614580556,0.3233511385419444,27.912368282850522,22.005059315356892,5.9073089674936305
2026-09-23T23:32:27.780138+00:00,2026-09-20T03:00Z,401869952,2026-11-14T05:00Z,11,Georgia Southern Eagles,Georgia State Panthers,False,True,Georgia State Panthers,0.6215083017689772,0.6215083017689772,0.3784916982310228,31.489679702207393,27.522038668630305,3.967641033577088
2026-09-23T23:32:27.780138+00:00,2026-09-20T03:00Z,401871099,2026-11-14T05:00Z,11,Southern Miss Golden Eagles,Louisiana Tech Bulldogs,False,True,Louisiana Tech Bulldogs,0.8272184068222395,0.8272184068222395,0.17278159317776054,35.077298833890865,22.548975428022434,12.52832340586843
2026-09-23T23:32:27.780138+00:00,2026-09-20T03:00Z,401871100,2026-11-14T05:00Z,11,Troy Trojans,South Alabama Jaguars,False,True,South Alabama Jaguars,0.5738720814871635,0.5738720814871635,0.4261279185128365,28.74943601934642,26.368100519044187,2.3813355003022316
2026-09-23T23:32:27.780138+00:00,2026-09-20T03:00Z,401861967,2026-11-14T17:00Z,11,James Madison Dukes,UConn Huskies,False,True,James Madison Dukes,0.7879144640644122,0.21208553593558777,0.7879144640644122,21.231715032391943,31.73091400143911,-10.499198969047168
2026-09-23T23:32:27.780138+00:00,2026-09-20T03:00Z,401870769,2026-11-14T19:00Z,11,Kennesaw State Owls,Sam Houston Bearkats,False,True,Sam Houston Bearkats,0.5620670207963874,0.5620670207963874,0.4379329792036126,23.724072290391796,21.727630580647194,1.9964417097446017
2026-09-23T23:32:27.780138+00:00,2026-09-20T03:00Z,401870796,2026-11-14T20:00Z,11,New Mexico State Aggies,Missouri State Bears,False,True,New Mexico State Aggies,0.5533922137941694,0.4466077862058306,0.5533922137941694,23.389211229725355,25.104301020384145,-1.7150897906587907
2026-09-23T23:32:27.780138+00:00,2026-09-20T03:00Z,401871060,2026-11-14T20:00Z,11,Florida International Panthers,Delaware Blue Hens,False,True,Delaware Blue Hens,0.637291354795561,0.637291354795561,0.362708645204439,21.69433023334062,17.18531379195231,4.509016441388308
2026-09-23T23:32:27.780138+00:00,2026-09-20T03:00Z,401858294,2026-11-14T20:30Z,11,Boston College Eagles,Notre Dame Fighting Irish,False,True,Notre Dame Fighting Irish,0.9859126901434333,0.9859126901434333,0.014087309856566699,42.08550308855013,8.099155735170866,33.98634735337926
2026-09-23T23:32:27.780138+00:00,2026-09-20T03:00Z,401870752,2026-11-14T20:30Z,11,Jacksonville State Gamecocks,Western Kentucky Hilltoppers,False,True,Jacksonville State Gamecocks,0.6597302844878359,0.3402697155121641,0.6597302844878359,26.417845086509633,31.71458514716582,-5.296740060656187
2026-09-23T23:32:27.780138+00:00,2026-09-20T03:00Z,401871061,2026-11-14T20:30Z,11,Middle Tennessee Blue Raiders,Liberty Flames,False,True,Liberty Flames,0.7830098408485634,0.7830098408485634,0.2169901591514366,30.664887754253897,20.39854166572767,10.266346088526227
2026-09-23T23:32:27.780138+00:00,2026-09-20T03:00Z,401860916,2026-11-14T21:00Z,11,Fresno State Bulldogs,Texas State Bobcats,False,True,Fresno State Bulldogs,0.6085936662133977,0.3914063337866022,0.6085936662133977,25.588474155368793,29.119710899751677,-3.531236744382884
2026-09-23T23:32:27.780138+00:00,2026-09-20T03:00Z,401860914,2026-11-14T23:00Z,11,Oregon State Beavers,Boise State Broncos,False,True,Boise State Broncos,0.8576029398729267,0.8576029398729267,0.14239706012707332,33.6711199024414,19.306944984486066,14.364174917955332
2026-09-23T23:32:27.780138+00:00,2026-09-20T03:00Z,401864538,2026-11-15T00:00Z,11,San José State Spartans,Air Force Falcons,False,True,Air Force Falcons,0.6916415030766655,0.6916415030766655,0.3083584969233345,33.963090757024176,27.50065311635706,6.462437640667115
2026-09-23T23:32:27.780138+00:00,2026-09-20T03:00Z,401864539,2026-11-15T00:30Z,11,UNLV Rebels,New Mexico Lobos,False,True,New Mexico Lobos,0.8614809245211342,0.8614809245211342,0.13851907547886577,26.84186475389483,12.220705807329786,14.621158946565043
2026-09-23T23:32:27.780138+00:00,2026-09-20T03:00Z,401860915,2026-11-15T02:30Z,11,Utah State Aggies,San Diego State Aztecs,False,True,San Diego State Aztecs,0.5173504807880481,0.5173504807880481,0.48264951921195187,18.731862707482893,18.176424305666636,0.5554384018162573
2026-09-23T23:32:27.780138+00:00,2026-09-20T03:00Z,401860917,2026-11-15T03:30Z,11,Colorado State Rams,Washington State Cougars,False,True,Washington State Cougars,0.5922193583101875,0.5922193583101875,0.40778064168981254,25.75620537433523,22.77102363807331,2.9851817362619215
2026-09-23T23:32:27.780138+00:00,2026-09-20T03:00Z,401864537,2026-11-15T04:59Z,11,North Dakota State Bison,Hawai'i Rainbow Warriors,False,True,North Dakota State Bison,0.8315205163911535,0.1684794836088465,0.8315205163911535,18.17021704189262,30.94175295308798,-12.771535911195361
2026-09-23T23:32:27.780138+00:00,2026-09-20T03:00Z,401866464,2026-11-18T00:00Z,12,Ball State Cardinals,Ohio Bobcats,False,True,Ohio Bobcats,0.8967177609077388,0.8967177609077388,0.1032822390922612,39.992862983724265,22.70265707491171,17.290205908812556
2026-09-23T23:32:27.780138+00:00,2026-09-20T03:00Z,401866465,2026-11-18T00:00Z,12,Eastern Michigan Eagles,Western Michigan Broncos,False,True,Western Michigan Broncos,0.914416354759114,0.914416354759114,0.08558364524088602,31.588557632267687,12.638223284432684,18.950334347835003
2026-09-23T23:32:27.780138+00:00,2026-09-20T03:00Z,401866466,2026-11-18T00:00Z,12,Miami (OH) RedHawks,Kent State Golden Flashes,False,True,Miami (OH) RedHawks,0.8299336403250626,0.1700663596749375,0.8299336403250626,26.9625983254929,39.64385459962576,-12.681256274132863
2026-09-23T23:32:27.780138+00:00,2026-09-20T03:00Z,401866467,2026-11-18T05:00Z,12,Akron Zips,Massachusetts Minutemen,False,True,Massachusetts Minutemen,0.7815911572801919,0.7815911572801919,0.2184088427198081,31.773114369094046,21.573409926239638,10.199704442854408
2026-09-23T23:32:27.780138+00:00,2026-09-20T03:00Z,401866469,2026-11-18T05:00Z,12,Central Michigan Chippewas,Buffalo Bulls,False,True,Central Michigan Chippewas,0.5495210833501316,0.45047891664986844,0.5495210833501316,27.181282603575063,28.7711695258774,-1.5898869223023375
2026-09-23T23:32:27.780138+00:00,2026-09-20T03:00Z,401862830,2026-11-20T00:30Z,12,Rice Owls,Temple Owls,False,True,Temple Owls,0.8398316024232405,0.8398316024232405,0.1601683975767595,36.2189755860916,22.96317037153536,13.255805214556243
2026-09-23T23:32:27.780138+00:00,2026-09-20T03:00Z,401856869,2026-11-20T23:00Z,12,Iowa State Cyclones,UCF Knights,False,True,Iowa State Cyclones,0.7256432973087235,0.27435670269127654,0.7256432973087235,17.843727533531244,25.624763323033662,-7.781035789502418
2026-09-23T23:32:27.780138+00:00,2026-09-20T03:00Z,401858303,2026-11-21T00:30Z,12,Clemson Tigers,Duke Blue Devils,False,True,Duke Blue Devils,0.831922988136006,0.831922988136006,0.16807701186399404,29.206596504626702,16.412055737587426,12.794540767039276
2026-09-23T23:32:27.780138+00:00,2026-09-20T03:00Z,401866468,2026-11-21T00:30Z,12,Bowling Green Falcons,Toledo Rockets,False,True,Toledo Rockets,0.9481109818483704,0.9481109818483704,0.05188901815162961,43.76284712382697,20.519931976716894,23.24291514711008
2026-09-23T23:32:27.780138+00:00,2026-09-20T03:00Z,401858529,2026-11-21T01:00Z,12,Oregon Ducks,Michigan State Spartans,False,True,Oregon Ducks,0.5241874435614444,0.4758125564385555,0.5241874435614444,26.275460238260322,27.05006303341586,-0.7746027951555376
2026-09-23T23:32:27.780138+00:00,2026-09-20T03:00Z,401864545,2026-11-21T01:00Z,12,UTEP Miners,Air Force Falcons,False,True,Air Force Falcons,0.910570152410732,0.910570152410732,0.08942984758926797,44.51408049774816,25.949148879218942,18.56493161852922
2026-09-23T23:32:27.780138+00:00,2026-09-20T03:00Z,401856748,2026-11-21T05:00Z,12,Vanderbilt Commodores,Florida Gators,False,True,Florida Gators,0.7613035901611636,0.7613035901611636,0.23869640983883644,42.10262184588972,32.82390407490435,9.278717770985374
2026-09-23T23:32:27.780138+00:00,2026-09-20T03:00Z,401856751,2026-11-21T05:00Z,12,Kentucky Wildcats,Missouri Tigers,False,True,Missouri Tigers,0.645075386301119,0.645075386301119,0.35492461369888095,26.993819446701877,22.21412523225893,4.779694214442948
2026-09-23T23:32:27.780138+00:00,2026-09-20T03:00Z,401856752,2026-11-21T05:00Z,12,Texas A&M Aggies,Oklahoma Sooners,False,True,Oklahoma Sooners,0.5035618433283456,0.5035618433283456,0.49643815667165436,21.73634695669037,21.62236604209742,0.11398091459295046
2026-09-23T23:32:27.780138+00:00,2026-09-20T03:00Z,401856753,2026-11-21T05:00Z,12,Georgia Bulldogs,South Carolina Gamecocks,False,True,Georgia Bulldogs,0.7188987472004087,0.28110125279959125,0.7188987472004087,26.74994558979472,34.261990298982134,-7.512044709187414
2026-09-23T23:32:27.780138+00:00,2026-09-20T03:00Z,401856754,2026-11-21T05:00Z,12,LSU Tigers,Tennessee Volunteers,False,True,LSU Tigers,0.5152879347099313,0.48471206529006866,0.5152879347099313,30.915273347146996,31.40463979615574,-0.48936644900874526
2026-09-23T23:32:27.780138+00:00,2026-09-20T03:00Z,401856755,2026-11-21T05:00Z,12,Arkansas Razorbacks,Texas Longhorns,False,True,Texas Longhorns,0.9697753203735894,0.9697753203735894,0.030224679626410622,40.90620094038445,13.158955985469508,27.747244954914944
2026-09-23T23:32:27.780138+00:00,2026-09-20T03:00Z,401856865,2026-11-21T05:00Z,12,Arizona Wildcats,Kansas State Wildcats,False,True,Kansas State Wildcats,0.673273704588864,0.673273704588864,0.32672629541113596,30.092861106142227,24.30862801051925,5.784233095622977
2026-09-23T23:32:27.780138+00:00,2026-09-20T03:00Z,401856866,2026-11-21T05:00Z,12,BYU Cougars,Kansas Jayhawks,False,True,BYU Cougars,0.8445258465888584,0.15547415341114154,0.8445258465888584,19.65022146369823,33.188588181859885,-13.538366718161654
2026-09-23T23:32:27.780138+00:00,2026-09-20T03:00Z,401856867,2026-11-21T05:00Z,12,Colorado Buffaloes,Cincinnati Bearcats,False,True,Cincinnati Bearcats,0.7723895041380986,0.7723895041380986,0.2276104958619014,29.087151041994574,19.3123258799815,9.774825162013073
2026-09-23T23:32:27.780138+00:00,2026-09-20T03:00Z,401856868,2026-11-21T05:00Z,12,Houston Cougars,West Virginia Mountaineers,False,True,Houston Cougars,0.5450049361268398,0.45499506387316024,0.5450049361268398,28.679462790232925,30.123529042025,-1.4440662517920764
2026-09-23T23:32:27.780138+00:00,2026-09-20T03:00Z,401856870,2026-11-21T05:00Z,12,Oklahoma State Cowboys,Arizona State Sun Devils,False,True,Arizona State Sun Devils,0.7154582605427061,0.7154582605427061,0.2845417394572939,28.141495516174775,20.76514906180858,7.376346454366196
2026-09-23T23:32:27.780138+00:00,2026-09-20T03:00Z,401856871,2026-11-21T05:00Z,12,Texas Tech Red Raiders,Baylor Bears,False,True,Texas Tech Red Raiders,0.6556099744290278,0.34439002557097215,0.6556099744290278,24.653246693396007,29.803576698002185,-5.150330004606179
2026-09-23T23:32:27.780138+00:00,2026-09-20T03:00Z,401856872,2026-11-21T05:00Z,12,Utah Utes,TCU Horned Frogs,False,True,Utah Utes,0.8744190357819641,0.12558096421803586,0.8744190357819641,13.30013805299347,28.825010236661612,-15.524872183668142
2026-09-23T23:32:27.780138+00:00,2026-09-20T03:00Z,401858302,2026-11-21T05:00Z,12,Virginia Tech Hokies,Miami Hurricanes,False,True,Miami Hurricanes,0.864745457094529,0.864745457094529,0.135254542905471,35.65999667937674,20.817783173305273,14.842213506071467
2026-09-23T23:32:27.780138+00:00,2026-09-20T03:00Z,401858304,2026-11-21T05:00Z,12,NC State Wolfpack,Florida State Seminoles,False,True,Florida State Seminoles,0.7426273997086451,0.7426273997086451,0.2573726002913549,32.93789046968169,24.460533697393604,8.477356772288086
2026-09-23T23:32:27.780138+00:00,2026-09-20T03:00Z,401858305,2026-11-21T05:00Z,12,North Carolina Tar Heels,Virginia Cavaliers,False,True,Virginia Cavaliers,0.7845606608736616,0.7845606608736616,0.2154393391263384,26.799121306122718,16.45956520622117,10.339556099901547
2026-09-23T23:32:27.780138+00:00,2026-09-20T03:00Z,401858306,2026-11-21T05:00Z,12,Pittsburgh Panthers,Louisville Cardinals,False,True,Louisville Cardinals,0.5450961457512777,0.5450961457512777,0.45490385424872226,30.350854085223755,28.903845236838993,1.4470088483847618
2026-09-23T23:32:27.780138+00:00,2026-09-20T03:00Z,401858308,2026-11-21T05:00Z,12,Stanford Cardinal,California Golden Bears,False,True,California Golden Bears,0.6704401643309049,0.6704401643309049,0.3295598356690951,30.109620715173946,24.42820851070921,5.681412204464735
2026-09-23T23:32:27.780138+00:00,2026-09-20T03:00Z,401858309,2026-11-21T05:00Z,12,Syracuse Orange,Boston College Eagles,False,True,Boston College Eagles,0.5450741416072056,0.5450741416072056,0.4549258583927944,22.31222933793568,20.865930394169144,1.4462989437665357
2026-09-23T23:32:27.780138+00:00,2026-09-20T03:00Z,401858310,2026-11-21T05:00Z,12,Wake Forest Demon Deacons,Georgia Tech Yellow Jackets,False,True,Wake Forest Demon Deacons,0.5924509155966391,0.4075490844033609,0.5924509155966391,24.628827582703835,27.62168077272044,-2.9928531900166035
2026-09-23T23:32:27.780138+00:00,2026-09-20T03:00Z,401858527,2026-11-21T05:00Z,12,Iowa Hawkeyes,Illinois Fighting Illini,False,True,Iowa Hawkeyes,0.7168568969059107,0.2831431030940893,0.7168568969059107,20.9014188462928,28.33280924863711,-7.431390402344309
2026-09-23T23:32:27.780138+00:00,2026-09-20T03:00Z,401858528,2026-11-21T05:00Z,12,UCLA Bruins,Michigan Wolverines,False,True,Michigan Wolverines,0.6309509432753397,0.6309509432753397,0.36904905672466026,29.464215293656878,25.1738270148691,4.290388278787777
2026-09-23T23:32:27.780138+00:00,2026-09-20T03:00Z,401858530,2026-11-21T05:00Z,12,Northwestern Wildcats,Minnesota Golden Gophers,False,True,Northwestern Wildcats,0.7177688944241472,0.28223110557585285,0.7177688944241472,18.148796067717697,25.61616714406739,-7.467371076349693
2026-09-23T23:32:27.780138+00:00,2026-09-20T03:00Z,401858531,2026-11-21T05:00Z,12,Ohio State Buckeyes,Nebraska Cornhuskers,False,True,Ohio State Buckeyes,0.7485734236005239,0.25142657639947613,0.7485734236005239,23.68070822179763,32.4088545354043,-8.728146313606672
2026-09-23T23:32:27.780138+00:00,2026-09-20T03:00Z,401858532,2026-11-21T05:00Z,12,Rutgers Scarlet Knights,Penn State Nittany Lions,False,True,Penn State Nittany Lions,0.9713377194764938,0.9713377194764938,0.028662280523506167,40.80178016097837,12.617042378722733,28.184737782255635
2026-09-23T23:32:27.780138+00:00,2026-09-20T03:00Z,401858533,2026-11-21T05:00Z,12,Wisconsin Badgers,Purdue Boilermakers,False,True,Wisconsin Badgers,0.7303913576225692,0.26960864237743076,0.7303913576225692,27.793129210460645,35.76600170646541,-7.972872496004765
2026-09-23T23:32:27.780138+00:00,2026-09-20T03:00Z,401858534,2026-11-21T05:00Z,12,Maryland Terrapins,USC Trojans,False,True,USC Trojans,0.8018482020241406,0.8018482020241406,0.19815179797585936,36.418648854031815,25.235561475948398,11.183087378083417
2026-09-23T23:32:27.780138+00:00,2026-09-20T03:00Z,401858535,2026-11-21T05:00Z,12,Indiana Hoosiers,Washington Huskies,False,True,Indiana Hoosiers,0.8933633278936705,0.10663667210632952,0.8933633278936705,12.450913596636129,29.455440730195008,-17.00452713355888
2026-09-23T23:32:27.780138+00:00,2026-09-20T03:00Z,401862832,2026-11-21T05:00Z,12,Charlotte 49ers,Tulsa Golden Hurricane,False,True,Tulsa Golden Hurricane,0.792118357241075,0.792118357241075,0.20788164275892496,25.860746839034253,15.158811406533228,10.701935432501024
2026-09-23T23:32:27.780138+00:00,2026-09-20T03:00Z,401862833,2026-11-21T05:00Z,12,South Florida Bulls,Florida Atlantic Owls,False,True,South Florida Bulls,0.8373362466474614,0.16266375335253858,0.8373362466474614,23.50122066876122,36.609544755830804,-13.108324087069583
2026-09-23T23:32:27.780138+00:00,2026-09-20T03:00Z,401862835,2026-11-21T05:00Z,12,North Texas Mean Green,Tulane Green Wave,False,True,North Texas Mean Green,0.5457462141812996,0.4542537858187003,0.5457462141812996,28.288518635171016,29.756502771458493,-1.4679841362874768
2026-09-23T23:32:27.780138+00:00,2026-09-20T03:00Z,401862836,2026-11-21T05:00Z,12,UTSA Roadrunners,UAB Blazers,False,True,UTSA Roadrunners,0.8004913819247412,0.19950861807525883,0.8004913819247412,18.568579818807578,29.68352648076189,-11.114946661954313
2026-09-23T23:32:27.780138+00:00,2026-09-20T03:00Z,401864541,2026-11-21T05:00Z,12,Hawai'i Rainbow Warriors,Nevada Wolf Pack,False,True,Nevada Wolf Pack,0.7513521959460712,0.7513521959460712,0.24864780405392883,29.46146683498797,20.614770375089943,8.846696459898027
2026-09-23T23:32:27.780138+00:00,2026-09-20T03:00Z,401869929,2026-11-21T05:00Z,12,UL Monroe Warhawks,App State Mountaineers,False,True,App State Mountaineers,0.8527976388607189,0.8527976388607189,0.1472023611392811,34.62868271839157,20.574970412769872,14.053712305621701
2026-09-23T23:32:27.780138+00:00,2026-09-20T03:00Z,401869938,2026-11-21T05:00Z,12,Arkansas State Red Wolves,Louisiana Tech Bulldogs,False,True,Louisiana Tech Bulldogs,0.6964374826899709,0.6964374826899709,0.30356251731002915,30.136600988169114,23.49347736558309,6.643123622586025
2026-09-23T23:32:27.780138+00:00,2026-09-20T03:00Z,401869946,2026-11-21T05:00Z,12,Coastal Carolina Chanticleers,Louisiana Ragin' Cajuns,False,True,Louisiana Ragin' Cajuns,0.6293164198366991,0.6293164198366991,0.37068358016330094,27.782452101126673,23.54816916209995,4.234282939026723
2026-09-23T23:32:27.780138+00:00,2026-09-20T03:00Z,401869953,2026-11-21T05:00Z,12,Georgia Southern Eagles,Troy Trojans,False,True,Troy Trojans,0.6973614564649084,0.6973614564649084,0.30263854353509156,26.330913657415323,19.652796077722332,6.678117579692991
2026-09-23T23:32:27.780138+00:00,2026-09-20T03:00Z,401869958,2026-11-21T05:00Z,12,Georgia State Panthers,Marshall Thundering Herd,False,True,Marshall Thundering Herd,0.5125002518965232,0.5125002518965232,0.48749974810347685,31.65222583172049,31.252134401393278,0.40009143032721184
2026-09-23T23:32:27.780138+00:00,2026-09-20T03:00Z,401871101,2026-11-21T05:00Z,12,South Alabama Jaguars,Southern Miss Golden Eagles,False,True,South Alabama Jaguars,0.8054548494657837,0.19454515053421625,0.8054548494657837,26.248139670513837,37.6140826761103,-11.365943005596463
2026-09-23T23:32:27.780138+00:00,2026-09-20T03:00Z,401856749,2026-11-21T17:00Z,12,Wofford Terriers,Ole Miss Rebels,False,False,,,,,,,
2026-09-23T23:32:27.780138+00:00,2026-09-20T03:00Z,401862831,2026-11-21T17:00Z,12,East Carolina Pirates,Army Black Knights,False,True,Army Black Knights,0.6631735012150949,0.6631735012150949,0.3368264987849051,24.402501709019493,18.9827521914285,5.4197495175909935
2026-09-23T23:32:27.780138+00:00,2026-09-20T03:00Z,401862834,2026-11-21T17:00Z,12,Memphis Tigers,Navy Midshipmen,False,True,Memphis Tigers,0.5780340965701736,0.4219659034298265,0.5780340965701736,29.054183586495775,31.571850341105986,-2.517666754610211
2026-09-23T23:32:27.780138+00:00,2026-09-20T03:00Z,401856750,2026-11-21T18:00Z,12,Tennessee Tech Golden Eagles,Mississippi State Bulldogs,False,False,,,,,,,
2026-09-23T23:32:27.780138+00:00,2026-09-20T03:00Z,401871080,2026-11-21T18:00Z,12,Western Kentucky Hilltoppers,Liberty Flames,False,True,Liberty Flames,0.9162924226670364,0.9162924226670364,0.08370757733296363,38.55753373441627,19.413485339337385,19.144048395078883
2026-09-23T23:32:27.780138+00:00,2026-09-20T03:00Z,401856746,2026-11-21T19:00Z,12,Chattanooga Mocs,Alabama Crimson Tide,False,False,,,,,,,
2026-09-23T23:32:27.780138+00:00,2026-09-20T03:00Z,401871079,2026-11-21T19:00Z,12,Missouri State Bears,Jacksonville State Gamecocks,False,True,Jacksonville State Gamecocks,0.7587078501553604,0.7587078501553604,0.24129214984463965,29.79316746377283,20.628300665367956,9.164866798404873
2026-09-23T23:32:27.780138+00:00,2026-09-20T03:00Z,401871081,2026-11-21T19:00Z,12,Middle Tennessee Blue Raiders,Sam Houston Bearkats,False,True,Middle Tennessee Blue Raiders,0.5975316250630742,0.4024683749369257,0.5975316250630742,23.537128676229422,26.698654189784637,-3.1615255135552154
2026-09-23T23:32:27.780138+00:00,2026-09-20T03:00Z,401871077,2026-11-21T20:00Z,12,Delaware Blue Hens,New Mexico State Aggies,False,True,Delaware Blue Hens,0.6786234186938156,0.32137658130618435,0.6786234186938156,21.259261051985227,27.23888326036637,-5.979622208381144
2026-09-23T23:32:27.780138+00:00,2026-09-20T03:00Z,401871078,2026-11-21T20:00Z,12,Florida International Panthers,Kennesaw State Owls,False,True,Florida International Panthers,0.6105748509556309,0.3894251490443691,0.6105748509556309,15.648235341094122,19.246069077744227,-3.597833736650106
2026-09-23T23:32:27.780138+00:00,2026-09-20T03:00Z,401856747,2026-11-21T20:30Z,12,Samford Bulldogs,Auburn Tigers,False,False,,,,,,,
2026-09-23T23:32:27.780138+00:00,2026-09-20T03:00Z,401861968,2026-11-21T20:30Z,12,Old Dominion Monarchs,UConn Huskies,False,True,UConn Huskies,0.5570969924261857,0.5570969924261857,0.4429030075738143,28.681042740755483,26.8459342860126,1.8351084547428833
2026-09-23T23:32:27.780138+00:00,2026-09-20T03:00Z,401864543,2026-11-21T21:00Z,12,Northern Illinois Huskies,North Dakota State Bison,False,True,North Dakota State Bison,0.9349870456959251,0.9349870456959251,0.06501295430407494,34.86088505423634,13.533316035855222,21.32756901838112
2026-09-23T23:32:27.780138+00:00,2026-09-20T03:00Z,401860920,2026-11-21T23:00Z,12,Washington State Cougars,Texas State Bobcats,False,True,Texas State Bobcats,0.5646739593577139,0.5646739593577139,0.4353260406422861,29.039958459981136,26.95873260046065,2.0812258595204867
2026-09-23T23:32:27.780138+00:00,2026-09-20T03:00Z,401864544,2026-11-22T00:00Z,12,UNLV Rebels,San José State Spartans,False,True,UNLV Rebels,0.5056039045151353,0.4943960954848648,0.5056039045151353,22.139678085837076,22.31901053952067,-0.17933245368359252
2026-09-23T23:32:27.780138+00:00,2026-09-20T03:00Z,401858307,2026-11-22T00:30Z,12,SMU Mustangs,Notre Dame Fighting Irish,False,True,Notre Dame Fighting Irish,0.925895925423893,0.925895925423893,0.07410407457610702,37.28066739896928,17.078336851314774,20.202330547654505
2026-09-23T23:32:27.780138+00:00,2026-09-20T03:00Z,401860918,2026-11-22T00:30Z,12,Colorado State Rams,Fresno State Bulldogs,False,True,Fresno State Bulldogs,0.7454907494837285,0.7454907494837285,0.2545092505162715,27.91718367362626,19.319539333460963,8.597644340165296
2026-09-23T23:32:27.780138+00:00,2026-09-20T03:00Z,401864542,2026-11-22T02:00Z,12,New Mexico Lobos,Wyoming Cowboys,False,True,New Mexico Lobos,0.9197326920681311,0.08026730793186884,0.9197326920681311,8.429718843102664,27.939484137548533,-19.50976529444587
2026-09-23T23:32:27.780138+00:00,2026-09-20T03:00Z,401860925,2026-11-22T02:30Z,12,San Diego State Aztecs,Boise State Broncos,False,True,Boise State Broncos,0.8055058079153212,0.8055058079153212,0.19449419208467877,27.09571944917146,15.727174560781808,11.368544888389653
2026-09-23T23:32:27.780138+00:00,2026-09-20T03:00Z,401860919,2026-11-22T03:30Z,12,Utah State Aggies,Oregon State Beavers,False,True,Utah State Aggies,0.5756702022632533,0.4243297977367467,0.5756702022632533,22.31163313118715,24.751824758936568,-2.4401916277494173
2026-09-23T23:32:27.780138+00:00,2026-09-20T03:00Z,401866471,2026-11-24T05:00Z,13,Miami (OH) RedHawks,Western Michigan Broncos,False,True,Western Michigan Broncos,0.8340109459437193,0.8340109459437193,0.16598905405628073,31.982881320238246,19.06828387909482,12.914597441143425
2026-09-23T23:32:27.780138+00:00,2026-09-20T03:00Z,401866470,2026-11-25T00:00Z,13,Kent State Golden Flashes,Eastern Michigan Eagles,False,True,Eastern Michigan Eagles,0.7909547328991008,0.7909547328991008,0.2090452671008992,35.213794004963624,24.568274637522343,10.645519367441281
2026-09-23T23:32:27.780138+00:00,2026-09-20T03:00Z,401856879,2026-11-27T01:00Z,13,TCU Horned Frogs,Texas Tech Red Raiders,False,True,Texas Tech Red Raiders,0.7713870423923542,0.7713870423923542,0.22861295760764577,28.02742252867334,18.29814400139613,9.729278527277213
2026-09-23T23:32:27.780138+00:00,2026-09-20T03:00Z,401862837,2026-11-27T05:00Z,13,Florida Atlantic Owls,East Carolina Pirates,False,True,East Carolina Pirates,0.7342315422462382,0.7342315422462382,0.2657684577537618,31.522067371160755,23.39247568010563,8.129591691055126
2026-09-23T23:32:27.780138+00:00,2026-09-20T03:00Z,401862838,2026-11-27T05:00Z,13,Temple Owls,Memphis Tigers,False,True,Memphis Tigers,0.6409169108935666,0.6409169108935666,0.3590830891064334,34.75095479067167,30.11618665755158,4.63476813312009
2026-09-23T23:32:27.780138+00:00,2026-09-20T03:00Z,401862839,2026-11-27T05:00Z,13,Tulane Green Wave,South Florida Bulls,False,True,South Florida Bulls,0.7071696727715585,0.7071696727715585,0.2928303272284415,25.81509358318617,18.76167539473665,7.05341818844952
2026-09-23T23:32:27.780138+00:00,2026-09-20T03:00Z,401856762,2026-11-27T17:00Z,13,Mississippi State Bulldogs,Ole Miss Rebels,False,True,Ole Miss Rebels,0.5514002966799367,0.5514002966799367,0.44859970332006327,36.37298791714221,34.72234730995484,1.6506406071873698
2026-09-23T23:32:27.780138+00:00,2026-09-20T03:00Z,401858536,2026-11-27T17:00Z,13,Nebraska Cornhuskers,Iowa Hawkeyes,False,True,Iowa Hawkeyes,0.622330905934863,0.622330905934863,0.37766909406513705,25.8481691540928,21.852540716570978,3.995628437521823
2026-09-23T23:32:27.780138+00:00,2026-09-20T03:00Z,401866472,2026-11-27T17:00Z,13,Buffalo Bulls,Akron Zips,False,True,Buffalo Bulls,0.5837073732696281,0.4162926267303719,0.5837073732696281,28.76045678287857,31.464547514636642,-2.704090731758072
2026-09-23T23:32:27.780138+00:00,2026-09-20T03:00Z,401866473,2026-11-27T17:00Z,13,Toledo Rockets,Ohio Bobcats,False,True,Toledo Rockets,0.6343824661091663,0.36561753389083373,0.6343824661091663,31.432019127184446,35.84053299716066,-4.408513869976211
2026-09-23T23:32:27.780138+00:00,2026-09-20T03:00Z,401869930,2026-11-27T20:00Z,13,App State Mountaineers,South Alabama Jaguars,False,True,South Alabama Jaguars,0.6184955521643378,0.6184955521643378,0.3815044478356622,32.79302754190746,28.927687613793843,3.8653399281136203
2026-09-23T23:32:27.780138+00:00,2026-09-20T03:00Z,401856759,2026-11-27T20:30Z,13,Florida Gators,Florida State Seminoles,False,True,Florida Gators,0.7008729966912963,0.2991270033087036,0.7008729966912963,31.690724925619097,38.502392547280465,-6.811667621661368
2026-09-23T23:32:27.780138+00:00,2026-09-20T03:00Z,401864549,2026-11-27T20:30Z,13,North Dakota State Bison,San José State Spartans,False,True,North Dakota State Bison,0.8093207519234482,0.19067924807655176,0.8093207519234482,19.026674931998684,30.591495980326066,-11.564821048327381
2026-09-23T23:32:27.780138+00:00,2026-09-20T03:00Z,401856756,2026-11-28T00:30Z,13,Texas Longhorns,Texas A&M Aggies,False,True,Texas Longhorns,0.670992372351173,0.32900762764882696,0.670992372351173,23.802406912716453,29.50382158858499,-5.701414675868538
2026-09-23T23:32:27.780138+00:00,2026-09-20T03:00Z,401858544,2026-11-28T00:30Z,13,Minnesota Golden Gophers,Wisconsin Badgers,False,True,Wisconsin Badgers,0.7281426825663728,0.7281426825663728,0.2718573174336272,26.367365644403094,18.4856083553977,7.881757289005392
2026-09-23T23:32:27.780138+00:00,2026-09-20T03:00Z,401856880,2026-11-28T02:00Z,13,West Virginia Mountaineers,Utah Utes,False,True,Utah Utes,0.9333556544241,0.9333556544241,0.06664434557590004,38.11720002162343,17.00187108395388,21.115328937669553
2026-09-23T23:32:27.780138+00:00,2026-09-20T03:00Z,401856757,2026-11-28T05:00Z,13,Auburn Tigers,Alabama Crimson Tide,False,True,Alabama Crimson Tide,0.8811616835137326,0.8811616835137326,0.11883831648626741,37.51742216293943,21.489604182601937,16.027817980337495
2026-09-23T23:32:27.780138+00:00,2026-09-20T03:00Z,401856758,2026-11-28T05:00Z,13,LSU Tigers,Arkansas Razorbacks,False,True,LSU Tigers,0.8943669957395874,0.10563300426041261,0.8943669957395874,20.453260304156533,37.542423007571216,-17.089162703414683
2026-09-23T23:32:27.780138+00:00,2026-09-20T03:00Z,401856760,2026-11-28T05:00Z,13,Georgia Tech Yellow Jackets,Georgia Bulldogs,False,True,Georgia Bulldogs,0.9624973470411502,0.9624973470411502,0.0375026529588498,42.25024354112091,16.289286470769618,25.96095707035129
2026-09-23T23:32:27.780138+00:00,2026-09-20T03:00Z,401856761,2026-11-28T05:00Z,13,Louisville Cardinals,Kentucky Wildcats,False,True,Louisville Cardinals,0.583233254731049,0.416766745268951,0.583233254731049,28.43024426085333,31.1187282510896,-2.6884839902362714
2026-09-23T23:32:27.780138+00:00,2026-09-20T03:00Z,401856763,2026-11-28T05:00Z,13,Oklahoma Sooners,Missouri Tigers,False,True,Oklahoma Sooners,0.581459410858274,0.41854058914172604,0.581459410858274,17.611091610397636,20.24122998111641,-2.6301383707187718
2026-09-23T23:32:27.780138+00:00,2026-09-20T03:00Z,401856764,2026-11-28T05:00Z,13,South Carolina Gamecocks,Clemson Tigers,False,True,South Carolina Gamecocks,0.7947537058696623,0.2052462941303377,0.7947537058696623,19.543361983655274,30.373934543193858,-10.830572559538584
2026-09-23T23:32:27.780138+00:00,2026-09-20T03:00Z,401856765,2026-11-28T05:00Z,13,Tennessee Volunteers,Vanderbilt Commodores,False,True,Tennessee Volunteers,0.6515996753841027,0.3484003246158973,0.6515996753841027,33.19205597490939,38.20068158957923,-5.008625614669846
2026-09-23T23:32:27.780138+00:00,2026-09-20T03:00Z,401856873,2026-11-28T05:00Z,13,Arizona State Sun Devils,Arizona Wildcats,False,True,Arizona Wildcats,0.7345358101813637,0.7345358101813637,0.2654641898186363,29.271960948668188,21.129890583752655,8.142070364915533
2026-09-23T23:32:27.780138+00:00,2026-09-20T03:00Z,401856874,2026-11-28T05:00Z,13,Baylor Bears,Houston Cougars,False,True,Houston Cougars,0.6009278433064216,0.6009278433064216,0.39907215669357843,28.607493426392022,25.332832451272395,3.2746609751196267
2026-09-23T23:32:27.780138+00:00,2026-09-20T03:00Z,401856875,2026-11-28T05:00Z,13,UCF Knights,Colorado Buffaloes,False,True,UCF Knights,0.7012702180780468,0.2987297819219532,0.7012702180780468,16.716857553337377,23.54368845353385,-6.826830900196473
2026-09-23T23:32:27.780138+00:00,2026-09-20T03:00Z,401856876,2026-11-28T05:00Z,13,Cincinnati Bearcats,BYU Cougars,False,True,BYU Cougars,0.8353125918748039,0.8353125918748039,0.1646874081251961,33.41011981080982,20.42006512713126,12.990054683678558
2026-09-23T23:32:27.780138+00:00,2026-09-20T03:00Z,401856877,2026-11-28T05:00Z,13,Kansas Jayhawks,Oklahoma State Cowboys,False,True,Oklahoma State Cowboys,0.5013284547747685,0.5013284547747685,0.4986715452252315,25.967394386419098,25.924883733596364,0.042510652822734585
2026-09-23T23:32:27.780138+00:00,2026-09-20T03:00Z,401856878,2026-11-28T05:00Z,13,Kansas State Wildcats,Iowa State Cyclones,False,True,Iowa State Cyclones,0.6235219266951585,0.6235219266951585,0.3764780733048415,27.8331217579684,23.796928763526925,4.036192994441475
2026-09-23T23:32:27.780138+00:00,2026-09-20T03:00Z,401858311,2026-11-28T05:00Z,13,Boston College Eagles,Miami Hurricanes,False,True,Miami Hurricanes,0.9732224462575068,0.9732224462575068,0.026777553742493243,37.99705151938394,9.252662036425283,28.744389482958653
2026-09-23T23:32:27.780138+00:00,2026-09-20T03:00Z,401858312,2026-11-28T05:00Z,13,Duke Blue Devils,Wake Forest Demon Deacons,False,True,Duke Blue Devils,0.6631812595522799,0.3368187404477201,0.6631812595522799,22.50212128451382,27.92214866316178,-5.420027378647962
2026-09-23T23:32:27.780138+00:00,2026-09-20T03:00Z,401858313,2026-11-28T05:00Z,13,NC State Wolfpack,North Carolina Tar Heels,False,True,North Carolina Tar Heels,0.5439895772020126,0.5439895772020126,0.4560104227979874,23.527546219445107,22.11623085263732,1.4113153668077878
2026-09-23T23:32:27.780138+00:00,2026-09-20T03:00Z,401858314,2026-11-28T05:00Z,13,Notre Dame Fighting Irish,Syracuse Orange,False,True,Notre Dame Fighting Irish,0.9753755034674153,0.024624496532584746,0.9753755034674153,8.437745905948843,37.87039220309464,-29.432646297145794
2026-09-23T23:32:27.780138+00:00,2026-09-20T03:00Z,401858315,2026-11-28T05:00Z,13,Pittsburgh Panthers,California Golden Bears,False,True,Pittsburgh Panthers,0.8556174586348657,0.14438254136513423,0.8556174586348657,18.54501718885708,32.779873730145695,-14.234856541288615
2026-09-23T23:32:27.780138+00:00,2026-09-20T03:00Z,401858316,2026-11-28T05:00Z,13,SMU Mustangs,Stanford Cardinal,False,True,SMU Mustangs,0.8541109773595734,0.14588902264042658,0.8541109773595734,20.197353494299996,34.335072867461996,-14.137719373162
2026-09-23T23:32:27.780138+00:00,2026-09-20T03:00Z,401858317,2026-11-28T05:00Z,13,Virginia Cavaliers,Virginia Tech Hokies,False,True,Virginia Tech Hokies,0.5926463230866775,0.5926463230866775,0.40735367691332247,29.99707891199,26.9977508465711,2.999328065418897
2026-09-23T23:32:27.780138+00:00,2026-09-20T03:00Z,401858537,2026-11-28T05:00Z,13,Illinois Fighting Illini,Northwestern Wildcats,False,True,Northwestern Wildcats,0.694663288374813,0.694663288374813,0.30533671162518705,31.5136596612898,24.93756277497116,6.576096886318641
2026-09-23T23:32:27.780138+00:00,2026-09-20T03:00Z,401858538,2026-11-28T05:00Z,13,Purdue Boilermakers,Indiana Hoosiers,False,True,Indiana Hoosiers,0.979533786146924,0.979533786146924,0.02046621385307601,46.0097812337408,15.063370767734817,30.946410466005986
2026-09-23T23:32:27.780138+00:00,2026-09-20T03:00Z,401858539,2026-11-28T05:00Z,13,Penn State Nittany Lions,Maryland Terrapins,False,True,Penn State Nittany Lions,0.8381730856244187,0.1618269143755813,0.8381730856244187,16.347601742529108,29.505180070301286,-13.157578327772178
2026-09-23T23:32:27.780138+00:00,2026-09-20T03:00Z,401858541,2026-11-28T05:00Z,13,Washington Huskies,Oregon Ducks,False,True,Oregon Ducks,0.6191001039779896,0.6191001039779896,0.38089989602201035,28.887700629573843,25.001857605808702,3.8858430237651405
2026-09-23T23:32:27.780138+00:00,2026-09-20T03:00Z,401858542,2026-11-28T05:00Z,13,Michigan State Spartans,Rutgers Scarlet Knights,False,True,Michigan State Spartans,0.7894207004442275,0.21057929955577248,0.7894207004442275,20.390816230202205,30.962312900073417,-10.571496669871213
2026-09-23T23:32:27.780138+00:00,2026-09-20T03:00Z,401858543,2026-11-28T05:00Z,13,USC Trojans,UCLA Bruins,False,True,USC Trojans,0.6303612527697721,0.36963874723022794,0.6303612527697721,32.892774441249486,37.16290965954875,-4.2701352182992665
2026-09-23T23:32:27.780138+00:00,2026-09-20T03:00Z,401860926,2026-11-28T05:00Z,13,TBD,Colorado State Rams,False,False,,,,,,,
2026-09-23T23:32:27.780138+00:00,2026-09-20T03:00Z,401860927,2026-11-28T05:00Z,13,TBD,Fresno State Bulldogs,False,False,,,,,,,
2026-09-23T23:32:27.780138+00:00,2026-09-20T03:00Z,401860928,2026-11-28T05:00Z,13,TBD,Utah State Aggies,False,False,,,,,,,
2026-09-23T23:32:27.780138+00:00,2026-09-20T03:00Z,401860929,2026-11-28T05:00Z,13,TBD,Washington State Cougars,False,False,,,,,,,
2026-09-23T23:32:27.780138+00:00,2026-09-20T03:00Z,401861969,2026-11-28T05:00Z,13,UConn Huskies,Wyoming Cowboys,False,True,UConn Huskies,0.7631312125075229,0.23686878749247714,0.7631312125075229,19.122508422624804,28.48189751991889,-9.359389097294084
2026-09-23T23:32:27.780138+00:00,2026-09-20T03:00Z,401862840,2026-11-28T05:00Z,13,Tulsa Golden Hurricane,UTSA Roadrunners,False,True,UTSA Roadrunners,0.732505501182741,0.732505501182741,0.26749449881725895,26.254567763871517,18.195592963434414,8.058974800437102
2026-09-23T23:32:27.780138+00:00,2026-09-20T03:00Z,401862841,2026-11-28T05:00Z,13,Army Black Knights,Rice Owls,False,True,Army Black Knights,0.8147377613736377,0.1852622386263623,0.8147377613736377,17.56576486826313,29.414516618856748,-11.848751750593618
2026-09-23T23:32:27.780138+00:00,2026-09-20T03:00Z,401862842,2026-11-28T05:00Z,13,Navy Midshipmen,Charlotte 49ers,False,True,Navy Midshipmen,0.6888239146434508,0.31117608535654917,0.6888239146434508,22.00244053316301,28.359454365043007,-6.357013831879996
2026-09-23T23:32:27.780138+00:00,2026-09-20T03:00Z,401862843,2026-11-28T05:00Z,13,UAB Blazers,North Texas Mean Green,False,True,North Texas Mean Green,0.8952058301563396,0.8952058301563396,0.10479416984366041,40.81526940833801,23.65482516365291,17.160444244685102
2026-09-23T23:32:27.780138+00:00,2026-09-20T03:00Z,401864550,2026-11-28T05:00Z,13,UTEP Miners,Northern Illinois Huskies,False,True,Northern Illinois Huskies,0.7393259759293983,0.7393259759293983,0.2606740240706017,33.91593037689255,25.57618436908418,8.339746007808365
2026-09-23T23:32:27.780138+00:00,2026-09-20T03:00Z,401869947,2026-11-28T05:00Z,13,Coastal Carolina Chanticleers,James Madison Dukes,False,True,James Madison Dukes,0.9129581399947302,0.9129581399947302,0.08704186000526981,31.982125933962063,13.179718907857936,18.802407026104127
2026-09-23T23:32:27.780138+00:00,2026-09-20T03:00Z,401869954,2026-11-28T05:00Z,13,Louisiana Tech Bulldogs,Georgia Southern Eagles,False,True,Louisiana Tech Bulldogs,0.5069318521011688,0.49306814789883124,0.5069318521011688,26.049394894200475,26.271228374467665,-0.22183348026718974
2026-09-23T23:32:27.780138+00:00,2026-09-20T03:00Z,401869959,2026-11-28T05:00Z,13,Louisiana Ragin' Cajuns,Georgia State Panthers,False,True,Georgia State Panthers,0.5077287365284383,0.5077287365284383,0.4922712634715617,30.99085319515827,30.7435139257827,0.24733926937556916
2026-09-23T23:32:27.780138+00:00,2026-09-20T03:00Z,401871102,2026-11-28T05:00Z,13,Marshall Thundering Herd,UL Monroe Warhawks,False,True,Marshall Thundering Herd,0.711651078296047,0.28834892170395304,0.711651078296047,24.352409786735397,31.57974140437979,-7.227331617644392
2026-09-23T23:32:27.780138+00:00,2026-09-20T03:00Z,401871103,2026-11-28T05:00Z,13,Southern Miss Golden Eagles,Old Dominion Monarchs,False,True,Old Dominion Monarchs,0.8841751503978587,0.8841751503978587,0.11582484960214134,35.05361210904749,18.793003755957375,16.260608353090117
2026-09-23T23:32:27.780138+00:00,2026-09-20T03:00Z,401858540,2026-11-28T17:00Z,13,Michigan Wolverines,Ohio State Buckeyes,False,True,Ohio State Buckeyes,0.8863785050417824,0.8863785050417824,0.1136214949582176,31.397898530644166,14.963727639425464,16.434170891218702
2026-09-23T23:32:27.780138+00:00,2026-09-20T03:00Z,401866474,2026-11-28T17:00Z,13,Central Michigan Chippewas,Ball State Cardinals,False,True,Central Michigan Chippewas,0.7602865982193364,0.2397134017806636,0.7602865982193364,21.797317631311536,31.03132894808479,-9.234011316773255
2026-09-23T23:32:27.780138+00:00,2026-09-20T03:00Z,401866475,2026-11-28T17:00Z,13,Massachusetts Minutemen,Bowling Green Falcons,False,True,Massachusetts Minutemen,0.7475318260935824,0.2524681739064176,0.7475318260935824,23.63356955441039,32.31750302829896,-8.683933473888569
2026-09-23T23:32:27.780138+00:00,2026-09-20T03:00Z,401870804,2026-11-28T18:00Z,13,Kennesaw State Owls,Western Kentucky Hilltoppers,False,True,Kennesaw State Owls,0.553535719426129,0.44646428057387105,0.553535719426129,25.842615440297234,27.562350523550073,-1.7197350832528393
2026-09-23T23:32:27.780138+00:00,2026-09-20T03:00Z,401871063,2026-11-28T19:00Z,13,Liberty Flames,Missouri State Bears,False,True,Liberty Flames,0.8672111127127738,0.13278888728722618,0.8672111127127738,17.623940918195707,32.63611605102327,-15.012175132827565
2026-09-23T23:32:27.780138+00:00,2026-09-20T03:00Z,401871082,2026-11-28T19:00Z,13,Sam Houston Bearkats,Florida International Panthers,False,True,Florida International Panthers,0.7211501701584045,0.7211501701584045,0.27884982984159545,23.117051500841345,15.515659473935841,7.601392026905504
2026-09-23T23:32:27.780138+00:00,2026-09-20T03:00Z,401871083,2026-11-28T19:00Z,13,New Mexico State Aggies,Middle Tennessee Blue Raiders,False,True,Middle Tennessee Blue Raiders,0.7065822819036683,0.7065822819036683,0.29341771809633166,28.163811977257318,21.13307272361477,7.0307392536425475
2026-09-23T23:32:27.780138+00:00,2026-09-20T03:00Z,401869939,2026-11-28T20:00Z,13,Troy Trojans,Arkansas State Red Wolves,False,True,Troy Trojans,0.654171364983146,0.34582863501685396,0.654171364983146,21.096878549104947,26.19628627111677,-5.099407722011822
2026-09-23T23:32:27.780138+00:00,2026-09-20T03:00Z,401871062,2026-11-28T20:30Z,13,Jacksonville State Gamecocks,Delaware Blue Hens,False,True,Delaware Blue Hens,0.693435626451034,0.693435626451034,0.30656437354896604,28.477972696008973,21.94812749537391,6.529845200635062
2026-09-23T23:32:27.780138+00:00,2026-09-20T03:00Z,401864546,2026-11-28T21:30Z,13,Air Force Falcons,New Mexico Lobos,False,True,New Mexico Lobos,0.8237925464509197,0.8237925464509197,0.1762074535490803,34.20283978441481,21.864786024833297,12.338053759581516
2026-09-23T23:32:27.780138+00:00,2026-09-20T03:00Z,401864548,2026-11-29T02:00Z,13,Nevada Wolf Pack,UNLV Rebels,False,True,Nevada Wolf Pack,0.5455189048909036,0.4544810951090964,0.5455189048909036,20.93193927240465,22.392588415751106,-1.4606491433464548
2026-09-23T23:32:27.780138+00:00,2026-09-20T03:00Z,401864547,2026-11-29T04:00Z,13,Sacramento State Hornets,Hawai'i Rainbow Warriors,False,True,Hawai'i Rainbow Warriors,0.7615627181974557,0.7615627181974557,0.2384372818025443,29.751510203588627,20.461380411845965,9.290129791742661
2026-09-23T23:32:27.780138+00:00,2026-09-20T03:00Z,401862844,2026-12-12T20:00Z,15,Navy Midshipmen,Army Black Knights,True,True,Army Black Knights,0.6363323629704525,0.6363323629704525,0.3636676370295475,27.651684522804395,23.1758393652769,4.475845157527495
