id,season,week,date,home,away,homeName,awayName,hs,as,neutral,fbs,prob,outcome,previousProb,v3Prob,benchmark,cutoff,homeScore,awayScore,margin,actualMargin
401525434,2023,1,2023-08-26T18:30Z,87,2426,Notre Dame Fighting Irish,Navy Midshipmen,42,3,True,True,0.9342657202142008,1,0.8809486748180009,0.7222764835841973,0.7298603226484333,2023-08-26T18:30Z,41.486679510450834,13.076807102750331,28.409872407700504,39
401520145,2023,1,2023-08-26T21:30Z,55,2638,Jacksonville State Gamecocks,UTEP Miners,17,14,False,True,0.803627556062867,1,0.605288287508711,0.6752573369479589,0.7651517835927217,2023-08-26T18:30Z,34.04392700428829,19.290322236500135,14.753604767788158,3
401525450,2023,1,2023-08-26T23:00Z,166,113,New Mexico State Aggies,Massachusetts Minutemen,30,41,False,True,0.7074798334465933,0,0.7627762295965206,0.7649875303379349,0.7367289024819447,2023-08-26T18:30Z,29.458295697752042,20.334422042918476,9.123873654833567,-11
401532392,2023,1,2023-08-26T23:00Z,21,195,San Diego State Aztecs,Ohio Bobcats,20,13,False,True,0.5602731735309566,1,0.6367859420705515,0.6266195255536997,0.5456357285601169,2023-08-26T18:30Z,26.489576667625247,24.225936133301065,2.263640534324182,7
401523986,2023,1,2023-08-27T00:00Z,30,23,USC Trojans,San José State Spartans,56,28,False,True,0.8869841256341193,1,0.8164093701632131,0.7304870355863046,0.8185440389136119,2023-08-26T18:30Z,43.110006856894856,21.386225934757427,21.72378092213743,28
401520146,2023,1,2023-08-27T01:00Z,2348,2229,Louisiana Tech Bulldogs,Florida International Panthers,22,17,False,True,0.7056564779901492,1,0.698663255849719,0.7226438251723803,0.755740045770701,2023-08-26T18:30Z,35.93016885135571,26.900431360171808,9.029737491183901,5
401520147,2023,1,2023-08-27T01:10Z,238,62,Vanderbilt Commodores,Hawai'i Rainbow Warriors,35,28,False,True,0.735546573635503,1,0.5976870900645552,0.5864017423379186,0.7859708022131692,2023-08-26T18:30Z,35.17526990187257,24.55526642289031,10.620003478982259,7
401525816,2023,1,2023-08-31T23:00Z,2116,2309,UCF Knights,Kent State Golden Flashes,56,6,False,True,0.7293553686558252,1,0.7458929096727526,0.7147769086220506,0.7844312350530643,2023-08-26T18:30Z,34.43804398521128,24.15622487656197,10.281819108649309,50
401520174,2023,1,2023-08-31T23:30Z,41,152,UConn Huskies,NC State Wolfpack,14,24,False,True,0.285620103888841,0,0.1912601689581266,0.31795849162619017,0.22131148439211648,2023-08-26T18:30Z,17.522128795662788,27.66465106310666,-10.142522267443873,-10
401520176,2023,1,2023-09-01T00:00Z,254,57,Utah Utes,Florida Gators,24,11,False,True,0.5227253462801428,1,0.6307313895673244,0.7704945985526248,0.73557904129137,2023-08-26T18:30Z,29.511723744064426,28.867667867755102,0.6440558763093236,13
401520148,2023,1,2023-09-01T00:00Z,135,158,Minnesota Golden Gophers,Nebraska Cornhuskers,13,10,False,True,0.6207183102722612,1,0.6872344567879975,0.7564387129086844,0.7824990287404121,2023-08-26T18:30Z,26.561477778402015,21.6183369778747,4.943140800527313,3
401520163,2023,1,2023-09-01T23:00Z,127,2117,Michigan State Spartans,Central Michigan Chippewas,31,7,False,True,0.8010835441652693,1,0.7603756033720622,0.6769312847911921,0.8033134586348942,2023-08-26T18:30Z,35.21674428814623,20.634858356628275,14.581885931517956,24
401525463,2023,1,2023-09-01T23:00Z,2390,193,Miami Hurricanes,Miami (OH) RedHawks,38,3,False,True,0.8053258655120051,1,0.7430571703766062,0.610616161359768,0.6168877436783045,2023-08-26T18:30Z,31.57187852744096,16.70270179835918,14.86917672908178,35
401525462,2023,1,2023-09-01T23:30Z,59,97,Georgia Tech Yellow Jackets,Louisville Cardinals,34,39,True,True,0.27762519672926655,0,0.2667343947074481,0.2222941086540064,0.19818880657426524,2023-08-26T18:30Z,19.953750078605733,30.189670463735155,-10.235920385129422,-5
401523988,2023,1,2023-09-02T03:00Z,62,24,Hawai'i Rainbow Warriors,Stanford Cardinal,24,37,False,True,0.37238994929816815,0,0.47616777362813034,0.574091054032085,0.3261020316772581,2023-08-26T18:30Z,25.969082907947097,31.885942646778723,-5.916859738831626,-13
401520162,2023,1,2023-09-02T16:00Z,130,151,Michigan Wolverines,East Carolina Pirates,30,3,False,True,0.9482219204505966,1,0.9255722975521881,0.8533617358125287,0.8936947580797493,2023-08-26T18:30Z,46.52056195587629,15.727051473087997,30.793510482788292,27
401520179,2023,1,2023-09-02T16:00Z,2633,258,Tennessee Volunteers,Virginia Cavaliers,49,13,True,True,0.9273816572873341,1,0.8806127410537296,0.8578454402300257,0.9313495411603334,2023-08-26T18:30Z,42.36885768466226,15.104233229160151,27.26462445550211,36
401523994,2023,1,2023-09-02T16:00Z,2628,38,TCU Horned Frogs,Colorado Buffaloes,42,45,False,True,0.9142598790834975,0,0.8834661592992337,0.9122797921957683,0.9505960197143185,2023-08-26T18:30Z,43.86309930852923,18.858599103239538,25.00450020528969,-3
401525822,2023,1,2023-09-02T16:00Z,201,2032,Oklahoma Sooners,Arkansas State Red Wolves,73,0,False,True,0.9406470798840051,1,0.9246744284240631,0.866414141571024,0.8900261593465303,2023-08-26T18:30Z,46.52165263480421,17.27545619805962,29.246196436744594,73
401520157,2023,1,2023-09-02T16:00Z,2294,328,Iowa Hawkeyes,Utah State Aggies,24,14,False,True,0.9029476328900822,1,0.858390188448082,0.7449603157870519,0.8456114087647038,2023-08-26T18:30Z,35.061950848731385,11.517261219365079,23.544689629366307,10
401520159,2023,1,2023-09-02T16:00Z,96,2050,Kentucky Wildcats,Ball State Cardinals,44,14,False,True,0.8936129891413906,1,0.8308766356765459,0.7265063989651468,0.8339999235652749,2023-08-26T18:30Z,34.667960059035046,12.217480430885283,22.450479628149765,30
401520160,2023,1,2023-09-02T16:00Z,2335,189,Liberty Flames,Bowling Green Falcons,34,24,False,True,0.8151671641165684,1,0.7617309173166775,0.7813653978390752,0.7640426587542498,2023-08-26T18:30Z,33.91117066699209,18.356709625355748,15.554461041636344,10
401520170,2023,1,2023-09-02T16:00Z,2509,278,Purdue Boilermakers,Fresno State Bulldogs,35,39,False,True,0.5930567177736065,0,0.5410826715844792,0.43749765132743695,0.49342707010425635,2023-08-26T18:30Z,30.413643431887465,26.711971730108562,3.7016717017789027,-4
401520172,2023,1,2023-09-02T16:00Z,2567,2348,SMU Mustangs,Louisiana Tech Bulldogs,38,14,False,True,0.8014435240478397,1,0.8094354072919454,0.8149241563356486,0.8689586727011668,2023-08-26T18:30Z,43.186078077443995,28.579994629870733,14.606083447573262,24
401525464,2023,1,2023-09-02T16:00Z,103,2459,Boston College Eagles,Northern Illinois Huskies,24,27,False,True,0.6686074090425762,0,0.6686101821747794,0.5631771149508811,0.6004589510309409,2023-08-26T18:30Z,32.48069190136394,25.297259870728197,7.183432030635743,-3
401531387,2023,1,2023-09-02T18:00Z,218,2006,Temple Owls,Akron Zips,24,21,False,True,0.6876270971130407,1,0.6364562086112666,0.5751687931060862,0.6354078086298122,2023-08-26T18:30Z,31.987449649765825,23.87110453366502,8.116345116100806,3
401520156,2023,1,2023-09-02T19:30Z,84,194,Indiana Hoosiers,Ohio State Buckeyes,3,23,False,True,0.06599839639954463,0,0.07428821612108544,0.1239113369417083,0.09058199647339225,2023-08-26T18:30Z,18.484385534475813,47.177931490157086,-28.693545955681273,-20
401523997,2023,1,2023-09-02T19:30Z,264,68,Washington Huskies,Boise State Broncos,56,19,False,True,0.7692361466777962,1,0.6072152986636105,0.5769366342897357,0.6678197918747449,2023-08-26T18:30Z,36.24478617916979,23.686779624095507,12.558006555074286,37
401525824,2023,1,2023-09-02T19:30Z,251,242,Texas Longhorns,Rice Owls,37,10,False,True,0.9749593442456266,1,0.9577836233336817,0.8913288786914765,0.9524115023907217,2023-08-26T18:30Z,47.59206980191461,8.724830354376941,38.86723944753767,27
401520180,2023,1,2023-09-02T19:30Z,275,2084,Wisconsin Badgers,Buffalo Bulls,38,17,False,True,0.8453025752246863,1,0.8252964302396291,0.7713203895256877,0.7976244139477207,2023-08-26T18:30Z,35.21732968017558,17.36919615311467,17.84813352706091,21
401520151,2023,1,2023-09-02T19:30Z,2,113,Auburn Tigers,Massachusetts Minutemen,59,14,False,True,0.9560120762524055,1,0.9554145840058837,0.9049872079189214,0.939375963044657,2023-08-26T18:30Z,41.75812766005193,9.131734331731598,32.62639332832033,45
401520181,2023,1,2023-09-02T19:30Z,98,58,Western Kentucky Hilltoppers,South Florida Bulls,41,24,False,True,0.7857998202747292,1,0.7883595855985807,0.8674574789360249,0.851307535933869,2023-08-26T18:30Z,40.72242633576218,27.139106855705165,13.583319480057014,17
401523991,2023,1,2023-09-02T20:00Z,249,25,North Texas Mean Green,California Golden Bears,21,58,False,True,0.43330268586029025,0,0.43106038341016284,0.6648774907967497,0.5152199051126053,2023-08-26T18:30Z,26.055486772506995,29.257937628426752,-3.202450855919757,-37
401523996,2023,1,2023-09-02T22:30Z,30,2440,USC Trojans,Nevada Wolf Pack,66,14,False,True,0.9298946951714236,1,0.8634680959713392,0.824805880932995,0.9146856211343336,2023-08-26T18:30Z,45.39636541118719,18.055411723102957,27.340953688084234,52
401520173,2023,1,2023-09-02T23:00Z,245,167,Texas A&M Aggies,New Mexico Lobos,52,10,False,True,0.9584439365890749,1,0.9393025655810838,0.8705627717760206,0.9010448270975311,2023-08-26T18:30Z,39.198688019038336,5.936347315683058,33.26234070335528,42
401520175,2023,1,2023-09-02T23:00Z,2433,349,UL Monroe Warhawks,Army Black Knights,17,13,False,True,0.3872514330870256,1,0.2858822176643684,0.3597639423891152,0.3250855653038379,2023-08-26T18:30Z,24.97320836817261,30.214679170303214,-5.241470802130603,4
401523990,2023,1,2023-09-02T23:00Z,36,265,Colorado State Rams,Washington State Cougars,24,50,False,True,0.3074000088162523,0,0.3410309849587296,0.4235997529606532,0.2069191484329948,2023-08-26T18:30Z,18.29385889272799,27.31835541901556,-9.024496526287571,-26
401525817,2023,1,2023-09-02T23:00Z,239,326,Baylor Bears,Texas State Bobcats,31,42,False,True,0.8592968437953885,0,0.887251900446738,0.8200626269868675,0.8757261014603158,2023-08-26T18:30Z,36.427023137346936,17.388194565738267,19.03882857160867,-11
401525819,2023,1,2023-09-02T23:00Z,248,2636,Houston Cougars,UTSA Roadrunners,17,14,False,True,0.5983890615500662,1,0.5686613967464633,0.5580177910295108,0.5354332898315958,2023-08-26T18:30Z,34.90191944137523,30.963249552756864,3.9386698886183638,3
401520149,2023,1,2023-09-02T23:30Z,333,2393,Alabama Crimson Tide,Middle Tennessee Blue Raiders,56,7,False,True,0.9864711697572224,1,0.9774915836042994,0.9164614421770085,0.9601238944655861,2023-08-26T18:30Z,53.7255341085539,8.14244376652588,45.58309034202802,49
401520169,2023,1,2023-09-02T23:30Z,213,277,Penn State Nittany Lions,West Virginia Mountaineers,38,15,False,True,0.9129751422120548,1,0.8839886788190908,0.8401369345166734,0.8649283162173327,2023-08-26T18:30Z,41.431824002719324,16.601575398981684,24.83024860373764,23
401520167,2023,1,2023-09-02T23:30Z,2579,153,South Carolina Gamecocks,North Carolina Tar Heels,17,31,True,True,0.5005269539474242,0,0.5171547530883625,0.4950337534161508,0.5481824697751405,2023-08-26T18:30Z,32.42777740433522,32.40521537216059,0.022562032174626268,-14
401520155,2023,1,2023-09-02T23:30Z,356,2649,Illinois Fighting Illini,Toledo Rockets,30,28,False,True,0.746702929390691,1,0.6813467477931322,0.6338290125430455,0.7991377543289512,2023-08-26T18:30Z,29.393405819058657,18.150904488779677,11.24250133027898,2
401531347,2023,1,2023-09-03T00:00Z,2655,6,Tulane Green Wave,South Alabama Jaguars,37,17,False,True,0.7532737684911556,1,0.7173080194000375,0.717458617758187,0.7270050224233898,2023-08-26T18:30Z,33.968852429948875,22.35123050090549,11.617621929043384,20
401525467,2023,1,2023-09-03T00:00Z,259,295,Virginia Tech Hokies,Old Dominion Monarchs,36,17,False,True,0.676662000906973,1,0.7124856583341246,0.6032583412518276,0.596887384396609,2023-08-26T18:30Z,27.017269575410893,19.442281919238635,7.574987656172258,19
401525825,2023,1,2023-09-03T00:50Z,2751,2641,Wyoming Cowboys,Texas Tech Red Raiders,35,33,False,True,0.31162233490708247,1,0.41423083309408915,0.4348452797940364,0.2728510871246276,2023-08-26T18:30Z,23.76741520829575,32.58043175754679,-8.813016549251042,2
401520152,2023,1,2023-09-03T02:15Z,252,2534,BYU Cougars,Sam Houston Bearkats,14,0,False,True,0.5981753438505788,1,0.7382587938631457,0.6344041804039436,0.5893533671929888,2023-08-26T18:30Z,30.241411641824218,26.312260039027493,3.9291516027967255,14
401523995,2023,1,2023-09-03T02:30Z,26,324,UCLA Bruins,Coastal Carolina Chanticleers,27,13,False,True,0.8485534385395607,1,0.7426140993486199,0.7396725599889384,0.7908772480837543,2023-08-26T18:30Z,44.124577447182034,26.008023355979567,18.116554091202467,14
401520171,2023,1,2023-09-03T16:00Z,164,77,Rutgers Scarlet Knights,Northwestern Wildcats,24,7,False,True,0.5820726041705253,1,0.5132627241811581,0.5095872977182971,0.4946741703704371,2023-08-26T18:30Z,24.61654097255796,21.400067468352137,3.2164735042058226,17
401532573,2023,1,2023-09-03T19:30Z,23,204,San José State Spartans,Oregon State Beavers,17,42,False,True,0.30523285004803064,0,0.397984656821438,0.38562912122378423,0.2786620759896774,2023-08-26T18:30Z,21.574142811163625,30.707809961891492,-9.133667150727867,-25
401520182,2023,1,2023-09-03T23:30Z,52,99,Florida State Seminoles,LSU Tigers,45,24,True,True,0.3318894254003795,1,0.35652660818385956,0.45988203361441427,0.4628488163659596,2023-08-26T18:30Z,24.666144297624736,32.155205441248334,-7.489061143623598,21
401525468,2023,1,2023-09-05T00:00Z,150,228,Duke Blue Devils,Clemson Tigers,28,7,False,True,0.17145495527003932,1,0.15206933154456265,0.3395195981452104,0.35885923176985746,2023-08-26T18:30Z,18.340832531522572,35.53298022349273,-17.192147691970156,21
401520195,2023,2,2023-09-08T23:30Z,2305,356,Kansas Jayhawks,Illinois Fighting Illini,34,23,False,True,0.5162498879826106,1,0.3737896339574992,0.37655261117929495,0.45191057697346915,2023-09-07T23:30Z,27.502378685923777,28.92299858187466,-1.4206198959508818,11
401520216,2023,2,2023-09-09T15:00Z,154,238,Wake Forest Demon Deacons,Vanderbilt Commodores,36,20,False,True,0.7306027041307777,1,0.7907137597063532,0.8329638461304878,0.8239880407033567,2023-09-07T23:30Z,37.6108957208926,25.8180901315974,11.792805589295199,16
401520191,2023,2,2023-09-09T16:00Z,61,2050,Georgia Bulldogs,Ball State Cardinals,45,3,False,True,0.9930632095386227,1,0.9895123785459689,0.9657251660800108,0.9871040244118985,2023-09-07T23:30Z,52.57480631520769,0.36401638053806806,52.21078993466962,42
401525436,2023,2,2023-09-09T16:00Z,152,87,NC State Wolfpack,Notre Dame Fighting Irish,24,45,False,True,0.2835886882922866,0,0.1827389665367661,0.29753522735151405,0.21791945018157277,2023-09-07T23:30Z,17.11884213456016,28.54151780338762,-11.422675668827459,-21
401523999,2023,2,2023-09-09T16:00Z,239,254,Baylor Bears,Utah Utes,13,20,False,True,0.2753244062819957,0,0.2629579530421465,0.3066638304828204,0.18150348073916106,2023-09-07T23:30Z,19.97463150519523,31.537658028774942,-11.563026523579712,-7
401525829,2023,2,2023-09-09T16:00Z,2306,2653,Kansas State Wildcats,Troy Trojans,42,13,False,True,0.7783360375530202,1,0.7869437585206743,0.6927630539370939,0.7937218936083698,2023-09-07T23:30Z,28.98581518289317,15.164945386675992,13.820869796217178,29
401520188,2023,2,2023-09-09T16:00Z,38,158,Colorado Buffaloes,Nebraska Cornhuskers,36,14,False,True,0.26193979464201145,1,0.4131238206161519,0.3333565705116917,0.3783163756711032,2023-09-07T23:30Z,20.039811475363052,28.68098076447565,-8.641169289112597,22
401520215,2023,2,2023-09-09T16:00Z,259,2509,Virginia Tech Hokies,Purdue Boilermakers,17,24,False,True,0.5620559181854564,0,0.5849399282376954,0.5177641547798808,0.5012044243549444,2023-09-07T23:30Z,29.889777115313827,28.074958609083488,1.8148185062303384,-7
401525498,2023,2,2023-09-09T16:00Z,258,256,Virginia Cavaliers,James Madison Dukes,35,36,False,True,0.47323478720235906,0,0.49284415040247903,0.26123852071936005,0.23036696530517528,2023-09-07T23:30Z,24.365846784433163,25.828508170532896,-1.4626613860997324,-1
401520202,2023,2,2023-09-09T19:30Z,130,2439,Michigan Wolverines,UNLV Rebels,35,7,False,True,0.9751038568382272,1,0.9708761055199343,0.9343283194187089,0.9648668582985461,2023-09-07T23:30Z,46.203113270251784,8.14792999928244,38.055183270969344,28
401520214,2023,2,2023-09-09T19:30Z,2655,145,Tulane Green Wave,Ole Miss Rebels,20,37,False,True,0.5016513181579296,0,0.5442919911422857,0.6607320083404409,0.642455423676328,2023-09-07T23:30Z,29.559588485128845,30.010372556883894,-0.45078407175504864,-17
401520201,2023,2,2023-09-09T19:30Z,2390,245,Miami Hurricanes,Texas A&M Aggies,48,33,False,True,0.40344204189366345,1,0.4495395816951953,0.49278860991347295,0.396134116954327,2023-09-07T23:30Z,21.586399118788215,26.24169018703077,-4.655291068242555,15
401520194,2023,2,2023-09-09T19:30Z,66,2294,Iowa State Cyclones,Iowa Hawkeyes,13,20,False,True,0.4137880901870732,0,0.5454274305399457,0.5699028126540481,0.5188662753623553,2023-09-07T23:30Z,14.45792529606799,17.985682229434914,-3.527756933366925,-7
401520207,2023,2,2023-09-09T19:30Z,77,2638,Northwestern Wildcats,UTEP Miners,38,7,False,True,0.6751313892057795,1,0.5593830918836313,0.41722766210660256,0.4690804932034758,2023-09-07T23:30Z,24.214279911011413,16.627861088158188,7.586418822853226,31
401525497,2023,2,2023-09-09T19:30Z,183,2711,Syracuse Orange,Western Michigan Broncos,48,7,False,True,0.7929934635314747,1,0.74091593587176,0.6716108014817204,0.8238424074424411,2023-09-07T23:30Z,30.032696232760006,16.000173066181066,14.03252316657894,41
401526833,2023,2,2023-09-09T19:30Z,113,193,Massachusetts Minutemen,Miami (OH) RedHawks,28,41,False,True,0.4010301022299041,0,0.3763049875715903,0.4156486526774267,0.44007340929489225,2023-09-07T23:30Z,24.12698319548236,26.777164808062587,-2.6501816125802264,-13
401531395,2023,2,2023-09-09T19:30Z,2636,326,UTSA Roadrunners,Texas State Bobcats,20,13,False,True,0.7915536436232715,1,0.7607625819805084,0.809904798852465,0.6937755668750407,2023-09-07T23:30Z,31.65331195070141,19.038837938120643,12.614474012580768,7
401520184,2023,2,2023-09-09T20:00Z,8,2309,Arkansas Razorbacks,Kent State Golden Flashes,28,6,False,True,0.9344537996837878,1,0.887323498032854,0.860224496723724,0.9373281935380423,2023-09-07T23:30Z,44.33613924087472,17.8112753880942,26.524863852780523,22
401531411,2023,2,2023-09-09T20:00Z,151,276,East Carolina Pirates,Marshall Thundering Herd,13,31,False,True,0.561067185368652,0,0.5360123534601302,0.4879038388140571,0.4990721787170865,2023-09-07T23:30Z,25.12193902491356,20.42227596791971,4.699663056993849,-18
401524004,2023,2,2023-09-09T21:00Z,264,202,Washington Huskies,Tulsa Golden Hurricane,43,10,False,True,0.9447417497479359,1,0.9063199924570798,0.8397058187393034,0.9301394528426385,2023-09-07T23:30Z,45.68747060726121,18.530450409620236,27.157020197640975,33
401525495,2023,2,2023-09-09T21:15Z,153,2026,North Carolina Tar Heels,Appalachian State Mountaineers,40,34,False,True,0.889980564201439,1,0.7600296396879918,0.6364403288765561,0.7396469265691071,2023-09-07T23:30Z,41.23690866553751,22.64258992903484,18.59431873650267,6
401525830,2023,2,2023-09-09T22:00Z,201,2567,Oklahoma Sooners,SMU Mustangs,28,11,False,True,0.8715418863929696,1,0.8940859098703953,0.7862391814076823,0.894553676274667,2023-09-07T23:30Z,43.83237027888346,23.809195663329973,20.023174615553486,17
401520198,2023,2,2023-09-09T22:00Z,2335,166,Liberty Flames,New Mexico State Aggies,33,17,False,True,0.8449679721879312,1,0.8559800890163168,0.8131097905712927,0.8995644689032659,2023-09-07T23:30Z,36.79085614593387,19.17350385500678,17.617352290927094,16
401531378,2023,2,2023-09-09T22:00Z,290,5,Georgia Southern Eagles,UAB Blazers,49,35,False,True,0.45833215994351767,1,0.4794792263617076,0.4606413646492959,0.47608681224757765,2023-09-07T23:30Z,26.95922456018131,29.34883492141835,-2.389610361237043,14
401531419,2023,2,2023-09-09T22:00Z,2226,195,Florida Atlantic Owls,Ohio Bobcats,10,17,False,True,0.555215229186042,0,0.5983402572122201,0.5300256485343902,0.5497086398650785,2023-09-07T23:30Z,26.063140823536052,25.09479809248994,0.9683427310461141,-7
401531842,2023,2,2023-09-09T22:00Z,295,309,Old Dominion Monarchs,Louisiana Ragin' Cajuns,38,31,False,True,0.3203194834253402,1,0.2687008212688347,0.362046165719233,0.2864354569590835,2023-09-07T23:30Z,21.37880770727128,26.71787036767116,-5.339062660399879,7
401520189,2023,2,2023-09-09T22:30Z,2229,249,Florida International Panthers,North Texas Mean Green,46,39,False,True,0.462360099417934,1,0.4555393566604998,0.40092604721815184,0.41028665417400423,2023-09-07T23:30Z,29.74484645120309,29.94580646688012,-0.2009600156770297,7
401525496,2023,2,2023-09-09T22:30Z,221,2132,Pittsburgh Panthers,Cincinnati Bearcats,21,27,False,True,0.6574510979927303,0,0.577183457628811,0.6235852304397396,0.5948968934058707,2023-09-07T23:30Z,27.410808287667823,20.79603569778755,6.614772589880275,-6
401520183,2023,2,2023-09-09T23:00Z,333,251,Alabama Crimson Tide,Texas Longhorns,24,34,False,True,0.8194924612448502,0,0.8603524242779818,0.8022648274338695,0.8410837955109578,2023-09-07T23:30Z,37.1705640139707,20.8525700784272,16.317993935543498,-10
401524002,2023,2,2023-09-09T23:00Z,2641,2483,Texas Tech Red Raiders,Oregon Ducks,30,38,False,True,0.2501357425336728,0,0.30122607279572977,0.48851292239040844,0.41036060982906275,2023-09-07T23:30Z,26.175993553868548,38.468080523048016,-12.292086969179469,-8
401520187,2023,2,2023-09-09T23:00Z,324,55,Coastal Carolina Chanticleers,Jacksonville State Gamecocks,30,16,False,True,0.5611504602359125,1,0.636773794879426,0.5582496819637244,0.47760157985750895,2023-09-07T23:30Z,26.229976111045538,25.57617701392616,0.6537990971193786,14
401520192,2023,2,2023-09-09T23:00Z,2247,41,Georgia State Panthers,UConn Huskies,35,14,False,True,0.6972761265726132,1,0.7692298367541025,0.7869991141359145,0.7269273167312861,2023-09-07T23:30Z,29.0748985292785,23.649228693147016,5.425669836131483,21
401520206,2023,2,2023-09-09T23:00Z,142,2393,Missouri Tigers,Middle Tennessee Blue Raiders,23,19,False,True,0.8061848953176302,1,0.8312220617837477,0.7553740633056166,0.8790085580456999,2023-09-07T23:30Z,32.46903742786358,18.227099835738386,14.241937592125197,4
401525827,2023,2,2023-09-09T23:00Z,68,2116,Boise State Broncos,UCF Knights,16,18,False,True,0.32660953951258087,0,0.39626986676513737,0.34386406987594137,0.11498477309685501,2023-09-07T23:30Z,24.38807910579657,32.55628376240852,-8.168204656611948,-2
401525831,2023,2,2023-09-09T23:00Z,242,248,Rice Owls,Houston Cougars,43,41,False,True,0.2918154549182535,1,0.27839420972250484,0.2498866554078931,0.19299557925947847,2023-09-07T23:30Z,20.21369193201627,30.23939869639535,-10.02570676437908,2
401531427,2023,2,2023-09-09T23:00Z,2032,235,Arkansas State Red Wolves,Memphis Tigers,3,37,False,True,0.20538563546882008,0,0.10900732979248247,0.13040296241966265,0.05092230608616236,2023-09-07T23:30Z,22.348768710656564,36.85467943452263,-14.505910723866066,-34
401520217,2023,2,2023-09-09T23:30Z,265,275,Washington State Cougars,Wisconsin Badgers,31,22,False,True,0.5271500831928901,1,0.4650216970997613,0.5029495934401209,0.562351937255916,2023-09-07T23:30Z,27.75822281644644,26.93282911349426,0.8253937029521801,9
401520200,2023,2,2023-09-09T23:30Z,120,2429,Maryland Terrapins,Charlotte 49ers,38,20,False,True,0.9387938502018978,1,0.8875384674071454,0.8346144329632402,0.9186454329135273,2023-09-07T23:30Z,39.910244874239794,13.913304732370039,25.996940141869757,18
401520204,2023,2,2023-09-09T23:30Z,135,2199,Minnesota Golden Gophers,Eastern Michigan Eagles,25,6,False,True,0.8401373142761918,1,0.8056152091136101,0.719767218121698,0.8213423113225478,2023-09-07T23:30Z,31.50086442607366,13.963660101152863,17.5372043249208,19
401520205,2023,2,2023-09-09T23:30Z,344,12,Mississippi State Bulldogs,Arizona Wildcats,31,24,False,True,0.8372809883607493,1,0.7795998694991269,0.7762608985996994,0.8164110739007044,2023-09-07T23:30Z,37.523386013402344,20.624108828969373,16.89927718443297,7
401520210,2023,2,2023-09-09T23:30Z,164,218,Rutgers Scarlet Knights,Temple Owls,36,7,False,True,0.7615444945179146,1,0.7749116100386176,0.6551912844052136,0.7442745694408566,2023-09-07T23:30Z,27.371580988354246,14.679921467853593,12.691659520500654,29
401524001,2023,2,2023-09-09T23:30Z,21,26,San Diego State Aztecs,UCLA Bruins,10,35,False,True,0.38642399880168077,0,0.43552113847058127,0.4343713869574526,0.3369151527078405,2023-09-07T23:30Z,21.014564274980057,28.213029927666916,-7.19846565268686,-25
401520211,2023,2,2023-09-10T00:00Z,2534,2005,Sam Houston Bearkats,Air Force Falcons,3,13,True,True,0.4510584582711198,0,0.2216655304417592,0.29648399215667043,0.3104225691094544,2023-09-07T23:30Z,17.92901660013284,20.052861728116497,-2.1238451279836568,-10
401525493,2023,2,2023-09-10T00:30Z,52,2572,Florida State Seminoles,Southern Miss Golden Eagles,66,13,False,True,0.9632401305668178,1,0.9271082586479349,0.8703856283059652,0.9457580191228976,2023-09-07T23:30Z,42.717801289704056,11.293852171795884,31.423949117908172,53
401524003,2023,2,2023-09-10T02:30Z,30,24,USC Trojans,Stanford Cardinal,56,10,False,True,0.8747858190208643,1,0.9210116990131011,0.9038277019815042,0.9337778553648424,2023-09-07T23:30Z,42.324555922697094,23.697773139377,18.626782783320095,46
401520186,2023,2,2023-09-10T02:30Z,25,2,California Golden Bears,Auburn Tigers,10,14,False,True,0.46597550522942277,0,0.40154637887075123,0.5084695990215303,0.4752880911867132,2023-09-07T23:30Z,27.51802775874005,28.632957100347053,-1.1149293416070023,-4
401523998,2023,2,2023-09-10T02:30Z,9,197,Arizona State Sun Devils,Oklahoma State Cowboys,15,27,False,True,0.43332937776731584,0,0.4247263909150353,0.47099991826590415,0.3901624126335863,2023-09-07T23:30Z,25.97343971018543,27.351148724481696,-1.377709014296265,-12
401531428,2023,3,2023-09-14T23:30Z,235,2426,Memphis Tigers,Navy Midshipmen,28,24,False,True,0.8474557858922842,1,0.8747752085801591,0.8046344219197764,0.8568597920627087,2023-09-14T23:30Z,32.453615726067156,16.048873713446515,16.40474201262064,4
401520231,2023,3,2023-09-15T23:00Z,120,258,Maryland Terrapins,Virginia Cavaliers,42,14,False,True,0.8349593167784055,1,0.8482761497314123,0.8194968435313722,0.8249360993363261,2023-09-14T23:30Z,33.11009695627082,19.433802642492672,13.67629431377815,28
401531396,2023,3,2023-09-15T23:00Z,2636,349,UTSA Roadrunners,Army Black Knights,29,37,False,True,0.7987689605942655,0,0.6776373187115697,0.7545912239728709,0.7274999242439254,2023-09-14T23:30Z,24.860272090789298,13.793455599766384,11.066816491022914,-8
401532581,2023,3,2023-09-16T00:00Z,2005,328,Air Force Falcons,Utah State Aggies,39,21,False,True,0.6998591814000386,1,0.8047505378384605,0.823580086223445,0.7973166222947204,2023-09-14T23:30Z,26.7368368846431,15.892890063861028,10.843946820782072,18
401525500,2023,3,2023-09-16T16:00Z,103,52,Boston College Eagles,Florida State Seminoles,29,31,False,True,0.06947086021678635,0,0.11094819565957789,0.1122948110441459,0.03074140026198226,2023-09-14T23:30Z,14.886571698969771,41.40307520035885,-26.516503501389078,-2
401520226,2023,3,2023-09-16T16:00Z,356,213,Illinois Fighting Illini,Penn State Nittany Lions,13,30,False,True,0.13535039414944422,0,0.22608297511587674,0.30505755685653413,0.21447254027770857,2023-09-14T23:30Z,14.786956756304447,33.90292583815353,-19.11596908184908,-17
401520235,2023,3,2023-09-16T16:00Z,344,99,Mississippi State Bulldogs,LSU Tigers,14,41,False,True,0.4564948150567463,0,0.47652318506300745,0.49078760556764,0.545010090967184,2023-09-14T23:30Z,25.854572097393696,28.815776427965332,-2.9612043305716362,-27
401520236,2023,3,2023-09-16T16:00Z,142,2306,Missouri Tigers,Kansas State Wildcats,30,27,False,True,0.33081054024034623,1,0.33568984486332937,0.32757903226452095,0.14076777985998795,2023-09-14T23:30Z,19.78389371584873,27.987890429335803,-8.203996713487072,3
401520222,2023,3,2023-09-16T16:00Z,2084,2335,Buffalo Bulls,Liberty Flames,27,55,False,True,0.4782416761875115,0,0.4784827775352331,0.4439290264943824,0.42223704843724136,2023-09-14T23:30Z,26.430994506545076,28.276169483562878,-1.8451749770178019,-28
401520230,2023,3,2023-09-16T16:00Z,84,97,Indiana Hoosiers,Louisville Cardinals,14,21,True,True,0.3340552993981302,0,0.32623930093697934,0.20473706855235635,0.2578654520948306,2023-09-14T23:30Z,24.101008217399507,29.531824450814185,-5.430816233414678,-7
401520249,2023,3,2023-09-16T16:00Z,275,290,Wisconsin Badgers,Georgia Southern Eagles,35,14,False,True,0.7830947693948711,1,0.8004074095252367,0.7681183360223451,0.7461026048689494,2023-09-14T23:30Z,37.16308714497166,24.165637621397867,12.997449523573795,21
401525504,2023,3,2023-09-16T16:00Z,295,154,Old Dominion Monarchs,Wake Forest Demon Deacons,24,27,False,True,0.2570954404670976,0,0.25257493638869,0.34138829825059513,0.1795795670726705,2023-09-14T23:30Z,25.712105498888235,35.986026228920196,-10.27392073003196,-3
401525838,2023,3,2023-09-16T16:00Z,195,66,Ohio Bobcats,Iowa State Cyclones,10,7,False,True,0.4601746442974572,1,0.33981186096830424,0.5528199184406319,0.42140263493353036,2023-09-14T23:30Z,16.529732171060463,20.215881959851984,-3.6861497887915213,3
401526834,2023,3,2023-09-16T18:00Z,2199,113,Eastern Michigan Eagles,Massachusetts Minutemen,19,17,False,True,0.8047624839788357,1,0.8626346502450823,0.8580085886631381,0.8468746996974553,2023-09-14T23:30Z,37.187993647287506,24.79674284366297,12.391250803624537,2
401525437,2023,3,2023-09-16T18:30Z,87,2117,Notre Dame Fighting Irish,Central Michigan Chippewas,41,17,False,True,0.975479872961707,1,0.971785891763076,0.9282528293463247,0.9760031607962292,2023-09-14T23:30Z,46.145946425896554,9.147009889687416,36.998936536209136,24
401520225,2023,3,2023-09-16T19:30Z,61,2579,Georgia Bulldogs,South Carolina Gamecocks,24,14,False,True,0.9648854000142573,1,0.9607818656489714,0.9452115988311642,0.9597906812394043,2023-09-14T23:30Z,43.70295464632474,7.776748683328318,35.92620596299642,10
401520244,2023,3,2023-09-16T19:30Z,58,333,South Florida Bulls,Alabama Crimson Tide,3,17,False,True,0.023617336784700328,0,0.0333049739433201,0.08806715084309859,0.03516123640178441,2023-09-14T23:30Z,13.466653616399752,53.51692981175344,-40.05027619535369,-14
401524009,2023,3,2023-09-16T19:30Z,204,21,Oregon State Beavers,San Diego State Aztecs,26,9,False,True,0.8457756978251549,1,0.8344305372437695,0.8520585332813917,0.9167536748435895,2023-09-14T23:30Z,30.492012342834844,11.265875386059621,19.22613695677522,17
401525842,2023,3,2023-09-16T19:30Z,202,201,Tulsa Golden Hurricane,Oklahoma Sooners,17,66,False,True,0.08064141927820782,0,0.04791923901301071,0.16448481838878193,0.04873462308781331,2023-09-14T23:30Z,18.048112383025952,41.13077978253389,-23.08266739950794,-49
401520239,2023,3,2023-09-16T19:30Z,153,135,North Carolina Tar Heels,Minnesota Golden Gophers,31,13,False,True,0.7164760115612075,1,0.7201534850284864,0.5742526852445589,0.5898162145671795,2023-09-14T23:30Z,27.070495840746055,18.299557812607276,8.77093802813878,18
401520223,2023,3,2023-09-16T19:30Z,150,77,Duke Blue Devils,Northwestern Wildcats,38,14,False,True,0.7666564927410526,1,0.7316602971445926,0.7391173833278337,0.8199720138989746,2023-09-14T23:30Z,29.397605865283346,15.902140649851912,13.495465215431434,24
401520227,2023,3,2023-09-16T19:30Z,2294,2711,Iowa Hawkeyes,Western Michigan Broncos,41,10,False,True,0.9305490359765313,1,0.9366979770213628,0.8537640131160521,0.9506617872615617,2023-09-14T23:30Z,33.25045058142492,4.71309572804771,28.53735485337721,31
401520243,2023,3,2023-09-16T19:30Z,164,259,Rutgers Scarlet Knights,Virginia Tech Hokies,35,16,False,True,0.6547025322605002,1,0.6893409724041842,0.6335792586772293,0.721090873144332,2023-09-14T23:30Z,21.954207062319185,15.28701972268189,6.6671873396372945,19
401520246,2023,3,2023-09-16T19:30Z,41,2229,UConn Huskies,Florida International Panthers,17,24,False,True,0.7089938391933037,0,0.6316833049454724,0.6683641621492118,0.6578690670366039,2023-09-14T23:30Z,29.14786538530754,20.417978036053142,8.729887349254398,-7
401531412,2023,3,2023-09-16T19:30Z,2026,151,Appalachian State Mountaineers,East Carolina Pirates,43,28,False,True,0.6552742957115584,1,0.6696530200977946,0.7180903256570043,0.7205189511216348,2023-09-14T23:30Z,34.90390563206637,27.619937394920765,7.283968237145604,15
401520240,2023,3,2023-09-16T20:00Z,194,98,Ohio State Buckeyes,Western Kentucky Hilltoppers,63,10,False,True,0.9412008163176352,1,0.9341011937103281,0.8374340112398364,0.8718181196091577,2023-09-14T23:30Z,46.64291956864385,15.228874190614537,31.41404537802931,53
401520245,2023,3,2023-09-16T20:00Z,245,2433,Texas A&M Aggies,UL Monroe Warhawks,47,3,False,True,0.9391082696232933,1,0.9219103391169254,0.8440497564017737,0.8566478239620722,2023-09-14T23:30Z,40.879385245749106,14.613315883239636,26.26606936250947,44
401531348,2023,3,2023-09-16T20:00Z,2572,2655,Southern Miss Golden Eagles,Tulane Green Wave,3,21,False,True,0.2738125430525435,0,0.2499334195227232,0.23904834205309694,0.11719316795794152,2023-09-14T23:30Z,22.559090640921017,31.592253629717064,-9.033162988796047,-18
401520233,2023,3,2023-09-16T21:00Z,127,264,Michigan State Spartans,Washington Huskies,7,41,False,True,0.24206778081886043,0,0.3413417439324,0.32439206557169187,0.2077386085614238,2023-09-14T23:30Z,24.481416457462668,35.25469754719214,-10.773281089729469,-34
401531403,2023,3,2023-09-16T22:00Z,2429,2247,Charlotte 49ers,Georgia State Panthers,25,41,False,True,0.2109534534935037,0,0.32691573846373556,0.2925107212069056,0.20915171730822768,2023-09-14T23:30Z,23.501697458066154,35.17116450420775,-11.669467046141598,-16
401520224,2023,3,2023-09-16T23:00Z,57,2633,Florida Gators,Tennessee Volunteers,29,16,False,True,0.28525120545577903,1,0.31854912432950855,0.21331334062836343,0.11957426452863691,2023-09-14T23:30Z,23.99308255427052,34.05484257450021,-10.061760020229695,13
401520229,2023,3,2023-09-16T23:00Z,2348,249,Louisiana Tech Bulldogs,North Texas Mean Green,37,40,False,True,0.6334568491525774,0,0.6389048984766537,0.570894741737247,0.6191620361153213,2023-09-14T23:30Z,37.573671979255664,32.272523561880384,5.3011484173752805,-3
401520237,2023,3,2023-09-16T23:00Z,158,2459,Nebraska Cornhuskers,Northern Illinois Huskies,35,11,False,True,0.7281580118219518,1,0.653454355536835,0.6408321915958028,0.6157442830998756,2023-09-14T23:30Z,30.182060848299233,19.788250617576736,10.393810230722497,24
401520247,2023,3,2023-09-16T23:00Z,2439,238,UNLV Rebels,Vanderbilt Commodores,40,37,False,True,0.48292246716596476,1,0.5254310840148635,0.6045769058651336,0.5389844276990969,2023-09-14T23:30Z,26.710013522711375,27.045944598866992,-0.33593107615561735,3
401525835,2023,3,2023-09-16T23:00Z,2132,193,Cincinnati Bearcats,Miami (OH) RedHawks,24,31,False,True,0.8152276437007407,0,0.8693068313919586,0.8583349252889263,0.9039165172212542,2023-09-14T23:30Z,30.600090420806218,15.232225068565285,15.367865352240933,-7
401525839,2023,3,2023-09-16T23:00Z,197,6,Oklahoma State Cowboys,South Alabama Jaguars,7,33,False,True,0.8148263196336489,0,0.8583418597532423,0.7338068007023621,0.8078926679267334,2023-09-14T23:30Z,32.48070331916645,15.43135145208554,17.04935186708091,-26
401531379,2023,3,2023-09-16T23:00Z,5,309,UAB Blazers,Louisiana Ragin' Cajuns,21,41,False,True,0.5164079004093861,0,0.5873924277665217,0.5829808864733252,0.5613934404371116,2023-09-14T23:30Z,30.973601157680164,30.091879918525155,0.8817212391550093,-20
401531848,2023,3,2023-09-16T23:00Z,2653,256,Troy Trojans,James Madison Dukes,14,16,False,True,0.5790800810021155,0,0.5432720730116342,0.45695727390357443,0.4343463014481663,2023-09-14T23:30Z,27.10209039437672,26.698670706436708,0.40341968794001204,-2
401532403,2023,3,2023-09-16T23:00Z,2649,23,Toledo Rockets,San José State Spartans,21,17,False,True,0.7160459456073982,1,0.7435788315464933,0.7474032263790995,0.7183856087694942,2023-09-14T23:30Z,34.11443184671362,24.092947185725436,10.021484660988186,4
401520232,2023,3,2023-09-16T23:30Z,130,189,Michigan Wolverines,Bowling Green Falcons,31,6,False,True,0.9794775598569919,1,0.9801055480237946,0.9491245753019812,0.9752153854596719,2023-09-14T23:30Z,46.09163647181307,4.750207209114581,41.34142926269848,25
401520241,2023,3,2023-09-16T23:30Z,145,59,Ole Miss Rebels,Georgia Tech Yellow Jackets,48,23,False,True,0.8699166201251941,1,0.8963014641602837,0.8557329244262728,0.8920292456065863,2023-09-14T23:30Z,38.87696820070195,19.368898446333958,19.508069754367995,25
401520220,2023,3,2023-09-16T23:30Z,8,252,Arkansas Razorbacks,BYU Cougars,31,38,False,True,0.7262172414302689,0,0.6577269245039911,0.6355362373735323,0.615170977500583,2023-09-14T23:30Z,28.790028972131807,18.642180727730377,10.14784824440143,-7
401520228,2023,3,2023-09-16T23:30Z,96,2006,Kentucky Wildcats,Akron Zips,35,3,False,True,0.9342140249366245,1,0.9444499469130249,0.8678004198250862,0.9368165147458619,2023-09-14T23:30Z,37.300832738923205,9.258484515315926,28.042348223607277,32
401520242,2023,3,2023-09-16T23:30Z,2509,183,Purdue Boilermakers,Syracuse Orange,20,35,False,True,0.5220627247991935,0,0.47748358488284004,0.4800918130212895,0.3493762141927931,2023-09-14T23:30Z,28.83088777611468,27.86910518770837,0.961782588406308,-15
401525503,2023,3,2023-09-16T23:30Z,277,221,West Virginia Mountaineers,Pittsburgh Panthers,17,6,False,True,0.5318068213634322,1,0.5145590631613431,0.4225064727879654,0.431968237551443,2023-09-14T23:30Z,28.309022984811122,26.196963714126166,2.1120592706849557,11
401525840,2023,3,2023-09-17T00:00Z,251,2751,Texas Longhorns,Wyoming Cowboys,31,10,False,True,0.961078104096403,1,0.9335197308065001,0.8782068038462235,0.9458087331837316,2023-09-14T23:30Z,42.572392510028145,8.69178209871103,33.880610411317114,21
401524008,2023,3,2023-09-17T00:00Z,2483,62,Oregon Ducks,Hawai'i Rainbow Warriors,55,10,False,True,0.9519389574658259,1,0.9294025047909831,0.9040439816903256,0.9590645353686852,2023-09-14T23:30Z,47.38554853918881,15.708088876303979,31.677459662884832,45
401520238,2023,3,2023-09-17T00:00Z,167,166,New Mexico Lobos,New Mexico State Aggies,17,27,False,True,0.5982802479221258,0,0.5343780256468891,0.46989455785540646,0.48073428408343966,2023-09-14T23:30Z,25.9169969090754,22.211411246905314,3.705585662170087,-10
401525501,2023,3,2023-09-17T00:00Z,228,2226,Clemson Tigers,Florida Atlantic Owls,48,14,False,True,0.937003635152102,1,0.8788460919701557,0.814562900595155,0.809211170064822,2023-09-14T23:30Z,36.169574828531765,6.66637063726483,29.503204191266935,34
401525836,2023,3,2023-09-17T00:00Z,248,2628,Houston Cougars,TCU Horned Frogs,13,36,False,True,0.343606556498599,0,0.41443698977361193,0.5458071523750349,0.4138450786663969,2023-09-14T23:30Z,28.764280026201625,37.23516378273496,-8.470883756533333,-23
401524007,2023,3,2023-09-17T02:00Z,38,36,Colorado Buffaloes,Colorado State Rams,43,35,False,True,0.791623768981016,1,0.7819635228306248,0.641355503929173,0.8558905873109293,2023-09-14T23:30Z,35.48444479535166,19.457474558442023,16.02697023690964,8
401524005,2023,3,2023-09-17T02:30Z,9,278,Arizona State Sun Devils,Fresno State Bulldogs,0,29,False,True,0.34147463363642133,0,0.36515062967861267,0.3124674581104293,0.26315902528947677,2023-09-14T23:30Z,25.457144011934833,30.349150850930936,-4.892006838996103,-29
401525837,2023,3,2023-09-17T02:30Z,2440,2305,Nevada Wolf Pack,Kansas Jayhawks,24,31,False,True,0.20886620407440626,0,0.2745924821301115,0.2963086482799274,0.09253421967286157,2023-09-14T23:30Z,24.603054809119204,37.38695995664216,-12.783905147522955,-7
401520219,2023,3,2023-09-17T03:00Z,12,2638,Arizona Wildcats,UTEP Miners,31,10,False,True,0.869348242567882,1,0.8036377343958141,0.6894671501169929,0.8577044694248022,2023-09-14T23:30Z,36.51039550582105,17.16919076464822,19.34120474117283,21
401531849,2023,4,2023-09-21T23:30Z,324,2247,Coastal Carolina Chanticleers,Georgia State Panthers,17,30,False,True,0.501360692701377,0,0.5756685192478144,0.5179733904311699,0.5151069982383273,2023-09-21T23:30Z,28.67957617487187,28.655718532699584,0.0238576421722847,-13
401520266,2023,4,2023-09-22T23:00Z,2509,275,Purdue Boilermakers,Wisconsin Badgers,17,38,False,True,0.4376316455948324,0,0.4075564868176655,0.364166331552615,0.37897764480685636,2023-09-21T23:30Z,24.543199263290063,26.940237567894293,-2.39703830460423,-21
401525505,2023,4,2023-09-22T23:30Z,258,152,Virginia Cavaliers,NC State Wolfpack,21,24,False,True,0.2834377947799022,0,0.3286518419577003,0.35268632209320266,0.2749575227216556,2023-09-21T23:30Z,22.11242554391006,29.1336235639271,-7.021198020017039,-3
401532583,2023,4,2023-09-23T02:30Z,21,68,San Diego State Aztecs,Boise State Broncos,31,34,False,True,0.4684471305820797,0,0.3853560845187707,0.42260282730458004,0.4236580771216832,2023-09-21T23:30Z,20.183135918013402,22.09656196410265,-1.9134260460892492,-3
401532584,2023,4,2023-09-23T02:30Z,23,2005,San José State Spartans,Air Force Falcons,20,45,False,True,0.45382536743676244,0,0.2104382990850059,0.21950606386661775,0.2325497688150066,2023-09-21T23:30Z,19.522468751258387,25.22675992062787,-5.704291169369483,-25
401520260,2023,4,2023-09-23T16:00Z,130,164,Michigan Wolverines,Rutgers Scarlet Knights,31,7,False,True,0.8960263631278764,1,0.862975869334178,0.9201604218437123,0.8498652451537282,2023-09-21T23:30Z,32.93015662915648,10.70515712194441,22.22499950721207,24
401525507,2023,4,2023-09-23T16:00Z,228,52,Clemson Tigers,Florida State Seminoles,24,31,False,True,0.4833931240064462,0,0.5544462499806072,0.4493114797441199,0.28052195430751375,2023-09-21T23:30Z,28.686584262365532,28.58465000425885,0.10193425810668089,-7
401525845,2023,4,2023-09-23T16:00Z,2132,201,Cincinnati Bearcats,Oklahoma Sooners,6,20,False,True,0.2096011121327141,0,0.10882352815028139,0.2408193000432175,0.062460676788370174,2023-09-21T23:30Z,21.414927269345498,35.94437216948292,-14.52944490013742,-14
401520268,2023,4,2023-09-23T16:00Z,183,349,Syracuse Orange,Army Black Knights,29,16,False,True,0.8790867555850302,1,0.7906254891076053,0.7256276604177219,0.8786899078804091,2023-09-21T23:30Z,33.2390221125537,15.573723032344937,17.66529908020876,13
401520270,2023,4,2023-09-23T16:00Z,245,2,Texas A&M Aggies,Auburn Tigers,27,10,False,True,0.5469588835308546,1,0.6122084560245518,0.6377599002104577,0.5327163770179434,2023-09-21T23:30Z,26.716869611803737,24.351782092428998,2.3650875193747396,17
401520271,2023,4,2023-09-23T16:00Z,2653,98,Troy Trojans,Western Kentucky Hilltoppers,27,24,False,True,0.49309406194262306,1,0.5924073930998421,0.5665902112023915,0.5202241586143179,2023-09-21T23:30Z,23.367341527658844,23.826007544090434,-0.45866601643158944,3
401520274,2023,4,2023-09-23T16:00Z,238,96,Vanderbilt Commodores,Kentucky Wildcats,28,45,False,True,0.22273188940246585,0,0.14353456656191343,0.19281164675343265,0.1305852186571965,2023-09-21T23:30Z,19.337329002023274,33.012441106519,-13.675112104495724,-17
401525511,2023,4,2023-09-23T16:00Z,276,259,Marshall Thundering Herd,Virginia Tech Hokies,24,17,False,True,0.6620375237868649,1,0.6852878491024011,0.8222157104851944,0.7917990341299926,2023-09-21T23:30Z,23.817420030939243,14.9781465786508,8.839273452288442,7
401525849,2023,4,2023-09-23T16:00Z,2628,2567,TCU Horned Frogs,SMU Mustangs,34,17,False,True,0.8188067572649728,1,0.8225400892151868,0.697673142500577,0.6634022281011895,2023-09-21T23:30Z,39.31572866726674,23.455062998646987,15.860665668619752,17
401531338,2023,4,2023-09-23T16:00Z,2459,202,Northern Illinois Huskies,Tulsa Golden Hurricane,14,22,False,True,0.6632125707891675,0,0.5948817840141367,0.5976805206083624,0.617046733016006,2023-09-21T23:30Z,32.22121176971545,27.63191182213386,4.589299947581594,-8
401532406,2023,4,2023-09-23T17:30Z,2649,2711,Toledo Rockets,Western Michigan Broncos,49,31,False,True,0.8109299174799949,1,0.8652601395223297,0.8513450161718888,0.8932931768138342,2023-09-21T23:30Z,31.189308641280586,16.44427705124256,14.745031590038028,18
401531871,2023,4,2023-09-23T18:00Z,2050,290,Ball State Cardinals,Georgia Southern Eagles,3,40,False,True,0.4364310693601459,0,0.4073685079155172,0.41578020757769707,0.3087216759158394,2023-09-21T23:30Z,30.62295791860066,30.851854666020614,-0.22889674741995236,-37
401524015,2023,4,2023-09-23T19:30Z,2483,38,Oregon Ducks,Colorado Buffaloes,42,6,False,True,0.9059538609729675,1,0.8523600788167471,0.8982372846499236,0.85985067759526,2023-09-21T23:30Z,42.543457238593376,21.508333447166216,21.03512379142716,36
401524017,2023,4,2023-09-23T19:30Z,254,26,Utah Utes,UCLA Bruins,14,7,False,True,0.6567256226541428,1,0.6037804137995071,0.6023194350356031,0.6058489792744993,2023-09-21T23:30Z,28.858679007187856,21.7984252529329,7.060253754254955,7
401520250,2023,4,2023-09-23T19:30Z,333,145,Alabama Crimson Tide,Ole Miss Rebels,24,10,False,True,0.8417936635206036,1,0.7932771276441513,0.7360090379275104,0.6494203169752212,2023-09-21T23:30Z,39.46080007349654,20.602745178057788,18.858054895438755,14
401520272,2023,4,2023-09-23T19:30Z,41,150,UConn Huskies,Duke Blue Devils,7,41,False,True,0.12236754173039792,0,0.09787973791143305,0.1813037422118291,0.04139529242134864,2023-09-21T23:30Z,13.294193577653745,32.01153559595579,-18.71734201830205,-34
401525509,2023,4,2023-09-23T19:30Z,218,2390,Temple Owls,Miami Hurricanes,7,41,False,True,0.12101761657415681,0,0.0668731106823463,0.17655225104414968,0.06157182984333062,2023-09-21T23:30Z,15.52711609699405,38.40439726185942,-22.877281164865373,-34
401520255,2023,4,2023-09-23T19:30Z,356,2226,Illinois Fighting Illini,Florida Atlantic Owls,23,17,False,True,0.7633747467100636,1,0.7795764186936477,0.7820497512937572,0.849220881105995,2023-09-21T23:30Z,29.254558747263783,15.866515027551824,13.388043719711959,6
401520261,2023,4,2023-09-23T19:30Z,127,120,Michigan State Spartans,Maryland Terrapins,9,31,False,True,0.32082181671589677,0,0.3977047776200587,0.39993965404360765,0.3574326233562074,2023-09-21T23:30Z,20.62758145545945,27.256485341140852,-6.628903885681403,-22
401520263,2023,4,2023-09-23T19:30Z,158,2348,Nebraska Cornhuskers,Louisiana Tech Bulldogs,28,14,False,True,0.8377000256680244,1,0.8480560452715962,0.812666823815325,0.8474376827332439,2023-09-21T23:30Z,32.93825193986924,13.595858252593095,19.342393687276143,14
401525506,2023,4,2023-09-23T19:30Z,97,103,Louisville Cardinals,Boston College Eagles,56,28,False,True,0.8204156975739639,1,0.7517734783312994,0.8188472094984656,0.7884041537381209,2023-09-21T23:30Z,31.139324985566372,17.060064155355363,14.079260830211009,28
401525847,2023,4,2023-09-23T19:30Z,2305,252,Kansas Jayhawks,BYU Cougars,38,27,False,True,0.5292239443134573,1,0.3787396161478353,0.47044244000179086,0.45122812208722357,2023-09-21T23:30Z,28.622072192443536,27.657410713895306,0.9646614785482299,11
401525850,2023,4,2023-09-23T19:30Z,277,2641,West Virginia Mountaineers,Texas Tech Red Raiders,20,13,False,True,0.5624855377053981,1,0.6205863081225248,0.4698717953517121,0.500776381840739,2023-09-21T23:30Z,29.310449221443335,25.590787330819175,3.7196618906241596,7
401526835,2023,4,2023-09-23T19:30Z,113,167,Massachusetts Minutemen,New Mexico Lobos,31,34,False,True,0.6054106916959358,0,0.5829930286504107,0.5804730099892841,0.6813604005646905,2023-09-21T23:30Z,29.320805408230804,22.10554487464526,7.215260533585543,-3
401532405,2023,4,2023-09-23T19:30Z,189,195,Bowling Green Falcons,Ohio Bobcats,7,38,False,True,0.339208874335008,0,0.4139036743247727,0.379095257003351,0.42407942481224387,2023-09-21T23:30Z,16.61526108434711,22.098118654698425,-5.482857570351314,-31
401520269,2023,4,2023-09-23T20:00Z,2633,2636,Tennessee Volunteers,UTSA Roadrunners,45,14,False,True,0.9253762093860453,1,0.8582429414367326,0.820519682935202,0.908862223561417,2023-09-21T23:30Z,40.23512937487767,14.421666086330504,25.81346328854717,31
401525846,2023,4,2023-09-23T20:00Z,66,197,Iowa State Cyclones,Oklahoma State Cowboys,34,27,False,True,0.5904012562940271,1,0.6740727916869431,0.6766021162552416,0.6924322756533162,2023-09-21T23:30Z,20.030682425016593,16.34239760878353,3.6882848162330646,7
401531423,2023,4,2023-09-23T20:00Z,58,242,South Florida Bulls,Rice Owls,42,29,False,True,0.5709294228833766,1,0.5478450562208897,0.6216271987641389,0.5626471626739982,2023-09-21T23:30Z,33.70185395870799,30.147390101834,3.554463856873994,13
401520257,2023,4,2023-09-23T21:00Z,55,2199,Jacksonville State Gamecocks,Eastern Michigan Eagles,21,0,False,True,0.565425204274202,1,0.5963456438184849,0.6849866394479787,0.6667823396047038,2023-09-21T23:30Z,24.984945722754528,20.03265937915951,4.952286343595016,21
401531876,2023,4,2023-09-23T21:00Z,6,2117,South Alabama Jaguars,Central Michigan Chippewas,30,34,False,True,0.7819200308118027,0,0.7841669121479339,0.8018987343323523,0.8737770473517331,2023-09-21T23:30Z,30.17583258905588,17.918204821357957,12.257627767697922,-4
401520275,2023,4,2023-09-23T22:30Z,2229,2335,Florida International Panthers,Liberty Flames,6,38,False,True,0.18486848411352916,0,0.22436771967720562,0.21226592090432506,0.14617249806803237,2023-09-21T23:30Z,22.685130452192944,36.0952856223136,-13.410155170120653,-32
401525508,2023,4,2023-09-23T22:30Z,154,59,Wake Forest Demon Deacons,Georgia Tech Yellow Jackets,16,30,False,True,0.720698960831343,0,0.7962446710264729,0.824188678775433,0.7890860782961487,2023-09-21T23:30Z,35.93416605995979,24.777519311832787,11.156646748127006,-14
401520258,2023,4,2023-09-23T23:00Z,99,8,LSU Tigers,Arkansas Razorbacks,34,31,False,True,0.8522537743176286,1,0.7186623332334906,0.7702209493573502,0.8017233423765272,2023-09-21T23:30Z,39.752065403352,21.412502746590064,18.339562656761935,3
401524019,2023,4,2023-09-23T23:00Z,265,204,Washington State Cougars,Oregon State Beavers,38,35,False,True,0.503843186909371,1,0.5227762588671325,0.42308477153942226,0.49961067089173966,2023-09-21T23:30Z,27.726600129040783,27.10402547305472,0.6225746559860639,3
401520251,2023,4,2023-09-23T23:00Z,57,2429,Florida Gators,Charlotte 49ers,22,7,False,True,0.9673921752714074,1,0.9479688595277751,0.8924057376420597,0.9525398842076955,2023-09-21T23:30Z,43.675202132757775,9.580102430763976,34.0950997019938,15
401520254,2023,4,2023-09-23T23:00Z,248,2534,Houston Cougars,Sam Houston Bearkats,38,7,False,True,0.6803351420619274,1,0.6455695484284788,0.5981295010627272,0.5030496646584713,2023-09-21T23:30Z,21.144053817091077,16.755460325833084,4.388593491257993,31
401520262,2023,4,2023-09-23T23:00Z,2393,36,Middle Tennessee Blue Raiders,Colorado State Rams,23,31,False,True,0.6992157113028974,0,0.5414245932820524,0.640822181215142,0.5615499617965304,2023-09-21T23:30Z,31.23849863363298,22.953761537037195,8.284737096595784,-8
401524016,2023,4,2023-09-23T23:00Z,24,12,Stanford Cardinal,Arizona Wildcats,20,21,False,True,0.49986654406711717,0,0.41494514029640767,0.3583893073569513,0.33877016397321325,2023-09-21T23:30Z,29.79382018082803,27.27727898241435,2.5165411984136767,-1
401531870,2023,4,2023-09-23T23:00Z,2751,2026,Wyoming Cowboys,Appalachian State Mountaineers,22,19,False,True,0.4859654835040524,1,0.42975248115231907,0.4244549583789334,0.4008062249861739,2023-09-21T23:30Z,30.34489286593321,31.286099267439603,-0.9412064015063919,3
401531874,2023,4,2023-09-23T23:00Z,2032,2572,Arkansas State Red Wolves,Southern Miss Golden Eagles,44,37,False,True,0.41782745883822336,1,0.37904893807478024,0.37573545850447326,0.25732960810180466,2023-09-21T23:30Z,20.413331124126515,25.243305910701423,-4.829974786574908,7
401531877,2023,4,2023-09-23T23:00Z,326,2440,Texas State Bobcats,Nevada Wolf Pack,35,24,False,True,0.6628555505381136,1,0.7373254739327483,0.7802115379839141,0.8151119020757001,2023-09-21T23:30Z,27.889521262403782,21.20834863734951,6.681172625054273,11
401520252,2023,4,2023-09-23T23:30Z,61,5,Georgia Bulldogs,UAB Blazers,49,21,False,True,0.9901813014747843,1,0.9793496095508563,0.9526198641566543,0.9836343439993956,2023-09-21T23:30Z,53.42435061323512,3.706126879385806,49.718223733849314,28
401525844,2023,4,2023-09-23T23:30Z,239,251,Baylor Bears,Texas Longhorns,6,38,False,True,0.11482285746783419,0,0.14925283132219613,0.2449878920071234,0.11885042165995621,2023-09-21T23:30Z,15.701691590862175,35.51351221285029,-19.81182062198811,-32
401521330,2023,4,2023-09-23T23:30Z,87,194,Notre Dame Fighting Irish,Ohio State Buckeyes,14,17,False,True,0.38200692411970244,0,0.3547382998301794,0.4061507570804066,0.2773972840768985,2023-09-21T23:30Z,28.535243478077884,35.70279248283039,-7.167549004752505,-3
401520265,2023,4,2023-09-23T23:30Z,213,2294,Penn State Nittany Lions,Iowa Hawkeyes,31,0,False,True,0.8256202548026319,1,0.7956647935892973,0.7529281395093932,0.812242103724001,2023-09-21T23:30Z,29.72061330422259,13.87388847865532,15.846724825567268,31
401520256,2023,4,2023-09-23T23:30Z,84,2006,Indiana Hoosiers,Akron Zips,29,27,False,True,0.7931269616369148,1,0.8483930338473507,0.7282585836682637,0.8696822962923147,2023-09-21T23:30Z,30.721335067669862,14.10589038503281,16.615444682637055,2
401520259,2023,4,2023-09-23T23:30Z,142,235,Missouri Tigers,Memphis Tigers,34,27,True,True,0.5402014619679858,1,0.5148925113748427,0.4461243004514749,0.4797321501609636,2023-09-21T23:30Z,25.269018723975076,23.46849094134525,1.8005277826298247,7
401520264,2023,4,2023-09-23T23:30Z,77,135,Northwestern Wildcats,Minnesota Golden Gophers,37,34,False,True,0.40264195651669227,1,0.44669438475516815,0.32957902391993676,0.392744853844976,2023-09-21T23:30Z,15.327216832707606,20.45180959327949,-5.124592760571883,3
401520267,2023,4,2023-09-23T23:30Z,2579,344,South Carolina Gamecocks,Mississippi State Bulldogs,37,30,False,True,0.6488306287893961,1,0.7087264882272735,0.6091349221745098,0.6563508462746643,2023-09-21T23:30Z,28.091182972978928,21.64751306761051,6.4436699053684166,7
401531875,2023,4,2023-09-23T23:30Z,309,2084,Louisiana Ragin' Cajuns,Buffalo Bulls,45,38,False,True,0.8119110102941552,1,0.8129308536917113,0.841480733378378,0.8399025705707502,2023-09-21T23:30Z,40.406644108875106,23.491092995154187,16.91555111372092,7
401525510,2023,4,2023-09-24T00:00Z,221,153,Pittsburgh Panthers,North Carolina Tar Heels,24,41,False,True,0.284985207915405,0,0.2504919214438432,0.4546726538565977,0.2324288334766735,2023-09-21T23:30Z,20.027843590399396,29.753560618108494,-9.725717027709099,-17
401525848,2023,4,2023-09-24T00:00Z,2306,2116,Kansas State Wildcats,UCF Knights,44,31,False,True,0.7065610426612882,1,0.7173560165455941,0.5271761686155164,0.5723882954874986,2023-09-21T23:30Z,29.498038013740704,23.360927211220123,6.137110802520581,13
401531872,2023,4,2023-09-24T00:00Z,328,256,Utah State Aggies,James Madison Dukes,38,45,False,True,0.3941871121791934,0,0.5035504789976658,0.414693165161798,0.39140210814304494,2023-09-21T23:30Z,26.24629883073133,31.766081242145063,-5.519782411413733,-7
401520273,2023,4,2023-09-24T01:00Z,2638,2439,UTEP Miners,UNLV Rebels,28,45,False,True,0.3887271244082809,0,0.44773863145286297,0.5488518246318279,0.3226111110313922,2023-09-21T23:30Z,22.490619383803402,30.189849767193525,-7.699230383390123,-17
401524018,2023,4,2023-09-24T02:30Z,264,25,Washington Huskies,California Golden Bears,59,32,False,True,0.8483389867304395,1,0.8693114115799311,0.8745341849744148,0.8795381095472843,2023-09-21T23:30Z,34.21446091145276,18.835677978106187,15.378782933346574,27
401532407,2023,4,2023-09-24T02:30Z,278,2309,Fresno State Bulldogs,Kent State Golden Flashes,53,10,False,True,0.9295289296190546,1,0.9212828496700501,0.9060609547677563,0.9639527062749428,2023-09-21T23:30Z,40.56885353699518,14.311507499196662,26.257346037798516,43
401524014,2023,4,2023-09-24T02:45Z,9,30,Arizona State Sun Devils,USC Trojans,28,42,False,True,0.08701552963902477,0,0.05645565412996657,0.11609974011326851,0.019242336546106173,2023-09-21T23:30Z,16.434575113716654,41.561521756788025,-25.12694664307137,-14
401520253,2023,4,2023-09-24T03:59Z,62,166,Hawai'i Rainbow Warriors,New Mexico State Aggies,20,17,False,True,0.6124718281620235,1,0.5104719969495886,0.45398214383475277,0.43759845105915757,2023-09-21T23:30Z,30.301034750821394,26.358240248152462,3.9427945026689315,3
401520277,2023,5,2023-09-28T23:30Z,98,2393,Western Kentucky Hilltoppers,Middle Tennessee Blue Raiders,31,10,False,True,0.7694527893180194,1,0.6811037189142751,0.738940508956256,0.790318152485398,2023-09-28T23:30Z,35.739226440763055,24.544309727414664,11.194916713348391,21
401531339,2023,5,2023-09-28T23:30Z,202,218,Tulsa Golden Hurricane,Temple Owls,48,26,False,True,0.6189812883650148,1,0.7367766023035346,0.7578170422260726,0.7172354431631015,2023-09-28T23:30Z,28.6695099432481,20.564358362541846,8.105151580706256,22
401520276,2023,5,2023-09-29T00:00Z,2534,55,Sam Houston Bearkats,Jacksonville State Gamecocks,28,35,False,True,0.4914515622735991,0,0.3872924230803062,0.44599997415066495,0.45922333064051407,2023-09-28T23:30Z,15.016617819720759,15.030756046905346,-0.014138227184586682,-7
401525512,2023,5,2023-09-29T23:00Z,152,97,NC State Wolfpack,Louisville Cardinals,10,13,False,True,0.4748458831889356,0,0.35446527141920425,0.400355198538795,0.2795862151477908,2023-09-28T23:30Z,24.838917611685375,25.943884557196398,-1.1049669455110234,-3
401524020,2023,5,2023-09-30T01:00Z,204,254,Oregon State Beavers,Utah Utes,21,7,False,True,0.5168393069893106,1,0.43578335293227777,0.5628770004858477,0.5270603606613472,2023-09-28T23:30Z,20.031447532706842,22.51837841841781,-2.4869308857109687,14
401520278,2023,5,2023-09-30T01:00Z,2638,2348,UTEP Miners,Louisiana Tech Bulldogs,10,24,False,True,0.5087735242689448,0,0.572696284199635,0.6049213878524846,0.5187384002681865,2023-09-28T23:30Z,25.524622299796306,26.804383340595376,-1.2797610407990696,-14
401525851,2023,5,2023-09-30T02:15Z,252,2132,BYU Cougars,Cincinnati Bearcats,35,27,False,True,0.5780782310800604,1,0.5323745888390503,0.5406396987454056,0.6066386830266409,2023-09-28T23:30Z,23.623691365782268,20.89204585786374,2.731645507918529,8
401520287,2023,5,2023-09-30T16:00Z,77,213,Northwestern Wildcats,Penn State Nittany Lions,13,41,False,True,0.09563588325691287,0,0.10729603991810277,0.12377287790505985,0.06925401349408995,2023-09-28T23:30Z,13.155703552471143,38.54432572287241,-25.388622170401263,-28
401524023,2023,5,2023-09-30T16:00Z,38,30,Colorado Buffaloes,USC Trojans,41,48,False,True,0.14707419249350698,0,0.14814070115303263,0.09263626668868363,0.08605650214868399,2023-09-28T23:30Z,27.989778293042384,43.6506591607253,-15.660880867682913,-7
401520282,2023,5,2023-09-30T16:00Z,96,57,Kentucky Wildcats,Florida Gators,33,14,False,True,0.5054264204965504,1,0.5584336007003361,0.6435718841663003,0.5890713987907393,2023-09-28T23:30Z,23.1359901416874,22.953569069227225,0.18242107246017625,19
401520279,2023,5,2023-09-30T16:00Z,8,245,Arkansas Razorbacks,Texas A&M Aggies,22,34,True,True,0.3018568365776372,0,0.23049551406816818,0.31938625916434316,0.20796736280265496,2023-09-28T23:30Z,25.969254243574326,35.520046562310284,-9.550792318735958,-12
401520284,2023,5,2023-09-30T16:00Z,135,309,Minnesota Golden Gophers,Louisiana Ragin' Cajuns,35,24,False,True,0.6564969389089513,1,0.5885437011108777,0.5445735341136304,0.6229390393771801,2023-09-28T23:30Z,28.73571926894137,23.202089227623585,5.533630041317785,11
401520292,2023,5,2023-09-30T16:00Z,41,328,UConn Huskies,Utah State Aggies,33,34,False,True,0.48538704033535096,0,0.28473914138885414,0.32005653540817264,0.2868269966573093,2023-09-28T23:30Z,27.182232076351095,28.73190234207442,-1.549670265723325,-1
401525514,2023,5,2023-09-30T16:00Z,183,228,Syracuse Orange,Clemson Tigers,14,31,False,True,0.3926299080748083,0,0.42490011269042927,0.5336230575578491,0.59686299630749,2023-09-28T23:30Z,21.223569510065268,26.85448426179611,-5.630914751730842,-17
401531370,2023,5,2023-09-30T16:00Z,2655,5,Tulane Green Wave,UAB Blazers,35,23,False,True,0.8066915020084603,1,0.7825229479856807,0.8193138406786089,0.8780235726919112,2023-09-28T23:30Z,35.605926634338154,20.960324902428084,14.64560173191007,12
401531880,2023,5,2023-09-30T16:00Z,256,6,James Madison Dukes,South Alabama Jaguars,31,23,False,True,0.6101307042106534,1,0.5805413857741542,0.6892652066521721,0.6126760834235639,2023-09-28T23:30Z,32.93140991782876,25.130357441834327,7.801052475994432,8
401532412,2023,5,2023-09-30T16:00Z,2006,2084,Akron Zips,Buffalo Bulls,10,13,False,True,0.5405492124903489,0,0.45321214740984944,0.5115657146863231,0.4649003636933399,2023-09-28T23:30Z,32.05424197356726,30.391023352047405,1.663218621519853,-3
401532410,2023,5,2023-09-30T17:30Z,2117,2199,Central Michigan Chippewas,Eastern Michigan Eagles,26,23,False,True,0.7040809420384031,1,0.6918101397763649,0.6706342077379891,0.7386699303369698,2023-09-28T23:30Z,26.101338968113392,18.37997331815415,7.7213656499592425,3
401525513,2023,5,2023-09-30T18:00Z,103,258,Boston College Eagles,Virginia Cavaliers,27,24,False,True,0.553936095356168,1,0.6758082725357913,0.5878126633548509,0.5970571586899949,2023-09-28T23:30Z,28.28519811547625,28.160265612717488,0.12493250275876022,3
401532413,2023,5,2023-09-30T18:30Z,2309,193,Kent State Golden Flashes,Miami (OH) RedHawks,3,23,False,True,0.3000992014905301,0,0.28878836008131237,0.3668551265189646,0.18179751439824665,2023-09-28T23:30Z,22.9383591366004,31.141511569402347,-8.203152432801947,-20
401524022,2023,5,2023-09-30T19:00Z,25,9,California Golden Bears,Arizona State Sun Devils,24,21,False,True,0.8237141210430071,1,0.7958738831190081,0.7398048338458697,0.8527264814377673,2023-09-28T23:30Z,30.608199156721025,13.56995133967251,17.038247817048514,3
401520280,2023,5,2023-09-30T19:30Z,2,61,Auburn Tigers,Georgia Bulldogs,20,27,False,True,0.14343956195276242,0,0.2014922585852077,0.19120192857613455,0.24979561105309017,2023-09-28T23:30Z,10.8612255281592,31.25362014176214,-20.392394613602942,-7
401520286,2023,5,2023-09-30T19:30Z,158,130,Nebraska Cornhuskers,Michigan Wolverines,7,45,False,True,0.109646391543303,0,0.13006841921087126,0.1544859449265477,0.0846383305061248,2023-09-28T23:30Z,10.890298146581706,30.54486671419245,-19.654568567610745,-38
401525854,2023,5,2023-09-30T19:30Z,251,2305,Texas Longhorns,Kansas Jayhawks,40,14,False,True,0.9136857525389462,1,0.907374997760564,0.8848152737572144,0.9036701141075616,2023-09-28T23:30Z,42.46696192478221,17.496818007520517,24.970143917261694,26
401520283,2023,5,2023-09-30T19:30Z,120,84,Maryland Terrapins,Indiana Hoosiers,44,17,False,True,0.8637755762961813,1,0.8556597485731365,0.867444626479206,0.8783253714714636,2023-09-28T23:30Z,31.009984734471043,14.277019325611867,16.732965408859176,27
401520289,2023,5,2023-09-30T19:30Z,2509,356,Purdue Boilermakers,Illinois Fighting Illini,44,19,False,True,0.5571491107264671,1,0.5206999248180482,0.5059127690726413,0.5117920736867194,2023-09-28T23:30Z,26.22879807356579,25.771395294678495,0.4574027788872961,25
401525515,2023,5,2023-09-30T19:30Z,59,189,Georgia Tech Yellow Jackets,Bowling Green Falcons,27,38,False,True,0.8647999346769643,0,0.8542027703384736,0.7376175252801779,0.845872222955696,2023-09-28T23:30Z,36.22849256858579,16.182586658259723,20.04590591032607,-11
401525855,2023,5,2023-09-30T19:30Z,2641,248,Texas Tech Red Raiders,Houston Cougars,49,28,False,True,0.6222477364536124,1,0.6220622999861304,0.6138680535337168,0.6514440449398141,2023-09-28T23:30Z,32.051176742805524,27.03204262278664,5.019134120018883,21
401525856,2023,5,2023-09-30T19:30Z,2116,239,UCF Knights,Baylor Bears,35,36,False,True,0.6791539272051776,0,0.6958746605713287,0.838301876336335,0.8587950512172506,2023-09-28T23:30Z,30.959355721331654,22.62807558253661,8.331280138795044,-1
401526836,2023,5,2023-09-30T19:30Z,113,2032,Massachusetts Minutemen,Arkansas State Red Wolves,28,52,False,True,0.5763782447241274,0,0.5695891072274646,0.6031920657847193,0.6965372047555475,2023-09-28T23:30Z,35.72881984720455,32.754250840225836,2.9745690069787116,-24
401531424,2023,5,2023-09-30T19:30Z,2426,58,Navy Midshipmen,South Florida Bulls,30,44,False,True,0.537611336945883,0,0.540768848074852,0.5965108387168652,0.5633361893813803,2023-09-28T23:30Z,28.455238653876393,26.796600037618795,1.6586386162575977,-14
401531881,2023,5,2023-09-30T19:30Z,276,295,Marshall Thundering Herd,Old Dominion Monarchs,41,35,False,True,0.8007870880078938,1,0.8084000718691577,0.8062707814458756,0.8325826503842606,2023-09-28T23:30Z,27.618683505860805,16.056149975812122,11.562533530048682,6
401532409,2023,5,2023-09-30T19:30Z,2711,2050,Western Michigan Broncos,Ball State Cardinals,42,24,False,True,0.7019075068429779,1,0.6079385168620892,0.6265459161251349,0.5869478305366693,2023-09-28T23:30Z,27.62797013109723,21.265057197447593,6.3629129336496355,18
401532411,2023,5,2023-09-30T19:30Z,2649,2459,Toledo Rockets,Northern Illinois Huskies,35,33,False,True,0.7693977821245821,1,0.8052579001277833,0.8477730896048372,0.8265016641375088,2023-09-28T23:30Z,32.23678577508919,20.04235863427407,12.194427140815119,2
401520293,2023,5,2023-09-30T20:00Z,238,142,Vanderbilt Commodores,Missouri Tigers,21,38,False,True,0.3125838534011717,0,0.29567707892556433,0.28694614191730805,0.224619802266369,2023-09-28T23:30Z,25.234025022218013,33.22233467307581,-7.9883096508577935,-17
401531429,2023,5,2023-09-30T20:00Z,235,68,Memphis Tigers,Boise State Broncos,35,32,False,True,0.6188399664802938,1,0.589010719239834,0.5708172360888015,0.6266898657575557,2023-09-28T23:30Z,30.36627906365713,25.803809962510403,4.562469101146728,3
401532586,2023,5,2023-09-30T20:00Z,2439,62,UNLV Rebels,Hawai'i Rainbow Warriors,44,20,False,True,0.6655300147148991,1,0.7430194544055608,0.7774776828553546,0.845399160433911,2023-09-28T23:30Z,36.518104183778654,26.13500913064141,10.383095053137243,24
401532588,2023,5,2023-09-30T20:00Z,2751,167,Wyoming Cowboys,New Mexico Lobos,35,26,False,True,0.8433630985675531,1,0.8411791018138761,0.8559059428068778,0.9219189611459049,2023-09-28T23:30Z,31.272180270354013,13.71122628032446,17.560953990029553,9
401520288,2023,5,2023-09-30T22:00Z,145,99,Ole Miss Rebels,LSU Tigers,55,49,False,True,0.4676573020494039,1,0.5820386330648369,0.5499913216118437,0.6621950688350672,2023-09-28T23:30Z,28.51440548179568,30.17666931386821,-1.6622638320725294,6
401524024,2023,5,2023-09-30T22:30Z,24,2483,Stanford Cardinal,Oregon Ducks,6,42,False,True,0.12002773099958083,0,0.09757532304322428,0.11495880181412649,0.051406629090854965,2023-09-28T23:30Z,18.272136056132688,37.61266163443686,-19.340525578304174,-36
401525852,2023,5,2023-09-30T23:00Z,201,66,Oklahoma Sooners,Iowa State Cyclones,50,20,False,True,0.888677491680896,1,0.9411467465260491,0.8795788576481982,0.9514969984958326,2023-09-28T23:30Z,33.23301681517153,13.06630626797859,20.16671054719294,30
401531414,2023,5,2023-09-30T23:00Z,242,151,Rice Owls,East Carolina Pirates,24,17,False,True,0.5687988041744321,1,0.5134635712481388,0.42064408073786164,0.4972452919716186,2023-09-28T23:30Z,32.31395089586994,32.335992709094654,-0.022041813224717544,7
401531878,2023,5,2023-09-30T23:00Z,290,324,Georgia Southern Eagles,Coastal Carolina Chanticleers,38,28,False,True,0.7171183567846692,1,0.677915840287722,0.712885206194242,0.6881560842080301,2023-09-28T23:30Z,34.5430115263858,24.674972548761623,9.868038977624174,10
401531879,2023,5,2023-09-30T23:00Z,2247,2653,Georgia State Panthers,Troy Trojans,7,28,False,True,0.6772384604683288,0,0.6730077988199272,0.6582364293398814,0.7381180340525156,2023-09-28T23:30Z,25.280768469163565,17.472051919408667,7.808716549754898,-21
401531883,2023,5,2023-09-30T23:00Z,2572,326,Southern Miss Golden Eagles,Texas State Bobcats,36,50,False,True,0.3723826594922427,0,0.3589427132820259,0.3975059883981976,0.1928585588315688,2023-09-28T23:30Z,23.5174294000274,27.383816863019362,-3.8663874629919626,-14
401525438,2023,5,2023-09-30T23:30Z,150,87,Duke Blue Devils,Notre Dame Fighting Irish,14,21,False,True,0.3180736108594117,0,0.3475364614278567,0.37509676224876687,0.47612919954412214,2023-09-28T23:30Z,21.309077213782004,29.72644943146394,-8.417372217681937,-7
401520291,2023,5,2023-09-30T23:30Z,2633,2579,Tennessee Volunteers,South Carolina Gamecocks,41,20,False,True,0.7960377953871194,1,0.8050369785606113,0.8789083433790874,0.8651872242223656,2023-09-28T23:30Z,36.61255538348441,21.324789963022074,15.287765420462339,21
401520281,2023,5,2023-09-30T23:30Z,2294,127,Iowa Hawkeyes,Michigan State Spartans,26,16,False,True,0.8232599784111799,1,0.7277292248056774,0.7424268762369801,0.7282175823438928,2023-09-28T23:30Z,25.28871926379459,9.394194820222264,15.894524443572326,10
401531404,2023,5,2023-09-30T23:30Z,2567,2429,SMU Mustangs,Charlotte 49ers,34,16,False,True,0.8655827036675814,1,0.7927589884797152,0.8682618560786419,0.8674896238519897,2023-09-28T23:30Z,38.6244430209694,20.54343079221486,18.081012228754542,18
401525516,2023,5,2023-10-01T00:00Z,259,221,Virginia Tech Hokies,Pittsburgh Panthers,38,21,False,True,0.4849248700735047,1,0.5326041759671857,0.4280267150693614,0.5115478307629542,2023-09-28T23:30Z,22.772804091727107,23.2523672289971,-0.4795631372699951,17
401525853,2023,5,2023-10-01T00:00Z,2628,277,TCU Horned Frogs,West Virginia Mountaineers,21,24,False,True,0.7932475408157525,0,0.7590838288750721,0.807182168535862,0.7809547319395402,2023-09-28T23:30Z,29.777681367400326,16.338908326356812,13.438773041043515,-3
401531882,2023,5,2023-10-01T00:00Z,2433,2026,UL Monroe Warhawks,Appalachian State Mountaineers,40,41,False,True,0.3076759702369055,0,0.21592874755283517,0.21728960279448362,0.17899404408124275,2023-09-28T23:30Z,22.99849981992369,31.609144710995764,-8.610644891072074,-1
401532589,2023,5,2023-10-01T00:00Z,2005,21,Air Force Falcons,San Diego State Aztecs,49,10,False,True,0.6988621199922661,1,0.8406709792424879,0.8696516730940155,0.8459112570846342,2023-09-28T23:30Z,27.37976231368616,15.779042635387462,11.600719678298699,39
401520285,2023,5,2023-10-01T01:00Z,344,333,Mississippi State Bulldogs,Alabama Crimson Tide,17,40,False,True,0.12215531023452525,0,0.10187810814488028,0.1737435229970482,0.10162372325910493,2023-09-28T23:30Z,16.198303887379545,39.00837412666785,-22.810070239288308,-23
401524021,2023,5,2023-10-01T02:00Z,12,264,Arizona Wildcats,Washington Huskies,24,31,False,True,0.1454213895656703,0,0.13546330961783054,0.18058021768494797,0.05617285079642814,2023-09-28T23:30Z,21.57798630887149,40.93070123424784,-19.35271492537635,-7
401532587,2023,5,2023-10-01T02:30Z,278,2440,Fresno State Bulldogs,Nevada Wolf Pack,27,9,False,True,0.9167381210776667,1,0.9351570948942363,0.9547545623474063,0.966707632553974,2023-09-28T23:30Z,39.3312226468902,14.661491743564177,24.66973090332602,18
401520294,2023,6,2023-10-05T00:00Z,2393,55,Middle Tennessee Blue Raiders,Jacksonville State Gamecocks,30,45,False,True,0.47439868853077616,0,0.4107732111435261,0.39044200040876564,0.3343728775239829,2023-10-05T00:00Z,23.258795250406322,25.438172055322433,-2.17937680491611,-15
401520297,2023,6,2023-10-05T01:00Z,166,2229,New Mexico State Aggies,Florida International Panthers,34,17,False,True,0.6514579841807889,1,0.6835513514640025,0.7254481387018393,0.6031502339513847,2023-10-05T00:00Z,25.02218767644028,21.092553760133278,3.929633916307001,17
401520296,2023,6,2023-10-05T23:00Z,2335,2534,Liberty Flames,Sam Houston Bearkats,21,16,False,True,0.8758279458462157,1,0.8838542100630759,0.858757674050293,0.8893506727577255,2023-10-05T00:00Z,33.04437695911426,14.973624443953643,18.070752515160617,5
401520295,2023,6,2023-10-06T00:00Z,2348,98,Louisiana Tech Bulldogs,Western Kentucky Hilltoppers,28,35,False,True,0.23797601275033883,0,0.3149059993722124,0.30455739560307354,0.1935378738209042,2023-10-05T00:00Z,22.565565563587988,33.7693377352594,-11.20377217167141,-7
401525857,2023,6,2023-10-06T23:30Z,197,2306,Oklahoma State Cowboys,Kansas State Wildcats,29,21,False,True,0.270491461859087,1,0.3063960461539482,0.29324043862088944,0.11207006729223129,2023-10-05T00:00Z,25.584699650235837,34.72977888741402,-9.145079237178184,8
401520301,2023,6,2023-10-07T00:00Z,356,158,Illinois Fighting Illini,Nebraska Cornhuskers,7,20,False,True,0.5301260238675152,0,0.6141016452302931,0.6439776717795931,0.6190509022198276,2023-10-05T00:00Z,20.40934267050508,20.784361347443955,-0.3750186769388755,-13
401525861,2023,6,2023-10-07T16:00Z,251,201,Texas Longhorns,Oklahoma Sooners,30,34,True,True,0.6164774577892432,0,0.3694952940413142,0.47127751420800645,0.40755170317148004,2023-10-05T00:00Z,30.06731851423008,24.859243590756464,5.2080749234736174,-4
401520307,2023,6,2023-10-07T16:00Z,194,120,Ohio State Buckeyes,Maryland Terrapins,37,17,False,True,0.8552246994039158,1,0.8884889096615349,0.8706669241069949,0.8669978529322236,2023-10-05T00:00Z,36.33395588592608,15.601219621714371,20.73273626421171,20
401520305,2023,6,2023-10-07T16:00Z,142,99,Missouri Tigers,LSU Tigers,39,49,False,True,0.3139415506943725,0,0.41125171102756014,0.45059878383756313,0.41534264561720924,2023-10-05T00:00Z,26.236328686038036,35.0329580127709,-8.796629326732862,-10
401520298,2023,6,2023-10-07T16:00Z,349,103,Army Black Knights,Boston College Eagles,24,27,False,True,0.5946863965109485,0,0.5756881457601515,0.7220171847822048,0.7006408293079203,2023-10-05T00:00Z,28.36246018051557,22.644748671417346,5.717711509098223,-3
401520304,2023,6,2023-10-07T16:00Z,344,2711,Mississippi State Bulldogs,Western Michigan Broncos,41,28,False,True,0.8750771302644802,1,0.8486121103920548,0.7957347088652768,0.8920455865135173,2023-10-05T00:00Z,39.15728204048157,19.584513879499752,19.572768160981816,13
401520311,2023,6,2023-10-07T16:00Z,275,164,Wisconsin Badgers,Rutgers Scarlet Knights,24,13,False,True,0.7418658429897284,1,0.7750554709480634,0.8365320076495613,0.7793871299399511,2023-10-05T00:00Z,24.853936243399072,14.210389828489182,10.64354641490989,11
401526837,2023,6,2023-10-07T16:00Z,113,2649,Massachusetts Minutemen,Toledo Rockets,24,41,False,True,0.19031772030016697,0,0.1637409282524791,0.13111080840433054,0.126714175679753,2023-10-05T00:00Z,26.02857253750266,39.69830535084667,-13.669732813344005,-17
401525521,2023,6,2023-10-07T18:00Z,152,276,NC State Wolfpack,Marshall Thundering Herd,48,41,False,True,0.6025852622917492,1,0.55114274718869,0.4845138341988996,0.44958189822151073,2023-10-05T00:00Z,21.94181560628232,17.95196049328741,3.98985511299491,7
401531389,2023,6,2023-10-07T18:00Z,218,2636,Temple Owls,UTSA Roadrunners,34,49,False,True,0.32358343672039974,0,0.2271789077039613,0.17521374181973404,0.18743454596137632,2023-10-05T00:00Z,21.589861318537075,31.324858311145206,-9.734996992608131,-15
401532415,2023,6,2023-10-07T18:00Z,2084,2117,Buffalo Bulls,Central Michigan Chippewas,37,13,False,True,0.5809880042358593,1,0.5792614794048159,0.5182941497088297,0.5442877790253388,2023-10-05T00:00Z,30.13384394570556,28.06525126604328,2.068592679662281,24
401524028,2023,6,2023-10-07T19:00Z,26,265,UCLA Bruins,Washington State Cougars,25,17,False,True,0.49038236478942204,1,0.594874360620193,0.6518821395968029,0.45429154109071695,2023-10-05T00:00Z,31.283615071135458,28.688132020422366,2.595483050713092,8
401525518,2023,6,2023-10-07T19:30Z,52,259,Florida State Seminoles,Virginia Tech Hokies,39,17,False,True,0.9281870366036988,1,0.8852400866689034,0.8865442361222071,0.9285647671627614,2023-10-05T00:00Z,39.897840670216226,14.091354356365294,25.806486313850932,22
401520310,2023,6,2023-10-07T19:30Z,245,333,Texas A&M Aggies,Alabama Crimson Tide,20,26,False,True,0.2702031717543052,0,0.4227252995890969,0.4114323863065714,0.36586627832260066,2023-10-05T00:00Z,21.182293731289576,32.40605739856845,-11.223763667278874,-6
401525520,2023,6,2023-10-07T19:30Z,153,183,North Carolina Tar Heels,Syracuse Orange,40,7,False,True,0.7082293924609061,1,0.7090306568724324,0.6388312951539286,0.6056480866253052,2023-10-05T00:00Z,31.49659390368101,22.355656360168684,9.140937543512326,33
401520302,2023,6,2023-10-07T19:30Z,2294,2509,Iowa Hawkeyes,Purdue Boilermakers,20,14,False,True,0.67341257661721,1,0.6846666900999554,0.6404930487557169,0.6385139084182768,2023-10-05T00:00Z,28.48144055365112,18.742219097059564,9.739221456591554,6
401525517,2023,6,2023-10-07T19:30Z,228,154,Clemson Tigers,Wake Forest Demon Deacons,17,12,False,True,0.8978286982958277,1,0.873149008848546,0.7932221311255432,0.8664039455532967,2023-10-05T00:00Z,36.53784656187447,15.102656667697932,21.435189894176535,5
401531433,2023,6,2023-10-07T19:30Z,2426,249,Navy Midshipmen,North Texas Mean Green,27,24,False,True,0.5874455475336132,1,0.693187176505761,0.6084081327867692,0.7419938275704244,2023-10-05T00:00Z,38.66000079011464,33.13478031388995,5.525220476224689,3
401531884,2023,6,2023-10-07T19:30Z,309,326,Louisiana Ragin' Cajuns,Texas State Bobcats,34,30,False,True,0.6651540420255857,1,0.6738360074749965,0.7178188314992244,0.6059010169189708,2023-10-05T00:00Z,35.631955857043344,28.087597302080724,7.544358554962621,4
401532414,2023,6,2023-10-07T19:30Z,2199,2050,Eastern Michigan Eagles,Ball State Cardinals,24,10,False,True,0.7078784654888106,1,0.7600481228355525,0.7095245924471995,0.7585123904224987,2023-10-05T00:00Z,25.03860599769221,15.215278071491628,9.82332792620058,14
401532416,2023,6,2023-10-07T19:30Z,193,189,Miami (OH) RedHawks,Bowling Green Falcons,27,0,False,True,0.7736582153080657,1,0.7653617390613573,0.7136848993299697,0.6468265127451996,2023-10-05T00:00Z,29.76820146507568,16.284457516981753,13.483743948093927,27
401532417,2023,6,2023-10-07T19:30Z,195,2309,Ohio Bobcats,Kent State Golden Flashes,42,17,False,True,0.8972857654250286,1,0.9062390694708093,0.8970983698024281,0.9558251045477205,2023-10-05T00:00Z,30.4924148797702,8.670178656769114,21.822236223001088,25
401532418,2023,6,2023-10-07T19:30Z,2006,2459,Akron Zips,Northern Illinois Huskies,14,55,False,True,0.508561506017861,0,0.46576500321646297,0.5314279181435532,0.49793138594396047,2023-10-05T00:00Z,21.14497411452322,22.088885191401037,-0.9439110768778178,-41
401520299,2023,6,2023-10-07T20:00Z,57,238,Florida Gators,Vanderbilt Commodores,38,14,False,True,0.8978027945552689,1,0.8743051558972192,0.8613783280985312,0.8815902669063957,2023-10-05T00:00Z,38.43780125964341,18.62171565712375,19.816085602519657,24
401525860,2023,6,2023-10-07T20:00Z,2305,2116,Kansas Jayhawks,UCF Knights,51,22,False,True,0.6005538626152799,1,0.5538763597074295,0.38133223489674967,0.45236821606213873,2023-10-05T00:00Z,32.88580347592041,31.575192389201632,1.3106110867187795,29
401531380,2023,6,2023-10-07T20:00Z,5,58,UAB Blazers,South Florida Bulls,56,35,False,True,0.4783793666596166,1,0.49937609284322254,0.5362115943212015,0.3785570102577497,2023-10-05T00:00Z,34.26223095660094,35.78054925449252,-1.5183182978915823,21
401531887,2023,6,2023-10-07T20:00Z,2653,2032,Troy Trojans,Arkansas State Red Wolves,37,3,False,True,0.870109367826082,1,0.897051792232725,0.90283682350547,0.9393997366167606,2023-10-05T00:00Z,33.11995254275431,16.283869385774665,16.836083156979647,34
401520309,2023,6,2023-10-07T21:00Z,242,41,Rice Owls,UConn Huskies,31,38,False,True,0.727950920045748,0,0.8079648337481781,0.6977571788429064,0.7825844956732887,2023-10-05T00:00Z,30.55296101697617,22.751377849822504,7.801583167153666,-7
401531340,2023,6,2023-10-07T22:00Z,2226,202,Florida Atlantic Owls,Tulsa Golden Hurricane,20,17,False,True,0.5918934949183507,1,0.5489701875724938,0.5422885993579826,0.5257143166162594,2023-10-05T00:00Z,26.21690464750715,25.43264106359134,0.7842635839158092,3
401524026,2023,6,2023-10-07T22:30Z,9,38,Arizona State Sun Devils,Colorado Buffaloes,24,27,False,True,0.48808265963260583,0,0.382124298871889,0.6390400736204203,0.36306800845330384,2023-10-05T00:00Z,24.584797656115107,28.270973663576942,-3.6861760074618353,-3
401520300,2023,6,2023-10-07T23:00Z,61,96,Georgia Bulldogs,Kentucky Wildcats,51,13,False,True,0.8637190363523913,1,0.8454789205804177,0.8146808853166483,0.7545259634090741,2023-10-05T00:00Z,35.74791505310324,15.337634281360451,20.41028077174279,38
401531885,2023,6,2023-10-07T23:00Z,2433,6,UL Monroe Warhawks,South Alabama Jaguars,7,55,False,True,0.3537388456373516,0,0.3494134886494803,0.3006514338339842,0.3003551907729174,2023-10-05T00:00Z,24.715981580185762,28.171227126924144,-3.4552455467383822,-48
401531886,2023,6,2023-10-07T23:00Z,2572,295,Southern Miss Golden Eagles,Old Dominion Monarchs,13,17,False,True,0.37109681841890785,0,0.4271359868594754,0.3779539913206047,0.23767000164277632,2023-10-05T00:00Z,27.88595294696878,33.870265740672124,-5.984312793703346,-4
401520303,2023,6,2023-10-07T23:30Z,135,130,Minnesota Golden Gophers,Michigan Wolverines,10,52,False,True,0.1492356608835697,0,0.13127495015195959,0.1659501465186175,0.09699458506216257,2023-10-05T00:00Z,14.051674248071604,33.01894415359928,-18.967269905527672,-42
401520308,2023,6,2023-10-07T23:30Z,145,8,Ole Miss Rebels,Arkansas Razorbacks,27,20,False,True,0.7854552216902099,1,0.7245049856123335,0.7767372615661235,0.8262037022479334,2023-10-05T00:00Z,41.71242177128424,28.30655323656522,13.40586853471902,7
401525439,2023,6,2023-10-07T23:37Z,97,87,Louisville Cardinals,Notre Dame Fighting Irish,33,20,False,True,0.260759477500615,1,0.26122896198158885,0.354800408128757,0.2395581040364328,2023-10-05T00:00Z,18.10370048578301,29.62304475777995,-11.519344271996943,13
401525519,2023,6,2023-10-08T00:00Z,2390,59,Miami Hurricanes,Georgia Tech Yellow Jackets,20,23,False,True,0.8560828200245296,0,0.9305409898950256,0.8628150430009787,0.9150996038312225,2023-10-05T00:00Z,39.19803323443058,20.158035345541226,19.039997888889356,-3
401532591,2023,6,2023-10-08T00:00Z,2751,278,Wyoming Cowboys,Fresno State Bulldogs,24,19,False,True,0.293738102327334,1,0.2687142904451619,0.25324045467415746,0.21465284516638378,2023-10-05T00:00Z,18.28397658775136,28.588151680143902,-10.30417509239254,5
401525858,2023,6,2023-10-08T00:00Z,239,2641,Baylor Bears,Texas Tech Red Raiders,14,39,False,True,0.4975421055697115,0,0.48531163383859655,0.41280046336084814,0.3373136701112647,2023-10-05T00:00Z,31.471462744133433,32.34121526265974,-0.8697525185263046,-25
401525859,2023,6,2023-10-08T00:00Z,66,2628,Iowa State Cyclones,TCU Horned Frogs,27,14,False,True,0.32154897118012765,1,0.45350378722391155,0.3879592446099788,0.2929247569044439,2023-10-05T00:00Z,20.622710946877945,28.463055395339854,-7.840344448461909,13
401532590,2023,6,2023-10-08T00:00Z,328,36,Utah State Aggies,Colorado State Rams,44,24,False,True,0.5777707736386715,1,0.5675203076025918,0.678699537889869,0.6234372939597299,2023-10-05T00:00Z,33.6634882864696,30.593439117201534,3.070049169268067,20
401532592,2023,6,2023-10-08T00:00Z,68,23,Boise State Broncos,San José State Spartans,35,27,False,True,0.7539059695167264,1,0.8105018175051231,0.7677705351142418,0.7513855958234278,2023-10-05T00:00Z,35.36658553759778,23.113137408249372,12.253448129348406,8
401524027,2023,6,2023-10-08T02:00Z,25,204,California Golden Bears,Oregon State Beavers,40,52,False,True,0.3418837260757495,0,0.34686989438787097,0.2811425149077882,0.2554931754916571,2023-10-05T00:00Z,22.810203646490386,27.446963785030807,-4.636760138540421,-12
401524025,2023,6,2023-10-08T02:30Z,30,12,USC Trojans,Arizona Wildcats,43,41,False,True,0.8930824796994337,1,0.9005663727444929,0.8656933029755506,0.9276198779697491,2023-10-05T00:00Z,44.52979331414928,23.911571917572186,20.618221396577095,2
401520313,2023,7,2023-10-10T23:00Z,2393,2348,Middle Tennessee Blue Raiders,Louisiana Tech Bulldogs,31,23,False,True,0.5594600392254288,1,0.5668949004736191,0.609598039178156,0.5041438880843178,2023-10-10T23:00Z,28.983926946087596,26.80343442355289,2.1804925225347063,8
401520312,2023,7,2023-10-10T23:30Z,55,2335,Jacksonville State Gamecocks,Liberty Flames,13,31,False,True,0.35319207140743986,0,0.39148196498379567,0.45497089341122515,0.33664066190342495,2023-10-10T23:00Z,27.82838917488739,32.316098097696596,-4.487708922809205,-18
401531888,2023,7,2023-10-10T23:30Z,2026,324,Appalachian State Mountaineers,Coastal Carolina Chanticleers,24,27,False,True,0.5756495302514089,0,0.7052182045921417,0.7020743099471305,0.6661752597224254,2023-10-10T23:00Z,34.70854467605807,28.65875082447366,6.049793851584408,-3
401520314,2023,7,2023-10-11T23:30Z,2229,2638,Florida International Panthers,UTEP Miners,14,27,False,True,0.6625415628863905,0,0.5493127222727385,0.4696203652631259,0.5483423141316817,2023-10-10T23:00Z,26.11420602797719,19.71771308146554,6.39649294651165,-13
401520315,2023,7,2023-10-12T01:00Z,166,2534,New Mexico State Aggies,Sam Houston Bearkats,27,13,False,True,0.5518657210820551,1,0.5410264664881473,0.527258444269521,0.37524026092388907,2023-10-10T23:00Z,17.92348187991108,18.799509810590052,-0.8760279306789727,14
401525862,2023,7,2023-10-12T23:00Z,248,277,Houston Cougars,West Virginia Mountaineers,41,39,False,True,0.4096626434229627,1,0.4287331308935861,0.5748021576045571,0.33998288768504215,2023-10-10T23:00Z,20.528371370088255,25.27787008654332,-4.749498716455065,2
401531415,2023,7,2023-10-12T23:30Z,151,2567,East Carolina Pirates,SMU Mustangs,10,31,False,True,0.2996615319255327,0,0.4798168501976523,0.40876291620446004,0.24782996637218524,2023-10-10T23:00Z,22.49435355188044,29.812969829455152,-7.318616277574712,-21
401531371,2023,7,2023-10-13T23:00Z,235,2655,Memphis Tigers,Tulane Green Wave,21,31,False,True,0.494026171127147,0,0.5120581727733058,0.43657658343649686,0.4062374641900956,2023-10-10T23:00Z,25.3274790473799,26.081347146358638,-0.7538680989787387,-10
401532594,2023,7,2023-10-14T00:00Z,328,278,Utah State Aggies,Fresno State Bulldogs,32,37,False,True,0.29342730726395516,0,0.3063042570641206,0.31523507904820225,0.21640804543657102,2023-10-10T23:00Z,26.217287722998808,36.42371958041239,-10.20643185741358,-5
401524029,2023,7,2023-10-14T02:00Z,38,24,Colorado Buffaloes,Stanford Cardinal,43,46,False,True,0.6615448194870852,0,0.7824627802639138,0.6679996637022424,0.790955496914582,2023-10-10T23:00Z,32.02536391993888,25.393440528649744,6.631923391289138,-3
401520327,2023,7,2023-10-14T16:00Z,238,61,Vanderbilt Commodores,Georgia Bulldogs,20,37,False,True,0.025287028719613237,0,0.028731045439189036,0.030835555945939026,0.022090770922844737,2023-10-10T23:00Z,11.613571035499021,49.396363112790354,-37.78279207729133,-17
401520321,2023,7,2023-10-14T16:00Z,130,84,Michigan Wolverines,Indiana Hoosiers,52,7,False,True,0.9675368361477567,1,0.9747402197786219,0.9790879398110404,0.9807270010994663,2023-10-10T23:00Z,42.48983945681687,9.08701636146262,33.40282309535425,45
401520323,2023,7,2023-10-14T16:00Z,2509,194,Purdue Boilermakers,Ohio State Buckeyes,7,41,False,True,0.09980277281852758,0,0.07368991911599415,0.12398257483690803,0.05898006733895554,2023-10-10T23:00Z,16.88062990113098,41.67928538753316,-24.798655486402183,-34
401525524,2023,7,2023-10-14T16:00Z,52,183,Florida State Seminoles,Syracuse Orange,41,3,False,True,0.8791307822609317,1,0.8375719975861122,0.850156762293054,0.8798356196947599,2023-10-10T23:00Z,37.33032489045098,16.51594264963509,20.814382240815892,38
401520316,2023,7,2023-10-14T16:00Z,333,8,Alabama Crimson Tide,Arkansas Razorbacks,24,21,False,True,0.9102367182631862,1,0.9043396001135802,0.9033795383747325,0.9091470987813611,2023-10-10T23:00Z,39.02302339975649,13.606822958990618,25.41620044076587,3
401520324,2023,7,2023-10-14T16:00Z,164,127,Rutgers Scarlet Knights,Michigan State Spartans,27,24,False,True,0.7555391341243105,1,0.6715060053642905,0.5738105489581993,0.7385313563421451,2023-10-10T23:00Z,24.419574279188332,14.10445384548678,10.315120433701551,3
401525863,2023,7,2023-10-14T16:00Z,2132,66,Cincinnati Bearcats,Iowa State Cyclones,10,30,False,True,0.5068690057314561,0,0.525013331487917,0.6371174231630159,0.48610862651486275,2023-10-10T23:00Z,20.22335647627937,21.170844546552345,-0.9474880702729749,-20
401531390,2023,7,2023-10-14T16:00Z,249,218,North Texas Mean Green,Temple Owls,45,14,False,True,0.6267879380135122,1,0.7060576001810571,0.8011470818108426,0.6975635382550633,2023-10-10T23:00Z,39.544113135441755,34.06507411104069,5.479039024401068,31
401531890,2023,7,2023-10-14T16:00Z,256,290,James Madison Dukes,Georgia Southern Eagles,41,13,False,True,0.5439222194632364,1,0.5953016931353393,0.7023039288814091,0.619567594742732,2023-10-10T23:00Z,34.29246829167659,29.72288179730387,4.569586494372722,28
401532422,2023,7,2023-10-14T16:00Z,2199,2309,Eastern Michigan Eagles,Kent State Golden Flashes,28,14,False,True,0.7306567068591083,1,0.7322313482016175,0.7312138903435608,0.7863789530076606,2023-10-10T23:00Z,25.16133800135927,16.036957706250156,9.124380295109113,14
401531405,2023,7,2023-10-14T18:00Z,2429,2426,Charlotte 49ers,Navy Midshipmen,0,14,False,True,0.5077802436593375,0,0.4697081620786025,0.47214294798328826,0.5240950323343362,2023-10-10T23:00Z,26.751421901840814,25.254381135127435,1.4970407667133792,-14
401532419,2023,7,2023-10-14T18:00Z,2050,2649,Ball State Cardinals,Toledo Rockets,6,13,False,True,0.21229846068253713,0,0.15731001425804936,0.19052439354247963,0.11646591406847674,2023-10-10T23:00Z,18.555340969993356,32.9443984429385,-14.389057472945144,-7
401524033,2023,7,2023-10-14T19:00Z,254,25,Utah Utes,California Golden Bears,34,14,False,True,0.7506968877360625,1,0.7832879469147564,0.8043754168329555,0.7779461122185733,2023-10-10T23:00Z,27.856034752882966,16.790239242560354,11.065795510322612,20
401520322,2023,7,2023-10-14T19:30Z,213,113,Penn State Nittany Lions,Massachusetts Minutemen,63,0,False,True,0.9908030687454291,1,0.9910532410512888,0.9869447367574706,0.9960465880226013,2023-10-10T23:00Z,56.01663956374074,7.088229313037475,48.928410250703266,63
401524034,2023,7,2023-10-14T19:30Z,264,2483,Washington Huskies,Oregon Ducks,36,33,False,True,0.5453458145618311,1,0.5331478141065092,0.583641265868028,0.5703663214986391,2023-10-10T23:00Z,33.358593661169046,31.993014717856738,1.3655789433123076,3
401520326,2023,7,2023-10-14T19:30Z,2633,245,Tennessee Volunteers,Texas A&M Aggies,20,13,False,True,0.6639100365400424,1,0.5271464148190789,0.7520634454505138,0.7035510532635866,2023-10-10T23:00Z,33.27720906584828,25.998319383105773,7.278889682742509,7
401525864,2023,7,2023-10-14T19:30Z,197,2305,Oklahoma State Cowboys,Kansas Jayhawks,39,32,False,True,0.4656181485248537,1,0.578214949818871,0.5607336907915079,0.3940751748198228,2023-10-10T23:00Z,31.347882427016394,31.49188293417206,-0.14400050715566692,7
401520317,2023,7,2023-10-14T19:30Z,349,2653,Army Black Knights,Troy Trojans,0,19,False,True,0.28307435738911785,0,0.3663786709014895,0.34107954263230567,0.30285092704004374,2023-10-10T23:00Z,14.400166248122186,21.482949227292085,-7.082782979169899,-19
401520320,2023,7,2023-10-14T19:30Z,120,356,Maryland Terrapins,Illinois Fighting Illini,24,27,False,True,0.8894775806380111,0,0.8273871497810255,0.7933794567603063,0.8996919149039393,2023-10-10T23:00Z,33.16448279818081,13.641547831705731,19.522934966475084,-3
401520325,2023,7,2023-10-14T19:30Z,2579,57,South Carolina Gamecocks,Florida Gators,39,41,False,True,0.5237258822321227,0,0.4712690650307092,0.5037571074643398,0.5109274798970804,2023-10-10T23:00Z,25.765661178094238,25.186205792565076,0.5794553855291618,-2
401525527,2023,7,2023-10-14T19:30Z,259,154,Virginia Tech Hokies,Wake Forest Demon Deacons,30,13,False,True,0.5243832274112521,1,0.47662412192185444,0.44636106217582683,0.4818345108411341,2023-10-10T23:00Z,25.626509507010773,25.06090340272764,0.565606104283134,17
401525865,2023,7,2023-10-14T19:30Z,2628,252,TCU Horned Frogs,BYU Cougars,44,11,False,True,0.6849509998658833,1,0.6588501705091593,0.7160993737229647,0.6448484811665874,2023-10-10T23:00Z,32.892028211208725,23.15577642450075,9.736251786707975,33
401531420,2023,7,2023-10-14T19:30Z,58,2226,South Florida Bulls,Florida Atlantic Owls,14,56,False,True,0.5333294671814318,0,0.6298496389851372,0.6376177816090255,0.6241326408142667,2023-10-10T23:00Z,31.432772837120538,29.33574337512985,2.0970294619906866,-42
401532420,2023,7,2023-10-14T19:30Z,2117,2006,Central Michigan Chippewas,Akron Zips,17,10,False,True,0.7691038413230393,1,0.7823867107272697,0.8052793521044566,0.7737104986737074,2023-10-10T23:00Z,29.368681876825818,19.088891132191293,10.279790744634525,7
401532421,2023,7,2023-10-14T19:30Z,2084,189,Buffalo Bulls,Bowling Green Falcons,14,24,False,True,0.7305521384579524,0,0.7186472005627476,0.6844422856322256,0.6393522781096819,2023-10-10T23:00Z,30.48834665296316,20.45742441012508,10.03092224283808,-10
401532423,2023,7,2023-10-14T19:30Z,2711,193,Western Michigan Broncos,Miami (OH) RedHawks,21,34,False,True,0.3632466288105543,0,0.2489344094189716,0.33717696669940567,0.18700549970866462,2023-10-10T23:00Z,21.874135383463713,28.816664401915176,-6.942529018451463,-13
401520328,2023,7,2023-10-14T20:00Z,275,2294,Wisconsin Badgers,Iowa Hawkeyes,6,15,False,True,0.7090152083868423,0,0.691196220482334,0.7323260544799566,0.742096854730205,2023-10-10T23:00Z,20.518488165175953,14.66573374147908,5.852754423696872,-9
401532424,2023,7,2023-10-14T20:00Z,2459,195,Northern Illinois Huskies,Ohio Bobcats,23,13,False,True,0.44891227587764576,1,0.4414837550902728,0.4110959351196475,0.35292494370534117,2023-10-10T23:00Z,23.07303903919311,24.68808882039243,-1.6150497811993212,10
401532597,2023,7,2023-10-14T21:00Z,2440,2439,Nevada Wolf Pack,UNLV Rebels,27,45,False,True,0.44287483133247396,0,0.351404977571117,0.33102449977884296,0.27701117544539106,2023-10-10T23:00Z,28.369263008144465,32.247642937637906,-3.878379929493441,-18
401532596,2023,7,2023-10-14T22:00Z,167,23,New Mexico Lobos,San José State Spartans,24,52,False,True,0.37004163650063676,0,0.417363865662214,0.38231206936166373,0.3051923980363289,2023-10-10T23:00Z,24.37295962215128,29.11438108719178,-4.741421465040499,-28
401525525,2023,7,2023-10-14T22:30Z,221,97,Pittsburgh Panthers,Louisville Cardinals,38,21,False,True,0.28964291692824096,1,0.24489103426078865,0.32862130193992367,0.1725475740034473,2023-10-10T23:00Z,19.953790889985825,29.1142195457457,-9.160428655759876,17
401524030,2023,7,2023-10-14T23:00Z,265,12,Washington State Cougars,Arizona Wildcats,6,44,False,True,0.7854829494592864,0,0.6914925165295468,0.6762519118933299,0.7861512349220522,2023-10-10T23:00Z,34.760128788343415,22.854129446610475,11.90599934173294,-38
401520319,2023,7,2023-10-14T23:00Z,99,2,LSU Tigers,Auburn Tigers,48,18,False,True,0.744663931456749,1,0.6939222625751823,0.7352979657554465,0.6462331546596111,2023-10-10T23:00Z,33.200945222643654,22.36902511559173,10.831920107051925,30
401525866,2023,7,2023-10-14T23:00Z,2641,2306,Texas Tech Red Raiders,Kansas State Wildcats,21,38,False,True,0.5789897858560255,0,0.5679575414912525,0.5469204791045708,0.5179851632680968,2023-10-10T23:00Z,33.03054180521281,29.882453948600272,3.148087856612541,-17
401531889,2023,7,2023-10-14T23:00Z,2247,276,Georgia State Panthers,Marshall Thundering Herd,41,24,False,True,0.5147892481486566,1,0.4823568257453576,0.5329952864392198,0.49961613199995086,2023-10-10T23:00Z,29.350145225827116,28.892158682046926,0.45798654378019066,17
401531891,2023,7,2023-10-14T23:00Z,326,2433,Texas State Bobcats,UL Monroe Warhawks,21,20,False,True,0.865180690096665,1,0.8117807908987932,0.8529972699895452,0.8678844667839769,2023-10-10T23:00Z,39.276081750113036,21.755802974809544,17.520278775303492,1
401532598,2023,7,2023-10-14T23:00Z,2005,2751,Air Force Falcons,Wyoming Cowboys,34,27,False,True,0.6959916562368705,1,0.8542302810284608,0.8772939645219269,0.8405948522390788,2023-10-10T23:00Z,27.496071472726474,15.606522355938754,11.88954911678772,7
401524031,2023,7,2023-10-14T23:30Z,87,30,Notre Dame Fighting Irish,USC Trojans,48,20,False,True,0.6436585715611646,1,0.6275810253049484,0.6319927965985415,0.5481133123091829,2023-10-10T23:00Z,36.88335592898729,30.79067690284841,6.092679026138882,28
401525526,2023,7,2023-10-14T23:30Z,153,2390,North Carolina Tar Heels,Miami Hurricanes,41,31,False,True,0.6640479425331876,1,0.5701080041228543,0.677465761968087,0.655471057184727,2023-10-10T23:00Z,32.5742930418826,25.851626574418233,6.722666467464364,10
401520318,2023,7,2023-10-14T23:30Z,96,142,Kentucky Wildcats,Missouri Tigers,21,38,False,True,0.732025008954049,0,0.6672271662459324,0.635931013954226,0.6642628080744023,2023-10-10T23:00Z,31.85929771438325,21.037904275730014,10.821393438653235,-17
401524032,2023,7,2023-10-15T00:00Z,204,26,Oregon State Beavers,UCLA Bruins,36,24,False,True,0.6897887375887163,1,0.5785578260340608,0.6342757755119104,0.6445811837314472,2023-10-10T23:00Z,29.928710716749592,24.628762683411892,5.299948033337699,12
401525523,2023,7,2023-10-15T00:00Z,150,152,Duke Blue Devils,NC State Wolfpack,24,3,False,True,0.7258677432491314,1,0.7638527734515241,0.7271729227965007,0.8615882966491006,2023-10-10T23:00Z,27.93645461819764,18.312699598778366,9.623755019419274,21
401531381,2023,7,2023-10-15T00:00Z,2636,5,UTSA Roadrunners,UAB Blazers,41,20,False,True,0.6461417721802684,1,0.6098142366580016,0.6782099159797976,0.5860197252506484,2023-10-10T23:00Z,34.54616066503115,29.266025615656723,5.2801350493744295,21
401532593,2023,7,2023-10-15T02:00Z,36,68,Colorado State Rams,Boise State Broncos,31,30,False,True,0.3459464720925719,1,0.36426741170043775,0.2948017002203402,0.28785229640848925,2023-10-10T23:00Z,25.097072348308473,32.352259241678226,-7.255186893369753,1
401532595,2023,7,2023-10-15T03:00Z,62,21,Hawai'i Rainbow Warriors,San Diego State Aztecs,34,41,False,True,0.42666788910309683,0,0.3878393705251479,0.3729535441693076,0.2574934764987115,2023-10-10T23:00Z,24.040932640074768,27.919904298004308,-3.87897165792954,-7
401520330,2023,8,2023-10-17T23:00Z,2335,2393,Liberty Flames,Middle Tennessee Blue Raiders,42,35,False,True,0.8875270321616358,1,0.8864881646738827,0.8815295743064433,0.9301890922120245,2023-10-17T23:00Z,39.375389188817444,18.241804448865466,21.133584739951978,7
401520329,2023,8,2023-10-17T23:30Z,55,98,Jacksonville State Gamecocks,Western Kentucky Hilltoppers,20,17,False,True,0.4070403869453364,1,0.5350218829271552,0.5242684523918413,0.4608083141163287,2023-10-17T23:00Z,27.694257697880147,29.74426668874274,-2.050008990862594,3
401531892,2023,8,2023-10-17T23:30Z,6,2572,South Alabama Jaguars,Southern Miss Golden Eagles,55,3,False,True,0.8996834587696187,1,0.8905033543063414,0.9013819301519191,0.9514239598897339,2023-10-17T23:00Z,38.0460825608857,17.380651308376255,20.665431252509446,52
401520331,2023,8,2023-10-18T23:00Z,2534,2229,Sam Houston Bearkats,Florida International Panthers,27,33,False,True,0.7239774153989154,0,0.718525520499524,0.7858817782373073,0.7912858039778675,2023-10-17T23:00Z,25.696638871047575,15.207561870681044,10.489077000366532,-6
401520332,2023,8,2023-10-19T01:00Z,2638,166,UTEP Miners,New Mexico State Aggies,7,28,False,True,0.37269314539159937,0,0.4914359338852867,0.5146992156698267,0.47536890195066756,2023-10-17T23:00Z,18.961562889185316,22.03446859596548,-3.072905706780162,-21
401531341,2023,8,2023-10-19T23:00Z,202,242,Tulsa Golden Hurricane,Rice Owls,10,42,False,True,0.7272193024389966,0,0.6873881170825095,0.726266628240634,0.7038273255880354,2023-10-17T23:00Z,34.35297478169352,21.808655007319857,12.544319774373662,-32
401531893,2023,8,2023-10-19T23:00Z,276,256,Marshall Thundering Herd,James Madison Dukes,9,20,False,True,0.45568756451783343,0,0.42138829203384326,0.38883014158844353,0.30474311272363797,2023-10-17T23:00Z,28.566990059841455,33.82289072724517,-5.2559006674037185,-11
401531391,2023,8,2023-10-20T23:00Z,218,2567,Temple Owls,SMU Mustangs,0,55,False,True,0.12740751372505196,0,0.15543942944780254,0.11180593627018334,0.04351412056790903,2023-10-17T23:00Z,19.703604082271543,39.99873893785619,-20.295134855584646,-55
401520343,2023,8,2023-10-21T16:00Z,194,213,Ohio State Buckeyes,Penn State Nittany Lions,20,12,False,True,0.6472015747754227,1,0.7106273616554482,0.6641524094844868,0.6174816217200609,2023-10-17T23:00Z,29.507666714144957,22.626535360058327,6.88113135408663,8
401525871,2023,8,2023-10-21T16:00Z,201,2116,Oklahoma Sooners,UCF Knights,31,29,False,True,0.9344154992935558,1,0.9625947275295197,0.8773043198155794,0.9638442456323761,2023-10-17T23:00Z,44.70346745248253,18.905415120887945,25.798052331594583,2
401531434,2023,8,2023-10-21T16:00Z,2426,2005,Navy Midshipmen,Air Force Falcons,6,17,False,True,0.20231642283416307,0,0.14490136754820873,0.14525002484965743,0.10416730626089393,2023-10-17T23:00Z,12.5565367397117,27.721468187033476,-15.164931447321777,-11
401520334,2023,8,2023-10-21T16:00Z,8,344,Arkansas Razorbacks,Mississippi State Bulldogs,3,7,False,True,0.6461129671290355,0,0.7298587572775298,0.640038580457504,0.6978189380850223,2023-10-17T23:00Z,30.341759893246845,24.47275586126748,5.869004031979365,-4
401520337,2023,8,2023-10-21T16:00Z,84,164,Indiana Hoosiers,Rutgers Scarlet Knights,14,31,False,True,0.3648463662254664,0,0.33510167324917334,0.3908462705784609,0.2530119047405034,2023-10-17T23:00Z,19.674648026379344,24.05649023660346,-4.381842210224114,-17
401525528,2023,8,2023-10-21T16:00Z,59,103,Georgia Tech Yellow Jackets,Boston College Eagles,23,38,False,True,0.7024251338562008,0,0.6023655067394865,0.605060565786151,0.6569711989166266,2023-10-17T23:00Z,32.021038445871895,24.340999383257625,7.68003906261427,-15
401525868,2023,8,2023-10-21T16:00Z,2132,239,Cincinnati Bearcats,Baylor Bears,29,32,False,True,0.6072090563607906,0,0.7036938746222767,0.7209149206807363,0.6784454157984108,2023-10-17T23:00Z,27.742987112517675,23.121003639051416,4.621983473466258,-3
401531382,2023,8,2023-10-21T16:00Z,5,235,UAB Blazers,Memphis Tigers,21,45,False,True,0.3681639380377794,0,0.44968210959414606,0.45648284184196253,0.2922202980976673,2023-10-17T23:00Z,30.208365501076898,35.21793240751569,-5.009566906438792,-24
401532428,2023,8,2023-10-21T16:00Z,195,2711,Ohio Bobcats,Western Michigan Broncos,20,17,False,True,0.8465205031318415,1,0.8793723689042776,0.8685364014304702,0.9208149321171983,2023-10-17T23:00Z,33.19902757540375,15.326187052098575,17.87284052330517,3
401531406,2023,8,2023-10-21T18:00Z,151,2429,East Carolina Pirates,Charlotte 49ers,7,10,False,True,0.6802714554448791,0,0.7264046472067764,0.7525601539242462,0.6683675316992458,2023-10-17T23:00Z,25.449705188545217,16.7408357186627,8.708869469882515,-3
401531894,2023,8,2023-10-21T18:00Z,290,2433,Georgia Southern Eagles,UL Monroe Warhawks,38,28,False,True,0.8832800370838734,1,0.8544875305973815,0.8744137638760514,0.878265843545846,2023-10-17T23:00Z,39.594161397159574,20.898879260902753,18.69528213625682,10
401532429,2023,8,2023-10-21T18:00Z,189,2006,Bowling Green Falcons,Akron Zips,41,14,False,True,0.7553238413757454,1,0.7837369490509788,0.7627999208301837,0.8443898116875332,2023-10-17T23:00Z,26.04233550906764,15.296206880025835,10.746128629041806,27
401524035,2023,8,2023-10-21T19:30Z,2483,265,Oregon Ducks,Washington State Cougars,38,24,False,True,0.8698564766653362,1,0.9158671655631184,0.8939943708229173,0.9133347471152315,2023-10-17T23:00Z,40.0434934477841,20.178155593411198,19.865337854372903,14
401520333,2023,8,2023-10-21T19:30Z,333,2633,Alabama Crimson Tide,Tennessee Volunteers,34,20,False,True,0.7237682608193525,1,0.7256239592664727,0.5951940536595086,0.5627523984680599,2023-10-17T23:00Z,30.201818251488838,19.97935963857956,10.222458612909278,14
401520341,2023,8,2023-10-21T19:30Z,142,2579,Missouri Tigers,South Carolina Gamecocks,34,12,False,True,0.6089056535645851,1,0.6285804115798436,0.6896003592527034,0.6517382928883717,2023-10-17T23:00Z,33.03691337155716,28.49730842140914,4.539604950148021,22
401531372,2023,8,2023-10-21T19:30Z,2655,249,Tulane Green Wave,North Texas Mean Green,35,28,False,True,0.8688851593430763,1,0.864476533148797,0.8498142072767533,0.9234859903786311,2023-10-17T23:00Z,40.53823257723376,20.627252832994646,19.91097974423911,7
401520338,2023,8,2023-10-21T19:30Z,2294,135,Iowa Hawkeyes,Minnesota Golden Gophers,10,12,False,True,0.7123144093451561,0,0.7813103297756612,0.6984983597844968,0.7741843705440339,2023-10-17T23:00Z,22.618845299638966,11.137652462929085,11.481192836709882,-2
401520336,2023,8,2023-10-21T19:30Z,356,275,Illinois Fighting Illini,Wisconsin Badgers,21,25,False,True,0.31580594423765596,0,0.3400268203460146,0.3838814620022871,0.2837362613274886,2023-10-17T23:00Z,16.863384992406676,25.021163180307767,-8.15777818790109,-4
401520342,2023,8,2023-10-21T19:30Z,158,77,Nebraska Cornhuskers,Northwestern Wildcats,17,9,False,True,0.6574597078123742,1,0.6891656852086139,0.7352589408296385,0.6092756023836032,2023-10-17T23:00Z,25.655342705632194,16.410601906912287,9.244740798719906,8
401520344,2023,8,2023-10-21T19:30Z,41,58,UConn Huskies,South Florida Bulls,21,24,False,True,0.5974917796023941,0,0.483373717830085,0.5055133116834414,0.5376996230992153,2023-10-17T23:00Z,36.34947706159002,30.81253310187875,5.536943959711273,-3
401525532,2023,8,2023-10-21T19:30Z,154,221,Wake Forest Demon Deacons,Pittsburgh Panthers,21,17,False,True,0.5222732630939592,1,0.5396043940456341,0.5699661790001131,0.5267107642587543,2023-10-17T23:00Z,27.032386842463485,25.74018247092162,1.2922043715418638,4
401525872,2023,8,2023-10-21T19:30Z,277,197,West Virginia Mountaineers,Oklahoma State Cowboys,34,48,False,True,0.6102718378736229,0,0.6000964401826442,0.5734586981544223,0.6369627141127703,2023-10-17T23:00Z,26.347541876271634,23.005745236223152,3.341796640048482,-14
401532425,2023,8,2023-10-21T19:30Z,2050,2117,Ball State Cardinals,Central Michigan Chippewas,24,17,False,True,0.37529100902924933,1,0.32350324164308386,0.38272346795327217,0.26361655345091023,2023-10-17T23:00Z,20.210658013956067,24.10412156886672,-3.893463554910653,7
401532426,2023,8,2023-10-21T19:30Z,2459,2199,Northern Illinois Huskies,Eastern Michigan Eagles,20,13,False,True,0.7820309355436897,1,0.7800383577668035,0.7511688506325978,0.8176382146915804,2023-10-17T23:00Z,30.21061580051277,16.42954540861089,13.781070391901881,7
401532430,2023,8,2023-10-21T19:30Z,2309,2084,Kent State Golden Flashes,Buffalo Bulls,6,24,False,True,0.36954998877191625,0,0.32815304664030853,0.38330853058879466,0.205535313411527,2023-10-17T23:00Z,23.788630720169472,29.485382999996737,-5.696752279827265,-18
401525869,2023,8,2023-10-21T20:00Z,248,251,Houston Cougars,Texas Longhorns,24,31,False,True,0.12935485307442138,0,0.14129494015720326,0.2076171268656467,0.07691810065656175,2023-10-17T23:00Z,20.020915004620477,40.938856697343155,-20.91794169272268,-7
401532427,2023,8,2023-10-21T20:00Z,193,2649,Miami (OH) RedHawks,Toledo Rockets,17,21,False,True,0.5828114360911372,0,0.5867895434075281,0.5107239880369399,0.5919181443875534,2023-10-17T23:00Z,24.070000399202193,20.317427562844212,3.752572836357981,-4
401531397,2023,8,2023-10-21T22:00Z,2226,2636,Florida Atlantic Owls,UTSA Roadrunners,10,36,False,True,0.5950477597184253,0,0.5273965248958615,0.46879842735347416,0.5725875789399505,2023-10-17T23:00Z,26.65018787348177,22.722725863216045,3.9274620102657245,-26
401532600,2023,8,2023-10-21T22:00Z,167,62,New Mexico Lobos,Hawai'i Rainbow Warriors,42,21,False,True,0.40569138436297036,1,0.4498911568543042,0.49951740395960664,0.46429532736539825,2023-10-17T23:00Z,27.78222464403003,31.26664853198797,-3.484423887957938,21
401525531,2023,8,2023-10-21T22:30Z,153,258,North Carolina Tar Heels,Virginia Cavaliers,27,31,False,True,0.9335448912773071,0,0.9295806353930396,0.9005940882593372,0.9436980391610184,2023-10-17T23:00Z,40.623100156753665,16.52219182713886,24.100908329614803,-4
401520335,2023,8,2023-10-21T23:00Z,2,145,Auburn Tigers,Ole Miss Rebels,21,28,False,True,0.39023499212539303,0,0.4165664970392706,0.3576340341409324,0.27670393594901116,2023-10-17T23:00Z,23.615244923191653,29.136464371206326,-5.521219448014673,-7
401525867,2023,8,2023-10-21T23:00Z,252,2641,BYU Cougars,Texas Tech Red Raiders,27,14,False,True,0.45155890203092064,1,0.467048916054749,0.3800779266158322,0.3425507252684808,2023-10-17T23:00Z,26.644060262241748,30.992946788322527,-4.348886526080779,13
401525870,2023,8,2023-10-21T23:00Z,2306,2628,Kansas State Wildcats,TCU Horned Frogs,41,3,False,True,0.6159769814608016,1,0.60456851965746,0.5985740512400364,0.6554746786555794,2023-10-17T23:00Z,30.300612411226485,27.057957496563674,3.242654914662811,38
401531895,2023,8,2023-10-21T23:00Z,295,2026,Old Dominion Monarchs,Appalachian State Mountaineers,28,21,False,True,0.527345287501352,1,0.36554727409638715,0.4265828553236609,0.3855813313707095,2023-10-17T23:00Z,30.476990051006606,29.4650459485947,1.0119441024119062,7
401531896,2023,8,2023-10-21T23:00Z,2032,324,Arkansas State Red Wolves,Coastal Carolina Chanticleers,17,27,False,True,0.3155908517489394,0,0.24897353815624718,0.21389657430748882,0.14763171617171003,2023-10-17T23:00Z,27.15011120399082,32.47149647920585,-5.321385275215025,-10
401532599,2023,8,2023-10-21T23:00Z,2439,36,UNLV Rebels,Colorado State Rams,25,23,False,True,0.7393744809128835,1,0.7126992297255316,0.7473643675138892,0.8257691029796537,2023-10-17T23:00Z,38.85494040906465,26.263171994723294,12.59176841434136,2
401532602,2023,8,2023-10-21T23:00Z,23,328,San José State Spartans,Utah State Aggies,42,21,False,True,0.5431171832728666,1,0.4563939852039269,0.5212631481380616,0.4439873935223687,2023-10-17T23:00Z,35.650929985626725,34.529918834898595,1.1210111507281297,21
401520340,2023,8,2023-10-21T23:30Z,127,130,Michigan State Spartans,Michigan Wolverines,0,49,False,True,0.06055855444019955,0,0.0736571703801172,0.07893803157016349,0.0396392188736454,2023-10-17T23:00Z,11.763650862560091,39.23810671366604,-27.47445585110595,-49
401525530,2023,8,2023-10-21T23:30Z,52,150,Florida State Seminoles,Duke Blue Devils,38,20,False,True,0.8367339746736193,1,0.7539007272203941,0.7817978136156571,0.7221840826374236,2023-10-17T23:00Z,31.73066527936012,17.72523271046928,14.00543256889084,18
401520339,2023,8,2023-10-21T23:30Z,99,349,LSU Tigers,Army Black Knights,62,0,False,True,0.9663448409802008,1,0.9418039446205718,0.9120323174223991,0.9483168831761384,2023-10-17T23:00Z,46.6571026829547,14.367309450976485,32.289793231978216,62
401524037,2023,8,2023-10-22T00:00Z,30,254,USC Trojans,Utah Utes,32,34,False,True,0.6062389380161549,0,0.6472825861145637,0.6353384786432423,0.6561088613679368,2023-10-17T23:00Z,28.511789847546197,25.57865970095786,2.9331301465883364,-2
401525529,2023,8,2023-10-22T00:00Z,2390,228,Miami Hurricanes,Clemson Tigers,28,20,False,True,0.44996910710284355,1,0.546555762349426,0.4714893930173132,0.4856181199207838,2023-10-17T23:00Z,26.077637179842736,29.397119592931674,-3.319482413088938,8
401531897,2023,8,2023-10-22T00:00Z,309,2247,Louisiana Ragin' Cajuns,Georgia State Panthers,17,20,False,True,0.47966917578431256,0,0.5791290447657927,0.5736522906859345,0.426818075190501,2023-10-17T23:00Z,31.151812237889633,30.320462005812715,0.8313502320769182,-3
401532601,2023,8,2023-10-22T01:00Z,21,2440,San Diego State Aztecs,Nevada Wolf Pack,0,6,False,True,0.7412981384932236,0,0.7232159099705991,0.77330690355841,0.7502653938432868,2023-10-17T23:00Z,31.84320922842632,22.175053525231956,9.668155703194365,-6
401524036,2023,8,2023-10-22T02:30Z,24,26,Stanford Cardinal,UCLA Bruins,7,42,False,True,0.3500614706706259,0,0.22265933608930488,0.17392229570746098,0.16122854244513188,2023-10-17T23:00Z,22.318231544626602,30.125319894092094,-7.8070883494654915,-35
401524038,2023,8,2023-10-22T02:45Z,264,9,Washington Huskies,Arizona State Sun Devils,15,7,False,True,0.9494351475784193,1,0.9564683629271555,0.945189507973965,0.9775470850366526,2023-10-17T23:00Z,41.77331825543423,11.585477774782138,30.187840480652095,8
401520345,2023,9,2023-10-24T23:00Z,2348,166,Louisiana Tech Bulldogs,New Mexico State Aggies,24,27,False,True,0.4763573254909234,0,0.4800320489127482,0.4860031501401171,0.4978452313271446,2023-10-24T23:00Z,23.628327904546886,23.828513950080655,-0.20018604553376917,-3
401520346,2023,9,2023-10-24T23:30Z,98,2335,Western Kentucky Hilltoppers,Liberty Flames,29,42,False,True,0.45470523877708335,0,0.3743332732898147,0.431359825308295,0.38664300329620316,2023-10-24T23:00Z,27.429041392459283,30.449912482569907,-3.0208710901106244,-13
401520347,2023,9,2023-10-25T23:00Z,2229,55,Florida International Panthers,Jacksonville State Gamecocks,16,41,False,True,0.28899690976308745,0,0.2840962222366732,0.22157764705241526,0.21505710451584595,2023-10-24T23:00Z,20.84919883592452,30.839027841654534,-9.989829005730016,-25
401520348,2023,9,2023-10-26T00:00Z,2534,2638,Sam Houston Bearkats,UTEP Miners,34,37,False,True,0.7341205692043153,0,0.6705842436154569,0.6709862845432162,0.7188417341514439,2023-10-24T23:00Z,23.387046558230196,12.840700608018675,10.54634595021152,-3
401525533,2023,9,2023-10-26T23:30Z,259,183,Virginia Tech Hokies,Syracuse Orange,38,10,False,True,0.5179673342789428,1,0.5635035097367346,0.6088792491751982,0.5539268584301107,2023-10-24T23:00Z,23.42840918956577,21.784097270835737,1.6443119187300326,28
401531929,2023,9,2023-10-26T23:30Z,290,2247,Georgia Southern Eagles,Georgia State Panthers,44,27,False,True,0.4730400925604125,1,0.4903529494586812,0.48445215570400335,0.4284655488642475,2023-10-24T23:00Z,29.40216326792923,30.750845106881606,-1.348681838952377,17
401531407,2023,9,2023-10-27T23:30Z,2429,2226,Charlotte 49ers,Florida Atlantic Owls,16,38,False,True,0.27615890960004813,0,0.44356376423999017,0.4780006399301092,0.41693047532595734,2023-10-24T23:00Z,15.962546347556094,23.44123634701323,-7.478689999457137,-22
401525536,2023,9,2023-10-28T16:00Z,154,52,Wake Forest Demon Deacons,Florida State Seminoles,16,41,False,True,0.09448214536462148,0,0.1382681711192794,0.18781696141348903,0.06316725307096514,2023-10-24T23:00Z,16.803710591777815,38.06726666094635,-21.263556069168537,-25
401525874,2023,9,2023-10-28T16:00Z,2305,201,Kansas Jayhawks,Oklahoma Sooners,38,33,False,True,0.25749884570344833,1,0.135523690127841,0.21286290008064712,0.14121592234177735,2023-10-24T23:00Z,28.894174759832747,39.61955738093175,-10.725382621099005,5
401520358,2023,9,2023-10-28T16:00Z,213,84,Penn State Nittany Lions,Indiana Hoosiers,33,24,False,True,0.9707354789677365,1,0.9752879180022909,0.973901722836328,0.9865047085347551,2023-10-24T23:00Z,41.717416087956764,5.7723796516153705,35.9450364363414,9
401520349,2023,9,2023-10-28T16:00Z,349,113,Army Black Knights,Massachusetts Minutemen,14,21,False,True,0.7971928804739964,0,0.8280459364947732,0.8635105982353194,0.8495634917796552,2023-10-24T23:00Z,35.28153539925634,20.75325476457148,14.528280634684862,-7
401520351,2023,9,2023-10-28T16:00Z,103,41,Boston College Eagles,UConn Huskies,21,14,False,True,0.789112491757582,1,0.8287423938386423,0.7906901683875524,0.8269363087002188,2023-10-24T23:00Z,31.772485927277405,18.902572010404292,12.869913916873113,7
401520356,2023,9,2023-10-28T16:00Z,77,120,Northwestern Wildcats,Maryland Terrapins,33,27,False,True,0.2746352753228292,1,0.29729806801033876,0.2775507994232661,0.2100250021715174,2023-10-24T23:00Z,20.303272048390888,30.726381716586218,-10.42310966819533,6
401520359,2023,9,2023-10-28T16:00Z,245,2579,Texas A&M Aggies,South Carolina Gamecocks,30,17,False,True,0.7624912606272947,1,0.8290174519579182,0.8155851278290326,0.8342249824632654,2023-10-24T23:00Z,35.04340181927854,21.54595576704854,13.497446052230003,13
401525875,2023,9,2023-10-28T16:00Z,2306,248,Kansas State Wildcats,Houston Cougars,41,0,False,True,0.8760127909585501,1,0.8574670656426707,0.8522512989147505,0.9288358633151143,2023-10-24T23:00Z,41.71319996837725,19.965862476095086,21.747337492282167,41
401525878,2023,9,2023-10-28T16:00Z,2116,277,UCF Knights,West Virginia Mountaineers,28,41,False,True,0.5525700801446536,0,0.539625118122442,0.6981623473741166,0.6125704336836293,2023-10-24T23:00Z,29.48151356322575,28.360844660433585,1.1206689027921648,-13
401531342,2023,9,2023-10-28T16:00Z,2567,202,SMU Mustangs,Tulsa Golden Hurricane,69,10,False,True,0.8493335164964908,1,0.8559093095509684,0.902688740766936,0.9420063354376564,2023-10-24T23:00Z,35.549139763010906,18.406391405870583,17.142748357140324,59
401532431,2023,9,2023-10-28T17:00Z,2199,2711,Eastern Michigan Eagles,Western Michigan Broncos,21,45,False,True,0.5724551384761575,0,0.6173403172066867,0.6037776874118642,0.615468138284569,2023-10-24T23:00Z,26.556595281815788,23.07962545402148,3.47696982779431,-24
401525534,2023,9,2023-10-28T18:00Z,152,228,NC State Wolfpack,Clemson Tigers,24,17,False,True,0.25720596581512206,1,0.2741222518828924,0.33880884088545704,0.29164474056206063,2023-10-24T23:00Z,16.468779238452395,27.670538794723207,-11.201759556270812,7
401531430,2023,9,2023-10-28T19:00Z,249,235,North Texas Mean Green,Memphis Tigers,42,45,False,True,0.281858291085657,0,0.2731201695382533,0.38780513971468433,0.204616698991222,2023-10-24T23:00Z,29.334881384136338,39.48275616766945,-10.147874783533112,-3
401520352,2023,9,2023-10-28T19:30Z,57,61,Florida Gators,Georgia Bulldogs,20,43,True,True,0.12738904019828712,0,0.15236857063489384,0.11706221232211964,0.15712579293535436,2023-10-24T23:00Z,16.61801191904594,38.4694736650262,-21.85146174598026,-23
401525877,2023,9,2023-10-28T19:30Z,251,252,Texas Longhorns,BYU Cougars,35,6,False,True,0.9084738708923044,1,0.9072222040265069,0.9048379896496893,0.9299543730191059,2023-10-24T23:00Z,37.62021430894694,13.093234141081265,24.526980167865677,29
401524044,2023,9,2023-10-28T19:30Z,254,2483,Utah Utes,Oregon Ducks,6,35,False,True,0.40969054825130075,0,0.42297317328856704,0.4572579093554695,0.3731961710910249,2023-10-24T23:00Z,20.6591049189166,23.80416498745049,-3.1450600685338905,-29
401525440,2023,9,2023-10-28T19:30Z,87,221,Notre Dame Fighting Irish,Pittsburgh Panthers,58,7,False,True,0.921639565368387,1,0.9011514857913702,0.8765420672625273,0.9352066820462216,2023-10-24T23:00Z,36.410760581131925,12.069274025337801,24.341486555794123,51
401525535,2023,9,2023-10-28T19:30Z,97,150,Louisville Cardinals,Duke Blue Devils,23,0,False,True,0.4739421292283725,1,0.5197948034210368,0.5962434549594922,0.351884740384147,2023-10-24T23:00Z,21.54424035142147,23.549392247214627,-2.005151895793155,23
401520350,2023,9,2023-10-28T19:30Z,2,344,Auburn Tigers,Mississippi State Bulldogs,27,13,False,True,0.6306168318267678,1,0.6706285992402767,0.5616779275390429,0.6404724314099798,2023-10-24T23:00Z,20.396259274488102,15.610605505754535,4.785653768733567,14
401520354,2023,9,2023-10-28T19:30Z,135,127,Minnesota Golden Gophers,Michigan State Spartans,27,12,False,True,0.7740953248316145,1,0.7175773816429155,0.742421034605188,0.7400628621462005,2023-10-24T23:00Z,28.54723713134413,17.83595323527557,10.711283896068558,15
401520355,2023,9,2023-10-28T19:30Z,158,2509,Nebraska Cornhuskers,Purdue Boilermakers,31,14,False,True,0.5819525783672373,1,0.6427343177174658,0.6321963983028017,0.5644759478625668,2023-10-24T23:00Z,25.11184410014703,19.91000720182005,5.201836898326981,17
401525538,2023,9,2023-10-28T19:30Z,2390,258,Miami Hurricanes,Virginia Cavaliers,29,26,False,True,0.8521407943729501,1,0.8762662047537755,0.8160014832604685,0.8543739899170576,2023-10-24T23:00Z,38.08243874573422,19.66763698707506,18.414801758659163,3
401525873,2023,9,2023-10-28T19:30Z,239,66,Baylor Bears,Iowa State Cyclones,18,30,False,True,0.3974880278663153,0,0.35363457836413675,0.40381342160740263,0.2778077886672733,2023-10-24T23:00Z,20.095618492578794,26.989325854449206,-6.893707361870412,-12
401531398,2023,9,2023-10-28T19:30Z,2636,151,UTSA Roadrunners,East Carolina Pirates,41,27,False,True,0.8753495447037668,1,0.8032206345996935,0.8346970761694206,0.7916223148350338,2023-10-24T23:00Z,31.775774400933283,14.132513357287,17.643261043646284,14
401531898,2023,9,2023-10-28T19:30Z,2026,2572,Appalachian State Mountaineers,Southern Miss Golden Eagles,48,38,False,True,0.787149213339407,1,0.8625769863684699,0.881102744062142,0.9078528136410489,2023-10-24T23:00Z,37.530514051275894,24.084565384423758,13.445948666852136,10
401532432,2023,9,2023-10-28T19:30Z,195,193,Ohio Bobcats,Miami (OH) RedHawks,16,30,False,True,0.6445437034439916,0,0.6164913453412685,0.6485890133542769,0.6239951809029555,2023-10-24T23:00Z,19.39438981813708,13.82409835515423,5.570291462982848,-14
401531373,2023,9,2023-10-28T20:00Z,242,2655,Rice Owls,Tulane Green Wave,28,30,False,True,0.24768144486076382,0,0.3245819392096977,0.2434753520455731,0.215508285145887,2023-10-24T23:00Z,20.75219141915177,32.84491876575422,-12.092727346602452,-2
401524041,2023,9,2023-10-28T20:00Z,25,30,California Golden Bears,USC Trojans,49,50,False,True,0.3291345009972567,0,0.24299836388579088,0.275148079692925,0.2124595286644486,2023-10-24T23:00Z,35.70354356655484,41.08618534327098,-5.3826417767161345,-1
401531901,2023,9,2023-10-28T21:00Z,2433,2032,UL Monroe Warhawks,Arkansas State Red Wolves,24,34,False,True,0.4912921580793686,0,0.6537836852479367,0.6236124236621935,0.6854025127704978,2023-10-24T23:00Z,29.920151490646766,30.61095001536504,-0.6907985247182751,-10
401531902,2023,9,2023-10-28T21:00Z,6,309,South Alabama Jaguars,Louisiana Ragin' Cajuns,20,33,False,True,0.7409515938582272,0,0.764455057871694,0.7679604813613605,0.8421207644774406,2023-10-24T23:00Z,33.3370055472588,23.611445743900653,9.725559803358145,-13
401532607,2023,9,2023-10-28T21:30Z,68,2751,Boise State Broncos,Wyoming Cowboys,32,7,False,True,0.5534924850643639,1,0.6408286297229036,0.6647390451538235,0.4872600541222288,2023-10-24T23:00Z,28.61188951028806,25.219768752468095,3.3921207578199635,25
401531899,2023,9,2023-10-28T22:00Z,324,276,Coastal Carolina Chanticleers,Marshall Thundering Herd,34,6,False,True,0.5364250533899401,1,0.5043715522953168,0.5437435139735076,0.4811502601497568,2023-10-24T23:00Z,26.810407493173187,25.66665811051201,1.143749382661177,28
401524042,2023,9,2023-10-28T23:00Z,24,264,Stanford Cardinal,Washington Huskies,33,42,False,True,0.09977295822716015,0,0.10071966533562907,0.0772860437245364,0.03713323283675193,2023-10-24T23:00Z,19.722502140369365,41.18689469280904,-21.464392552439676,-9
401532603,2023,9,2023-10-28T23:00Z,36,2005,Colorado State Rams,Air Force Falcons,13,30,False,True,0.2480932262751542,0,0.1765052820522409,0.11751935728977575,0.09695655048362388,2023-10-24T23:00Z,16.72421084368577,30.652884944565983,-13.928674100880212,-17
401520353,2023,9,2023-10-28T23:00Z,96,2633,Kentucky Wildcats,Tennessee Volunteers,27,33,False,True,0.3578674720108139,0,0.3170216619391846,0.27574314761900637,0.20587263475856032,2023-10-24T23:00Z,22.237010639536393,28.886552476162265,-6.649541836625872,-6
401531903,2023,9,2023-10-28T23:00Z,326,2653,Texas State Bobcats,Troy Trojans,13,31,False,True,0.2973853652687452,0,0.2930314466297569,0.29689863034954855,0.23778166347517066,2023-10-24T23:00Z,18.393915944461906,26.807521049675593,-8.413605105213687,-18
401520360,2023,9,2023-10-28T23:30Z,275,194,Wisconsin Badgers,Ohio State Buckeyes,10,24,False,True,0.12780341841540077,0,0.12733066160881404,0.1950626279862611,0.10676570581678185,2023-10-24T23:00Z,12.400548288459245,31.597876152696955,-19.19732786423771,-14
401520357,2023,9,2023-10-28T23:30Z,145,238,Ole Miss Rebels,Vanderbilt Commodores,33,7,False,True,0.9374063001423646,1,0.9300039411283164,0.9375870579485104,0.9566134483649794,2023-10-24T23:00Z,46.47452610273812,21.315056412762605,25.159469689975513,26
401524043,2023,9,2023-10-28T23:30Z,26,38,UCLA Bruins,Colorado Buffaloes,28,16,False,True,0.8645279604696681,1,0.8311641109468655,0.9130864399304628,0.8657571000453868,2023-10-24T23:00Z,40.06804837424242,22.384691468560327,17.683356905682096,12
401525537,2023,9,2023-10-29T00:00Z,59,153,Georgia Tech Yellow Jackets,North Carolina Tar Heels,46,42,False,True,0.1780196863539096,1,0.22583040379785443,0.2522332215485692,0.18393739183548685,2023-10-24T23:00Z,21.79808025338876,37.86335765366544,-16.065277400276678,4
401531900,2023,9,2023-10-29T00:00Z,256,295,James Madison Dukes,Old Dominion Monarchs,30,27,False,True,0.8207431614077543,1,0.8565338920780395,0.8724114391042885,0.8955978858988736,2023-10-24T23:00Z,32.600598715249774,16.655039741983874,15.9455589732659,3
401524040,2023,9,2023-10-29T00:00Z,9,265,Arizona State Sun Devils,Washington State Cougars,38,27,False,True,0.33425495503873537,1,0.44424403156270525,0.44756253880526464,0.3090554792845194,2023-10-24T23:00Z,18.807856675107974,26.152174726135073,-7.3443180510270984,11
401525876,2023,9,2023-10-29T00:00Z,197,2132,Oklahoma State Cowboys,Cincinnati Bearcats,45,13,False,True,0.7749979972421952,1,0.7146226630356205,0.6955318581095407,0.8027946760625206,2023-10-24T23:00Z,36.03183213477682,21.447740234372752,14.584091900404069,32
401524039,2023,9,2023-10-29T02:30Z,12,204,Arizona Wildcats,Oregon State Beavers,27,24,False,True,0.35078034218040033,1,0.4381984252521433,0.40477215081618256,0.3617899165609665,2023-10-24T23:00Z,26.194521283119457,31.77542307294066,-5.580901789821205,3
401532604,2023,9,2023-10-29T02:30Z,2440,167,Nevada Wolf Pack,New Mexico Lobos,34,24,False,True,0.6410261942968083,1,0.6361260993327376,0.6488124484597727,0.6693976110465774,2023-10-24T23:00Z,28.339057239225916,21.428772051661934,6.910285187563982,10
401532606,2023,9,2023-10-29T02:30Z,278,2439,Fresno State Bulldogs,UNLV Rebels,31,24,False,True,0.80420499945951,1,0.7568825012722307,0.8117240905889069,0.8096424568299043,2023-10-24T23:00Z,37.58216724654368,24.949998841326703,12.63216840521698,7
401532605,2023,9,2023-10-29T03:59Z,62,23,Hawai'i Rainbow Warriors,San José State Spartans,0,35,False,True,0.2585534981047416,0,0.29735966861637264,0.24792637943284163,0.15033286365838766,2023-10-24T23:00Z,25.729554257595364,37.33628203435283,-11.606727776757463,-35
401532433,2023,10,2023-10-31T23:00Z,2117,2459,Central Michigan Chippewas,Northern Illinois Huskies,37,31,False,True,0.31892715225605006,1,0.377834835055727,0.4946144612943289,0.3220867010203569,2023-10-31T23:00Z,21.919700885383026,30.485307023440452,-8.565606138057426,6
401532434,2023,10,2023-10-31T23:30Z,2649,2084,Toledo Rockets,Buffalo Bulls,31,13,False,True,0.7559992644751643,1,0.7513049421801987,0.790122246257454,0.7588140837051159,2023-10-31T23:00Z,30.609794782443075,18.616175202196796,11.993619580246278,18
401532435,2023,10,2023-11-01T23:00Z,189,2050,Bowling Green Falcons,Ball State Cardinals,24,21,False,True,0.7656021975024236,1,0.7799291508810546,0.7102325595952859,0.8569614771965209,2023-10-31T23:00Z,25.56588874488797,15.943859019132152,9.62202972575582,3
401532436,2023,10,2023-11-01T23:30Z,2006,2309,Akron Zips,Kent State Golden Flashes,31,27,False,True,0.5731496900482556,1,0.5689962306382981,0.5764699968814042,0.6182957196765927,2023-10-31T23:00Z,22.635283849080274,21.044488368950198,1.590795480130076,4
401525879,2023,10,2023-11-02T23:00Z,2641,2628,Texas Tech Red Raiders,TCU Horned Frogs,35,28,False,True,0.5000680702224806,1,0.47830946345314895,0.5286299059870656,0.4760978883533139,2023-10-31T23:00Z,27.19700135109069,27.523708674710658,-0.3267073236199671,7
401525539,2023,10,2023-11-02T23:30Z,150,154,Duke Blue Devils,Wake Forest Demon Deacons,24,21,False,True,0.7740446310010298,1,0.7826847479198399,0.7331263177315237,0.8734576639305305,2023-10-31T23:00Z,26.457948847484754,14.907849107081784,11.55009974040297,3
401531904,2023,10,2023-11-02T23:30Z,2653,6,Troy Trojans,South Alabama Jaguars,28,10,False,True,0.6594083946352687,1,0.5949054381762191,0.5818575007783044,0.5769795099387136,2023-10-31T23:00Z,23.945891570120004,17.04901412191291,6.896877448207093,18
401525540,2023,10,2023-11-03T23:30Z,183,103,Syracuse Orange,Boston College Eagles,10,17,False,True,0.6246732924893696,0,0.5214458997152879,0.5214967523965048,0.5467500230553728,2023-10-31T23:00Z,27.099203760749145,23.27810834099197,3.8210954197571745,-7
401532609,2023,10,2023-11-04T00:00Z,2751,36,Wyoming Cowboys,Colorado State Rams,24,15,False,True,0.7095524029070192,1,0.6103112504486176,0.6896329635714632,0.748144495672218,2023-10-31T23:00Z,27.48342105218318,19.42391729359165,8.059503758591529,9
401520375,2023,10,2023-11-04T16:00Z,164,194,Rutgers Scarlet Knights,Ohio State Buckeyes,16,35,False,True,0.12119284971496962,0,0.08232583316359636,0.07771265159760812,0.07036391527339028,2023-10-31T23:00Z,9.384780635723118,31.54389910779058,-22.159118472067462,-19
401525884,2023,10,2023-11-04T16:00Z,251,2306,Texas Longhorns,Kansas State Wildcats,33,30,False,True,0.6034924685801197,1,0.6439147267173189,0.5911548571675111,0.5404400248533628,2023-10-31T23:00Z,29.206461755789526,22.93931741245268,6.267144343336845,3
401520374,2023,10,2023-11-04T16:00Z,145,245,Ole Miss Rebels,Texas A&M Aggies,38,35,False,True,0.620014234915467,1,0.5543789612917138,0.6355375148662707,0.6261182079128138,2023-10-31T23:00Z,30.86667210305997,26.883784653815624,3.9828874492443447,3
401525441,2023,10,2023-11-04T16:00Z,228,87,Clemson Tigers,Notre Dame Fighting Irish,31,23,False,True,0.37270483498638424,1,0.28990723144812286,0.33831694987597966,0.19266859709595663,2023-10-31T23:00Z,21.232066035050465,26.998889813150647,-5.766823778100182,8
401520377,2023,10,2023-11-04T16:00Z,2633,41,Tennessee Volunteers,UConn Huskies,59,3,False,True,0.9688225365618082,1,0.9653712590881125,0.9705851219755386,0.9787878673221583,2023-10-31T23:00Z,41.3249424417335,6.690242262859275,34.634700178874226,56
401520363,2023,10,2023-11-04T16:00Z,57,8,Florida Gators,Arkansas Razorbacks,36,39,False,True,0.658623656461215,0,0.6346457134151361,0.6207831002345137,0.5525621013016024,2023-10-31T23:00Z,28.608783803930642,22.307315744372797,6.301468059557845,-3
401520365,2023,10,2023-11-04T16:00Z,84,275,Indiana Hoosiers,Wisconsin Badgers,20,14,False,True,0.3041580054340374,1,0.2518320906185982,0.21874623745901395,0.18662017588783744,2023-10-31T23:00Z,17.999131401638625,28.254655332519544,-10.25552393088092,6
401520369,2023,10,2023-11-04T16:00Z,127,158,Michigan State Spartans,Nebraska Cornhuskers,20,17,False,True,0.37188459479520936,1,0.35922149902106043,0.3871681180585176,0.3315577395623127,2023-10-31T23:00Z,15.029478715654012,21.365888699165065,-6.336409983511054,3
401520376,2023,10,2023-11-04T16:00Z,2579,55,South Carolina Gamecocks,Jacksonville State Gamecocks,38,28,False,True,0.7836428658432976,1,0.6688155646222843,0.5239940060656574,0.6586663897251087,2023-10-31T23:00Z,31.991158649383824,21.99858497934859,9.992573670035235,10
401524049,2023,10,2023-11-04T18:00Z,254,9,Utah Utes,Arizona State Sun Devils,55,3,False,True,0.8105139526961462,1,0.8311676256556019,0.8311053934200008,0.8435952037331618,2023-10-31T23:00Z,23.4285180154452,7.365451762418978,16.06306625302622,52
401525542,2023,10,2023-11-04T18:00Z,258,59,Virginia Cavaliers,Georgia Tech Yellow Jackets,17,45,False,True,0.5085529993521777,0,0.5533221321796303,0.5871803978021373,0.5159625029831802,2023-10-31T23:00Z,30.58230737194117,27.71566009424088,2.866647277700288,-28
401531392,2023,10,2023-11-04T18:00Z,218,2426,Temple Owls,Navy Midshipmen,32,18,False,True,0.2961919284626208,1,0.18088403950227577,0.2248329354016097,0.11309385467005711,2023-10-31T23:00Z,19.134014605894976,27.424667565720952,-8.290652959825977,14
401520361,2023,10,2023-11-04T18:30Z,2005,349,Air Force Falcons,Army Black Knights,3,23,True,True,0.838416254896573,0,0.9243343759323006,0.924370596928987,0.9472079694108491,2023-10-31T23:00Z,28.383786821592416,10.776147492427159,17.60763932916526,-20
401531383,2023,10,2023-11-04T19:00Z,5,2226,UAB Blazers,Florida Atlantic Owls,45,42,False,True,0.3998421075477615,1,0.5435162508671968,0.5755043731000031,0.4513705177110364,2023-10-31T23:00Z,28.08745655212935,30.23625843244206,-2.1488018803127105,3
401531399,2023,10,2023-11-04T19:00Z,249,2636,North Texas Mean Green,UTSA Roadrunners,29,37,False,True,0.30784292142877073,0,0.37367939946773404,0.34284466973472544,0.3274182471891429,2023-10-31T23:00Z,29.913874230407668,38.68791237981366,-8.774038149405992,-8
401531425,2023,10,2023-11-04T19:00Z,235,58,Memphis Tigers,South Florida Bulls,59,50,False,True,0.8732651747542305,1,0.8444100438078176,0.8358513113732315,0.8858398635191398,2023-10-31T23:00Z,45.43382817967729,26.674721239286043,18.75910694039125,9
401531908,2023,10,2023-11-04T19:00Z,2032,309,Arkansas State Red Wolves,Louisiana Ragin' Cajuns,37,17,False,True,0.27460497512062976,1,0.18281225279585225,0.19207210499875998,0.1275801083688867,2023-10-31T23:00Z,25.70593947147877,34.887153166346266,-9.181213694867495,20
401520364,2023,10,2023-11-04T19:30Z,61,142,Georgia Bulldogs,Missouri Tigers,30,21,False,True,0.8920447892591915,1,0.8834261084634895,0.8894486018678583,0.823265667903556,2023-10-31T23:00Z,38.67111387061711,15.395421767608326,23.275692103008787,9
401525541,2023,10,2023-11-04T19:30Z,221,52,Pittsburgh Panthers,Florida State Seminoles,7,24,False,True,0.11829561675062945,0,0.11577023698296474,0.1288119155071454,0.04683217950553262,2023-10-31T23:00Z,17.430827704431884,37.36562523638075,-19.934797531948867,-17
401525883,2023,10,2023-11-04T19:30Z,197,201,Oklahoma State Cowboys,Oklahoma Sooners,27,24,False,True,0.3512475777270466,1,0.2908620661609298,0.3844478768838592,0.23963665267941248,2023-10-31T23:00Z,29.789762562417238,34.570674257306074,-4.780911694888836,3
401520367,2023,10,2023-11-04T19:30Z,120,213,Maryland Terrapins,Penn State Nittany Lions,15,51,False,True,0.25142863430637713,0,0.22564423204569414,0.261320863860722,0.1815010904559792,2023-10-31T23:00Z,18.649082853568913,31.694232503839267,-13.045149650270353,-36
401525543,2023,10,2023-11-04T19:30Z,97,259,Louisville Cardinals,Virginia Tech Hokies,34,3,False,True,0.7481053770181074,1,0.8018817232369144,0.779143773439422,0.7895699013531949,2023-10-31T23:00Z,26.971514956873154,17.658284286042196,9.313230670830958,31
401531374,2023,10,2023-11-04T19:30Z,151,2655,East Carolina Pirates,Tulane Green Wave,10,13,False,True,0.17580850879234383,0,0.26313044352643156,0.24330365092379755,0.1693210685222961,2023-10-31T23:00Z,14.240316927325368,27.893423233320867,-13.653106305995498,-3
401520370,2023,10,2023-11-04T19:30Z,135,356,Minnesota Golden Gophers,Illinois Fighting Illini,26,27,False,True,0.7564131253484738,0,0.6345785977511171,0.6583135168157213,0.6486855115153842,2023-10-31T23:00Z,26.710354713330865,17.022665651951943,9.687689061378922,-1
401520373,2023,10,2023-11-04T19:30Z,77,2294,Northwestern Wildcats,Iowa Hawkeyes,7,10,True,True,0.3264284795683801,0,0.2921576806004936,0.27723348741493614,0.2763937475567508,2023-10-31T23:00Z,12.571021751362203,23.260570895790046,-10.689549144427843,-3
401525880,2023,10,2023-11-04T19:30Z,239,248,Baylor Bears,Houston Cougars,24,25,False,True,0.5319602297562857,0,0.5368750957558923,0.48359727221726767,0.456724996734571,2023-10-31T23:00Z,30.98880273277097,30.69817097539285,0.2906317573781223,-1
401525881,2023,10,2023-11-04T19:30Z,2132,2116,Cincinnati Bearcats,UCF Knights,26,28,False,True,0.4561609379927144,0,0.5237495999646671,0.4461751501746432,0.3032641520057455,2023-10-31T23:00Z,28.538725027339805,29.416555275802075,-0.8778302484622706,-2
401531906,2023,10,2023-11-04T19:30Z,2247,256,Georgia State Panthers,James Madison Dukes,14,42,False,True,0.49548131388449024,0,0.42055598019268675,0.4043142297205713,0.3530890007851366,2023-10-31T23:00Z,25.534791390848138,29.121302712926422,-3.586511322078284,-28
401531907,2023,10,2023-11-04T19:30Z,295,324,Old Dominion Monarchs,Coastal Carolina Chanticleers,24,28,False,True,0.4345172249181031,0,0.48406533416295905,0.4660433074483982,0.426866486878037,2023-10-31T23:00Z,22.271042705823145,23.348375447794474,-1.077332741971329,-4
401520379,2023,10,2023-11-04T20:00Z,238,2,Vanderbilt Commodores,Auburn Tigers,15,31,False,True,0.19931471608106485,0,0.20656385184851517,0.24397094550085324,0.16157950631835022,2023-10-31T23:00Z,18.3737207949553,30.273452330068437,-11.899731535113137,-16
401531343,2023,10,2023-11-04T20:00Z,202,2429,Tulsa Golden Hurricane,Charlotte 49ers,26,33,False,True,0.7297714830204399,0,0.5392584185569385,0.5605336033097266,0.4820006285874104,2023-10-31T23:00Z,27.255742556107514,18.574101549781524,8.68164100632599,-7
401531909,2023,10,2023-11-04T20:00Z,2572,2433,Southern Miss Golden Eagles,UL Monroe Warhawks,24,7,False,True,0.6679635218535757,1,0.5695564333477303,0.6235667282491564,0.516597563288278,2023-10-31T23:00Z,32.49384333846674,25.374804526675355,7.119038811791384,17
401532610,2023,10,2023-11-04T20:00Z,2440,62,Nevada Wolf Pack,Hawai'i Rainbow Warriors,14,27,False,True,0.7046813827859617,0,0.7149706878629766,0.6945631438376154,0.7865140660285838,2023-10-31T23:00Z,30.980089117062864,20.889981386128962,10.090107730933902,-13
401531910,2023,10,2023-11-04T21:00Z,326,290,Texas State Bobcats,Georgia Southern Eagles,45,24,False,True,0.4051687348326277,1,0.47105453794611774,0.4732752614237067,0.37662086200138783,2023-10-31T23:00Z,31.051147540241647,34.724125214294965,-3.6729776740533175,21
401524047,2023,10,2023-11-04T21:30Z,2483,25,Oregon Ducks,California Golden Bears,63,19,False,True,0.9249322049050298,1,0.9124073174577426,0.9155012137893473,0.929580711421473,2023-10-31T23:00Z,44.319092660131616,21.074309268812186,23.24478339131943,44
401520366,2023,10,2023-11-04T22:00Z,2335,2348,Liberty Flames,Louisiana Tech Bulldogs,56,30,False,True,0.8975585536930507,1,0.8784268472361424,0.891441856948952,0.9137219933996559,2023-10-31T23:00Z,40.86955986560761,18.39355689448474,22.476002971122874,26
401520372,2023,10,2023-11-04T22:00Z,166,2393,New Mexico State Aggies,Middle Tennessee Blue Raiders,13,7,False,True,0.6511684118322257,1,0.6254991497094595,0.6406418796237354,0.6092263095504241,2023-10-31T23:00Z,27.684698428154782,22.405694600994448,5.279003827160334,6
401531905,2023,10,2023-11-04T22:00Z,2026,276,Appalachian State Mountaineers,Marshall Thundering Herd,31,9,False,True,0.5422289939923666,1,0.6239893518982659,0.6047340408592087,0.5504932812523454,2023-10-31T23:00Z,32.96572087491417,30.006703753192784,2.9590171217213843,22
401532611,2023,10,2023-11-04T22:00Z,167,2439,New Mexico Lobos,UNLV Rebels,14,56,False,True,0.3199497822238548,0,0.24278516827850122,0.2590213625840355,0.15383150816804014,2023-10-31T23:00Z,27.577246949274052,38.484251227000854,-10.907004277726802,-42
401525882,2023,10,2023-11-04T23:00Z,66,2305,Iowa State Cyclones,Kansas Jayhawks,21,28,False,True,0.5506706336092093,0,0.6717265354875739,0.6241960761344931,0.4958741730153393,2023-10-31T23:00Z,28.71325108106391,25.680715931510377,3.0325351495535315,-7
401525885,2023,10,2023-11-04T23:00Z,277,252,West Virginia Mountaineers,BYU Cougars,37,7,False,True,0.6485233338989601,1,0.6745031782228312,0.6669634617673827,0.6817784992420798,2023-10-31T23:00Z,29.683484316482904,22.63468013845871,7.048804178024195,30
401532612,2023,10,2023-11-04T23:00Z,21,328,San Diego State Aztecs,Utah State Aggies,24,32,False,True,0.5881254831549196,0,0.43752800332810715,0.46929044899769035,0.41251293212698087,2023-10-31T23:00Z,30.86272984167462,30.435529872151513,0.4271999695231088,-8
401520368,2023,10,2023-11-04T23:30Z,130,2509,Michigan Wolverines,Purdue Boilermakers,41,13,False,True,0.9558828471444717,1,0.9707836098396769,0.9705996314860579,0.9825589610992136,2023-10-31T23:00Z,46.03650950358767,13.253168519477349,32.783340984110325,28
401524048,2023,10,2023-11-04T23:30Z,30,264,USC Trojans,Washington Huskies,42,52,False,True,0.3875308911506817,0,0.5588430277063512,0.480542433991284,0.46696023838262946,2023-10-31T23:00Z,38.1646702782091,43.35724928867993,-5.19257901047083,-10
401520371,2023,10,2023-11-04T23:30Z,344,96,Mississippi State Bulldogs,Kentucky Wildcats,3,24,False,True,0.45155956288788796,0,0.4676472243262809,0.5144304360864,0.46699129307695936,2023-10-31T23:00Z,22.196438665049403,24.407486166064103,-2.2110475010147006,-21
401531440,2023,10,2023-11-04T23:30Z,242,2567,Rice Owls,SMU Mustangs,31,36,False,True,0.24487618470319303,0,0.27845795542461327,0.1647788723357455,0.12276205057654554,2023-10-31T23:00Z,24.613782533148225,38.1469976246569,-13.533215091508673,-5
401520362,2023,10,2023-11-04T23:45Z,333,99,Alabama Crimson Tide,LSU Tigers,42,28,False,True,0.687622519384587,1,0.6274909633936396,0.6253912522692435,0.5645096685555796,2023-10-31T23:00Z,38.488393784984176,29.682936763001237,8.805457021982939,14
401525544,2023,10,2023-11-05T00:00Z,152,2390,NC State Wolfpack,Miami Hurricanes,20,6,False,True,0.37513289388229965,1,0.3441903285306457,0.4681332321339118,0.3984246567766696,2023-10-31T23:00Z,23.862274877284168,29.062766039491255,-5.200491162207086,14
401520378,2023,10,2023-11-05T01:00Z,2638,98,UTEP Miners,Western Kentucky Hilltoppers,13,21,False,True,0.16949234129467822,0,0.32781254927070874,0.31414238952110557,0.19476371923162572,2023-10-31T23:00Z,18.613467729952653,32.47200060544878,-13.858532875496124,-8
401524050,2023,10,2023-11-05T01:00Z,265,24,Washington State Cougars,Stanford Cardinal,7,10,False,True,0.7816404774138791,0,0.7274197816313983,0.8055161700849706,0.8355561812835199,2023-10-31T23:00Z,35.906684141685886,24.940714314352135,10.965969827333751,-3
401524046,2023,10,2023-11-05T02:00Z,38,204,Colorado Buffaloes,Oregon State Beavers,19,26,False,True,0.21604081929116034,0,0.3026748123297216,0.16049428611728944,0.18722034041840177,2023-10-31T23:00Z,27.90639775467819,39.06443258519462,-11.158034830516435,-7
401532608,2023,10,2023-11-05T02:00Z,278,68,Fresno State Bulldogs,Boise State Broncos,37,30,False,True,0.7089972076254545,1,0.6642038375243695,0.6245982049977352,0.7492706485384538,2023-10-31T23:00Z,30.951621395261057,22.697411056145967,8.25421033911509,7
401524045,2023,10,2023-11-05T02:30Z,12,26,Arizona Wildcats,UCLA Bruins,27,10,False,True,0.468533217619142,1,0.5071375901614416,0.4398968303419438,0.48049820543444227,2023-10-31T23:00Z,23.07529057249312,24.710297149854664,-1.635006577361544,17
401532437,2023,11,2023-11-08T00:00Z,2459,2050,Northern Illinois Huskies,Ball State Cardinals,17,20,False,True,0.833998114643641,0,0.8321249836308894,0.7641357005251488,0.8463765903122268,2023-11-08T00:00Z,32.009711709390515,16.842334501018975,15.16737720837154,-3
401532438,2023,11,2023-11-08T00:00Z,2711,2117,Western Michigan Broncos,Central Michigan Chippewas,38,28,False,True,0.7039605149482772,1,0.6015851651123119,0.5802462615176944,0.5601334734670502,2023-11-08T00:00Z,34.51954866656074,26.48106025064948,8.038488415911257,10
401532439,2023,11,2023-11-08T00:30Z,2084,195,Buffalo Bulls,Ohio Bobcats,10,20,False,True,0.42682864061871334,0,0.4172441779293429,0.41677579689044875,0.3509386040252996,2023-11-08T00:00Z,17.691237567761966,21.543642871841925,-3.8524053040799586,-10
401532441,2023,11,2023-11-09T00:00Z,193,2006,Miami (OH) RedHawks,Akron Zips,19,0,False,True,0.9094182407224214,1,0.9049844179144069,0.8940245916976352,0.9350172756757186,2023-11-08T00:00Z,33.687548544527935,9.370390804039886,24.31715774048805,19
401532442,2023,11,2023-11-09T00:00Z,2309,189,Kent State Golden Flashes,Bowling Green Falcons,19,49,False,True,0.32501848396077343,0,0.3272700740852024,0.3518834648621417,0.14991045562318808,2023-11-08T00:00Z,20.56748322774602,26.861612108722646,-6.294128880976626,-30
401532440,2023,11,2023-11-09T00:30Z,2649,2199,Toledo Rockets,Eastern Michigan Eagles,49,23,False,True,0.8627471823172753,1,0.8699214466500033,0.8778783115199226,0.8835201173980416,2023-11-08T00:00Z,30.120180063266762,12.260227010170977,17.859953053095786,26
401525546,2023,11,2023-11-10T00:30Z,97,258,Louisville Cardinals,Virginia Cavaliers,31,24,False,True,0.9110419417766592,1,0.9054843852068815,0.9108778452554591,0.9254728282788843,2023-11-08T00:00Z,35.22842700008863,13.978460395441738,21.249966604646893,7
401531911,2023,11,2023-11-10T00:30Z,309,2572,Louisiana Ragin' Cajuns,Southern Miss Golden Eagles,31,34,False,True,0.8172170894211651,0,0.8292990187407717,0.8454525404377689,0.8686089001336478,2023-11-08T00:00Z,33.73989840448777,20.230080984075425,13.509817420412343,-3
401531437,2023,11,2023-11-11T02:00Z,2567,249,SMU Mustangs,North Texas Mean Green,45,21,False,True,0.8519848128339271,1,0.8669748536775479,0.8788865268961785,0.9380094337764789,2023-11-08T00:00Z,45.149796736522646,25.571910124158542,19.577886612364104,24
401532618,2023,11,2023-11-11T03:45Z,2439,2751,UNLV Rebels,Wyoming Cowboys,34,14,False,True,0.6303217410351402,1,0.7427377668370613,0.6947012365399275,0.6904174000981658,2023-11-08T00:00Z,32.31780695857755,23.917346090590488,8.40046086798706,20
401520394,2023,11,2023-11-11T17:00Z,213,130,Penn State Nittany Lions,Michigan Wolverines,15,24,False,True,0.5009635028302358,0,0.4789325714603773,0.42622490174281313,0.44004963067233593,2023-11-08T00:00Z,26.556321460029462,25.627710489826633,0.9286109702028291,-9
401520386,2023,11,2023-11-11T17:00Z,96,333,Kentucky Wildcats,Alabama Crimson Tide,21,49,False,True,0.2468019657554086,0,0.22075873651642253,0.2453159248098027,0.1948650527689105,2023-11-08T00:00Z,17.819874650005335,30.65523871247956,-12.835364062474223,-28
401525888,2023,11,2023-11-11T17:00Z,2305,2641,Kansas Jayhawks,Texas Tech Red Raiders,13,16,False,True,0.6253260661494395,0,0.5820083259322204,0.5233876478380386,0.6126621495782514,2023-11-08T00:00Z,35.90064746500173,30.769156761898522,5.131490703103211,-3
401531344,2023,11,2023-11-11T17:00Z,2655,202,Tulane Green Wave,Tulsa Golden Hurricane,24,22,False,True,0.900441959720535,1,0.8965124346823429,0.9269746887168366,0.9440375539879381,2023-11-08T00:00Z,34.07331769029218,13.678410878981778,20.3949068113104,2
401520383,2023,11,2023-11-11T17:00Z,356,84,Illinois Fighting Illini,Indiana Hoosiers,48,45,False,True,0.613166334775419,1,0.6806131522273173,0.7574210862419959,0.6543678903298881,2023-11-08T00:00Z,25.59258485483131,21.03202834613778,4.56055650869353,3
401520392,2023,11,2023-11-11T17:00Z,158,120,Nebraska Cornhuskers,Maryland Terrapins,10,13,False,True,0.4385020013679488,0,0.5208656831202456,0.5580941034986862,0.40835381401808013,2023-11-08T00:00Z,21.4639284631991,21.186601168849464,0.2773272943496359,-3
401520396,2023,11,2023-11-11T17:00Z,2579,238,South Carolina Gamecocks,Vanderbilt Commodores,47,6,False,True,0.8246930790007712,1,0.8142901343315885,0.8358373061959523,0.8202136846193699,2023-11-08T00:00Z,37.78468945554934,24.7705072964799,13.014182159069442,41
401525547,2023,11,2023-11-11T17:00Z,103,259,Boston College Eagles,Virginia Tech Hokies,22,48,False,True,0.5039293887661924,0,0.6212214759738862,0.5543418074233197,0.5137743106493899,2023-11-08T00:00Z,23.788674899948692,23.730597707400346,0.05807719254834609,-26
401525548,2023,11,2023-11-11T17:00Z,228,59,Clemson Tigers,Georgia Tech Yellow Jackets,42,21,False,True,0.799541239540733,1,0.818693762151372,0.8213355728723597,0.7696729626917409,2023-11-08T00:00Z,35.362642596864234,20.643175112398897,14.719467484465337,21
401531393,2023,11,2023-11-11T17:00Z,58,218,South Florida Bulls,Temple Owls,27,23,False,True,0.6858952991188326,1,0.8196732739802809,0.8023120626070072,0.8455788250592261,2023-11-08T00:00Z,40.12425582124769,30.91410321410072,9.210152607146966,4
401520388,2023,11,2023-11-11T18:00Z,2335,295,Liberty Flames,Old Dominion Monarchs,38,10,False,True,0.8539573718744957,1,0.8370296587197902,0.8490003242162171,0.8344682555212284,2023-11-08T00:00Z,37.34917937313592,21.575669508051877,15.77350986508404,28
401524052,2023,11,2023-11-11T19:00Z,38,12,Colorado Buffaloes,Arizona Wildcats,31,34,False,True,0.3009565958053826,0,0.3584235812019605,0.22320879777567995,0.261986173738221,2023-11-08T00:00Z,25.385198492223296,33.01293840575364,-7.627739913530341,-3
401520385,2023,11,2023-11-11T19:00Z,256,41,James Madison Dukes,UConn Huskies,44,6,False,True,0.8958206347607254,1,0.9347977515525526,0.9607167437002091,0.9606240542764708,2023-11-08T00:00Z,35.522660897204716,12.100858812520354,23.421802084684362,38
401525551,2023,11,2023-11-11T19:00Z,154,152,Wake Forest Demon Deacons,NC State Wolfpack,6,26,False,True,0.4453352508851602,0,0.48617420965535996,0.5525491156348166,0.4561241020729102,2023-11-08T00:00Z,21.438667733870986,22.970978431402454,-1.532310697531468,-20
401531408,2023,11,2023-11-11T19:00Z,2429,235,Charlotte 49ers,Memphis Tigers,38,44,False,True,0.17021870050017135,0,0.21841502190204484,0.24567279568066724,0.14606158597241678,2023-11-08T00:00Z,19.096119101026638,34.709601060906984,-15.613481959880346,-6
401531913,2023,11,2023-11-11T19:00Z,2247,2026,Georgia State Panthers,Appalachian State Mountaineers,14,42,False,True,0.6332311260027319,0,0.5053235577806523,0.5468396542348484,0.5452608785359133,2023-11-08T00:00Z,32.480941988530276,30.13608993658224,2.3448520519480347,-28
401531915,2023,11,2023-11-11T19:00Z,2433,2653,UL Monroe Warhawks,Troy Trojans,14,45,False,True,0.07534238062222919,0,0.09246085918777251,0.08170072897884956,0.044105589456369804,2023-11-08T00:00Z,7.0044997407583605,31.09287765897912,-24.088377918220758,-31
401525889,2023,11,2023-11-11T20:00Z,2306,239,Kansas State Wildcats,Baylor Bears,59,25,False,True,0.9185980500874747,1,0.9212282949345066,0.9273895529364713,0.9692300041414051,2023-11-08T00:00Z,40.673362548901885,14.606356983427844,26.06700556547404,34
401520387,2023,11,2023-11-11T20:00Z,2348,2534,Louisiana Tech Bulldogs,Sam Houston Bearkats,27,42,False,True,0.6452820510051569,0,0.6486181140445958,0.5873645303606567,0.5746205360865905,2023-11-08T00:00Z,27.067539426609315,23.373051622868196,3.6944878037411186,-15
401532615,2023,11,2023-11-11T20:00Z,328,2440,Utah State Aggies,Nevada Wolf Pack,41,24,False,True,0.7540186098107563,1,0.7801388283949323,0.823141640570672,0.8055141026743835,2023-11-08T00:00Z,34.75013137522758,23.795596418488074,10.954534956739508,17
401525550,2023,11,2023-11-11T20:30Z,52,2390,Florida State Seminoles,Miami Hurricanes,27,20,False,True,0.8257805171097253,1,0.8104893152270782,0.869830655576038,0.8973123166065495,2023-11-08T00:00Z,35.95138959726082,19.773496442370437,16.177893154890384,7
401524056,2023,11,2023-11-11T20:30Z,264,254,Washington Huskies,Utah Utes,35,28,False,True,0.7659635109941768,1,0.6576214973484292,0.6488851118262364,0.6972374583137516,2023-11-08T00:00Z,30.38028644326549,19.32401468617958,11.05627175708591,7
401520391,2023,11,2023-11-11T20:30Z,142,2633,Missouri Tigers,Tennessee Volunteers,36,7,False,True,0.427389908397199,1,0.3693931537026201,0.30631230878089416,0.31506677375550446,2023-11-08T00:00Z,24.382724171265124,29.893892163553097,-5.511167992287973,29
401525892,2023,11,2023-11-11T20:30Z,2116,197,UCF Knights,Oklahoma State Cowboys,45,3,False,True,0.37464228042986303,1,0.3494067958404671,0.4649652598776641,0.3533460423293803,2023-11-08T00:00Z,27.56619556331547,35.45699993954749,-7.8908043762320155,42
401520384,2023,11,2023-11-11T20:30Z,2294,164,Iowa Hawkeyes,Rutgers Scarlet Knights,22,0,False,True,0.6020998404161162,1,0.6323670173601853,0.709951132541053,0.6065287786109237,2023-11-08T00:00Z,17.381982439749258,10.55479279813466,6.8271896416145985,22
401520390,2023,11,2023-11-11T20:30Z,2393,2229,Middle Tennessee Blue Raiders,Florida International Panthers,40,6,False,True,0.7319263752041109,1,0.761708751396451,0.7946571333461101,0.7520350321855477,2023-11-08T00:00Z,31.76000160462005,21.736945044843758,10.023056559776293,34
401520395,2023,11,2023-11-11T20:30Z,2509,135,Purdue Boilermakers,Minnesota Golden Gophers,49,30,False,True,0.4834284319444233,1,0.5063717517392422,0.4647318530196128,0.46609922911465534,2023-11-08T00:00Z,26.978679345276202,28.027444519802756,-1.0487651745265545,19
401520398,2023,11,2023-11-11T20:30Z,275,77,Wisconsin Badgers,Northwestern Wildcats,10,24,False,True,0.6776985484801152,0,0.7598037421972587,0.8188011960418642,0.7641870196461913,2023-11-08T00:00Z,26.790287803791223,16.732922912698236,10.057364891092988,-14
401520399,2023,11,2023-11-11T20:30Z,98,166,Western Kentucky Hilltoppers,New Mexico State Aggies,29,38,False,True,0.7420685347220001,0,0.7034120641869578,0.701232510730855,0.7577790897717667,2023-11-08T00:00Z,27.71913378593992,17.45728245773112,10.261851328208799,-9
401525552,2023,11,2023-11-11T20:30Z,183,221,Syracuse Orange,Pittsburgh Panthers,28,13,True,True,0.4480311896973129,1,0.462962465393004,0.4092004003559607,0.4957410167250704,2023-11-08T00:00Z,19.696017178803277,22.82656967954493,-3.130552500741654,15
401531384,2023,11,2023-11-11T20:30Z,2426,5,Navy Midshipmen,UAB Blazers,31,6,False,True,0.4664918210542488,1,0.49380235293026364,0.45656206727564264,0.518714322255946,2023-11-08T00:00Z,27.403178094121074,28.089858099724637,-0.6866800056035629,25
401531912,2023,11,2023-11-11T20:30Z,324,326,Coastal Carolina Chanticleers,Texas State Bobcats,31,23,False,True,0.6270774366836485,1,0.6461302278821213,0.6835994074664731,0.6576410970645753,2023-11-08T00:00Z,30.599901438861018,24.30527618845625,6.294625250404767,8
401520380,2023,11,2023-11-11T21:00Z,8,2,Arkansas Razorbacks,Auburn Tigers,10,48,False,True,0.5227316976359155,0,0.5559400696615348,0.591944087708186,0.5169710517560678,2023-11-08T00:00Z,21.707388768948782,20.851517560463652,0.8558712084851301,-38
401524051,2023,11,2023-11-11T21:00Z,25,265,California Golden Bears,Washington State Cougars,42,39,False,True,0.5295830738915303,1,0.6128662392085281,0.5736476382190552,0.5259690274172436,2023-11-08T00:00Z,33.95073230468947,29.588766055574908,4.361966249114559,3
401531416,2023,11,2023-11-11T21:00Z,2226,151,Florida Atlantic Owls,East Carolina Pirates,7,22,False,True,0.7680106097785685,0,0.6814284817270545,0.6408223010333998,0.6575792317860656,2023-11-08T00:00Z,27.05852844862052,17.728999800467733,9.329528648152788,-15
401531916,2023,11,2023-11-11T22:00Z,6,2032,South Alabama Jaguars,Arkansas State Red Wolves,21,14,False,True,0.771638472581574,1,0.8788148990563948,0.8958628344545918,0.9284448654053178,2023-11-08T00:00Z,36.34949864846245,23.54435011561944,12.80514853284301,7
401524054,2023,11,2023-11-11T22:30Z,204,24,Oregon State Beavers,Stanford Cardinal,62,17,False,True,0.8779801824785078,1,0.8766504627169892,0.9218819508768642,0.9254323433323105,2023-11-08T00:00Z,36.40130508163442,17.6850357176669,18.71626936396752,45
401520382,2023,11,2023-11-12T00:00Z,61,145,Georgia Bulldogs,Ole Miss Rebels,52,17,False,True,0.8322593857898227,1,0.8159597411148186,0.8249903185761158,0.7352684527461563,2023-11-08T00:00Z,40.566712815522266,22.374028206323068,18.192684609199198,35
401525890,2023,11,2023-11-12T00:00Z,201,277,Oklahoma Sooners,West Virginia Mountaineers,59,20,False,True,0.7837488577354511,1,0.8528764810488794,0.8218927644944738,0.8579531904313933,2023-11-08T00:00Z,34.919145653459985,22.518004555529078,12.401141097930907,39
401525887,2023,11,2023-11-12T00:00Z,248,2132,Houston Cougars,Cincinnati Bearcats,14,24,False,True,0.6852034268230218,0,0.6070097689344777,0.6408947471216059,0.6704529640254092,2023-11-08T00:00Z,31.54414478871059,24.157487159948232,7.386657628762357,-10
401531914,2023,11,2023-11-12T00:00Z,276,290,Marshall Thundering Herd,Georgia Southern Eagles,38,33,False,True,0.48284764107894573,1,0.5201066585972286,0.538152223219003,0.47011162298253584,2023-11-08T00:00Z,29.147283805336112,30.2241591776313,-1.0768753722951878,5
401532617,2023,11,2023-11-12T00:00Z,36,21,Colorado State Rams,San Diego State Aztecs,22,19,False,True,0.5496672769548749,1,0.6537403893533505,0.5746674432471077,0.5903464432396869,2023-11-08T00:00Z,25.353885974842715,22.269358178321305,3.08452779652141,3
401520393,2023,11,2023-11-12T00:30Z,194,127,Ohio State Buckeyes,Michigan State Spartans,38,3,False,True,0.9709052925322424,1,0.9792897207279719,0.9719044108258035,0.9853545896381883,2023-11-08T00:00Z,40.34428980191277,4.315040456727278,36.02924934518549,35
401525891,2023,11,2023-11-12T00:30Z,2628,251,TCU Horned Frogs,Texas Longhorns,26,29,False,True,0.2674089547809899,0,0.27156408823294165,0.3228604089919467,0.2038952540795738,2023-11-08T00:00Z,21.8917342589457,32.91301872770611,-11.02128446876041,-3
401520389,2023,11,2023-11-12T00:30Z,99,57,LSU Tigers,Florida Gators,52,35,False,True,0.8157070438210793,1,0.8283031982377026,0.8671059631766729,0.8764440386802534,2023-11-08T00:00Z,44.7330132730356,29.04735951510355,15.685653757932052,17
401520397,2023,11,2023-11-12T00:30Z,245,344,Texas A&M Aggies,Mississippi State Bulldogs,51,10,False,True,0.8252740247281205,1,0.8624171343563571,0.8081773747881931,0.8555971389669612,2023-11-08T00:00Z,29.544850302270433,13.990164009921937,15.554686292348496,41
401531400,2023,11,2023-11-12T00:30Z,2636,242,UTSA Roadrunners,Rice Owls,34,14,False,True,0.8186739647219531,1,0.7277423159682332,0.8383914476867942,0.7326187839919375,2023-11-08T00:00Z,36.87247309752655,22.94548026778727,13.92699282973928,20
401525549,2023,11,2023-11-12T01:00Z,153,150,North Carolina Tar Heels,Duke Blue Devils,47,45,False,True,0.7518650291443473,1,0.6187676237787959,0.6235651304706992,0.4999901110561435,2023-11-08T00:00Z,30.058508297435107,21.445462935330873,8.613045362104234,2
401524055,2023,11,2023-11-12T02:00Z,26,9,UCLA Bruins,Arizona State Sun Devils,7,17,False,True,0.8475249289493317,0,0.8673329919019824,0.892268783726663,0.8921109888543376,2023-11-08T00:00Z,30.36389285190851,12.97653106165092,17.38736179025759,-10
401532616,2023,11,2023-11-12T03:00Z,68,167,Boise State Broncos,New Mexico Lobos,42,14,False,True,0.8802912471677847,1,0.9159224845876872,0.9364413007674544,0.9366016546829004,2023-11-08T00:00Z,41.64944016697794,18.977088030232263,22.672352136745676,28
401525886,2023,11,2023-11-12T03:15Z,252,66,BYU Cougars,Iowa State Cyclones,13,45,False,True,0.3666052087928086,0,0.34125273502379083,0.38645907698977844,0.35195266563264005,2023-11-08T00:00Z,17.823674249831914,22.50319745247416,-4.6795232026422475,-32
401524053,2023,11,2023-11-12T03:30Z,2483,30,Oregon Ducks,USC Trojans,36,27,False,True,0.8396824094896492,1,0.7942214561861856,0.831305374491593,0.8353686574896604,2023-11-08T00:00Z,48.71164025153098,30.919832467825294,17.791807783705686,9
401532614,2023,11,2023-11-12T03:30Z,23,278,San José State Spartans,Fresno State Bulldogs,42,18,False,True,0.428883757593503,1,0.36328506077185957,0.44276289633156396,0.313312084567101,2023-11-08T00:00Z,25.748930526508534,29.613211084846462,-3.864280558337928,24
401532613,2023,11,2023-11-12T04:00Z,62,2005,Hawai'i Rainbow Warriors,Air Force Falcons,27,13,False,True,0.20324823316682308,1,0.138114347899076,0.09104551657928026,0.06285579295641713,2023-11-08T00:00Z,15.909071633837451,34.17387165585916,-18.26480002202171,14
401532443,2023,12,2023-11-15T00:00Z,189,2649,Bowling Green Falcons,Toledo Rockets,31,32,False,True,0.35400899479408826,0,0.33342273537956035,0.30512830187574397,0.3631106937492764,2023-11-15T00:00Z,22.564227503145336,29.324338038992448,-6.760110535847112,-1
401532444,2023,12,2023-11-15T00:00Z,2459,2711,Northern Illinois Huskies,Western Michigan Broncos,24,0,False,True,0.5916769148448814,1,0.6560033357267895,0.6444014885231517,0.6685831284336204,2023-11-15T00:00Z,35.060695018484914,30.125482947682215,4.935212070802699,24
401532445,2023,12,2023-11-15T00:00Z,2199,2006,Eastern Michigan Eagles,Akron Zips,30,27,False,True,0.7236161079873007,1,0.7124411376705325,0.6816016205208342,0.7095757380521467,2023-11-15T00:00Z,25.455258022165612,15.773837029562376,9.681420992603236,3
401532446,2023,12,2023-11-16T00:00Z,195,2117,Ohio Bobcats,Central Michigan Chippewas,34,20,False,True,0.817879047026006,1,0.8160327851580401,0.7755166503505182,0.827875601774945,2023-11-15T00:00Z,28.166786713116856,13.333956492821613,14.832830220295243,14
401532447,2023,12,2023-11-16T00:00Z,193,2084,Miami (OH) RedHawks,Buffalo Bulls,23,10,False,True,0.7760635263836108,1,0.7794449770443435,0.762862454769694,0.8057745383070304,2023-11-15T00:00Z,26.853653180471852,13.796882840439618,13.056770340032234,13
401525553,2023,12,2023-11-17T00:00Z,221,103,Pittsburgh Panthers,Boston College Eagles,24,16,False,True,0.6092689507197271,1,0.5440641688025162,0.6265639630196091,0.5404172171247036,2023-11-15T00:00Z,27.544631118732674,22.499735596944905,5.044895521787769,8
401531401,2023,12,2023-11-18T02:00Z,2636,58,UTSA Roadrunners,South Florida Bulls,49,21,False,True,0.8760430728477784,1,0.8326785636064034,0.8890917128380996,0.8708394931951781,2023-11-15T00:00Z,43.115817269701346,23.767703335102972,19.348113934598373,28
401524057,2023,12,2023-11-18T03:30Z,265,38,Washington State Cougars,Colorado Buffaloes,56,14,False,True,0.6985090198773577,1,0.541126818132918,0.7383700445691073,0.6006184371595596,2023-11-15T00:00Z,35.64728604240728,30.356596228449046,5.290689813958235,42
401520410,2023,12,2023-11-18T17:00Z,120,130,Maryland Terrapins,Michigan Wolverines,24,31,False,True,0.12787513593466582,0,0.1074577234409909,0.10303570319428305,0.06441177266226578,2023-11-15T00:00Z,14.558106262602838,35.546034494088595,-20.987928231485757,-7
401525558,2023,12,2023-11-18T17:00Z,2390,97,Miami Hurricanes,Louisville Cardinals,31,38,False,True,0.4673695375157548,0,0.5389669567002913,0.43403968072813265,0.43958452887961286,2023-11-15T00:00Z,23.074318102014217,22.253749189159763,0.8205689128544549,-7
401520417,2023,12,2023-11-18T17:00Z,213,164,Penn State Nittany Lions,Rutgers Scarlet Knights,27,6,False,True,0.9131163614160916,1,0.9288149823302602,0.9438177627460981,0.9468847758770962,2023-11-15T00:00Z,33.45878540029831,8.062809661064634,25.395975739233677,21
401520416,2023,12,2023-11-18T17:00Z,145,2433,Ole Miss Rebels,UL Monroe Warhawks,35,3,False,True,0.9801598232859992,1,0.960483633345639,0.9580786995023631,0.9814210649613081,2023-11-15T00:00Z,49.91432488884919,11.775708986702117,38.138615902147066,32
401525893,2023,12,2023-11-18T17:00Z,252,201,BYU Cougars,Oklahoma Sooners,24,31,False,True,0.10403934947319024,0,0.08202598256775914,0.1069982325648573,0.045574292296043,2023-11-15T00:00Z,18.87436698973007,38.964117364561176,-20.089750374831105,-7
401531375,2023,12,2023-11-18T17:00Z,2226,2655,Florida Atlantic Owls,Tulane Green Wave,8,24,False,True,0.34727467035179965,0,0.35679134038142674,0.30614788079128485,0.2923068611649717,2023-11-15T00:00Z,19.12992655435879,26.091506920871606,-6.961580366512816,-16
401520403,2023,12,2023-11-18T17:00Z,349,324,Army Black Knights,Coastal Carolina Chanticleers,28,21,False,True,0.36634130901106227,1,0.390719396723257,0.3619818915931885,0.29959770830225224,2023-11-15T00:00Z,17.734719010446153,22.957896822659862,-5.223177812213709,7
401520405,2023,12,2023-11-18T17:00Z,84,127,Indiana Hoosiers,Michigan State Spartans,21,24,False,True,0.5964910163215447,0,0.5778244892235727,0.5752912522326279,0.6123287334405108,2023-11-15T00:00Z,28.62708672198137,25.25233016892478,3.374756553056592,-3
401520412,2023,12,2023-11-18T17:00Z,344,2572,Mississippi State Bulldogs,Southern Miss Golden Eagles,41,20,False,True,0.8443510590511486,1,0.8028778330944859,0.7955397001981983,0.8673174512286043,2023-11-15T00:00Z,31.332667361114645,14.818632206601674,16.51403515451297,21
401520414,2023,12,2023-11-18T17:00Z,77,2509,Northwestern Wildcats,Purdue Boilermakers,23,15,False,True,0.5874964533552745,1,0.6237921073982312,0.5322820721372465,0.5893920402936509,2023-11-15T00:00Z,30.32845116127486,27.4905819540189,2.8378692072559595,8
401531417,2023,12,2023-11-18T17:00Z,2426,151,Navy Midshipmen,East Carolina Pirates,10,0,False,True,0.5770205346028295,1,0.5509042579760753,0.5215845530157335,0.5092350426482064,2023-11-15T00:00Z,16.78296093057307,15.1728990616487,1.6100618689243689,10
401531431,2023,12,2023-11-18T17:00Z,235,2567,Memphis Tigers,SMU Mustangs,34,38,False,True,0.4696097351905711,0,0.4186708598491197,0.3305361702523122,0.2836874230557762,2023-11-15T00:00Z,31.822671969643128,34.68804463962749,-2.865372669984364,-4
401520408,2023,12,2023-11-18T18:00Z,2335,113,Liberty Flames,Massachusetts Minutemen,49,25,False,True,0.9512513228904018,1,0.9626817589775276,0.9699088547062278,0.9727799085864591,2023-11-15T00:00Z,48.307081156180004,19.030678659403872,29.276402496776132,24
401520407,2023,12,2023-11-18T19:00Z,55,2348,Jacksonville State Gamecocks,Louisiana Tech Bulldogs,56,17,False,True,0.7613611439594757,1,0.778495251831352,0.8294398540088366,0.8293827521993007,2023-11-15T00:00Z,35.18773411590385,20.626001814262644,14.561732301641207,39
401520411,2023,12,2023-11-18T19:00Z,2393,2638,Middle Tennessee Blue Raiders,UTEP Miners,34,30,False,True,0.790711715517098,1,0.7280556702865095,0.7087618754903974,0.7336737162604869,2023-11-15T00:00Z,28.40321824478774,16.875237375240573,11.527980869547168,4
401531409,2023,12,2023-11-18T19:00Z,2429,242,Charlotte 49ers,Rice Owls,7,28,False,True,0.3987925675194635,0,0.43701150348574136,0.49116444844451657,0.3759161046570057,2023-11-15T00:00Z,25.541774491054994,29.342193664424915,-3.800419173369921,-21
401531918,2023,12,2023-11-18T19:00Z,256,2026,James Madison Dukes,Appalachian State Mountaineers,23,26,False,True,0.7316678045833097,0,0.7185040511887709,0.7767595343272684,0.7916143793845735,2023-11-15T00:00Z,34.7111272947762,24.30357499260713,10.40755230216907,-3
401532448,2023,12,2023-11-18T19:00Z,2050,2309,Ball State Cardinals,Kent State Golden Flashes,34,3,False,True,0.7180659404339286,1,0.7355581474541303,0.7666889304924489,0.7936889639409425,2023-11-15T00:00Z,27.509274785533748,16.776597081081505,10.732677704452243,31
401532620,2023,12,2023-11-18T19:00Z,2751,62,Wyoming Cowboys,Hawai'i Rainbow Warriors,42,9,False,True,0.7461408547718036,1,0.7287571727096231,0.7625672682730997,0.8363311501927962,2023-11-15T00:00Z,30.599006898951895,18.402647229653596,12.1963596692983,33
401524058,2023,12,2023-11-18T19:30Z,12,254,Arizona Wildcats,Utah Utes,42,18,False,True,0.4766691164216881,1,0.4471916289741378,0.44250327487519364,0.420942070803557,2023-11-15T00:00Z,19.52904925011969,20.322002219391536,-0.7929529692718447,24
401525899,2023,12,2023-11-18T19:30Z,277,2132,West Virginia Mountaineers,Cincinnati Bearcats,42,21,False,True,0.7450246242684727,1,0.6968579313433496,0.6200897563229362,0.7800973052071603,2023-11-15T00:00Z,31.729460052613504,20.81246895430707,10.916991098306433,21
401525555,2023,12,2023-11-18T20:00Z,258,150,Virginia Cavaliers,Duke Blue Devils,30,27,False,True,0.2741325952246738,1,0.2988756492245565,0.3333668223172209,0.16947057547817337,2023-11-15T00:00Z,20.01071044802916,30.6620275614612,-10.65131711343204,3
401531345,2023,12,2023-11-18T20:00Z,202,249,Tulsa Golden Hurricane,North Texas Mean Green,28,35,False,True,0.4402514532270464,0,0.4802792588735683,0.4281449322131409,0.39746609488742823,2023-11-15T00:00Z,33.201706886075755,33.37931434580899,-0.17760745973323822,-7
401531385,2023,12,2023-11-18T20:00Z,5,218,UAB Blazers,Temple Owls,34,24,False,True,0.6882661672404172,1,0.8014839824846592,0.8159579970151105,0.8094854251600633,2023-11-15T00:00Z,37.15580822389181,28.174439505047182,8.981368718844628,10
401531919,2023,12,2023-11-18T20:00Z,2032,326,Arkansas State Red Wolves,Texas State Bobcats,77,31,False,True,0.43637935001802636,1,0.40426775344823557,0.40177562386656973,0.3176187315140087,2023-11-15T00:00Z,29.897971807876818,30.996647194059356,-1.0986753861825385,46
401532621,2023,12,2023-11-18T20:00Z,36,2440,Colorado State Rams,Nevada Wolf Pack,30,20,False,True,0.6930814097832202,1,0.7138013544628938,0.7329513269087946,0.7054337990149933,2023-11-15T00:00Z,26.72793126509538,19.867305114453863,6.860626150641515,10
401520419,2023,12,2023-11-18T20:30Z,2633,61,Tennessee Volunteers,Georgia Bulldogs,10,38,False,True,0.23793433300640693,0,0.3076045928784901,0.35979121847105155,0.34636513032130806,2023-11-15T00:00Z,20.455653585690197,33.83152390486421,-13.375870319174016,-28
401520406,2023,12,2023-11-18T20:30Z,2294,356,Iowa Hawkeyes,Illinois Fighting Illini,15,13,False,True,0.758525891426959,1,0.7621047525564288,0.707669578688956,0.7863423283114584,2023-11-15T00:00Z,25.103365568194082,9.79889897844788,15.304466589746202,2
401525442,2023,12,2023-11-18T20:30Z,87,154,Notre Dame Fighting Irish,Wake Forest Demon Deacons,45,7,False,True,0.9368831255191707,1,0.9312494919828342,0.9165785218524094,0.9491482704333444,2023-11-15T00:00Z,37.50484762015655,11.791817517785095,25.71303010237146,38
401525554,2023,12,2023-11-18T20:30Z,228,153,Clemson Tigers,North Carolina Tar Heels,31,20,False,True,0.6131424650196848,1,0.6609350024364982,0.6896390726243624,0.586171348600848,2023-11-15T00:00Z,34.051717165732754,28.343766060811554,5.7079511049212,11
401520423,2023,12,2023-11-18T20:30Z,98,2534,Western Kentucky Hilltoppers,Sam Houston Bearkats,28,23,False,True,0.8073828196895091,1,0.7524029664805726,0.7659116499311076,0.7838582176748724,2023-11-15T00:00Z,32.310602101164626,20.841068536305006,11.46953356485962,5
401524062,2023,12,2023-11-18T20:30Z,30,26,USC Trojans,UCLA Bruins,20,38,False,True,0.6614174547881145,0,0.7297770598326249,0.6392556609477535,0.7456915804405535,2023-11-15T00:00Z,37.23112471201202,31.115651989113672,6.115472722898346,-18
401525559,2023,12,2023-11-18T20:30Z,259,152,Virginia Tech Hokies,NC State Wolfpack,28,35,False,True,0.47758270918965917,0,0.5015779903468219,0.5315964230312156,0.475503210162155,2023-11-15T00:00Z,21.9152087307962,21.807409175126146,0.10779955567005217,-7
401525897,2023,12,2023-11-18T20:30Z,2628,239,TCU Horned Frogs,Baylor Bears,42,17,False,True,0.7445628981165698,1,0.7972939762507982,0.8288815136324514,0.8572234073130864,2023-11-15T00:00Z,35.384208676915215,21.138769154669916,14.245439522245299,25
401531921,2023,12,2023-11-18T20:30Z,2653,309,Troy Trojans,Louisiana Ragin' Cajuns,31,24,False,True,0.8050794728216882,1,0.833405674341521,0.8369941862218888,0.8916423200766107,2023-11-15T00:00Z,28.726086764177712,13.832444886216049,14.893641877961663,7
401532624,2023,12,2023-11-18T20:30Z,2005,2439,Air Force Falcons,UNLV Rebels,27,31,False,True,0.637830240315279,0,0.6058581806212859,0.7369597567718105,0.569360627990012,2023-11-15T00:00Z,30.30393999994445,25.06902987827136,5.234910121673092,-4
401520415,2023,12,2023-11-18T21:00Z,194,135,Ohio State Buckeyes,Minnesota Golden Gophers,37,3,False,True,0.9447286831710816,1,0.9677883919400322,0.9546436335856228,0.9720880100627157,2023-11-15T00:00Z,39.447163183538194,8.333234746283665,31.11392843725453,34
401524059,2023,12,2023-11-18T21:00Z,9,2483,Arizona State Sun Devils,Oregon Ducks,13,49,False,True,0.07860520324541284,0,0.07520680747326221,0.08204995532063915,0.03901956754816271,2023-11-15T00:00Z,11.574476883486575,37.61187387549385,-26.037396992007274,-36
401525894,2023,12,2023-11-18T21:00Z,248,197,Houston Cougars,Oklahoma State Cowboys,30,43,False,True,0.4141442229832029,0,0.3447064027501567,0.4564734421976417,0.29033185581099225,2023-11-15T00:00Z,26.18036948123089,31.93111225433431,-5.750742773103418,-13
401520404,2023,12,2023-11-18T21:00Z,2,166,Auburn Tigers,New Mexico State Aggies,10,31,False,True,0.9016224680903571,0,0.8565808097318729,0.8005857131648295,0.906154476475263,2023-11-15T00:00Z,29.910141316605703,7.012650332538822,22.89749098406688,-21
401525898,2023,12,2023-11-18T22:00Z,2641,2116,Texas Tech Red Raiders,UCF Knights,24,23,False,True,0.6204192846909657,1,0.5949291177129544,0.5672973518624833,0.5394562243436082,2023-11-15T00:00Z,31.217205651411994,26.068892063783547,5.148313587628447,1
401531920,2023,12,2023-11-18T22:00Z,6,276,South Alabama Jaguars,Marshall Thundering Herd,28,0,False,True,0.766591283546589,1,0.7606403104247615,0.7473340752920457,0.7747769201282568,2023-11-15T00:00Z,30.336648852826194,21.276603353856583,9.060045498969611,28
401531917,2023,12,2023-11-18T23:00Z,290,295,Georgia Southern Eagles,Old Dominion Monarchs,17,20,False,True,0.6579056460956137,0,0.6065174287971716,0.6498589262820811,0.6300758450460793,2023-11-15T00:00Z,32.453693100716634,28.694469187756784,3.7592239129598504,-3
401524061,2023,12,2023-11-18T23:30Z,24,25,Stanford Cardinal,California Golden Bears,15,27,False,True,0.4097258294165886,0,0.39297613634740103,0.3747720255342465,0.29520535121678654,2023-11-15T00:00Z,29.007320624365963,33.79101007845045,-4.7836894540844845,-12
401525896,2023,12,2023-11-19T00:00Z,2305,2306,Kansas Jayhawks,Kansas State Wildcats,27,31,False,True,0.2601660159595888,0,0.23463540361056828,0.24741181720142563,0.1773889830820249,2023-11-15T00:00Z,26.125610307377556,35.553314167331855,-9.427703859954299,-4
401532619,2023,12,2023-11-19T00:00Z,328,68,Utah State Aggies,Boise State Broncos,10,45,False,True,0.4600024494743848,0,0.40233780887527193,0.39294664963777515,0.38703716044093056,2023-11-15T00:00Z,31.979234136690273,35.42707250952732,-3.4478383728370474,-35
401524060,2023,12,2023-11-19T00:30Z,204,264,Oregon State Beavers,Washington Huskies,20,22,False,True,0.40973492973718234,0,0.48078187503668357,0.5459615429408358,0.44992869347154063,2023-11-15T00:00Z,31.883298681018395,34.944028517077044,-3.0607298360586483,-2
401520413,2023,12,2023-11-19T00:30Z,142,57,Missouri Tigers,Florida Gators,33,31,False,True,0.7442580905166871,1,0.7433089269703707,0.8011703949787411,0.8124885652561606,2023-11-15T00:00Z,33.62176190853784,22.655237099880356,10.966524808657486,2
401520402,2023,12,2023-11-19T00:30Z,8,2229,Arkansas Razorbacks,Florida International Panthers,44,20,False,True,0.9232894885933967,1,0.9110884311165359,0.8975806710414501,0.9421562102716796,2023-11-15T00:00Z,38.978730971750196,15.191078742181915,23.78765222956828,24
401520418,2023,12,2023-11-19T00:30Z,2579,96,South Carolina Gamecocks,Kentucky Wildcats,17,14,False,True,0.47959853920209,1,0.5663277614665909,0.553322036989091,0.5311380505332018,2023-11-15T00:00Z,26.75960655562433,28.404683716689515,-1.6450771610651849,3
401520422,2023,12,2023-11-19T00:30Z,275,158,Wisconsin Badgers,Nebraska Cornhuskers,24,17,False,True,0.6264746275110077,1,0.6618112191775785,0.6685008578352148,0.6684424884978927,2023-11-15T00:00Z,16.300413914955342,12.3748631851502,3.925550729805142,7
401525895,2023,12,2023-11-19T01:00Z,66,251,Iowa State Cyclones,Texas Longhorns,16,26,False,True,0.27333648026228397,0,0.3425100464745376,0.2998861581565115,0.2254532686637295,2023-11-15T00:00Z,18.85196126161975,27.90134498047381,-9.04938371885406,-10
401520409,2023,12,2023-11-19T01:00Z,99,2247,LSU Tigers,Georgia State Panthers,56,14,False,True,0.9545794998064359,1,0.9556792333334756,0.935194074030604,0.9598755126722079,2023-11-15T00:00Z,51.38820025673982,19.57381141808711,31.81438883865271,42
401525557,2023,12,2023-11-19T01:00Z,59,183,Georgia Tech Yellow Jackets,Syracuse Orange,31,22,False,True,0.682328405905846,1,0.6091050261787799,0.6203041159155844,0.625038665542983,2023-11-15T00:00Z,28.25701488379648,22.283377481844617,5.973637401951862,9
401532622,2023,12,2023-11-19T03:30Z,278,167,Fresno State Bulldogs,New Mexico Lobos,17,25,False,True,0.9254704784061798,0,0.9193410359212433,0.929366054164507,0.9590344986229377,2023-11-15T00:00Z,40.99603548408304,16.937337861882103,24.058697622200935,-8
401532623,2023,12,2023-11-19T03:30Z,23,21,San José State Spartans,San Diego State Aztecs,24,13,False,True,0.8187517092732939,1,0.8062152542684826,0.8350590773463309,0.8492418469763277,2023-11-15T00:00Z,33.14717159533768,17.631027087155495,15.516144508182187,11
401532450,2023,13,2023-11-22T00:00Z,2711,189,Western Michigan Broncos,Bowling Green Falcons,10,34,False,True,0.541426630234724,0,0.4784673109520108,0.4964716704520711,0.35316361373160443,2023-11-22T00:00Z,29.472241070553668,28.302871146175306,1.169369924378362,-24
401532449,2023,13,2023-11-22T00:30Z,2084,2199,Buffalo Bulls,Eastern Michigan Eagles,11,24,False,True,0.6927498081572511,0,0.6862290735106119,0.6930071657832821,0.7091543668692074,2023-11-22T00:00Z,25.236513979595657,17.031640945696587,8.20487303389907,-13
401520424,2023,13,2023-11-24T00:30Z,344,145,Mississippi State Bulldogs,Ole Miss Rebels,7,17,False,True,0.27730396833311205,0,0.2661773111763862,0.307013088445482,0.18758932664129585,2023-11-22T00:00Z,21.672313748610648,32.53295416066258,-10.860640412051929,-10
401525900,2023,13,2023-11-24T17:00Z,201,2628,Oklahoma Sooners,TCU Horned Frogs,69,45,False,True,0.8034581962886587,1,0.8249985034251855,0.7582223605078628,0.859272521275328,2023-11-22T00:00Z,36.17996044069966,23.510582368017648,12.669378072682012,24
401520425,2023,13,2023-11-24T17:00Z,158,2294,Nebraska Cornhuskers,Iowa Hawkeyes,10,13,False,True,0.4831111968898335,0,0.4229294962344999,0.4778561128403267,0.37690978334488356,2023-11-22T00:00Z,8.586901934566944,11.819452006486108,-3.2325500719191638,-3
401525560,2023,13,2023-11-24T17:00Z,103,2390,Boston College Eagles,Miami Hurricanes,20,45,False,True,0.2520836042327263,0,0.2778956084688886,0.3396670079131523,0.22973598483827706,2023-11-22T00:00Z,21.98606268626603,32.35527178731345,-10.369209101047417,-25
401531394,2023,13,2023-11-24T17:00Z,218,235,Temple Owls,Memphis Tigers,21,45,False,True,0.1674674633494412,0,0.12077775425917207,0.15535976718135408,0.06186126569955325,2023-11-22T00:00Z,23.27179238462364,40.77685923520477,-17.505066850581127,-24
401532451,2023,13,2023-11-24T17:00Z,2117,2649,Central Michigan Chippewas,Toledo Rockets,17,32,False,True,0.2581852562218712,0,0.2374580383734272,0.25222525157137704,0.19638649527927168,2023-11-22T00:00Z,22.481089299628454,33.279993562075234,-10.79890426244678,-15
401532452,2023,13,2023-11-24T17:00Z,2006,195,Akron Zips,Ohio Bobcats,14,25,False,True,0.17492755321907336,0,0.17582128155336008,0.20168364909875622,0.11863238594660545,2023-11-22T00:00Z,12.136149003630058,28.19648354241358,-16.060334538783522,-11
401531376,2023,13,2023-11-24T20:30Z,2655,2636,Tulane Green Wave,UTSA Roadrunners,29,16,False,True,0.6114279455910011,1,0.6032614394075559,0.5635671561416808,0.5981309703886638,2023-11-22T00:00Z,26.103098035934053,21.339843313255713,4.76325472267834,13
401532629,2023,13,2023-11-24T20:30Z,167,328,New Mexico Lobos,Utah State Aggies,41,44,False,True,0.41002410879078116,0,0.37617673393647344,0.3580587044982465,0.313411833287551,2023-11-22T00:00Z,30.999932460434675,36.275280635758456,-5.275348175323781,-3
401520426,2023,13,2023-11-24T21:00Z,8,142,Arkansas Razorbacks,Missouri Tigers,14,48,False,True,0.26902616205800234,0,0.30826590594724523,0.30941900887219465,0.2139907303916956,2023-11-22T00:00Z,21.228509501576394,32.10719498677473,-10.878685485198336,-34
401532625,2023,13,2023-11-24T21:00Z,68,2005,Boise State Broncos,Air Force Falcons,27,19,False,True,0.6844181835449272,1,0.6594182887446565,0.5993160325077733,0.6029157762684776,2023-11-22T00:00Z,26.97455305086883,21.754503523720974,5.220049527147857,8
401525901,2023,13,2023-11-25T00:30Z,251,2641,Texas Longhorns,Texas Tech Red Raiders,57,7,False,True,0.8501191928653966,1,0.8515932006890266,0.8214480988233076,0.8650352198691472,2023-11-22T00:00Z,34.76708190733479,16.87149660995682,17.89558529737797,50
401520435,2023,13,2023-11-25T00:30Z,127,213,Michigan State Spartans,Penn State Nittany Lions,0,42,False,True,0.07705944346830335,0,0.06967034727720325,0.08616119464470492,0.0324904447250451,2023-11-22T00:00Z,9.525772942130356,34.91727012831592,-25.391497186185564,-42
401524063,2023,13,2023-11-25T01:30Z,2483,204,Oregon Ducks,Oregon State Beavers,31,7,False,True,0.7820185663436617,1,0.8150791417354099,0.7847963621502397,0.811759207846824,2023-11-22T00:00Z,35.54257837916739,22.040529888598115,13.502048490569273,24
401520434,2023,13,2023-11-25T17:00Z,130,194,Michigan Wolverines,Ohio State Buckeyes,30,24,False,True,0.6333813159654766,1,0.5360946550536733,0.5855073017168508,0.6052284507872976,2023-11-22T00:00Z,25.67154674752438,21.769582054841166,3.901964692683215,6
401520432,2023,13,2023-11-25T17:00Z,97,96,Louisville Cardinals,Kentucky Wildcats,31,38,False,True,0.6379563186056822,0,0.724035360897524,0.7476316108749658,0.7363099559104662,2023-11-22T00:00Z,24.708467618612048,19.460329683942042,5.248137934670005,-7
401520433,2023,13,2023-11-25T17:00Z,99,245,LSU Tigers,Texas A&M Aggies,42,30,False,True,0.7606308532287491,1,0.7179123781218998,0.7661972534485002,0.7107525196473088,2023-11-22T00:00Z,38.98078165932836,30.26326167445452,8.717519984873839,12
401520438,2023,13,2023-11-25T17:00Z,2509,84,Purdue Boilermakers,Indiana Hoosiers,35,31,False,True,0.6507317944319874,1,0.6614230724850998,0.7347687556727607,0.6553080447886332,2023-11-22T00:00Z,34.522024731145095,27.105920140979446,7.416104590165649,4
401520440,2023,13,2023-11-25T17:00Z,2534,2393,Sam Houston Bearkats,Middle Tennessee Blue Raiders,23,20,False,True,0.48794497156530503,1,0.48429686773896047,0.49993052647393,0.49171698204809905,2023-11-22T00:00Z,25.04477989973244,23.747208521879337,1.297571377853103,3
401520443,2023,13,2023-11-25T17:00Z,113,41,Massachusetts Minutemen,UConn Huskies,18,31,False,True,0.5147554904067669,0,0.6045908596043632,0.5502778573074171,0.5446585484276841,2023-11-22T00:00Z,28.015896648056763,28.029314647532537,-0.013417999475773712,-13
401525561,2023,13,2023-11-25T17:00Z,150,221,Duke Blue Devils,Pittsburgh Panthers,30,19,False,True,0.7358138558719937,1,0.773390116363841,0.7416291236997665,0.8729821394439581,2023-11-22T00:00Z,28.093838923757,16.051957746906425,12.041881176850577,11
401525906,2023,13,2023-11-25T17:00Z,2116,248,UCF Knights,Houston Cougars,27,13,False,True,0.7359091060470246,1,0.7496769799468365,0.7649182351865735,0.8196349404825952,2023-11-22T00:00Z,35.29603693144519,24.993426207292426,10.30261072415276,14
401531435,2023,13,2023-11-25T17:00Z,2567,2426,SMU Mustangs,Navy Midshipmen,59,14,False,True,0.8728626514553935,1,0.8651044230143923,0.9019612113773146,0.9298403047650768,2023-11-22T00:00Z,31.970648233865017,12.403454069150525,19.567194164714493,45
401531927,2023,13,2023-11-25T17:00Z,2572,2653,Southern Miss Golden Eagles,Troy Trojans,17,35,False,True,0.15570445587602968,0,0.12957358845790604,0.12998860460347159,0.06257811962132617,2023-11-22T00:00Z,13.559382454125533,28.96519873770625,-15.405816283580716,-18
401532453,2023,13,2023-11-25T17:00Z,2309,2459,Kent State Golden Flashes,Northern Illinois Huskies,27,37,False,True,0.16573659718673325,0,0.1405192905233435,0.18067984392239075,0.08859128775181645,2023-11-22T00:00Z,16.45282986010649,34.11581735959179,-17.662987499485297,-10
401532454,2023,13,2023-11-25T17:00Z,2050,193,Ball State Cardinals,Miami (OH) RedHawks,15,17,False,True,0.24290286990709256,0,0.28226961984116483,0.3614350675819557,0.19632324325421424,2023-11-22T00:00Z,12.511645610531216,23.12892105315089,-10.617275442619674,-2
401531421,2023,13,2023-11-25T18:00Z,242,2226,Rice Owls,Florida Atlantic Owls,24,21,False,True,0.578958262131654,1,0.6715147789588849,0.6365408608074952,0.6361374400578939,2023-11-22T00:00Z,28.516635030830475,24.71527081123485,3.8013642195956265,3
401525563,2023,13,2023-11-25T19:00Z,183,154,Syracuse Orange,Wake Forest Demon Deacons,35,31,False,True,0.5951396848213695,1,0.5998085166915984,0.5685587644079485,0.5901797908901126,2023-11-22T00:00Z,22.870505315893542,19.086900397612634,3.7836049182809077,4
401531346,2023,13,2023-11-25T19:00Z,151,202,East Carolina Pirates,Tulsa Golden Hurricane,27,29,False,True,0.6718236068888699,0,0.6980192902036512,0.7414103790549211,0.7590997530499033,2023-11-22T00:00Z,25.42280839796212,18.07660270961048,7.346205688351642,-2
401531386,2023,13,2023-11-25T19:00Z,249,5,North Texas Mean Green,UAB Blazers,45,42,False,True,0.6671179980100266,1,0.6249943372753092,0.6414600374842009,0.6407321121713425,2023-11-22T00:00Z,40.97209660669002,34.498283919072925,6.473812687617098,3
401531925,2023,13,2023-11-25T19:00Z,295,2247,Old Dominion Monarchs,Georgia State Panthers,25,24,False,True,0.5752668251017317,1,0.6454317703222623,0.6326205201190396,0.6018222043347637,2023-11-22T00:00Z,27.980780523458385,22.266642928756486,5.714137594701899,1
401520428,2023,13,2023-11-25T20:00Z,2229,98,Florida International Panthers,Western Kentucky Hilltoppers,28,41,False,True,0.17689139970227294,0,0.24739034709564336,0.1730809712122689,0.14579436235269844,2023-11-22T00:00Z,21.40598844749575,34.66341806952746,-13.257429622031708,-13
401524067,2023,13,2023-11-25T20:00Z,254,38,Utah Utes,Colorado Buffaloes,23,17,False,True,0.8647923589645901,1,0.8578363576394142,0.9283756722492312,0.8811539544663186,2023-11-22T00:00Z,35.2924982472727,17.999725661433402,17.292772585839295,6
401531926,2023,13,2023-11-25T20:00Z,309,2433,Louisiana Ragin' Cajuns,UL Monroe Warhawks,52,21,False,True,0.8698328238216194,1,0.8499217527337458,0.8842472800011703,0.8638495919856001,2023-11-22T00:00Z,35.39347175318699,18.239680167058395,17.15379158612859,31
401532628,2023,13,2023-11-25T20:00Z,2439,23,UNLV Rebels,San José State Spartans,31,37,False,True,0.5106512467337422,0,0.6349140985737382,0.5700375897195071,0.630412946975251,2023-11-22T00:00Z,33.66152834472683,30.180452919537533,3.4810754251892995,-6
401520427,2023,13,2023-11-25T20:30Z,2,333,Auburn Tigers,Alabama Crimson Tide,24,27,False,True,0.23685501690370947,0,0.19672744767216768,0.1868259878789429,0.1793687067161329,2023-11-22T00:00Z,15.959164663716997,30.498261813947416,-14.539097150230418,-3
401524064,2023,13,2023-11-25T20:30Z,9,12,Arizona State Sun Devils,Arizona Wildcats,23,59,False,True,0.2416643418631803,0,0.22698864150812992,0.22087062021999537,0.14996277823710175,2023-11-22T00:00Z,17.05418503550751,30.224492737066942,-13.170307701559434,-36
401525905,2023,13,2023-11-25T20:30Z,197,252,Oklahoma State Cowboys,BYU Cougars,40,34,False,True,0.8158314681627399,1,0.8056292763734773,0.7963640789046885,0.8132016505763534,2023-11-22T00:00Z,35.135479660656266,20.70266947015312,14.432810190503147,6
401520442,2023,13,2023-11-25T20:30Z,2633,238,Tennessee Volunteers,Vanderbilt Commodores,48,24,False,True,0.936635240095302,1,0.9528164420176986,0.9655797554550027,0.9652811366347975,2023-11-22T00:00Z,41.39076421726785,15.706515724594475,25.684248492673376,24
401520444,2023,13,2023-11-25T20:30Z,2638,2335,UTEP Miners,Liberty Flames,28,42,False,True,0.10326556230344654,0,0.16928263184476597,0.1565369600065073,0.08733242651071615,2023-11-22T00:00Z,16.760554273601457,37.83388699492795,-21.073332721326494,-14
401520431,2023,13,2023-11-25T20:30Z,356,77,Illinois Fighting Illini,Northwestern Wildcats,43,45,False,True,0.5148360272622176,0,0.5783390921307999,0.6749089178760513,0.5186683856080629,2023-11-22T00:00Z,23.971534829571134,23.95989242121758,0.011642408353552014,-2
401520436,2023,13,2023-11-25T20:30Z,135,275,Minnesota Golden Gophers,Wisconsin Badgers,14,28,False,True,0.46689525668508847,0,0.4230314095080655,0.4494631369644677,0.3976501249081843,2023-11-22T00:00Z,21.901850234838424,22.899956586788328,-0.9981063519499038,-14
401520439,2023,13,2023-11-25T20:30Z,164,120,Rutgers Scarlet Knights,Maryland Terrapins,24,42,False,True,0.4637602213820434,0,0.46693292712168416,0.40312874811194804,0.43803126054405067,2023-11-22T00:00Z,21.52796600795978,22.813383439456572,-1.2854174314967928,-18
401525564,2023,13,2023-11-25T20:30Z,258,259,Virginia Cavaliers,Virginia Tech Hokies,17,55,False,True,0.36461429371929377,0,0.5065455708998975,0.43224296179291855,0.42303702096765833,2023-11-22T00:00Z,25.630528121724733,30.32401014423567,-4.693482022510938,-38
401531922,2023,13,2023-11-25T20:30Z,2026,290,Appalachian State Mountaineers,Georgia Southern Eagles,55,27,False,True,0.6666626284472992,1,0.7733089907944034,0.7722395654570386,0.7371435335507844,2023-11-22T00:00Z,38.233296173942534,28.136916415419524,10.09637975852301,28
401531923,2023,13,2023-11-25T20:30Z,324,256,Coastal Carolina Chanticleers,James Madison Dukes,14,56,False,True,0.44029478721977033,0,0.3474893953161249,0.34401108510310874,0.2865165510108142,2023-11-22T00:00Z,22.20230681301074,27.330440050576357,-5.128133237565617,-42
401531924,2023,13,2023-11-25T20:30Z,276,2032,Marshall Thundering Herd,Arkansas State Red Wolves,35,21,False,True,0.47289365257365107,1,0.5747498654828327,0.6489372233507902,0.6114075326918922,2023-11-22T00:00Z,29.050264498286648,30.546286951102168,-1.4960224528155202,14
401524068,2023,13,2023-11-25T21:00Z,264,265,Washington Huskies,Washington State Cougars,24,21,False,True,0.8385505892016264,1,0.860349207725183,0.8555965028503996,0.8777100260574532,2023-11-22T00:00Z,41.263940288854144,24.343369708703072,16.92057058015107,3
401520437,2023,13,2023-11-25T21:00Z,166,55,New Mexico State Aggies,Jacksonville State Gamecocks,20,17,False,True,0.53284604158476,1,0.5357982684821168,0.4686241236923955,0.4506341388974506,2023-11-22T00:00Z,21.194161737385148,22.85544448222009,-1.661282744834942,3
401520429,2023,13,2023-11-26T00:00Z,57,52,Florida Gators,Florida State Seminoles,15,24,False,True,0.30159361959440933,0,0.28781664050747613,0.24228256099654102,0.1568012588081848,2023-11-22T00:00Z,25.505520330904403,35.522935040949726,-10.017414710045323,-9
401524065,2023,13,2023-11-26T00:00Z,24,87,Stanford Cardinal,Notre Dame Fighting Irish,23,56,False,True,0.08888991821197822,0,0.06413811937802501,0.05543814140797358,0.03429576948267008,2023-11-22T00:00Z,13.447525720346363,36.89729022922728,-23.449764508880918,-33
401525902,2023,13,2023-11-26T00:00Z,239,277,Baylor Bears,West Virginia Mountaineers,31,34,False,True,0.3671374014082003,0,0.3478989655431065,0.34814414375943703,0.231615633254061,2023-11-22T00:00Z,26.18978506469977,33.14962878358114,-6.959843718881373,-3
401531928,2023,13,2023-11-26T00:00Z,326,6,Texas State Bobcats,South Alabama Jaguars,52,44,False,True,0.2902884375482175,1,0.23937445824474324,0.26321574062340647,0.19247472830927512,2023-11-22T00:00Z,25.252606232707567,34.091505503040935,-8.838899270333368,8
401520430,2023,13,2023-11-26T00:30Z,59,61,Georgia Tech Yellow Jackets,Georgia Bulldogs,23,31,False,True,0.0676416077961929,0,0.06834141217115554,0.057888906879331986,0.0560490055012306,2023-11-22T00:00Z,15.179842270035788,44.60420049838019,-29.4243582283444,-8
401520441,2023,13,2023-11-26T00:30Z,2579,228,South Carolina Gamecocks,Clemson Tigers,7,16,False,True,0.3956317112739088,0,0.41749507598483143,0.38877915399232,0.3960061170301213,2023-11-22T00:00Z,22.32344435380604,28.076072260420414,-5.752627906614375,-9
401525903,2023,13,2023-11-26T00:30Z,2132,2305,Cincinnati Bearcats,Kansas Jayhawks,16,49,False,True,0.3690578602430165,0,0.3844678466271655,0.4205483508959499,0.20638878518770706,2023-11-22T00:00Z,23.619720407187703,32.25840730148648,-8.638686894298775,-33
401531410,2023,13,2023-11-26T00:30Z,58,2429,South Florida Bulls,Charlotte 49ers,48,14,False,True,0.6740972904720581,1,0.6303670628007892,0.6546469137297857,0.5949108901581399,2023-11-22T00:00Z,33.739717549327324,27.241969747584406,6.497747801742918,34
401525904,2023,13,2023-11-26T01:00Z,2306,66,Kansas State Wildcats,Iowa State Cyclones,35,42,False,True,0.8086037036093906,0,0.7927597131282953,0.8188582162513393,0.8764423069493242,2023-11-22T00:00Z,31.025946146763378,17.33760422088193,13.68834192588145,-7
401525562,2023,13,2023-11-26T01:00Z,152,153,NC State Wolfpack,North Carolina Tar Heels,39,20,False,True,0.4675857165661769,1,0.42573061201942874,0.5224307047101275,0.44851642349513116,2023-11-22T00:00Z,27.428799198104027,28.87088092961684,-1.4420817315128112,19
401532630,2023,13,2023-11-26T02:00Z,2440,2751,Nevada Wolf Pack,Wyoming Cowboys,6,42,False,True,0.2995027581897069,0,0.3214619256838079,0.2783394741021946,0.1971850120512564,2023-11-22T00:00Z,17.330224150416512,25.123025785149263,-7.792801634732751,-36
401524066,2023,13,2023-11-26T03:30Z,26,25,UCLA Bruins,California Golden Bears,7,33,False,True,0.7455317029064847,0,0.7620941377403047,0.8055132576203172,0.7715384003919932,2023-11-22T00:00Z,32.39476795971881,22.80928931417241,9.585478645546402,-26
401532627,2023,13,2023-11-26T03:30Z,21,278,San Diego State Aztecs,Fresno State Bulldogs,33,18,False,True,0.32133106983624277,1,0.313607182229126,0.36058005124450776,0.2261356780943085,2023-11-22T00:00Z,19.589237674214175,28.484369508215536,-8.895131834001361,15
401532626,2023,13,2023-11-26T04:00Z,62,36,Hawai'i Rainbow Warriors,Colorado State Rams,27,24,False,True,0.45846817631544695,1,0.4389979949195063,0.4029387258073528,0.3459356197647007,2023-11-22T00:00Z,25.259987245557333,29.018569883363106,-3.758582637805773,3
401539476,2023,14,2023-12-02T00:00Z,2335,166,Liberty Flames,New Mexico State Aggies,49,35,False,True,0.8168335049253532,1,0.7746794505328332,0.81037362581281,0.8286663509333938,2023-12-02T00:00Z,33.58686371698614,17.759738394203147,15.82712532278299,14
401539475,2023,14,2023-12-02T01:00Z,264,2483,Washington Huskies,Oregon Ducks,34,31,True,True,0.35672963634675914,1,0.274742872451406,0.26920103782406035,0.2749473019358129,2023-12-02T00:00Z,28.112025858623426,34.656403599288,-6.544377740664572,3
401539479,2023,14,2023-12-02T17:00Z,251,197,Texas Longhorns,Oklahoma State Cowboys,49,21,True,True,0.8342417318807323,1,0.8348308733369468,0.8428044669709049,0.8807331306317778,2023-12-02T00:00Z,36.507698788726906,20.595557558366593,15.912141230360312,28
401539481,2023,14,2023-12-02T17:00Z,2649,193,Toledo Rockets,Miami (OH) RedHawks,14,23,True,True,0.5561679992456805,0,0.6062348042468837,0.6627850775175084,0.585997491394481,2023-12-02T00:00Z,23.76451999508401,21.505066702749104,2.259453292334907,-9
401539482,2023,14,2023-12-02T20:00Z,2439,68,UNLV Rebels,Boise State Broncos,20,44,False,True,0.41374391786412185,0,0.48252424984021813,0.4130140176965648,0.5042232133833002,2023-12-02T00:00Z,31.098818055198628,32.08672705848226,-0.9879090032836331,-24
401539483,2023,14,2023-12-02T21:00Z,333,61,Alabama Crimson Tide,Georgia Bulldogs,27,24,True,True,0.3910327888253734,1,0.4048449994029996,0.3392086856507945,0.38479331389565313,2023-12-02T00:00Z,25.18878606291535,30.224760224234323,-5.035974161318972,3
401539477,2023,14,2023-12-02T21:00Z,2655,2567,Tulane Green Wave,SMU Mustangs,14,26,False,True,0.5266252088532788,0,0.429933076055222,0.41494178083824046,0.2906075709585897,2023-12-02T00:00Z,26.060076257963093,26.644546945122087,-0.5844706871589942,-12
401539484,2023,14,2023-12-02T21:00Z,2653,2026,Troy Trojans,Appalachian State Mountaineers,49,23,False,True,0.7275637445190631,1,0.6859769017557517,0.6753000813148007,0.7129140200961595,2023-12-02T00:00Z,27.333966689600693,20.234224844145686,7.099741845455007,26
401539480,2023,14,2023-12-03T01:00Z,2294,130,Iowa Hawkeyes,Michigan Wolverines,0,26,True,True,0.09332707881718927,0,0.11193366343219459,0.09881883197882524,0.06104209185091789,2023-12-02T00:00Z,6.1095097206927065,27.303945426370348,-21.19443570567764,-26
401539478,2023,14,2023-12-03T01:00Z,52,97,Florida State Seminoles,Louisville Cardinals,16,6,True,True,0.6737171309155396,1,0.7013225293969716,0.6671890852089226,0.7616314072916219,2023-12-02T00:00Z,30.109511306795326,20.747720503198753,9.361790803596573,10
401520445,2023,15,2023-12-09T20:00Z,2426,349,Navy Midshipmen,Army Black Knights,11,17,True,True,0.4767112701506455,0,0.49074175418213567,0.4665245916757489,0.4636811533381568,2023-12-09T20:00Z,14.968063003175336,16.730799026800618,-1.7627360236252816,-6
401551733,2023,31,2023-12-16T16:00Z,195,290,Ohio Bobcats,Georgia Southern Eagles,41,21,True,True,0.622990162830263,1,0.6680654521480947,0.6560190356833877,0.6174196237025715,2023-12-16T16:00Z,28.135098965472555,23.30754006472362,4.827558900748933,20
401551751,2023,31,2023-12-16T19:15Z,309,55,Louisiana Ragin' Cajuns,Jacksonville State Gamecocks,31,34,True,True,0.5107605164725446,0,0.4385744680081434,0.41552375433969924,0.39389397360169753,2023-12-16T16:00Z,25.681744639936884,28.059029306059873,-2.377284666122989,-3
401551731,2023,31,2023-12-16T20:30Z,2026,193,Appalachian State Mountaineers,Miami (OH) RedHawks,13,9,True,True,0.46775850694497956,1,0.5348437346493328,0.5787260386184803,0.5771016753366734,2023-12-16T16:00Z,27.156415089863152,25.602078067951602,1.5543370219115502,4
401551732,2023,31,2023-12-16T22:45Z,278,166,Fresno State Bulldogs,New Mexico State Aggies,37,10,True,True,0.6303354975825193,1,0.49293729273996745,0.5156427597402705,0.590146211264875,2023-12-16T16:00Z,25.52671712505225,20.61421346668556,4.912503658366692,27
401551752,2023,31,2023-12-17T00:30Z,68,26,Boise State Broncos,UCLA Bruins,22,35,True,True,0.5625497602762585,0,0.6001970323369014,0.6362429005304887,0.49967075098524016,2023-12-16T16:00Z,23.311193492808634,23.800451600767424,-0.4892581079587899,-13
401551753,2023,31,2023-12-17T02:15Z,2641,25,Texas Tech Red Raiders,California Golden Bears,34,14,True,True,0.5509474748100467,1,0.5133458167634732,0.5853262742897323,0.5395132421695467,2023-12-16T16:00Z,29.137742040996383,29.775915571800738,-0.6381735308043552,20
401551469,2023,31,2023-12-18T19:30Z,295,98,Old Dominion Monarchs,Western Kentucky Hilltoppers,35,38,True,True,0.36307937679970453,0,0.4416081125763611,0.3741071761642884,0.4079689524710369,2023-12-16T16:00Z,24.05845481309379,26.994116942556253,-2.9356621294624645,-3
401551735,2023,31,2023-12-20T02:00Z,276,2636,Marshall Thundering Herd,UTSA Roadrunners,17,35,True,True,0.3110075787404131,0,0.31108838193941335,0.2655300754570642,0.3005085572971578,2023-12-16T16:00Z,21.52775167536638,29.741116658927115,-8.213364983560737,-18
401551737,2023,31,2023-12-22T01:00Z,183,58,Syracuse Orange,South Florida Bulls,0,45,True,True,0.7336493939004272,0,0.6552620675429991,0.5979451668964915,0.7448150318071465,2023-12-16T16:00Z,36.013400934701245,25.9205095719579,10.092891362743345,-45
401551754,2023,31,2023-12-22T23:30Z,2116,59,UCF Knights,Georgia Tech Yellow Jackets,17,30,True,True,0.5748158862690909,0,0.5775250028369134,0.6995313415205318,0.6770442304194936,2023-12-16T16:00Z,31.17409330104747,28.470868708518555,2.7032245925289153,-13
401551739,2023,31,2023-12-23T17:00Z,150,2653,Duke Blue Devils,Troy Trojans,17,10,True,True,0.3952920821964618,1,0.4003722756492484,0.29982281942262046,0.4805918681577317,2023-12-16T16:00Z,19.152848828160156,20.637055520582688,-1.4842066924225321,7
401551741,2023,31,2023-12-23T17:00Z,2459,2032,Northern Illinois Huskies,Arkansas State Red Wolves,21,19,True,True,0.5690185449208223,1,0.6009410977124253,0.6229470065450653,0.5817352826856713,2023-12-16T16:00Z,30.03335003965359,29.283638387925176,0.7497116517284148,2
401551742,2023,31,2023-12-23T20:30Z,2005,256,Air Force Falcons,James Madison Dukes,31,21,True,True,0.33689151287842467,1,0.3663697303207506,0.34947669200915027,0.27016783727500515,2023-12-16T16:00Z,20.243499282169587,27.526031407761266,-7.282532125591679,10
401551743,2023,31,2023-12-23T20:30Z,328,2247,Utah State Aggies,Georgia State Panthers,22,45,True,True,0.43116248242119654,0,0.557013747918644,0.540830865213648,0.47544132410672013,2023-12-16T16:00Z,32.265266685259306,33.666339594473726,-1.4010729092144203,-23
401551755,2023,31,2023-12-24T00:00Z,6,2199,South Alabama Jaguars,Eastern Michigan Eagles,59,10,False,True,0.8365373895155964,1,0.8803852511346633,0.8640551478773318,0.9238980512360586,2023-12-16T16:00Z,32.40196226104049,14.99304208886998,17.408920172170507,49
401551744,2023,31,2023-12-24T00:30Z,77,254,Northwestern Wildcats,Utah Utes,14,7,True,True,0.41757504494860104,1,0.3036289751269443,0.23976697484601128,0.2465452426883055,2023-12-16T16:00Z,17.759299419439905,24.554635480352022,-6.795336060912117,7
401551746,2023,31,2023-12-24T03:30Z,23,324,San José State Spartans,Coastal Carolina Chanticleers,14,24,True,True,0.7073933994113066,0,0.6684191657443914,0.6517836158461583,0.6723420259392552,2023-12-16T16:00Z,30.72439381906397,23.614445426910848,7.109948392153122,-10
401551756,2023,31,2023-12-26T19:00Z,135,189,Minnesota Golden Gophers,Bowling Green Falcons,30,24,True,True,0.6207018414757728,1,0.5473894907186394,0.521018247956581,0.5732584417339585,2023-12-16T16:00Z,27.992621031899642,22.075135203094433,5.917485828805209,6
401551748,2023,31,2023-12-26T22:30Z,242,326,Rice Owls,Texas State Bobcats,21,45,True,True,0.5589635488708272,0,0.6159837382911889,0.5293775285209789,0.5720187956532784,2023-12-16T16:00Z,34.827045858002116,32.53847950671427,2.288566351287848,-24
401551757,2023,31,2023-12-27T02:00Z,2439,2305,UNLV Rebels,Kansas Jayhawks,36,49,True,True,0.22551853807364056,0,0.338602039886445,0.3533165101230236,0.23556224457550537,2023-12-16T16:00Z,28.15746528775131,39.34271971274958,-11.185254424998266,-13
401551758,2023,31,2023-12-27T19:00Z,2655,259,Tulane Green Wave,Virginia Tech Hokies,20,41,True,True,0.4899902654358083,0,0.5390864427262556,0.5772595173922397,0.4862500852383658,2023-12-16T16:00Z,22.434723645893655,24.427124485452396,-1.9924008395587407,-21
401551761,2023,31,2023-12-27T22:30Z,277,153,West Virginia Mountaineers,North Carolina Tar Heels,30,10,True,True,0.3762602153887454,1,0.4172650302959531,0.46114077209635895,0.4355919991621083,2023-12-16T16:00Z,31.559979044631074,35.91897606550649,-4.358997020875417,20
401581109,2023,31,2023-12-28T01:00Z,30,97,USC Trojans,Louisville Cardinals,42,28,True,True,0.4054640740810513,1,0.5046336321585538,0.4209051880379059,0.5003480025099949,2023-12-16T16:00Z,32.19502208293369,36.25429363183097,-4.059271548897279,14
401551749,2023,31,2023-12-28T02:00Z,197,245,Oklahoma State Cowboys,Texas A&M Aggies,31,23,True,True,0.3148678588840119,1,0.2707243966241955,0.30917270697852683,0.2642508782165456,2023-12-16T16:00Z,24.446517222580272,33.92797570409313,-9.481458481512856,8
401551750,2023,31,2023-12-28T16:00Z,103,2567,Boston College Eagles,SMU Mustangs,23,14,True,True,0.19311953048677483,1,0.17823559593322474,0.09281546299230223,0.09279217378001264,2023-12-16T16:00Z,21.530618572364627,36.63351567056451,-15.102897098199886,9
401551762,2023,31,2023-12-28T19:15Z,2390,164,Miami Hurricanes,Rutgers Scarlet Knights,24,31,True,True,0.6837848225853879,0,0.7180884172324686,0.7362611553923519,0.6848258331600723,2023-12-16T16:00Z,28.96143764563759,21.026626836436694,7.934810809200897,-7
401551764,2023,31,2023-12-28T22:45Z,2306,152,Kansas State Wildcats,NC State Wolfpack,28,19,True,True,0.6927537898295283,1,0.7317784987757605,0.7172388597270271,0.8398987828367259,2023-12-16T16:00Z,29.54727957955572,20.60753035334315,8.93974922621257,9
401551765,2023,31,2023-12-29T02:15Z,201,12,Oklahoma Sooners,Arizona Wildcats,24,38,True,True,0.7063586968263357,0,0.7537362259270604,0.6962296015664913,0.7808762483195371,2023-12-16T16:00Z,37.054302011321454,29.282736556614296,7.771565454707158,-14
401551766,2023,31,2023-12-29T17:00Z,96,228,Kentucky Wildcats,Clemson Tigers,35,38,True,True,0.408348837922909,0,0.3415476579422814,0.3469943738896363,0.3763133081913203,2023-12-16T16:00Z,20.574067286637025,24.852642971546125,-4.2785756849091,-3
401551798,2023,31,2023-12-29T19:00Z,87,204,Notre Dame Fighting Irish,Oregon State Beavers,40,8,True,True,0.6863225215836462,1,0.7482174246017352,0.6954980436271505,0.706748445806377,2023-12-16T16:00Z,31.181580981900716,22.69834841471031,8.483232567190406,32
401551767,2023,31,2023-12-29T20:30Z,235,66,Memphis Tigers,Iowa State Cyclones,36,26,True,True,0.37589573342402643,1,0.30297146549592946,0.40445093515337655,0.3094305277727457,2023-12-16T16:00Z,24.499780572150392,31.7528703746403,-7.253089802489907,10
401551768,2023,31,2023-12-30T01:00Z,194,142,Ohio State Buckeyes,Missouri Tigers,3,14,True,True,0.7457611802930538,0,0.8301718966133548,0.8053629620566412,0.8052759584407525,2023-12-16T16:00Z,31.44411316737245,18.478230785415853,12.965882381956597,-11
401551769,2023,31,2023-12-30T17:00Z,213,145,Penn State Nittany Lions,Ole Miss Rebels,25,38,True,True,0.7245249849721126,0,0.7832423066843066,0.7696158227148804,0.8366543629728727,2023-12-16T16:00Z,32.786644073501904,21.300934533087723,11.485709540414181,-13
401551770,2023,31,2023-12-30T19:00Z,120,2,Maryland Terrapins,Auburn Tigers,31,13,True,True,0.44134904060876146,1,0.48678357016452345,0.5091382095100947,0.512834462346846,2023-12-16T16:00Z,22.40169408184901,25.10301699400092,-2.7013229121519124,18
401551773,2023,31,2023-12-30T21:00Z,52,61,Florida State Seminoles,Georgia Bulldogs,3,63,True,True,0.22354040421324686,0,0.3191438317308372,0.2767782112535504,0.39550457933946465,2023-12-16T16:00Z,19.285568496990255,30.735961048415337,-11.450392551425082,-60
401554566,2023,31,2023-12-30T21:30Z,2751,2649,Wyoming Cowboys,Toledo Rockets,16,15,True,True,0.4603989146683019,1,0.3929725547802619,0.35913779759449815,0.4720890519948535,2023-12-16T16:00Z,22.721352668734582,24.332570536947344,-1.611217868212762,1
401551778,2023,31,2024-01-01T17:00Z,99,275,LSU Tigers,Wisconsin Badgers,35,31,True,True,0.8162755822421067,1,0.8439912122120218,0.8174548989009591,0.8656837473916565,2023-12-16T16:00Z,39.12798593021664,23.11559484573575,16.01239108448089,4
401551782,2023,31,2024-01-01T18:00Z,2483,2335,Oregon Ducks,Liberty Flames,45,6,True,True,0.8264726427386739,1,0.8284265024728708,0.7344719228194998,0.8883022390655148,2023-12-16T16:00Z,40.495045266588676,24.301846536156745,16.19319873043193,39
401551780,2023,31,2024-01-01T18:00Z,2633,2294,Tennessee Volunteers,Iowa Hawkeyes,35,0,True,True,0.6789353623924885,1,0.6803171913744479,0.7388412677443816,0.7396892829673454,2023-12-16T16:00Z,20.141023473300447,13.846650721492288,6.294372751808158,35
401551786,2023,31,2024-01-01T22:00Z,130,333,Michigan Wolverines,Alabama Crimson Tide,27,20,True,True,0.5492546456453388,1,0.6116450747980369,0.6075716733083064,0.7109961121818406,2023-12-16T16:00Z,27.18542777432726,26.110009341151553,1.075418433175706,7
401551788,2023,31,2024-01-02T02:00Z,264,251,Washington Huskies,Texas Longhorns,37,31,True,True,0.3916719970047907,1,0.3087620349146347,0.29934166073501867,0.33591959810846617,2023-12-16T16:00Z,27.829532391542074,32.76024718981037,-4.930714798268298,6
401551789,2023,31,2024-01-09T00:30Z,130,264,Michigan Wolverines,Washington Huskies,34,13,True,True,0.7550342364651336,1,0.8000179084969258,0.7786283253837532,0.7896023137574429,2023-12-16T16:00Z,35.76380881546791,23.611413199942852,12.152395615525059,21
401635525,2024,1,2024-08-24T16:00Z,59,52,Georgia Tech Yellow Jackets,Florida State Seminoles,24,21,True,True,0.2527255042391859,1,0.21792620411453628,0.2934183075390206,0.24054528151323085,2024-08-24T16:00Z,22.62971832088834,33.76300236834242,-11.13328404745408,3
401643696,2024,1,2024-08-25T00:00Z,2440,2567,Nevada Wolf Pack,SMU Mustangs,24,29,False,True,0.18818872573272713,0,0.18870762474606173,0.17498472755205868,0.11620650445521431,2024-08-24T16:00Z,19.984697097055932,35.092623934852114,-15.107926837796182,-5
401640998,2024,1,2024-08-30T00:00Z,55,324,Jacksonville State Gamecocks,Coastal Carolina Chanticleers,27,55,False,True,0.6065879794094204,0,0.5378655492561388,0.678361132246712,0.6056935966278346,2024-08-24T16:00Z,28.842788345147998,24.492219665037496,4.350568680110502,-28
401628448,2024,1,2024-08-30T01:00Z,135,153,Minnesota Golden Gophers,North Carolina Tar Heels,17,19,False,True,0.33870091880430475,0,0.4219947723954671,0.5177933083868677,0.4209969987321083,2024-08-24T16:00Z,26.293116749051265,33.26019143755658,-6.967074688505313,-2
401628328,2024,1,2024-08-30T23:00Z,201,218,Oklahoma Sooners,Temple Owls,51,3,False,True,0.9710274451536708,1,0.9690461430409326,0.9284679255732535,0.9731774340214083,2024-08-24T16:00Z,49.116632129601285,13.146632391742209,35.96999973785908,48
401628453,2024,1,2024-08-30T23:00Z,127,2226,Michigan State Spartans,Florida Atlantic Owls,16,10,False,True,0.6789001091690339,1,0.6623943581177556,0.5587519059718489,0.5866936637104391,2024-08-24T16:00Z,28.6860814876443,21.09318048168132,7.5929010059629825,6
401628461,2024,1,2024-08-31T01:00Z,275,2711,Wisconsin Badgers,Western Michigan Broncos,28,14,False,True,0.8857958511897137,1,0.8933484004021346,0.8113039738698677,0.8643314421416476,2024-08-24T16:00Z,36.72375477597879,15.783002325651026,20.940752450327764,14
401634300,2024,1,2024-08-31T02:30Z,24,2628,Stanford Cardinal,TCU Horned Frogs,27,34,False,True,0.3120755754576929,0,0.31575785633138487,0.2704371252472937,0.2540828674457939,2024-08-24T16:00Z,24.70299012182362,32.916196290929534,-8.213206169105913,-7
401628323,2024,1,2024-08-31T16:00Z,61,228,Georgia Bulldogs,Clemson Tigers,34,3,True,True,0.8344218317504586,1,0.8373412635459397,0.8072904972826869,0.8073650402958131,2024-08-24T16:00Z,35.71978601022238,19.111229318918234,16.608556691304145,31
401628457,2024,1,2024-08-31T16:00Z,277,213,West Virginia Mountaineers,Penn State Nittany Lions,12,34,False,True,0.17767063224105878,0,0.1919816844509286,0.3328942040272388,0.24201067160681844,2024-08-24T16:00Z,19.44715307335238,35.277907606913224,-15.830754533560846,-22
401628333,2024,1,2024-08-31T16:00Z,238,259,Vanderbilt Commodores,Virginia Tech Hokies,34,27,False,True,0.33527687416054525,1,0.2963263111360859,0.3002746301460405,0.3054631259673183,2024-08-24T16:00Z,26.70352290036998,33.827977138340486,-7.124454237970507,7
401628451,2024,1,2024-08-31T16:00Z,120,41,Maryland Terrapins,UConn Huskies,50,7,False,True,0.8696921275660369,1,0.9286430539442682,0.8566508773489556,0.9041804701672191,2024-08-24T16:00Z,36.12969992111415,16.732013235759467,19.397686685354685,43
401634305,2024,1,2024-08-31T16:00Z,221,2309,Pittsburgh Panthers,Kent State Golden Flashes,55,24,False,True,0.8676557289139857,1,0.874013151361292,0.8089700964271911,0.8794399854535728,2024-08-24T16:00Z,35.98599744304997,16.771628759777652,19.214368683272316,31
401628455,2024,1,2024-08-31T19:30Z,194,2006,Ohio State Buckeyes,Akron Zips,52,6,False,True,0.9922070742688135,1,0.9880690845443457,0.9537241210432671,0.980330230579544,2024-08-24T16:00Z,49.98081751908058,0.30423175795679924,49.67658576112378,46
401628331,2024,1,2024-08-31T19:30Z,251,36,Texas Longhorns,Colorado State Rams,52,0,False,True,0.9728589593222577,1,0.9703639678954564,0.9078756919817473,0.9456478018062654,2024-08-24T16:00Z,45.92470029325479,9.264740842066317,36.65995945118847,52
401628322,2024,1,2024-08-31T19:30Z,57,2390,Florida Gators,Miami Hurricanes,17,41,False,True,0.6188368609116062,0,0.5251387653419894,0.5801689795008014,0.5346116495775288,2024-08-24T16:00Z,32.68116037218987,27.800468950708247,4.880691421481625,-24
401628449,2024,1,2024-08-31T19:30Z,84,2229,Indiana Hoosiers,Florida International Panthers,31,7,False,True,0.8228682409146427,1,0.7945674339626932,0.7576812100869277,0.812764478645746,2024-08-24T16:00Z,36.800038604633876,21.123314644172634,15.676723960461242,24
401628454,2024,1,2024-08-31T19:30Z,158,2638,Nebraska Cornhuskers,UTEP Miners,40,7,False,True,0.9120513902146532,1,0.8696795758218436,0.7427376306580982,0.7930495090805408,2024-08-24T16:00Z,33.8819526021746,9.95852427187691,23.92342833029769,33
401629039,2024,1,2024-08-31T19:30Z,113,2199,Massachusetts Minutemen,Eastern Michigan Eagles,14,28,False,True,0.5133643432921322,0,0.44906711160242024,0.4592395527494536,0.5007886844629884,2024-08-24T16:00Z,28.929198380583312,28.476071731486005,0.4531266490973067,-14
401634304,2024,1,2024-08-31T19:30Z,183,195,Syracuse Orange,Ohio Bobcats,38,22,False,True,0.5188728379093466,1,0.5437871192801964,0.42069786439383716,0.46691720814274484,2024-08-24T16:00Z,23.595499081240074,22.915860348486923,0.6796387327531512,16
401641015,2024,1,2024-08-31T19:30Z,2636,338,UTSA Roadrunners,Kennesaw State Owls,28,16,False,True,0.6313684002886542,1,0.778104870075966,0.7095283518913402,0.6002642694906655,2024-08-24T16:00Z,30.998223426826595,25.568353023867584,5.429870402959011,12
401644683,2024,1,2024-08-31T19:30Z,77,193,Northwestern Wildcats,Miami (OH) RedHawks,13,6,False,True,0.6949140091786867,1,0.6120652082619653,0.5520329317227473,0.6297081147076012,2024-08-24T16:00Z,26.875249669410298,18.517563347678575,8.357686321731723,7
401643700,2024,1,2024-08-31T20:00Z,290,68,Georgia Southern Eagles,Boise State Broncos,45,56,False,True,0.35004952155704044,0,0.2991477388750192,0.345853381496098,0.32662010177317186,2024-08-24T16:00Z,28.11597337238455,34.56683722584831,-6.450863853463762,-11
401628329,2024,1,2024-08-31T20:15Z,2579,295,South Carolina Gamecocks,Old Dominion Monarchs,23,19,False,True,0.8216437854256319,1,0.8260468803661607,0.6935437646381689,0.7575122280596426,2024-08-24T16:00Z,33.97699744264301,18.386310415726122,15.59068702691689,4
401643775,2024,1,2024-08-31T21:00Z,6,249,South Alabama Jaguars,North Texas Mean Green,38,52,False,True,0.723019374822793,0,0.7656549909645479,0.7586402991308039,0.8088527916592552,2024-08-24T16:00Z,37.1551516106378,27.397815809955596,9.757335800682206,-14
401628319,2024,1,2024-08-31T23:00Z,333,98,Alabama Crimson Tide,Western Kentucky Hilltoppers,63,0,False,True,0.9809786929704786,1,0.9742094664025976,0.8581837098283864,0.9060344172698548,2024-08-24T16:00Z,49.88605770263276,9.490124738657506,40.395932963975255,63
401636611,2024,1,2024-08-31T23:00Z,248,2439,Houston Cougars,UNLV Rebels,7,27,False,True,0.5982273365541566,0,0.5626290153573732,0.5729633054298988,0.4859326981537718,2024-08-24T16:00Z,33.855973014035925,29.86388526530009,3.992087748735834,-20
401641039,2024,1,2024-08-31T23:00Z,242,2534,Rice Owls,Sam Houston Bearkats,14,34,False,True,0.5829414509008143,0,0.6800732598640662,0.6118489466506132,0.6283519578601129,2024-08-24T16:00Z,28.735287085575873,25.392470990733223,3.34281609484265,-20
401643701,2024,1,2024-08-31T23:00Z,2653,2440,Troy Trojans,Nevada Wolf Pack,26,28,False,True,0.8712796191667599,0,0.9054399462112146,0.8951559015026203,0.9164849689660116,2024-08-24T16:00Z,32.517733177468145,12.975442665452597,19.542290512015548,-2
401628332,2024,1,2024-08-31T23:30Z,245,87,Texas A&M Aggies,Notre Dame Fighting Irish,13,23,False,True,0.425667821018139,0,0.3833929108214318,0.3840826614599342,0.3761621412811055,2024-08-24T16:00Z,26.433629883448695,29.605772459905992,-3.172142576457297,-10
401628452,2024,1,2024-08-31T23:30Z,130,278,Michigan Wolverines,Fresno State Bulldogs,30,10,False,True,0.9561973045574962,1,0.9493137969488777,0.87843363599694,0.9248187796733807,2024-08-24T16:00Z,42.95686045826853,11.389704188411748,31.56715626985678,20
401628459,2024,1,2024-08-31T23:30Z,62,26,Hawai'i Rainbow Warriors,UCLA Bruins,13,16,False,True,0.19466010427943,0,0.25854574065684827,0.26658366633996156,0.16955190786251498,2024-08-24T16:00Z,19.274437628226323,33.952971214257744,-14.67853358603142,-3
401628324,2024,1,2024-08-31T23:45Z,96,2572,Kentucky Wildcats,Southern Miss Golden Eagles,31,0,False,True,0.9268498561254747,1,0.9166473695528757,0.8319636765386814,0.8905734303178723,2024-08-24T16:00Z,41.786345742206855,15.805621626326989,25.980724115879866,31
401634302,2024,1,2024-09-01T00:00Z,59,2247,Georgia Tech Yellow Jackets,Georgia State Panthers,35,12,False,True,0.7558640126711705,1,0.7412467284531323,0.6397285705844118,0.7085270518111708,2024-08-24T16:00Z,35.0204146386039,23.51064059759311,11.509774041010793,23
401643774,2024,1,2024-09-01T00:00Z,2429,256,Charlotte 49ers,James Madison Dukes,7,30,False,True,0.18667032611100848,0,0.27562242134456194,0.193580852879711,0.1440466058371525,2024-08-24T16:00Z,18.989148372424626,34.19945906246374,-15.210310690039112,-23
401636608,2024,1,2024-09-01T02:30Z,12,167,Arizona Wildcats,New Mexico Lobos,61,39,False,True,0.9262503125895836,1,0.9365402206492159,0.8698467070824456,0.935852425360027,2024-08-24T16:00Z,43.55987456459261,17.66962058170268,25.89025398288993,22
401636609,2024,1,2024-09-01T02:30Z,9,2751,Arizona State Sun Devils,Wyoming Cowboys,48,7,False,True,0.5770626817157553,1,0.49509653161818906,0.42590408043856587,0.4382777375029944,2024-08-24T16:00Z,25.70773662530374,22.612752802565513,3.094983822738225,41
401628334,2024,1,2024-09-01T23:30Z,99,30,LSU Tigers,USC Trojans,20,27,True,True,0.7286055833278087,0,0.7062580373156513,0.6768423589261305,0.6393474371141132,2024-08-24T16:00Z,44.86224245753976,34.72066096216312,10.141581495376634,-7
401634306,2024,1,2024-09-02T23:30Z,52,103,Florida State Seminoles,Boston College Eagles,13,28,False,True,0.8773722515675124,0,0.8760903120788801,0.827183918364508,0.8743323131390619,2024-08-24T16:00Z,36.87724539895787,16.765442685566303,20.111802713391565,-15
401634765,2024,2,2024-09-06T23:00Z,2567,252,SMU Mustangs,BYU Cougars,15,18,False,True,0.7177392105085572,0,0.6753937015391765,0.8127300987582923,0.7558494008088561,2024-09-06T23:00Z,31.578329441718658,22.747917225008536,8.830412216710123,-3
401635533,2024,2,2024-09-07T01:00Z,77,150,Northwestern Wildcats,Duke Blue Devils,20,26,False,True,0.5512910204389909,0,0.5156579065097836,0.5290876994343362,0.4443525252019805,2024-09-06T23:00Z,22.30240668956383,20.03472272312888,2.2676839664349515,-6
401628347,2024,2,2024-09-07T16:00Z,130,251,Michigan Wolverines,Texas Longhorns,12,31,False,True,0.5545078039103107,0,0.4634425190542375,0.5610584840893487,0.46415237444174245,2024-09-06T23:00Z,26.940799054294857,23.91545988831615,3.025339165978707,-19
401628470,2024,2,2024-09-07T16:00Z,213,189,Penn State Nittany Lions,Bowling Green Falcons,34,27,False,True,0.9680427023729022,1,0.9726218151513141,0.9076920011687415,0.9476316766601812,2024-09-06T23:00Z,41.97053538529694,7.623190431264426,34.347344954032515,7
401628336,2024,2,2024-09-07T16:00Z,197,8,Oklahoma State Cowboys,Arkansas Razorbacks,39,31,False,True,0.6515355394065103,1,0.6031750857512415,0.685881130731397,0.6892073753711544,2024-09-06T23:00Z,32.013767646498906,25.361979213556495,6.651788432942411,8
401636616,2024,2,2024-09-07T16:00Z,2655,2306,Tulane Green Wave,Kansas State Wildcats,27,34,False,True,0.30526969144375743,0,0.3451388294405979,0.4265917492256661,0.23392231772536046,2024-09-06T23:00Z,21.181139310568483,29.621652980549886,-8.440513669981403,-7
401635534,2024,2,2024-09-07T16:00Z,183,59,Syracuse Orange,Georgia Tech Yellow Jackets,31,28,False,True,0.4179164482027244,1,0.3558370603630822,0.4238168444554449,0.3913647886618263,2024-09-06T23:00Z,24.162516895672507,28.45933806222188,-4.296821166549375,3
401628471,2024,2,2024-09-07T16:00Z,164,2006,Rutgers Scarlet Knights,Akron Zips,49,17,False,True,0.8922258651723177,1,0.9193682874172705,0.8264421681792329,0.9278901167684174,2024-09-06T23:00Z,35.009032594366346,13.497654015152573,21.511378579213773,32
401635538,2024,2,2024-09-07T16:00Z,2132,221,Cincinnati Bearcats,Pittsburgh Panthers,27,28,False,True,0.47595385564794934,0,0.3722922964011162,0.44202689259791716,0.4167623483090305,2024-09-06T23:00Z,25.34009304233848,26.32822146633584,-0.9881284239973596,-1
401643784,2024,2,2024-09-07T16:00Z,235,2653,Memphis Tigers,Troy Trojans,38,17,False,True,0.6245001908260903,1,0.6733364463685787,0.5823169846678709,0.6154834210574205,2024-09-06T23:00Z,29.025416508088284,24.358846783933565,4.666569724154719,21
401645323,2024,2,2024-09-07T16:00Z,2226,349,Florida Atlantic Owls,Army Black Knights,7,24,False,True,0.6621412446832694,0,0.5858002650581787,0.5343454410738309,0.5446688353693347,2024-09-06T23:00Z,23.40826528147885,16.7070166111447,6.701248670334152,-17
401628977,2024,2,2024-09-07T19:30Z,87,2459,Notre Dame Fighting Irish,Northern Illinois Huskies,14,16,False,True,0.9680531030248981,0,0.9591588420217232,0.8925012636851697,0.9413769699077198,2024-09-06T23:00Z,40.987043953905236,5.991160802026451,34.995883151878786,-2
401636618,2024,2,2024-09-07T19:30Z,254,239,Utah Utes,Baylor Bears,23,12,False,True,0.7699483683522035,1,0.7549241579844743,0.7842938237293029,0.8101547897367408,2024-09-06T23:00Z,30.162434526985532,17.649925577507208,12.512508949478324,11
401628464,2024,2,2024-09-07T19:30Z,2294,66,Iowa Hawkeyes,Iowa State Cyclones,19,20,False,True,0.5683058646556876,0,0.5226918734386399,0.5425990576830639,0.48566095296974504,2024-09-06T23:00Z,19.880702053989822,16.2287779974214,3.651924056568422,-1
401635535,2024,2,2024-09-07T19:30Z,97,55,Louisville Cardinals,Jacksonville State Gamecocks,49,14,False,True,0.8876545730680739,1,0.8606765046595122,0.764258032383323,0.8944131779433504,2024-09-06T23:00Z,39.00781067615621,17.953251366159193,21.054559309997018,35
401628337,2024,2,2024-09-07T19:30Z,2,25,Auburn Tigers,California Golden Bears,14,21,False,True,0.7471182974911427,0,0.7200082759333533,0.6624673010132971,0.6470757221304396,2024-09-06T23:00Z,31.38528221278398,20.223860253821574,11.161421958962407,-7
401628340,2024,2,2024-09-07T19:30Z,96,2579,Kentucky Wildcats,South Carolina Gamecocks,6,31,False,True,0.7089088628081927,0,0.754812552727031,0.7552554891028239,0.7435729154276547,2024-09-06T23:00Z,28.9399656107117,19.901202133042403,9.038763477669296,-25
401628465,2024,2,2024-09-07T19:30Z,120,127,Maryland Terrapins,Michigan State Spartans,24,27,False,True,0.8264466378964394,0,0.8354353163434931,0.8418126801830548,0.8993993625794215,2024-09-06T23:00Z,31.493460192456016,14.907533196032574,16.585926996423442,-3
401628473,2024,2,2024-09-07T19:30Z,264,2199,Washington Huskies,Eastern Michigan Eagles,30,9,False,True,0.9369055467876327,1,0.9112443646057119,0.8733085883988934,0.931078371667934,2024-09-06T23:00Z,39.20706156905787,12.286743731624963,26.920317837432908,21
401629040,2024,2,2024-09-07T19:30Z,2649,113,Toledo Rockets,Massachusetts Minutemen,38,23,False,True,0.8753145518751225,1,0.9210430381987095,0.908933774775859,0.9048892412402995,2024-09-06T23:00Z,36.50861506922736,16.83781488904127,19.67080018018609,15
401635537,2024,2,2024-09-07T19:30Z,153,2429,North Carolina Tar Heels,Charlotte 49ers,38,20,False,True,0.9406925980584933,1,0.9111456359139894,0.857583080451886,0.9029558498949352,2024-09-06T23:00Z,37.87909290602499,9.773485756113658,28.10560714991133,18
401645324,2024,2,2024-09-07T19:30Z,2426,218,Navy Midshipmen,Temple Owls,38,11,False,True,0.6490157880638288,1,0.7505172024145714,0.7975138060290679,0.8536633032665456,2024-09-06T23:00Z,24.994797909636056,19.115074816155868,5.879723093480187,27
401643783,2024,2,2024-09-07T20:00Z,326,2636,Texas State Bobcats,UTSA Roadrunners,49,10,False,True,0.3816632315191985,1,0.29088870713801396,0.3539778046408514,0.3443808805937498,2024-09-06T23:00Z,26.632134742767903,32.26749826420915,-5.635363521441249,39
401628342,2024,2,2024-09-07T20:15Z,145,2393,Ole Miss Rebels,Middle Tennessee Blue Raiders,52,3,False,True,0.9327317955954039,1,0.9001009181653518,0.8174583237099291,0.8862054357669238,2024-09-06T23:00Z,41.081833908663896,14.743032276997656,26.33880163166624,49
401635540,2024,2,2024-09-07T20:30Z,259,276,Virginia Tech Hokies,Marshall Thundering Herd,31,14,False,True,0.7637670127024873,1,0.7863189924712001,0.6623026255754112,0.663575168232681,2024-09-06T23:00Z,32.32677317275635,21.174502857794348,11.152270314962,17
401640979,2024,2,2024-09-07T22:00Z,2229,2117,Florida International Panthers,Central Michigan Chippewas,52,16,False,True,0.46503553075878323,1,0.36069367187090995,0.3294675708271732,0.34374371310687185,2024-09-06T23:00Z,25.053164447328413,26.30002587758299,-1.246861430254576,36
401643778,2024,2,2024-09-07T22:00Z,295,151,Old Dominion Monarchs,East Carolina Pirates,14,20,False,True,0.7247043325347599,0,0.6493391303651014,0.6213541575844039,0.6622787017493086,2024-09-06T23:00Z,26.63700780953667,16.880435912271178,9.756571897265491,-6
401643781,2024,2,2024-09-07T22:00Z,195,6,Ohio Bobcats,South Alabama Jaguars,27,20,False,True,0.5682996778273673,1,0.47490890320303947,0.5052379452727582,0.4818415776085261,2024-09-06T23:00Z,30.206118685781394,27.421944611532968,2.7841740742484262,7
401628335,2024,2,2024-09-07T23:00Z,333,58,Alabama Crimson Tide,South Florida Bulls,42,16,False,True,0.9868798281013831,1,0.9884529090019257,0.954920483130026,0.9821510896665855,2024-09-06T23:00Z,52.56275677041218,8.658854084083796,43.90390268632838,26
401628344,2024,2,2024-09-07T23:00Z,142,2084,Missouri Tigers,Buffalo Bulls,38,0,False,True,0.9420776379254839,1,0.9414744669353003,0.8649600362806147,0.9327714295433099,2024-09-06T23:00Z,37.32382692539055,9.722241544187565,27.601585381202984,38
401628462,2024,2,2024-09-07T23:00Z,356,2305,Illinois Fighting Illini,Kansas Jayhawks,23,17,False,True,0.4015613727465616,1,0.5387281402013427,0.47685526975393333,0.3507993248232909,2024-09-06T23:00Z,28.172302417321735,31.83989667005288,-3.6675942527311456,6
401635639,2024,2,2024-09-07T23:00Z,154,258,Wake Forest Demon Deacons,Virginia Cavaliers,30,31,False,True,0.6534046416949602,0,0.6326308339916565,0.6628170145079225,0.6056514717806415,2024-09-06T23:00Z,30.3626224931476,23.98945567509017,6.373166818057431,-1
401641016,2024,2,2024-09-07T23:00Z,338,309,Kennesaw State Owls,Louisiana Ragin' Cajuns,10,34,False,True,0.5704980145331601,0,0.41561714759550694,0.576107557563087,0.5677673189423098,2024-09-06T23:00Z,28.008570046206813,25.011905766221187,2.9966642799856267,-24
401643705,2024,2,2024-09-07T23:00Z,2005,23,Air Force Falcons,San José State Spartans,7,17,False,True,0.5693696986132473,0,0.5994479793199536,0.6662615747974181,0.6174546988766377,2024-09-06T23:00Z,26.199382964973452,23.35164808805243,2.847734876921024,-10
401643708,2024,2,2024-09-07T23:00Z,2440,290,Nevada Wolf Pack,Georgia Southern Eagles,17,20,False,True,0.5152261769372027,0,0.6056751948615974,0.5420553039617212,0.5979563098952673,2024-09-06T23:00Z,33.73267983209186,32.64653395522528,1.0861458768665813,-3
401643779,2024,2,2024-09-07T23:00Z,2032,202,Arkansas State Red Wolves,Tulsa Golden Hurricane,28,24,False,True,0.7047821390258745,1,0.735172290874502,0.6482244435352449,0.6755514101075493,2024-09-06T23:00Z,33.191235973232935,24.747025461736072,8.444210511496863,4
401643780,2024,2,2024-09-07T23:00Z,2433,5,UL Monroe Warhawks,UAB Blazers,32,6,False,True,0.4076143353287681,1,0.4165449931092144,0.37629459428683354,0.4060987190251227,2024-09-06T23:00Z,27.702762922183748,31.293887272826055,-3.591124350642307,26
401636617,2024,2,2024-09-07T23:02Z,2116,2534,UCF Knights,Sam Houston Bearkats,45,14,False,True,0.6763386704965947,1,0.7851144521579543,0.6936116233435328,0.6929525295598844,2024-09-06T23:00Z,28.53885175165572,20.87473333345936,7.6641184181963595,31
401628468,2024,2,2024-09-07T23:30Z,194,2711,Ohio State Buckeyes,Western Michigan Broncos,56,0,False,True,0.9853096572954877,1,0.9798834763448445,0.9586619850448308,0.9799024677769034,2024-09-06T23:00Z,47.05151335732952,4.195631880560901,42.855881476768616,56
401628346,2024,2,2024-09-07T23:30Z,152,2633,NC State Wolfpack,Tennessee Volunteers,10,51,True,True,0.27938165206172705,0,0.20737420021528533,0.2892486877303624,0.3045109855973652,2024-09-06T23:00Z,19.21962462846273,29.116185796026492,-9.896561167563764,-41
401628467,2024,2,2024-09-07T23:30Z,158,38,Nebraska Cornhuskers,Colorado Buffaloes,28,10,False,True,0.7553783030945075,1,0.8501098750798545,0.8256911966181844,0.7663024377682299,2024-09-06T23:00Z,30.824486733516967,18.84253280312421,11.981953930392756,18
401628345,2024,2,2024-09-07T23:45Z,201,248,Oklahoma Sooners,Houston Cougars,16,12,False,True,0.9587432792703544,1,0.9576069538248512,0.9059022132851458,0.9673524777903018,2024-09-06T23:00Z,42.651922315959716,10.552887539260421,32.0990347766993,4
401635532,2024,2,2024-09-08T00:00Z,228,2026,Clemson Tigers,App State Mountaineers,66,20,False,True,0.9135867350221188,1,0.8007812871826819,0.5889652481374648,0.5922348557392786,2024-09-06T23:00Z,38.781162359228155,13.847630807410908,24.933531551817246,46
401628469,2024,2,2024-09-08T02:00Z,2483,68,Oregon Ducks,Boise State Broncos,37,34,False,True,0.9137054062886545,1,0.8600523761557874,0.7451496095033634,0.8523631108515072,2024-09-06T23:00Z,44.371411863919086,20.855641016866336,23.51577084705275,3
401636859,2024,2,2024-09-08T02:00Z,265,2641,Washington State Cougars,Texas Tech Red Raiders,37,16,False,True,0.513835676861551,1,0.5209163458518993,0.5389853975708734,0.5496447122137093,2024-09-06T23:00Z,27.08605201949885,26.953453911609873,0.13259810788897752,21
401640989,2024,2,2024-09-08T02:15Z,166,2335,New Mexico State Aggies,Liberty Flames,24,30,False,True,0.3336085125123617,0,0.46060427586803016,0.4014028555948234,0.3458935028702956,2024-09-06T23:00Z,23.33225827720547,29.417002222649288,-6.084743945443819,-6
401628343,2024,2,2024-09-08T02:30Z,9,344,Arizona State Sun Devils,Mississippi State Bulldogs,30,23,False,True,0.6596779424160983,1,0.6240858069324495,0.635953933355889,0.760679466148067,2024-09-06T23:00Z,26.698390762647985,19.630370471154833,7.068020291493152,7
401643709,2024,2,2024-09-08T02:30Z,21,204,San Diego State Aztecs,Oregon State Beavers,0,21,False,True,0.26280405821789465,0,0.23384439709415383,0.3376429514489404,0.18949234491936384,2024-09-06T23:00Z,18.953269602402145,29.642348898449338,-10.689079296047193,-21
401628472,2024,2,2024-09-08T03:00Z,30,328,USC Trojans,Utah State Aggies,48,0,False,True,0.9559350546773753,1,0.9396778851845561,0.8347246546729379,0.9133859918389559,2024-09-06T23:00Z,48.81748112046669,18.38678157218925,30.43069954827744,48
401636867,2024,3,2024-09-12T23:30Z,326,9,Texas State Bobcats,Arizona State Sun Devils,28,31,False,True,0.5597634347174598,0,0.48969079250246983,0.6502263945474398,0.6159518653943525,2024-09-12T23:30Z,31.051437078508044,29.65370767010355,1.3977294084044942,-3
401636863,2024,3,2024-09-13T23:00Z,2305,2439,Kansas Jayhawks,UNLV Rebels,20,23,False,True,0.5765341871024708,0,0.6087028735974687,0.6231280619262028,0.4689034969315294,2024-09-12T23:30Z,27.33218955826808,24.800389921064045,2.531799637204035,-3
401636864,2024,3,2024-09-14T00:00Z,2306,12,Kansas State Wildcats,Arizona Wildcats,31,7,False,True,0.659573711341962,1,0.49796517989752775,0.635007833985503,0.6541541555662893,2024-09-12T23:30Z,34.85030459302762,27.649476108456945,7.200828484570678,24
401628350,2024,3,2024-09-14T16:00Z,275,333,Wisconsin Badgers,Alabama Crimson Tide,10,42,False,True,0.07849477644532679,0,0.05443717147465306,0.14615310164527892,0.06998793710232035,2024-09-12T23:30Z,10.866225680138196,35.32696664513567,-24.460740964997473,-32
401636869,2024,3,2024-09-14T16:00Z,202,197,Tulsa Golden Hurricane,Oklahoma State Cowboys,10,45,False,True,0.23615005218565643,0,0.2792695754822851,0.36704338470350306,0.18906630777527117,2024-09-12T23:30Z,22.807393790171353,35.37320456477491,-12.565810774603555,-35
401628359,2024,3,2024-09-14T16:00Z,2579,99,South Carolina Gamecocks,LSU Tigers,33,36,False,True,0.4118948160188688,0,0.4228057476847444,0.42999089630069565,0.4689934056477923,2024-09-12T23:30Z,24.811948215783957,28.37627039439711,-3.5643221786131534,-3
401628479,2024,3,2024-09-14T16:00Z,130,2032,Michigan Wolverines,Arkansas State Red Wolves,28,18,False,True,0.9492925183032781,1,0.962940760174501,0.919710934280193,0.9461285032028229,2024-09-12T23:30Z,40.24196115443542,9.388434577857197,30.853526576578226,10
401628475,2024,3,2024-09-14T16:00Z,356,2117,Illinois Fighting Illini,Central Michigan Chippewas,30,9,False,True,0.9166015692622111,1,0.9102775614601955,0.8086264181865058,0.9511457841631803,2024-09-12T23:30Z,39.846974288860615,15.065720940725043,24.78125334813557,21
401635542,2024,3,2024-09-14T16:00Z,52,235,Florida State Seminoles,Memphis Tigers,12,20,False,True,0.6419888321954471,0,0.546995373260857,0.4793276168764572,0.41950481680155255,2024-09-12T23:30Z,30.539121745140555,24.495208775289502,6.043912969851053,-8
401635546,2024,3,2024-09-14T16:00Z,152,2348,NC State Wolfpack,Louisiana Tech Bulldogs,30,20,False,True,0.831262491151734,1,0.7498711700010315,0.7147646727492402,0.715623814728913,2024-09-12T23:30Z,34.39473233621066,18.46208491660913,15.93264741960153,10
401636865,2024,3,2024-09-14T16:00Z,193,2132,Miami (OH) RedHawks,Cincinnati Bearcats,16,27,False,True,0.6261530401804055,0,0.6224087500276433,0.6600759491829461,0.6113775183996204,2024-09-12T23:30Z,21.612330748430544,16.761388938591303,4.850941809839242,-11
401636868,2024,3,2024-09-14T16:00Z,2641,249,Texas Tech Red Raiders,North Texas Mean Green,66,21,False,True,0.6223563439041481,1,0.6977380722204097,0.5818067397278903,0.527163690579068,2024-09-12T23:30Z,35.37905393749,29.93991504335318,5.439138894136818,45
401628357,2024,3,2024-09-14T16:45Z,142,103,Missouri Tigers,Boston College Eagles,27,21,False,True,0.8639841005246128,1,0.8789613379861363,0.8441634510656089,0.830855322508454,2024-09-12T23:30Z,32.65040985327049,14.806652087512091,17.843757765758397,6
401629041,2024,3,2024-09-14T17:00Z,2084,113,Buffalo Bulls,Massachusetts Minutemen,34,3,False,True,0.7311479490389754,1,0.7275346937311605,0.711168328655876,0.6686044072920725,2024-09-12T23:30Z,29.774724173720347,19.470385154782377,10.30433901893797,31
401643786,2024,3,2024-09-14T18:00Z,218,324,Temple Owls,Coastal Carolina Chanticleers,20,28,False,True,0.12717157871603518,0,0.15767537175627094,0.15272798952046407,0.043123744547493854,2024-09-12T23:30Z,19.74411163208657,39.347257951918436,-19.603146319831865,-8
401628483,2024,3,2024-09-14T19:30Z,204,2483,Oregon State Beavers,Oregon Ducks,14,49,False,True,0.24568592263193423,0,0.23681440162886527,0.44715442530416283,0.4531696493346672,2024-09-12T23:30Z,18.51606023177243,29.049367283124703,-10.533307051352274,-35
401628358,2024,3,2024-09-14T19:30Z,201,2655,Oklahoma Sooners,Tulane Green Wave,34,19,False,True,0.8698068581202899,1,0.867350726077299,0.776322286988311,0.8291591002815244,2024-09-12T23:30Z,35.951645026981495,16.587942637035013,19.363702389946482,15
401628978,2024,3,2024-09-14T19:30Z,2509,87,Purdue Boilermakers,Notre Dame Fighting Irish,7,66,False,True,0.12093014457095135,0,0.1389714805995422,0.25303547101859747,0.22211919551337408,2024-09-12T23:30Z,14.784894115730678,35.23089941974415,-20.446005304013468,-59
401628353,2024,3,2024-09-14T19:30Z,57,245,Florida Gators,Texas A&M Aggies,20,33,False,True,0.35324188608137885,0,0.3960312258066821,0.4110876415111867,0.3228038346999475,2024-09-12T23:30Z,22.408563699295605,28.41376115717728,-6.005197457881675,-13
401628481,2024,3,2024-09-14T19:30Z,135,2440,Minnesota Golden Gophers,Nevada Wolf Pack,27,0,False,True,0.828760019441682,1,0.7762145885078079,0.7451431621698615,0.729185500721748,2024-09-12T23:30Z,27.12242627027797,11.674103676829738,15.448322593448232,27
401628484,2024,3,2024-09-14T19:30Z,264,265,Washington Huskies,Washington State Cougars,19,24,True,True,0.6637121689651396,0,0.7090324355605854,0.6880059438424753,0.608588362835069,2024-09-12T23:30Z,32.1345376967043,25.15648878301769,6.97804891368661,-5
401635547,2024,3,2024-09-14T19:30Z,221,277,Pittsburgh Panthers,West Virginia Mountaineers,38,34,False,True,0.4707535571438909,1,0.6435948778824101,0.6520242417345574,0.5842481581295491,2024-09-12T23:30Z,25.8656705154896,26.839312233152747,-0.9736417176631456,4
401628477,2024,3,2024-09-14T20:00Z,2294,2653,Iowa Hawkeyes,Troy Trojans,38,21,False,True,0.7673152706655404,1,0.7929409202358276,0.6262430378679593,0.7138207056079626,2024-09-12T23:30Z,23.81230454851564,11.213900169939441,12.5984043785762,17
401643785,2024,3,2024-09-14T20:00Z,151,2026,East Carolina Pirates,App State Mountaineers,19,21,False,True,0.5399207169388397,0,0.7627106962058404,0.656086071513053,0.7854097812192405,2024-09-12T23:30Z,26.402864220238946,24.48030832354697,1.922555896691975,-2
401628351,2024,3,2024-09-14T20:15Z,8,5,Arkansas Razorbacks,UAB Blazers,37,27,False,True,0.880516761250317,1,0.82838632967823,0.7519275875729023,0.8773076130913479,2024-09-12T23:30Z,39.30392446001608,18.68416712146532,20.619757338550755,10
401636870,2024,3,2024-09-14T20:30Z,328,254,Utah State Aggies,Utah Utes,21,38,False,True,0.15549017270773804,0,0.17574168611531524,0.22057309690019752,0.0992222268744864,2024-09-12T23:30Z,15.492734633054303,32.47152835240052,-16.978793719346214,-17
401635544,2024,3,2024-09-14T21:55Z,2390,2050,Miami Hurricanes,Ball State Cardinals,62,0,False,True,0.9663798337926226,1,0.9413455253360546,0.8154765437019398,0.9376939710059862,2024-09-12T23:30Z,40.76579084073134,7.275183448280801,33.49060739245054,62
401629030,2024,3,2024-09-14T22:00Z,150,41,Duke Blue Devils,UConn Huskies,26,21,False,True,0.8691518812964303,1,0.9352479495861356,0.9070110007952772,0.96650988581548,2024-09-12T23:30Z,33.11198427461068,13.779812027711982,19.332172246898693,5
401635548,2024,3,2024-09-14T22:00Z,295,259,Old Dominion Monarchs,Virginia Tech Hokies,17,37,False,True,0.424153210824619,0,0.3899137947109192,0.43494765772204813,0.4239544570201896,2024-09-12T23:30Z,22.90169051174068,25.90804700459126,-3.006356492850582,-20
401640990,2024,3,2024-09-14T22:00Z,2335,2638,Liberty Flames,UTEP Miners,28,10,False,True,0.8949783462186199,1,0.886753563150429,0.8866485508887243,0.918371733377201,2024-09-12T23:30Z,37.559285121178334,16.916789262039938,20.642495859138396,18
401628355,2024,3,2024-09-14T22:30Z,154,145,Wake Forest Demon Deacons,Ole Miss Rebels,6,40,False,True,0.14167502053220937,0,0.12472085992990635,0.18464269819750395,0.09028105350586402,2024-09-12T23:30Z,19.14698032953665,37.20919048956897,-18.06221016003232,-34
401628361,2024,3,2024-09-14T23:00Z,251,2636,Texas Longhorns,UTSA Roadrunners,56,7,False,True,0.9853063503779329,1,0.9707136573113438,0.9341644092818939,0.9861237717024514,2024-09-12T23:30Z,46.21858675419874,3.8988112885723822,42.31977546562636,49
401628362,2024,3,2024-09-14T23:00Z,2247,238,Georgia State Panthers,Vanderbilt Commodores,36,32,False,True,0.42039032700058465,1,0.40686956387880424,0.6111901508518961,0.37313061595799085,2024-09-12T23:30Z,26.129965633846915,28.734990697649412,-2.605025063802497,4
401640999,2024,3,2024-09-14T23:00Z,2199,55,Eastern Michigan Eagles,Jacksonville State Gamecocks,37,34,False,True,0.6262548887631614,1,0.5983762533329656,0.534595377548865,0.7040788985816218,2024-09-12T23:30Z,29.153155020807166,23.19637253768157,5.956782483125597,3
401641017,2024,3,2024-09-14T23:00Z,23,338,San José State Spartans,Kennesaw State Owls,31,10,False,True,0.801596431663896,1,0.9023456728559447,0.8083619998833589,0.869716803936054,2024-09-12T23:30Z,28.39361246492987,14.150489556362368,14.243122908567502,21
401641024,2024,3,2024-09-14T23:00Z,2393,98,Middle Tennessee Blue Raiders,Western Kentucky Hilltoppers,21,49,False,True,0.47298579605973223,0,0.643028176237928,0.5329245901520934,0.5635030485753969,2024-09-12T23:30Z,27.13450234071297,27.871715637480605,-0.737213296767635,-28
401641040,2024,3,2024-09-14T23:00Z,2534,62,Sam Houston Bearkats,Hawai'i Rainbow Warriors,31,13,False,True,0.5983589844329618,1,0.5204246234174332,0.6516747958206454,0.63113932190989,2024-09-12T23:30Z,25.983358558438706,22.12545355455515,3.8579050038835554,18
401643789,2024,3,2024-09-14T23:00Z,2572,58,Southern Miss Golden Eagles,South Florida Bulls,24,49,False,True,0.40206742344917495,0,0.23899049844649714,0.36127321044497995,0.2081643215889784,2024-09-12T23:30Z,26.87682242526774,31.201952646876677,-4.325130221608937,-25
401628354,2024,3,2024-09-14T23:30Z,96,61,Kentucky Wildcats,Georgia Bulldogs,12,13,False,True,0.04010142348399779,0,0.07086776235191383,0.1290903307307738,0.05476138641841543,2024-09-12T23:30Z,7.287178072557907,39.098308513336775,-31.811130440778868,-1
401628352,2024,3,2024-09-14T23:30Z,2,167,Auburn Tigers,New Mexico Lobos,45,19,False,True,0.9158464342980202,1,0.9272338012020827,0.832971809096491,0.850751172765064,2024-09-12T23:30Z,38.09039793377543,12.973064772611645,25.117333161163785,26
401628356,2024,3,2024-09-14T23:30Z,344,2649,Mississippi State Bulldogs,Toledo Rockets,17,41,False,True,0.6807698172426575,0,0.5940703571767396,0.488799015097946,0.5868196767951869,2024-09-12T23:30Z,27.16649661322541,19.76223718598565,7.404259427239758,-24
401628476,2024,3,2024-09-14T23:30Z,26,84,UCLA Bruins,Indiana Hoosiers,13,42,False,True,0.6982777183384685,0,0.591988051671759,0.6958842593973864,0.5316634414407481,2024-09-12T23:30Z,25.626855975810333,17.389070548648405,8.237785427161928,-29
401636860,2024,3,2024-09-14T23:30Z,239,2005,Baylor Bears,Air Force Falcons,31,3,False,True,0.6908845771132885,1,0.5551370935859423,0.4010523590376489,0.4999969798397509,2024-09-12T23:30Z,24.645554728583924,16.847547561802394,7.798007166781531,28
401636861,2024,3,2024-09-14T23:30Z,36,38,Colorado State Rams,Colorado Buffaloes,9,28,False,True,0.4170127822236135,0,0.35557843767395625,0.5400523191405892,0.30906767905617305,2024-09-12T23:30Z,25.223469205024653,28.027922230334177,-2.804453025309524,-19
401636866,2024,3,2024-09-14T23:30Z,2628,2116,TCU Horned Frogs,UCF Knights,34,35,False,True,0.6135337118016642,0,0.5708728215727613,0.5171674097666794,0.3889858644884857,2024-09-12T23:30Z,31.677989781656322,27.11804749073865,4.559942290917672,-1
401640980,2024,3,2024-09-14T23:42Z,2226,2229,Florida Atlantic Owls,Florida International Panthers,38,20,False,True,0.5311953247381239,1,0.548499806756373,0.6373876852128604,0.5345961731251407,2024-09-12T23:30Z,22.999839300870455,21.774635358455285,1.2252039424151704,18
401628360,2024,3,2024-09-14T23:45Z,2633,2309,Tennessee Volunteers,Kent State Golden Flashes,71,0,False,True,0.9888246307566072,1,0.991276852691462,0.9787500861230058,0.9950507158528341,2024-09-12T23:30Z,52.01692025141406,6.005515521059927,46.01140473035413,71
401628478,2024,3,2024-09-15T00:00Z,258,120,Virginia Cavaliers,Maryland Terrapins,13,27,False,True,0.2923978290242893,0,0.25818467755311836,0.3560512799707714,0.27140905227206574,2024-09-12T23:30Z,24.087973674189918,33.557794684224575,-9.469821010034657,-14
401636862,2024,3,2024-09-15T00:00Z,248,242,Houston Cougars,Rice Owls,33,7,False,True,0.7697344544080176,1,0.7790605584928788,0.7158536110418832,0.8163119664617988,2024-09-12T23:30Z,28.7241266006923,16.48886779251127,12.23525880818103,26
401636871,2024,3,2024-09-15T01:00Z,2751,252,Wyoming Cowboys,BYU Cougars,14,34,False,True,0.29245108065721626,0,0.2486098555909509,0.4238848015709088,0.20765947839516388,2024-09-12T23:30Z,16.951435808628347,26.379627725652217,-9.42819191702387,-20
401635541,2024,3,2024-09-15T02:30Z,25,21,California Golden Bears,San Diego State Aztecs,31,10,False,True,0.8700578677283157,1,0.8347622763714129,0.7495378699500933,0.8587461036729144,2024-09-12T23:30Z,31.421358421490762,11.749869095128169,19.671489326362593,21
401641033,2024,3,2024-09-15T02:30Z,278,166,Fresno State Bulldogs,New Mexico State Aggies,48,0,False,True,0.7360304242728931,1,0.7196831291510546,0.6775587521599451,0.6506974452067218,2024-09-12T23:30Z,28.474951827806866,18.081771727892388,10.393180099914478,48
401643790,2024,4,2024-09-19T23:30Z,2026,6,App State Mountaineers,South Alabama Jaguars,14,48,False,True,0.6973362649819036,0,0.47432047941918265,0.5280997678290185,0.5066559622775045,2024-09-19T23:30Z,33.88691153057743,25.74978932007086,8.137122210506568,-34
401634766,2024,4,2024-09-20T23:30Z,183,24,Syracuse Orange,Stanford Cardinal,24,26,False,True,0.6714892285373941,0,0.7133904071357766,0.7588108961273717,0.749065297873953,2024-09-19T23:30Z,30.119962157007187,23.73391923684127,6.386042920165917,-2
401628485,2024,4,2024-09-21T00:00Z,158,356,Nebraska Cornhuskers,Illinois Fighting Illini,24,31,False,True,0.7544254369026329,0,0.7091321831238038,0.6825938977903223,0.7466199638358295,2024-09-19T23:30Z,25.821456110811198,14.59613079361159,11.225325317199609,-7
401643714,2024,4,2024-09-21T02:00Z,265,23,Washington State Cougars,San José State Spartans,54,52,False,True,0.80084143453586,1,0.6284523383877095,0.600613929683139,0.8025230991057876,2024-09-19T23:30Z,29.762426510621,15.481014327114423,14.281412183506578,2
401628492,2024,4,2024-09-21T16:00Z,194,276,Ohio State Buckeyes,Marshall Thundering Herd,49,14,False,True,0.982157110688187,1,0.9885521054775729,0.9628719526551428,0.9835910509945676,2024-09-19T23:30Z,43.38322612630451,2.670635297696407,40.7125908286081,35
401635552,2024,4,2024-09-21T16:00Z,228,152,Clemson Tigers,NC State Wolfpack,59,35,False,True,0.9082116086659286,1,0.8754374658581476,0.7976647027472679,0.8492769140234349,2024-09-19T23:30Z,36.337904271543415,12.450792106192603,23.887112165350814,24
401628367,2024,4,2024-09-21T16:00Z,344,57,Mississippi State Bulldogs,Florida Gators,28,45,False,True,0.3146081900721495,0,0.4410500146609234,0.5289584116048048,0.4205047028982196,2024-09-19T23:30Z,22.18500464349221,30.21586832684846,-8.030863683356252,-17
401628486,2024,4,2024-09-21T16:00Z,84,2429,Indiana Hoosiers,Charlotte 49ers,52,14,False,True,0.9287043324162639,1,0.9182511583506228,0.8927950717005346,0.9435429230129785,2024-09-19T23:30Z,37.08360287967891,11.095758888065827,25.98784399161308,38
401635556,2024,4,2024-09-21T16:00Z,153,256,North Carolina Tar Heels,James Madison Dukes,50,70,False,True,0.6658718937967055,0,0.6134076574637585,0.46369570017808814,0.44765818911296107,2024-09-19T23:30Z,29.70872156611509,22.709613751327804,6.999107814787287,-20
401636873,2024,4,2024-09-21T16:00Z,2132,248,Cincinnati Bearcats,Houston Cougars,34,0,False,True,0.6501331341788703,1,0.5091309528274592,0.5396173998782543,0.5158618503835085,2024-09-19T23:30Z,25.470820819954376,19.32691677977881,6.143904040175567,34
401636879,2024,4,2024-09-21T16:00Z,277,2305,West Virginia Mountaineers,Kansas Jayhawks,32,28,False,True,0.6148318514900845,1,0.4384497700401331,0.47000871507019915,0.4331545563934579,2024-09-19T23:30Z,29.707787943016946,24.916507882716736,4.79128006030021,4
401643791,2024,4,2024-09-21T16:00Z,309,2655,Louisiana Ragin' Cajuns,Tulane Green Wave,33,41,False,True,0.5736548964685523,0,0.6356859357329442,0.6415833384049563,0.5801342766497095,2024-09-19T23:30Z,27.09665473576228,24.215359296275263,2.8812954394870154,-8
401645328,2024,4,2024-09-21T16:00Z,349,242,Army Black Knights,Rice Owls,37,14,False,True,0.8351123761121302,1,0.8663150114055889,0.8174634880006004,0.9037778683623577,2024-09-19T23:30Z,30.221729615294777,13.147464716510822,17.074264898783955,23
401628364,2024,4,2024-09-21T16:45Z,96,195,Kentucky Wildcats,Ohio Bobcats,41,6,False,True,0.8354220826428896,1,0.8306975672692971,0.7019341439204998,0.7799204738952598,2024-09-19T23:30Z,29.445519755492988,12.83790539649215,16.607614359000838,35
401644735,2024,4,2024-09-21T17:00Z,2117,2050,Central Michigan Chippewas,Ball State Cardinals,37,34,False,True,0.41181911009558975,1,0.6780088805438776,0.6610387346997868,0.575010123949755,2024-09-19T23:30Z,23.019622735592662,27.434283943332208,-4.414661207739545,3
401636875,2024,4,2024-09-21T18:00Z,66,2032,Iowa State Cyclones,Arkansas State Red Wolves,52,7,False,True,0.834421720477823,1,0.8841035342537475,0.7848992967337269,0.8180235270865109,2024-09-19T23:30Z,33.178066801519726,16.521648052266755,16.65641874925297,45
401635558,2024,4,2024-09-21T18:00Z,324,258,Coastal Carolina Chanticleers,Virginia Cavaliers,24,43,False,True,0.7222590374281227,0,0.659587508861078,0.756307631840283,0.7234852693643441,2024-09-19T23:30Z,33.18772090625309,23.41391492978645,9.77380597646664,-19
401643715,2024,4,2024-09-21T18:00Z,218,328,Temple Owls,Utah State Aggies,45,29,False,True,0.44359120230493615,1,0.42947369237317723,0.4763489990355744,0.3865166108469044,2024-09-19T23:30Z,28.346767958652887,31.422009925453835,-3.0752419668009487,16
401641000,2024,4,2024-09-21T19:00Z,55,2572,Jacksonville State Gamecocks,Southern Miss Golden Eagles,44,7,False,True,0.663469638148986,1,0.6742277701797718,0.7741889488331608,0.7110957250937066,2024-09-19T23:30Z,36.309963231255686,29.214248464441035,7.095714766814652,37
401628493,2024,4,2024-09-21T19:30Z,213,2309,Penn State Nittany Lions,Kent State Golden Flashes,56,0,False,True,0.9893736739918987,1,0.9931699228840439,0.9864129644152548,0.9956539797092828,2024-09-19T23:30Z,50.13958589644648,3.624554692450296,46.51503120399618,56
401628489,2024,4,2024-09-21T19:30Z,130,30,Michigan Wolverines,USC Trojans,27,24,False,True,0.6096332282042713,1,0.6765368390574321,0.6793794735204273,0.4936902546735404,2024-09-19T23:30Z,28.50368530211298,23.164750872949497,5.3389344291634835,3
401628365,2024,4,2024-09-21T19:30Z,99,26,LSU Tigers,UCLA Bruins,34,17,False,True,0.9218886411498082,1,0.8899475573374014,0.8429434539862728,0.9190467211584558,2024-09-19T23:30Z,40.92569035190547,15.541894416172681,25.383795935732792,17
401628979,2024,4,2024-09-21T19:30Z,87,193,Notre Dame Fighting Irish,Miami (OH) RedHawks,28,3,False,True,0.9693219108729406,1,0.9687163369474737,0.9393183448614655,0.9668534757364071,2024-09-19T23:30Z,36.37434302260536,0.6353747651299315,35.73896825747543,25
401635554,2024,4,2024-09-21T19:30Z,97,59,Louisville Cardinals,Georgia Tech Yellow Jackets,31,19,False,True,0.6544715879337873,1,0.7267280837543667,0.748246462215004,0.7416755738271134,2024-09-19T23:30Z,28.66648949980928,22.021278067596256,6.645211432213024,12
401644736,2024,4,2024-09-21T19:30Z,2459,2084,Northern Illinois Huskies,Buffalo Bulls,20,23,False,True,0.7035909577884343,0,0.8385733114382049,0.7638872536251637,0.8444647601799512,2024-09-19T23:30Z,24.79337739538784,15.964344885641271,8.829032509746568,-3
401628363,2024,4,2024-09-21T19:30Z,2,8,Auburn Tigers,Arkansas Razorbacks,14,24,False,True,0.723076404535179,0,0.6233998471327132,0.653780914875557,0.6827443007811452,2024-09-19T23:30Z,29.957053305565623,20.301782129282962,9.65527117628266,-10
401628494,2024,4,2024-09-21T19:30Z,259,164,Virginia Tech Hokies,Rutgers Scarlet Knights,23,26,False,True,0.6464140075678425,0,0.6144760640658402,0.673682278855403,0.533126923593309,2024-09-19T23:30Z,28.674263094548024,23.35970004520055,5.314563049347473,-3
401636877,2024,4,2024-09-21T19:30Z,2641,9,Texas Tech Red Raiders,Arizona State Sun Devils,30,22,False,True,0.6522425682399732,1,0.6944493907130602,0.7165800266535578,0.6633955558624303,2024-09-19T23:30Z,31.154575807281027,24.84470036120584,6.309875446075186,8
401645329,2024,4,2024-09-21T19:30Z,2426,235,Navy Midshipmen,Memphis Tigers,56,44,False,True,0.23026407098314994,1,0.26550268332277077,0.346682377096113,0.26484757495231215,2024-09-19T23:30Z,17.024897402813696,29.120685814415435,-12.095788411601738,12
401636876,2024,4,2024-09-21T20:00Z,197,254,Oklahoma State Cowboys,Utah Utes,19,22,False,True,0.5789363466077472,0,0.5803405456709104,0.5872425169894542,0.6265289526091976,2024-09-19T23:30Z,26.501726428797845,23.089045121899336,3.4126813068985093,-3
401635553,2024,4,2024-09-21T20:00Z,2393,150,Middle Tennessee Blue Raiders,Duke Blue Devils,17,45,False,True,0.15014265405665028,0,0.18771524439744855,0.23321988694420576,0.0853182871207791,2024-09-19T23:30Z,17.335643991660454,35.38060129008879,-18.044957298428336,-28
401628368,2024,4,2024-09-21T20:15Z,142,238,Missouri Tigers,Vanderbilt Commodores,30,27,False,True,0.8829235061142753,1,0.9092460325629931,0.9089693569917296,0.925024866074066,2024-09-19T23:30Z,38.15714859570099,18.079758424385446,20.077390171315542,3
401635557,2024,4,2024-09-21T21:00Z,2567,2628,SMU Mustangs,TCU Horned Frogs,66,42,False,True,0.4059573456455963,1,0.4604292479142659,0.6266990001465109,0.46726956825050503,2024-09-19T23:30Z,27.09001161480462,30.738646027991976,-3.648634413187356,24
401641028,2024,4,2024-09-21T21:00Z,36,2638,Colorado State Rams,UTEP Miners,27,17,False,True,0.6299138067244535,1,0.5718195418267735,0.5423300517856688,0.540572023401824,2024-09-19T23:30Z,24.173371156788573,18.50213896673572,5.6712321900528515,10
401640991,2024,4,2024-09-21T22:00Z,2335,151,Liberty Flames,East Carolina Pirates,35,24,False,True,0.7212642915344886,1,0.7269427842309626,0.7751210067349085,0.7513637287098117,2024-09-19T23:30Z,26.797259974474578,18.39512299477633,8.402136979698248,11
401635555,2024,4,2024-09-21T23:00Z,58,2390,South Florida Bulls,Miami Hurricanes,15,50,False,True,0.1677767917419026,0,0.10247564685838562,0.2415846609161601,0.12803992855489185,2024-09-19T23:30Z,24.639073889651044,41.31667632241539,-16.677602432764346,-35
401628491,2024,4,2024-09-21T23:00Z,264,77,Washington Huskies,Northwestern Wildcats,24,5,False,True,0.8057383189669374,1,0.8366834726151905,0.8064498543785477,0.8362610359587478,2024-09-19T23:30Z,29.995006542177833,15.464413682936453,14.53059285924138,19
401629031,2024,4,2024-09-21T23:00Z,41,2226,UConn Huskies,Florida Atlantic Owls,48,14,False,True,0.5219978144195973,1,0.43654573677204583,0.473047272529105,0.3082683755964394,2024-09-19T23:30Z,21.79901068717982,21.313056117554453,0.4859545696253669,34
401635551,2024,4,2024-09-21T23:00Z,52,25,Florida State Seminoles,California Golden Bears,14,9,False,True,0.5826564148663343,1,0.6174192496859588,0.5921852964804022,0.4497937903764361,2024-09-19T23:30Z,23.442752977506434,20.78911283829426,2.6536401392121753,5
401641008,2024,4,2024-09-21T23:00Z,2348,202,Louisiana Tech Bulldogs,Tulsa Golden Hurricane,20,23,False,True,0.6304679889396885,0,0.6658711356552331,0.6401409604621052,0.6625570612110058,2024-09-19T23:30Z,30.25229827902285,24.54004219766521,5.712256081357641,-3
401641034,2024,4,2024-09-21T23:00Z,2534,166,Sam Houston Bearkats,New Mexico State Aggies,31,11,False,True,0.7597397674452763,1,0.7278321989557519,0.7013763318688557,0.7909894205530009,2024-09-19T23:30Z,28.604585699704117,16.88416561003603,11.720420089668089,20
401641037,2024,4,2024-09-21T23:00Z,98,2649,Western Kentucky Hilltoppers,Toledo Rockets,26,21,False,True,0.49339990113236204,1,0.2372155594653577,0.3715227317300044,0.275854186113174,2024-09-19T23:30Z,30.80100300844174,31.42923874574982,-0.6282357373080814,5
401643716,2024,4,2024-09-21T23:00Z,249,2751,North Texas Mean Green,Wyoming Cowboys,44,17,False,True,0.6658369205768596,1,0.7246507790529321,0.6873056120142564,0.6815792926359658,2024-09-19T23:30Z,37.90299330039613,31.280229373929217,6.6227639264669165,27
401628369,2024,4,2024-09-21T23:30Z,201,2633,Oklahoma Sooners,Tennessee Volunteers,15,25,False,True,0.3753340365747564,0,0.2937406727325112,0.28792881282096155,0.23412726906239995,2024-09-19T23:30Z,26.802641002325462,32.12621019966373,-5.323569197338269,-10
401628372,2024,4,2024-09-21T23:30Z,245,189,Texas A&M Aggies,Bowling Green Falcons,26,20,False,True,0.9270740494050858,1,0.9124035678064558,0.7726977163557179,0.7788079594785564,2024-09-19T23:30Z,37.24335601436603,11.882807663484353,25.360548350881675,6
401628370,2024,4,2024-09-21T23:30Z,2579,2006,South Carolina Gamecocks,Akron Zips,50,7,False,True,0.9658353577660811,1,0.9626845970362576,0.9282856660325948,0.9690861933625419,2024-09-19T23:30Z,42.821765090955566,8.958617255560196,33.86314783539537,43
401628487,2024,4,2024-09-21T23:30Z,135,2294,Minnesota Golden Gophers,Iowa Hawkeyes,14,31,False,True,0.4651216668262003,0,0.5053512869270853,0.5124067341397097,0.5177588356701306,2024-09-19T23:30Z,17.25564092041961,19.190810411830405,-1.9351694914107966,-17
401628366,2024,4,2024-09-21T23:45Z,145,290,Ole Miss Rebels,Georgia Southern Eagles,52,13,False,True,0.9509777329830814,1,0.9768069027843005,0.9395668908949246,0.9595305458101973,2024-09-19T23:30Z,46.30056757131267,16.77641621612534,29.52415135518733,39
401628371,2024,4,2024-09-22T00:00Z,251,2433,Texas Longhorns,UL Monroe Warhawks,51,3,False,True,0.9853132428640123,1,0.9878739446546364,0.9776254501617209,0.9855153411531584,2024-09-19T23:30Z,44.7972381062203,2.1423445388577704,42.65489356736253,48
401628490,2024,4,2024-09-22T00:00Z,103,127,Boston College Eagles,Michigan State Spartans,23,19,False,True,0.5931514960976476,1,0.5752141881124512,0.6485435418966969,0.706256608571094,2024-09-19T23:30Z,24.344137358628235,19.731152777447285,4.61298458118095,4
401636874,2024,4,2024-09-22T00:00Z,38,239,Colorado Buffaloes,Baylor Bears,38,31,False,True,0.5148509615259973,1,0.42213827231523626,0.4352178852106584,0.44941137716566654,2024-09-19T23:30Z,24.598022398361618,24.71835360733866,-0.12033120897704208,7
401643711,2024,4,2024-09-22T00:30Z,167,278,New Mexico Lobos,Fresno State Bulldogs,21,38,False,True,0.14862175278718784,0,0.10049075262042587,0.15554169409051616,0.07608465389301883,2024-09-19T23:30Z,21.02293351091781,39.48307864394487,-18.460145133027062,-17
401643717,2024,4,2024-09-22T00:30Z,204,2509,Oregon State Beavers,Purdue Boilermakers,38,21,False,True,0.7377886641121195,1,0.8165215183389639,0.8465783074481323,0.9166085177839889,2024-09-19T23:30Z,32.30453043850618,22.023894334930773,10.280636103575404,17
401636872,2024,4,2024-09-22T02:30Z,252,2306,BYU Cougars,Kansas State Wildcats,38,9,False,True,0.24551399448298963,1,0.35624300852814755,0.36414770642836947,0.20897205803728447,2024-09-19T23:30Z,18.196000000506256,29.077771252713596,-10.88177125220734,29
401645331,2024,5,2024-09-26T23:30Z,218,349,Temple Owls,Army Black Knights,14,42,False,True,0.33023502210184313,0,0.250554087045654,0.2293451610663352,0.13957968368612805,2024-09-26T23:30Z,19.121324017814338,27.020410860352598,-7.89908684253826,-28
401634767,2024,5,2024-09-27T23:30Z,2390,259,Miami Hurricanes,Virginia Tech Hokies,38,34,False,True,0.8855297015896594,1,0.9187363656368105,0.8611893961515269,0.9250822679566723,2024-09-26T23:30Z,38.36222405595336,17.35084436229768,21.011379693655684,4
401628501,2024,5,2024-09-28T00:00Z,164,264,Rutgers Scarlet Knights,Washington Huskies,21,18,False,True,0.3968933077944888,1,0.31072783652905905,0.3600385712492228,0.3885886904581757,2024-09-26T23:30Z,21.246652730473333,25.31208636769788,-4.065433637224547,3
401628377,2024,5,2024-09-28T16:00Z,145,96,Ole Miss Rebels,Kentucky Wildcats,17,20,False,True,0.7791595665623879,0,0.8281473892121874,0.8337636736093723,0.8805185920149764,2024-09-26T23:30Z,30.684092757554797,18.61952590508949,12.064566852465308,-3
401628497,2024,5,2024-09-28T16:00Z,130,135,Michigan Wolverines,Minnesota Golden Gophers,27,24,False,True,0.9172334898698982,1,0.9127079873729316,0.8849933826177165,0.886744361887883,2024-09-26T23:30Z,32.03232651247356,7.42481199002666,24.6075145224469,3
401636883,2024,5,2024-09-28T16:00Z,2306,197,Kansas State Wildcats,Oklahoma State Cowboys,42,20,False,True,0.6277095893745613,1,0.693950440431567,0.6678534441064623,0.5784422941987462,2024-09-26T23:30Z,30.623310337828155,25.795234691723987,4.828075646104168,22
401636880,2024,5,2024-09-28T16:00Z,239,252,Baylor Bears,BYU Cougars,28,34,False,True,0.4313914649246167,0,0.4761076123652689,0.42047485466909185,0.28213527162399665,2024-09-26T23:30Z,22.87901384095202,26.216041323536196,-3.337027482584176,-6
401628496,2024,5,2024-09-28T16:00Z,84,120,Indiana Hoosiers,Maryland Terrapins,42,28,False,True,0.49462257970731927,1,0.6075159056709311,0.6030732195739585,0.521281033652346,2024-09-26T23:30Z,26.513421409297298,26.90719533377075,-0.3937739244734537,14
401628499,2024,5,2024-09-28T16:00Z,2509,158,Purdue Boilermakers,Nebraska Cornhuskers,10,28,False,True,0.3306693177624743,0,0.2048882557712384,0.2758739741809063,0.09940173269372919,2024-09-26T23:30Z,22.471699986881482,29.575920137269414,-7.104220150387931,-18
401629032,2024,5,2024-09-28T16:00Z,41,2084,UConn Huskies,Buffalo Bulls,47,3,False,True,0.6915414238364543,1,0.4953173602283469,0.5443496140289654,0.5474345204815312,2024-09-26T23:30Z,27.713984960895598,19.95467949514882,7.7593054657467775,44
401635560,2024,5,2024-09-28T16:00Z,103,98,Boston College Eagles,Western Kentucky Hilltoppers,21,20,False,True,0.568420531670075,1,0.7952204755813809,0.6451973562718041,0.8108870511033421,2024-09-26T23:30Z,29.756907298902796,26.34471690970638,3.4121903891964145,1
401635564,2024,5,2024-09-28T16:00Z,152,2459,NC State Wolfpack,Northern Illinois Huskies,24,17,False,True,0.6969372146555095,1,0.4499158130575221,0.49959572824408255,0.38003844470244724,2024-09-26T23:30Z,29.543076959218933,21.519898049817115,8.023178909401818,7
401645332,2024,5,2024-09-28T16:00Z,5,2426,UAB Blazers,Navy Midshipmen,18,41,False,True,0.27592087011443933,0,0.2510781870735516,0.35425732577363656,0.15074255690148028,2024-09-26T23:30Z,22.675847092530297,32.738297729126515,-10.062450636596218,-23
401645337,2024,5,2024-09-28T16:00Z,2655,58,Tulane Green Wave,South Florida Bulls,45,10,False,True,0.6996386560390938,1,0.7352674571098944,0.754420167840459,0.7312320192242326,2024-09-26T23:30Z,38.16960461426226,29.453635641202407,8.715968973059855,35
401643793,2024,5,2024-09-28T17:30Z,256,2050,James Madison Dukes,Ball State Cardinals,63,7,False,True,0.9454419337169623,1,0.9546331168850181,0.9469884564569919,0.9812211932640108,2024-09-26T23:30Z,47.45553209847628,19.016035968713027,28.439496129763256,56
401641041,2024,5,2024-09-28T19:00Z,2534,326,Sam Houston Bearkats,Texas State Bobcats,40,39,True,True,0.32619646900162275,1,0.3246233551999515,0.37480342913709247,0.2608209294206546,2024-09-26T23:30Z,25.049224846285124,31.83849485808995,-6.789270011804824,1
401628502,2024,5,2024-09-28T19:30Z,30,275,USC Trojans,Wisconsin Badgers,38,21,False,True,0.8353956714112067,1,0.9018687450988342,0.8313135479414187,0.905138653359085,2024-09-26T23:30Z,33.758519781986614,18.389789225209174,15.36873055677744,17
401628980,2024,5,2024-09-28T19:30Z,87,97,Notre Dame Fighting Irish,Louisville Cardinals,31,24,False,True,0.8618952844797265,1,0.8429136015756098,0.7963566628893026,0.7278889742827395,2024-09-26T23:30Z,32.70931634578067,13.903756869178121,18.80555947660255,7
401628375,2024,5,2024-09-28T19:30Z,2,201,Auburn Tigers,Oklahoma Sooners,21,27,False,True,0.288372202000708,0,0.33494825205705625,0.3653894981172435,0.19422620480497343,2024-09-26T23:30Z,17.143349441276,26.395615417974817,-9.252265976698816,-6
401628373,2024,5,2024-09-28T19:30Z,245,8,Texas A&M Aggies,Arkansas Razorbacks,21,17,True,True,0.7896388648256034,1,0.7499525036167638,0.6359513057472705,0.7202332633538496,2024-09-26T23:30Z,32.387695463780645,18.870357812182064,13.51733765159858,4
401629043,2024,5,2024-09-28T19:30Z,193,113,Miami (OH) RedHawks,Massachusetts Minutemen,23,20,False,True,0.882998338909626,1,0.8855752359528927,0.8575835587167462,0.8951917763686138,2024-09-26T23:30Z,30.396518198332092,10.474647170300491,19.921871028031603,3
401635659,2024,5,2024-09-28T19:30Z,154,309,Wake Forest Demon Deacons,Louisiana Ragin' Cajuns,38,41,False,True,0.48194406863267863,0,0.38525727084130945,0.3505641749364432,0.38298578475845285,2024-09-26T23:30Z,28.793503720685436,29.48184910023063,-0.6883453795451935,-3
401636882,2024,5,2024-09-28T19:30Z,2305,2628,Kansas Jayhawks,TCU Horned Frogs,27,38,False,True,0.5593869814071386,0,0.5889064176502946,0.6244466421139057,0.596485235567624,2024-09-26T23:30Z,34.11980244720892,32.33800234309994,1.7818001041089815,-11
401643720,2024,5,2024-09-28T19:30Z,2439,278,UNLV Rebels,Fresno State Bulldogs,59,14,False,True,0.5028384299944791,1,0.502571169178545,0.5103705426627418,0.5607532308521453,2024-09-26T23:30Z,25.926237448879917,25.756216434709945,0.17002101416997206,45
401643721,2024,5,2024-09-28T19:30Z,2117,21,Central Michigan Chippewas,San Diego State Aztecs,22,21,False,True,0.350482666518149,1,0.5739878788763509,0.5569409028816784,0.35878388935345545,2024-09-26T23:30Z,21.81090850429242,28.321392164354485,-6.510483660062064,1
401643792,2024,5,2024-09-28T19:30Z,2247,290,Georgia State Panthers,Georgia Southern Eagles,21,38,False,True,0.6209121203955132,0,0.6911041396504057,0.6824675109527862,0.6097899593146884,2024-09-26T23:30Z,34.619991849418575,29.04506943896793,5.574922410450647,-17
401643794,2024,5,2024-09-28T19:30Z,276,2711,Marshall Thundering Herd,Western Michigan Broncos,27,20,False,True,0.6809407267433125,1,0.738960753131087,0.7542884287430353,0.7839037535192449,2024-09-26T23:30Z,30.03588174667329,22.231843370174158,7.804038376499133,7
401644738,2024,5,2024-09-28T19:30Z,195,2006,Ohio Bobcats,Akron Zips,30,10,False,True,0.826084499973574,1,0.8457557874721917,0.8824029211701772,0.8572599399862079,2024-09-26T23:30Z,33.13533100522606,17.706971222826592,15.428359782399465,20
401644739,2024,5,2024-09-28T19:30Z,2309,2199,Kent State Golden Flashes,Eastern Michigan Eagles,33,52,False,True,0.2993886257821937,0,0.18157921052150197,0.16201399787068316,0.09010782766857756,2024-09-26T23:30Z,23.094205042816576,32.46832153039666,-9.374116487580082,-19
401635562,2024,5,2024-09-28T20:00Z,150,153,Duke Blue Devils,North Carolina Tar Heels,21,20,False,True,0.6516822229157511,1,0.6218994885413875,0.6556862425805523,0.7178956453546927,2024-09-26T23:30Z,35.723034937607316,29.211166697854416,6.5118682397529,1
401645334,2024,5,2024-09-28T20:00Z,151,2636,East Carolina Pirates,UTSA Roadrunners,30,20,False,True,0.585616990253696,1,0.6597164042510584,0.6067718692411711,0.6316104326460289,2024-09-26T23:30Z,23.969288179068048,20.58186294215536,3.387425236912687,10
401628378,2024,5,2024-09-28T20:15Z,251,344,Texas Longhorns,Mississippi State Bulldogs,35,13,False,True,0.9805904263562778,1,0.9819746253694065,0.9806623684246129,0.9938657743057914,2024-09-26T23:30Z,47.580625505649294,7.2557290803624515,40.324896425286845,22
401636885,2024,5,2024-09-28T20:20Z,2116,38,UCF Knights,Colorado Buffaloes,21,48,False,True,0.7073543228102894,0,0.7473065684640601,0.8372520746404115,0.8036493548927891,2024-09-26T23:30Z,33.65262082358759,24.00034471336117,9.65227611022642,-27
401643795,2024,5,2024-09-28T21:00Z,189,295,Bowling Green Falcons,Old Dominion Monarchs,27,30,False,True,0.6958260675323923,0,0.6361472326806326,0.7104714805400782,0.8085315769974238,2024-09-26T23:30Z,29.301832787682955,20.645516544319662,8.656316243363293,-3
401640981,2024,5,2024-09-28T22:00Z,2229,2348,Florida International Panthers,Louisiana Tech Bulldogs,17,10,False,True,0.6043324109132078,1,0.6409768796791466,0.5662153815912703,0.653911419729592,2024-09-26T23:30Z,29.71791926379862,25.270806324044596,4.4471129397540246,7
401635561,2024,5,2024-09-28T23:00Z,228,24,Clemson Tigers,Stanford Cardinal,40,14,False,True,0.9284245450649979,1,0.9132311713571049,0.8942541440439944,0.8822322914793076,2024-09-26T23:30Z,39.637329715777355,13.33881081086228,26.298518904915078,26
401636881,2024,5,2024-09-28T23:00Z,248,66,Houston Cougars,Iowa State Cyclones,0,20,False,True,0.1496108965062004,0,0.17409719395468942,0.27253914507960075,0.10950154033663277,2024-09-26T23:30Z,11.25166425527903,28.768785411653653,-17.51712115637462,-20
401643796,2024,5,2024-09-28T23:00Z,2653,2433,Troy Trojans,UL Monroe Warhawks,9,13,False,True,0.6982955791712173,0,0.6814827879614015,0.8008112843284931,0.6535018231214821,2024-09-26T23:30Z,26.70548276243915,18.25873252692837,8.44675023551078,-4
401645333,2024,5,2024-09-28T23:00Z,242,2429,Rice Owls,Charlotte 49ers,20,21,False,True,0.5513076314405517,0,0.6087776978912977,0.6876656323762091,0.5151910460150577,2024-09-26T23:30Z,24.407314000295266,22.935585850500853,1.4717281497944121,-1
401645336,2024,5,2024-09-28T23:00Z,249,202,North Texas Mean Green,Tulsa Golden Hurricane,52,20,False,True,0.7068747756092271,1,0.7783751884909031,0.7910899717877012,0.8027079794057775,2024-09-26T23:30Z,38.75689407933824,29.659706077836397,9.097188001501841,32
401628374,2024,5,2024-09-28T23:30Z,333,61,Alabama Crimson Tide,Georgia Bulldogs,41,34,False,True,0.48111845715162643,1,0.6481532360545855,0.6515117553467717,0.7248449169043814,2024-09-26T23:30Z,24.521114204442387,25.231322053919044,-0.7102078494766566,7
401628498,2024,5,2024-09-28T23:30Z,127,194,Michigan State Spartans,Ohio State Buckeyes,7,38,False,True,0.06603956481803774,0,0.061331671287434254,0.08070541074788135,0.06590648309076227,2024-09-26T23:30Z,8.12603620086914,35.88599344624758,-27.759957245378445,-31
401628495,2024,5,2024-09-28T23:30Z,213,356,Penn State Nittany Lions,Illinois Fighting Illini,21,7,False,True,0.917061195830422,1,0.926412332160692,0.8814326808461854,0.8764255395389791,2024-09-26T23:30Z,36.9286990078669,12.84096211237101,24.087736895495894,14
401641025,2024,5,2024-09-28T23:30Z,235,2393,Memphis Tigers,Middle Tennessee Blue Raiders,24,7,False,True,0.9279830608534583,1,0.9026327415945361,0.9143048033991134,0.963376259980994,2024-09-26T23:30Z,45.87080610812006,20.34952840335194,25.521277704768117,17
401628376,2024,5,2024-09-28T23:45Z,99,6,LSU Tigers,South Alabama Jaguars,42,10,False,True,0.9122643039050247,1,0.8566084492394249,0.7577685710282603,0.8630820361296987,2024-09-26T23:30Z,44.44395106586647,20.585854872075835,23.858096193790637,32
401635563,2024,5,2024-09-29T00:00Z,2567,52,SMU Mustangs,Florida State Seminoles,42,16,False,True,0.5867094965281807,1,0.6319218701059777,0.7341704719836584,0.7308764656298254,2024-09-26T23:30Z,26.57971773641598,22.20300640138763,4.37671133502835,26
401636884,2024,5,2024-09-29T00:00Z,2641,2132,Texas Tech Red Raiders,Cincinnati Bearcats,44,41,False,True,0.672463009041966,1,0.6955362166247574,0.7004217264544418,0.6902480807919857,2024-09-26T23:30Z,29.79130811467107,22.16808287858041,7.623225236090661,3
401641035,2024,5,2024-09-29T00:00Z,166,167,New Mexico State Aggies,New Mexico Lobos,40,50,False,True,0.5507369494804675,0,0.5255465069198053,0.6136197388890698,0.5577599302410858,2024-09-26T23:30Z,29.652270377302173,26.940856041298005,2.711414336004168,-10
401643718,2024,5,2024-09-29T00:00Z,2751,2005,Wyoming Cowboys,Air Force Falcons,31,19,False,True,0.39873592538100644,1,0.3118403593186494,0.3320162387777911,0.31694158754299345,2024-09-26T23:30Z,15.70548732847855,19.887865453110045,-4.182378124631494,12
401643719,2024,5,2024-09-29T02:00Z,68,265,Boise State Broncos,Washington State Cougars,45,24,False,True,0.4512932439059267,1,0.647933024708238,0.6429203158545187,0.4578506427958733,2024-09-26T23:30Z,34.13713491288891,36.59498185317297,-2.457846940284057,21
401636886,2024,5,2024-09-29T02:15Z,254,12,Utah Utes,Arizona Wildcats,10,23,False,True,0.703423466423534,0,0.5836507593227157,0.6703039105385165,0.7082481162082618,2024-09-26T23:30Z,26.095785873733682,16.717633287843785,9.378152585889897,-13
401628500,2024,5,2024-09-29T03:00Z,26,2483,UCLA Bruins,Oregon Ducks,13,34,False,True,0.08185278282681997,0,0.07000703737500812,0.14668219201263086,0.055822588795777686,2024-09-26T23:30Z,13.803517833152974,38.19057451440056,-24.387056681247586,-21
401643797,2024,6,2024-10-03T23:00Z,2653,326,Troy Trojans,Texas State Bobcats,17,38,False,True,0.4237815200921081,0,0.46718430752210466,0.47575380209149787,0.3084612127507788,2024-10-03T23:00Z,27.814787579831037,30.353204253952043,-2.538416674121006,-21
401641029,2024,6,2024-10-04T01:00Z,2638,2534,UTEP Miners,Sam Houston Bearkats,21,41,False,True,0.2991476201345396,0,0.37990825377188614,0.37044911186270607,0.22842710024194446,2024-10-03T23:00Z,19.762676937031976,28.661005461634613,-8.898328524602636,-20
401641001,2024,6,2024-10-04T23:00Z,338,55,Kennesaw State Owls,Jacksonville State Gamecocks,24,63,False,True,0.4587558781729924,0,0.36540031204440937,0.47338218288587586,0.4425960657410872,2024-10-03T23:00Z,25.46745924014327,27.35788220341731,-1.890422963274041,-39
401636891,2024,6,2024-10-04T23:30Z,2628,248,TCU Horned Frogs,Houston Cougars,19,30,False,True,0.821170543049613,0,0.7713104715217122,0.7677558220641669,0.7524932264071997,2024-10-03T23:00Z,35.828404594276186,20.297996945408634,15.530407648867552,-11
401628506,2024,6,2024-10-05T01:00Z,2483,127,Oregon Ducks,Michigan State Spartans,31,10,False,True,0.9527272116440756,1,0.9445655200102995,0.937238605117151,0.9515961630250149,2024-10-03T23:00Z,39.81654335215502,9.76844977132783,30.048093580827192,21
401634779,2024,6,2024-10-05T01:00Z,2439,183,UNLV Rebels,Syracuse Orange,41,44,False,True,0.7957617882075148,0,0.8109867589939981,0.8351824002896744,0.891516823904559,2024-10-03T23:00Z,36.4334561136258,21.899180004181904,14.534276109443898,-3
401628510,2024,6,2024-10-05T16:00Z,213,26,Penn State Nittany Lions,UCLA Bruins,27,11,False,True,0.9239461378792422,1,0.9502863497627746,0.921775845265552,0.9392306494571501,2024-10-03T23:00Z,33.673518058726344,8.088900620796483,25.58461743792986,16
401628383,2024,6,2024-10-05T16:00Z,245,142,Texas A&M Aggies,Missouri Tigers,41,10,False,True,0.648051715081058,1,0.5869127215933719,0.5015534639558725,0.47489281150678164,2024-10-03T23:00Z,25.67573215513733,18.976095164241492,6.699636990895836,31
401635571,2024,6,2024-10-05T16:00Z,97,2567,Louisville Cardinals,SMU Mustangs,27,34,False,True,0.5673435312116524,0,0.6740405197893687,0.588880847105304,0.603270966615062,2024-10-03T23:00Z,31.930027885511763,29.464858330105812,2.46516955540595,-7
401628509,2024,6,2024-10-05T16:00Z,275,2509,Wisconsin Badgers,Purdue Boilermakers,52,6,False,True,0.8188485498101143,1,0.8379269476158271,0.8300686789873108,0.8813296377868862,2024-10-03T23:00Z,33.889132851635786,18.324865653497543,15.564267198138243,46
401629044,2024,6,2024-10-05T16:00Z,2459,113,Northern Illinois Huskies,Massachusetts Minutemen,34,20,False,True,0.8531844498926044,1,0.9084954683919129,0.8882618587567161,0.9022584228569126,2024-10-03T23:00Z,32.12528450122874,14.043010711990942,18.0822737892378,14
401635567,2024,6,2024-10-05T16:00Z,258,103,Virginia Cavaliers,Boston College Eagles,24,14,False,True,0.553054152677656,1,0.5305306397398717,0.5655825423383073,0.5122906182355085,2024-10-03T23:00Z,25.83890191382441,23.905347320355197,1.9335545934692142,10
401635572,2024,6,2024-10-05T16:00Z,153,221,North Carolina Tar Heels,Pittsburgh Panthers,24,34,False,True,0.6163378015297994,0,0.5788228434088815,0.6054571179154821,0.6128035999205752,2024-10-03T23:00Z,34.71047835242361,29.803212650316947,4.90726570210666,-10
401635638,2024,6,2024-10-05T16:00Z,152,154,NC State Wolfpack,Wake Forest Demon Deacons,30,34,False,True,0.6899710186137529,0,0.629070780659324,0.6726857855474075,0.6263994464077183,2024-10-03T23:00Z,33.34660774074078,25.093383122649982,8.253224618090798,-4
401643722,2024,6,2024-10-05T16:00Z,2005,2426,Air Force Falcons,Navy Midshipmen,7,34,False,True,0.3040553237288897,0,0.2817352750521373,0.42929540031236313,0.1836141283274988,2024-10-03T23:00Z,16.732570171201424,25.01095939407754,-8.278389222876115,-27
401645339,2024,6,2024-10-05T16:00Z,202,349,Tulsa Golden Hurricane,Army Black Knights,7,49,False,True,0.22593059409549424,0,0.13537886651473474,0.17853480734024357,0.09011518040495668,2024-10-03T23:00Z,16.386273928613317,29.769876546321306,-13.38360261770799,-42
401645338,2024,6,2024-10-05T17:00Z,5,2655,UAB Blazers,Tulane Green Wave,20,71,False,True,0.11296612496678038,0,0.15646164330992807,0.20148138244675542,0.07688430353278601,2024-10-03T23:00Z,18.06895539013742,39.647512164205295,-21.578556774067877,-51
401644741,2024,6,2024-10-05T18:00Z,2050,2711,Ball State Cardinals,Western Michigan Broncos,42,45,False,True,0.409545212670806,0,0.3627913622521268,0.4482599622815257,0.28670790382086,2024-10-03T23:00Z,25.273834566548256,28.62804089808263,-3.3542063315343746,-3
401628504,2024,6,2024-10-05T19:30Z,194,2294,Ohio State Buckeyes,Iowa Hawkeyes,35,7,False,True,0.9100167825519683,1,0.9420498073136954,0.9157781504960696,0.907924132466877,2024-10-03T23:00Z,34.757252225494064,11.625659983796991,23.13159224169707,28
401628381,2024,6,2024-10-05T19:30Z,61,2,Georgia Bulldogs,Auburn Tigers,31,13,False,True,0.972062652525973,1,0.9438543614703587,0.9154118797062396,0.9513181187054732,2024-10-03T23:00Z,41.22188431397093,6.115044807432593,35.106839506538336,18
401628382,2024,6,2024-10-05T19:30Z,2579,145,South Carolina Gamecocks,Ole Miss Rebels,3,27,False,True,0.48294599894507495,0,0.37549495262523974,0.35566431233118645,0.34259903729755886,2024-10-03T23:00Z,26.49521051059634,26.046487703840132,0.44872280675620857,-24
401628503,2024,6,2024-10-05T19:30Z,77,84,Northwestern Wildcats,Indiana Hoosiers,24,41,False,True,0.31695138262099737,0,0.27097377894504243,0.30921616938381646,0.1603657336656018,2024-10-03T23:00Z,21.972895992576763,29.802784211495673,-7.82988821891891,-17
401629033,2024,6,2024-10-05T19:30Z,41,218,UConn Huskies,Temple Owls,29,20,False,True,0.9201282121090916,1,0.8353572991505707,0.8703019792699651,0.9298182443416225,2024-10-03T23:00Z,41.398609236097805,16.085338983677918,25.313270252419887,9
401635573,2024,6,2024-10-05T19:30Z,24,259,Stanford Cardinal,Virginia Tech Hokies,7,31,False,True,0.39091408055326443,0,0.2843431967175523,0.27749968359767213,0.2294600098221337,2024-10-03T23:00Z,24.08802914718007,28.201269791725828,-4.113240644545758,-24
401643799,2024,6,2024-10-05T19:30Z,276,2026,Marshall Thundering Herd,App State Mountaineers,52,37,False,True,0.6340015669503671,1,0.6289377968714054,0.6009233874815683,0.7675571581464183,2024-10-03T23:00Z,29.919393984191288,23.757916796638188,6.1614771875531,15
401644684,2024,6,2024-10-05T19:30Z,2649,193,Toledo Rockets,Miami (OH) RedHawks,30,20,False,True,0.7205394579588079,1,0.7321229479487118,0.7757226369775153,0.7789742331594297,2024-10-03T23:00Z,24.89689978223004,14.675514474960934,10.221385307269106,10
401644740,2024,6,2024-10-05T19:30Z,2006,189,Akron Zips,Bowling Green Falcons,20,27,False,True,0.259500340206046,0,0.20735499670254395,0.17674169789633265,0.09138578914533281,2024-10-03T23:00Z,22.27544956308417,33.041393574899196,-10.765944011815026,-7
401645340,2024,6,2024-10-05T19:30Z,2429,151,Charlotte 49ers,East Carolina Pirates,55,24,False,True,0.3736088599878137,1,0.2942132068614622,0.30640393631947654,0.35387920222249264,2024-10-03T23:00Z,16.569801359727997,21.528249991021546,-4.95844863129355,31
401628508,2024,6,2024-10-05T20:00Z,158,164,Nebraska Cornhuskers,Rutgers Scarlet Knights,14,7,False,True,0.6049148969925779,1,0.6847235545078935,0.6732133043079132,0.5409429392415998,2024-10-03T23:00Z,21.43617074290908,17.57272983925126,3.8634409036578212,7
401636890,2024,6,2024-10-05T20:00Z,197,277,Oklahoma State Cowboys,West Virginia Mountaineers,14,38,False,True,0.6001489487561911,0,0.5465398829580205,0.6231057904976387,0.6782636739354198,2024-10-03T23:00Z,34.71308976500733,30.0372671455849,4.6758226194224335,-24
401628384,2024,6,2024-10-05T20:15Z,238,333,Vanderbilt Commodores,Alabama Crimson Tide,40,35,False,True,0.027361085635801332,1,0.03912324680067967,0.06299835586687744,0.03866756368134078,2024-10-03T23:00Z,14.819287923965522,50.76400801093354,-35.94472008696802,5
401643724,2024,6,2024-10-05T22:30Z,204,36,Oregon State Beavers,Colorado State Rams,39,31,False,True,0.8624224570443481,1,0.7915297596077341,0.8377251495481248,0.8772949488981034,2024-10-03T23:00Z,31.535964888442276,13.090288305174575,18.4456765832677,8
401635569,2024,6,2024-10-05T23:00Z,52,228,Florida State Seminoles,Clemson Tigers,13,29,False,True,0.18999084530956073,0,0.2770763138411558,0.3428389396009811,0.1991189017554995,2024-10-03T23:00Z,14.252036041734142,29.974862339134432,-15.72282629740029,-16
401643723,2024,6,2024-10-05T23:00Z,68,328,Boise State Broncos,Utah State Aggies,62,30,False,True,0.9544476716064565,1,0.9604259901292976,0.9443136435775534,0.9829432352306192,2024-10-03T23:00Z,53.114200914794544,22.504672122121615,30.60952879267293,32
401643798,2024,6,2024-10-05T23:00Z,324,295,Coastal Carolina Chanticleers,Old Dominion Monarchs,45,37,False,True,0.6554477483232205,1,0.5195962608150564,0.6589302577793437,0.609436797850085,2024-10-03T23:00Z,31.339069049953814,24.468332935324757,6.870736114629057,8
401643800,2024,6,2024-10-05T23:00Z,2032,6,Arkansas State Red Wolves,South Alabama Jaguars,18,16,False,True,0.3783297347352372,1,0.2945535570632573,0.3258100930773188,0.3231125721126221,2024-10-03T23:00Z,26.966920775129804,32.5355082980205,-5.568587522890699,2
401643801,2024,6,2024-10-05T23:00Z,2433,256,UL Monroe Warhawks,James Madison Dukes,21,19,False,True,0.17180997777375515,1,0.18680732500901967,0.10183889191182574,0.0713495887531119,2024-10-03T23:00Z,20.916655516211605,37.14761934398615,-16.230963827774545,2
401643802,2024,6,2024-10-05T23:00Z,2572,309,Southern Miss Golden Eagles,Louisiana Ragin' Cajuns,13,23,False,True,0.12385902705995655,0,0.09917743467294757,0.14286622651262523,0.056594381686511284,2024-10-03T23:00Z,21.383681248357053,41.36891912398689,-19.98523787562984,-10
401628379,2024,6,2024-10-05T23:30Z,8,2633,Arkansas Razorbacks,Tennessee Volunteers,19,14,False,True,0.14251552516673702,1,0.10268809909484994,0.13799088590069464,0.06269759518136461,2024-10-03T23:00Z,17.21296682400169,35.88153599601873,-18.668569172017037,5
401628505,2024,6,2024-10-05T23:30Z,264,130,Washington Huskies,Michigan Wolverines,27,17,False,True,0.3949227698242519,1,0.46966131841129927,0.4990725346522261,0.5193534478745724,2024-10-03T23:00Z,19.21013718784014,23.594615522376436,-4.384478334536297,10
401628507,2024,6,2024-10-05T23:30Z,135,30,Minnesota Golden Gophers,USC Trojans,24,17,False,True,0.17822659259674384,1,0.2538771935380279,0.28824128904522817,0.2047535082325558,2024-10-03T23:00Z,18.330030345044925,33.32648339489871,-14.996453049853784,7
401636889,2024,6,2024-10-05T23:30Z,66,239,Iowa State Cyclones,Baylor Bears,43,21,False,True,0.8061323029689262,1,0.8112593150703834,0.8191959051678004,0.8715590348407277,2024-10-03T23:00Z,32.5238019721876,18.67484009463172,13.84896187755588,22
401643726,2024,6,2024-10-05T23:30Z,23,2440,San José State Spartans,Nevada Wolf Pack,35,31,False,True,0.8172768271442382,1,0.8737930664209077,0.8725724385921025,0.8489144650534562,2024-10-03T23:00Z,30.085362862521745,15.3898672573198,14.695495605201945,4
401628380,2024,6,2024-10-05T23:45Z,57,2116,Florida Gators,UCF Knights,24,13,False,True,0.70654557483513,1,0.6487255635706148,0.5125351679907894,0.49774072127541835,2024-10-03T23:00Z,35.75887996407535,27.24746623745701,8.511413726618336,11
401635570,2024,6,2024-10-06T00:00Z,59,150,Georgia Tech Yellow Jackets,Duke Blue Devils,24,14,False,True,0.5209410772815131,1,0.5282087348614742,0.49609145140329614,0.46613553656832274,2024-10-03T23:00Z,24.815282480413508,24.098183590574894,0.7170988898386135,10
401636888,2024,6,2024-10-06T00:00Z,9,2305,Arizona State Sun Devils,Kansas Jayhawks,35,31,False,True,0.617076791849,1,0.5807792891070818,0.5451313527469548,0.648939670239989,2024-10-03T23:00Z,26.750230462225733,21.05787355304106,5.692356909184674,4
401643725,2024,6,2024-10-06T00:00Z,21,62,San Diego State Aztecs,Hawai'i Rainbow Warriors,27,24,False,True,0.5766633089680296,1,0.5109675536347713,0.6216935701512581,0.5259080571902875,2024-10-03T23:00Z,20.828803504741867,18.01016766988947,2.8186358348523974,3
401635568,2024,6,2024-10-06T02:30Z,25,2390,California Golden Bears,Miami Hurricanes,38,39,False,True,0.2098670687899967,0,0.16171807580567082,0.26052132739881667,0.1566975834010486,2024-10-03T23:00Z,19.35489626937214,32.572224548398026,-13.217328279025885,-1
401636887,2024,6,2024-10-06T03:00Z,12,2641,Arizona Wildcats,Texas Tech Red Raiders,22,28,False,True,0.591187680055127,0,0.6108407938370555,0.6021522822474215,0.4905774122227451,2024-10-03T23:00Z,30.10330176207566,27.526014249161005,2.577287512914655,-6
401640982,2024,7,2024-10-08T23:00Z,2335,2229,Liberty Flames,Florida International Panthers,31,24,False,True,0.7700036208314621,1,0.8168595673526111,0.8686488724883231,0.756222122638494,2024-10-08T23:00Z,33.22945869540929,22.389235958080462,10.84022273732883,7
401641002,2024,7,2024-10-09T23:30Z,55,166,Jacksonville State Gamecocks,New Mexico State Aggies,54,13,False,True,0.8821947687297557,1,0.8687622428018669,0.8583949013347358,0.8924011358875806,2024-10-08T23:00Z,42.2681714237975,22.00609084957171,20.262080574225788,41
401643803,2024,7,2024-10-10T23:30Z,256,324,James Madison Dukes,Coastal Carolina Chanticleers,39,7,False,True,0.7827227312034425,1,0.8225572032619489,0.8478874707906174,0.8660810061571186,2024-10-08T23:00Z,43.54375758632662,30.458606873307524,13.085150713019097,32
401641009,2024,7,2024-10-11T00:00Z,2348,2393,Louisiana Tech Bulldogs,Middle Tennessee Blue Raiders,48,21,False,True,0.6121411467435254,1,0.5829061439322344,0.6305061257712024,0.666833244278927,2024-10-08T23:00Z,27.547923956703364,22.827257614980162,4.720666341723202,27
401641030,2024,7,2024-10-11T00:00Z,98,2638,Western Kentucky Hilltoppers,UTEP Miners,44,17,False,True,0.8986219793843895,1,0.7653488355463703,0.8193843006315269,0.8716016255356022,2024-10-08T23:00Z,38.01019311304543,15.556580004296105,22.453613108749327,27
401628513,2024,7,2024-10-12T00:00Z,120,77,Maryland Terrapins,Northwestern Wildcats,10,37,False,True,0.7906432927362971,0,0.7980746714836765,0.772576853123824,0.8743218554910241,2024-10-08T23:00Z,31.807864311799843,17.983193030401996,13.824671281397848,-27
401643733,2024,7,2024-10-12T01:00Z,328,2439,Utah State Aggies,UNLV Rebels,34,50,False,True,0.09303910230489779,0,0.10436057891715118,0.15690107846882145,0.03276142006512324,2024-10-08T23:00Z,23.799391174543604,47.291868089304096,-23.49247691476049,-16
401636892,2024,7,2024-10-12T02:30Z,9,254,Arizona State Sun Devils,Utah Utes,27,19,False,True,0.5680324124213848,1,0.576695602321846,0.5251038542803522,0.6180874036653644,2024-10-08T23:00Z,22.15004594352733,19.282781806918315,2.867264136609016,8
401628385,2024,7,2024-10-12T16:00Z,333,2579,Alabama Crimson Tide,South Carolina Gamecocks,27,25,False,True,0.9319554470052384,1,0.8970408961759756,0.874340589171684,0.880753759825204,2024-10-08T23:00Z,40.400949442137346,14.594891082864478,25.806058359272868,2
401635576,2024,7,2024-10-12T16:00Z,154,228,Wake Forest Demon Deacons,Clemson Tigers,14,49,False,True,0.12854104774362887,0,0.1631819312262092,0.20716786927512315,0.15343759274521535,2024-10-08T23:00Z,20.90453154612677,41.1847385539053,-20.28020700777853,-35
401628389,2024,7,2024-10-12T16:00Z,113,142,Massachusetts Minutemen,Missouri Tigers,3,45,False,True,0.07876517976165269,0,0.08845704638694174,0.1238870655733636,0.058423488095458116,2024-10-08T23:00Z,13.827246133534143,38.0209903033203,-24.19374416978616,-42
401628512,2024,7,2024-10-12T16:00Z,2294,264,Iowa Hawkeyes,Washington Huskies,40,16,False,True,0.5084177718668519,1,0.4749733618059685,0.46202355707443366,0.4866259569369308,2024-10-08T23:00Z,21.33919480141256,20.76627215792387,0.5729226434886918,24
401628517,2024,7,2024-10-12T16:00Z,164,275,Rutgers Scarlet Knights,Wisconsin Badgers,7,42,False,True,0.5328033074669486,0,0.5612298679727503,0.5254217039107046,0.6776774968221368,2024-10-08T23:00Z,21.8566199072545,20.60356350678997,1.25305640046453,-35
401635577,2024,7,2024-10-12T16:00Z,153,59,North Carolina Tar Heels,Georgia Tech Yellow Jackets,34,41,False,True,0.5181903271553144,0,0.5421080199391812,0.5617454394155348,0.4600019134955551,2024-10-08T23:00Z,30.842534496325612,30.22080365119468,0.6217308451309336,-7
401644743,2024,7,2024-10-12T16:00Z,2309,2050,Kent State Golden Flashes,Ball State Cardinals,35,37,False,True,0.45598830782026006,0,0.47554978201682435,0.3694245540879536,0.394739690879567,2024-10-08T23:00Z,34.14403605764487,36.551462973291564,-2.4074269156466954,-2
401644745,2024,7,2024-10-12T16:00Z,2084,2649,Buffalo Bulls,Toledo Rockets,30,15,False,True,0.2574674384184072,1,0.2145503219052604,0.23068444857095516,0.18008559105227492,2024-10-08T23:00Z,18.414615033425623,29.045724548395512,-10.63110951496989,15
401645342,2024,7,2024-10-12T16:00Z,349,5,Army Black Knights,UAB Blazers,44,10,False,True,0.9143851022608317,1,0.9435887660764263,0.9397465579171498,0.9682411142871795,2024-10-08T23:00Z,39.778896273533654,15.063729033802552,24.7151672397311,34
401644685,2024,7,2024-10-12T18:00Z,2199,193,Eastern Michigan Eagles,Miami (OH) RedHawks,14,38,False,True,0.4973190767053682,0,0.47099531533633776,0.5297029197226948,0.5444893516469806,2024-10-08T23:00Z,21.6992954723838,20.63117073871734,1.0681247336664583,-24
401628390,2024,7,2024-10-12T19:30Z,201,251,Oklahoma Sooners,Texas Longhorns,3,34,True,True,0.22590112311917893,0,0.1824570613942023,0.18173753323112168,0.1743274388875765,2024-10-08T23:00Z,20.868809731041594,33.538592023676756,-12.669782292635162,-31
401628516,2024,7,2024-10-12T19:30Z,30,213,USC Trojans,Penn State Nittany Lions,30,33,False,True,0.4195155340244592,0,0.3560925640291432,0.40159997590517993,0.44608839480123097,2024-10-08T23:00Z,24.280071536673226,28.293695979144204,-4.013624442470977,-3
401628981,2024,7,2024-10-12T19:30Z,87,24,Notre Dame Fighting Irish,Stanford Cardinal,49,7,False,True,0.9611133905891855,1,0.9652318585491692,0.9614076562612817,0.9656319170497757,2024-10-08T23:00Z,38.934326841629556,6.068884292638696,32.865442548990856,42
401635575,2024,7,2024-10-12T19:30Z,221,25,Pittsburgh Panthers,California Golden Bears,17,15,False,True,0.5726751179179912,1,0.6127016499332091,0.6398353534500988,0.530107483968494,2024-10-08T23:00Z,27.99561617816049,25.25207029017838,2.7435458879821084,2
401628511,2024,7,2024-10-12T19:30Z,356,2509,Illinois Fighting Illini,Purdue Boilermakers,50,49,False,True,0.8298499156172723,1,0.9132329392809923,0.9105686645959735,0.9603088594140312,2024-10-08T23:00Z,36.521338752392246,20.244929257201285,16.27640949519096,1
401635578,2024,7,2024-10-12T19:30Z,258,97,Virginia Cavaliers,Louisville Cardinals,20,24,False,True,0.37866805269824166,0,0.28110987727407644,0.3229101622906116,0.2832779546193828,2024-10-08T23:00Z,22.03186611640371,27.456571994737715,-5.424705878334006,-4
401636895,2024,7,2024-10-12T19:30Z,2116,2132,UCF Knights,Cincinnati Bearcats,13,19,False,True,0.4873228738971237,0,0.5224978405309609,0.5882088903910844,0.4011214211734065,2024-10-08T23:00Z,27.83921457793078,28.429011991586354,-0.5897974136555746,-6
401643729,2024,7,2024-10-12T19:30Z,36,23,Colorado State Rams,San José State Spartans,31,24,False,True,0.3547370850061791,1,0.31824791919441614,0.30285256233288493,0.2369373084011945,2024-10-08T23:00Z,22.81364022568624,28.747368673101256,-5.933728447415017,7
401643732,2024,7,2024-10-12T19:30Z,2751,21,Wyoming Cowboys,San Diego State Aztecs,24,27,False,True,0.5252949301128482,0,0.5116497414907468,0.5829635212883777,0.5722429762866262,2024-10-08T23:00Z,22.205334018927495,20.831488105307976,1.373845913619519,-3
401643805,2024,7,2024-10-12T19:30Z,2247,295,Georgia State Panthers,Old Dominion Monarchs,14,21,False,True,0.48796223759917695,0,0.41786523099759704,0.5145565504040006,0.4750089851305614,2024-10-08T23:00Z,27.538655745123094,27.47225346307583,0.06640228204726384,-7
401644742,2024,7,2024-10-12T19:30Z,2711,2006,Western Michigan Broncos,Akron Zips,34,24,False,True,0.731125058678941,1,0.6569728696818854,0.7510526290094417,0.7024145632342774,2024-10-08T23:00Z,33.941289686063826,24.001281301334437,9.940008384729389,10
401644744,2024,7,2024-10-12T19:30Z,189,2459,Bowling Green Falcons,Northern Illinois Huskies,7,17,False,True,0.5971754695671452,0,0.5359641353073337,0.5526761887385085,0.6392708170208121,2024-10-08T23:00Z,26.181412462371515,22.26773979827171,3.9136726640998063,-10
401645341,2024,7,2024-10-12T19:30Z,58,235,South Florida Bulls,Memphis Tigers,3,21,False,True,0.3219259672617554,0,0.333449092531712,0.2771136227560457,0.2558109720604477,2024-10-08T23:00Z,30.99798437531941,38.2906524332437,-7.292668057924288,-18
401636893,2024,7,2024-10-12T20:00Z,252,12,BYU Cougars,Arizona Wildcats,41,19,False,True,0.625839467018381,1,0.5839101688022891,0.6034218484786225,0.7341810398274445,2024-10-08T23:00Z,26.05204882837896,19.491372263445086,6.560676564933875,22
401644746,2024,7,2024-10-12T20:00Z,2117,195,Central Michigan Chippewas,Ohio Bobcats,25,27,False,True,0.2466616195910302,0,0.34389557188303715,0.36882677138792785,0.21632070557412034,2024-10-08T23:00Z,21.219923872373222,32.74331037929925,-11.52338650692603,-2
401628386,2024,7,2024-10-12T20:15Z,61,344,Georgia Bulldogs,Mississippi State Bulldogs,41,31,False,True,0.9866447721047259,1,0.9735923267161196,0.9617308190048413,0.9757064297435362,2024-10-08T23:00Z,49.32123001337023,6.262896880399289,43.058333132970944,10
401643807,2024,7,2024-10-12T21:00Z,2433,2572,UL Monroe Warhawks,Southern Miss Golden Eagles,38,21,False,True,0.8290350983965077,1,0.8214675557816103,0.7653970716279936,0.9078722560878478,2024-10-08T23:00Z,28.36162841038646,11.873962471602285,16.487665938784176,17
401628391,2024,7,2024-10-12T23:00Z,2633,57,Tennessee Volunteers,Florida Gators,23,17,False,True,0.8529828899264922,1,0.8743053723064628,0.9029667892494999,0.9216294868465658,2024-10-08T23:00Z,35.33680915206554,17.06457797937709,18.27223117268845,6
401643727,2024,7,2024-10-12T23:00Z,167,2005,New Mexico Lobos,Air Force Falcons,52,37,False,True,0.6322012310121895,1,0.5063305647790499,0.49269999984158425,0.5469993543548128,2024-10-08T23:00Z,31.14692313899704,26.090092676956303,5.056830462040736,15
401643730,2024,7,2024-10-12T23:00Z,278,265,Fresno State Bulldogs,Washington State Cougars,17,25,False,True,0.3351484512857232,0,0.41812663708677766,0.5011446544471221,0.307755027657887,2024-10-08T23:00Z,26.125021824285856,33.37458519422863,-7.2495633699427735,-8
401643808,2024,7,2024-10-12T23:00Z,326,2032,Texas State Bobcats,Arkansas State Red Wolves,41,9,False,True,0.8056020909470021,1,0.845446169922759,0.8522167224018231,0.8897276560649294,2024-10-08T23:00Z,38.028127285097845,23.68029884628026,14.347828438817587,32
401645343,2024,7,2024-10-12T23:00Z,2226,249,Florida Atlantic Owls,North Texas Mean Green,37,41,False,True,0.44055919660558474,0,0.3294196106430951,0.32665589743101,0.35826297229333276,2024-10-08T23:00Z,32.31374624590477,34.67899127381657,-2.3652450279118042,-4
401645344,2024,7,2024-10-12T23:00Z,242,2636,Rice Owls,UTSA Roadrunners,29,27,False,True,0.48101225681100584,1,0.4714213933083813,0.45098779165627995,0.5295013165923743,2024-10-08T23:00Z,24.336337038211056,25.062156604983343,-0.7258195667722873,2
401628515,2024,7,2024-10-12T23:30Z,2483,194,Oregon Ducks,Ohio State Buckeyes,32,31,False,True,0.4606911154968657,1,0.409995483762186,0.4076709756221131,0.3464444953184873,2024-10-08T23:00Z,26.0440801710862,28.729883284708592,-2.6858031136223914,1
401628388,2024,7,2024-10-12T23:30Z,99,145,LSU Tigers,Ole Miss Rebels,29,26,False,True,0.4857834700670091,1,0.3914508877724149,0.47018990655551046,0.3197583268284094,2024-10-08T23:00Z,28.983662695257784,28.951339477371747,0.03232321788603798,3
401643731,2024,7,2024-10-12T23:30Z,2440,204,Nevada Wolf Pack,Oregon State Beavers,42,37,False,True,0.2612844408210069,1,0.3658435349311828,0.3079706847840793,0.3437325316920714,2024-10-08T23:00Z,17.75577125139981,27.88307760256132,-10.127306351161508,5
401643806,2024,7,2024-10-12T23:30Z,309,2026,Louisiana Ragin' Cajuns,App State Mountaineers,34,24,False,True,0.8103437973756066,1,0.863262256657231,0.8051314821582403,0.898912141212464,2024-10-08T23:00Z,41.59906394684247,26.56765326177508,15.031410685067389,10
401628387,2024,7,2024-10-12T23:55Z,96,238,Kentucky Wildcats,Vanderbilt Commodores,13,20,False,True,0.8132110758508357,0,0.8474765697441092,0.8345422043030999,0.7442039755356502,2024-10-08T23:00Z,35.02240820521711,19.68479514558431,15.337613059632801,-7
401636896,2024,7,2024-10-13T00:00Z,277,66,West Virginia Mountaineers,Iowa State Cyclones,16,28,False,True,0.4534686403458642,0,0.3044616808763022,0.4290188038476258,0.25992378744555905,2024-10-08T23:00Z,25.706933845134582,27.594076965569673,-1.8871431204350912,-12
401635574,2024,7,2024-10-13T00:00Z,152,183,NC State Wolfpack,Syracuse Orange,17,24,False,True,0.5164273269269612,0,0.5123074662645969,0.54066850103534,0.352811430911735,2024-10-08T23:00Z,30.111633236192052,28.856254376286945,1.2553788599051074,-7
401643804,2024,7,2024-10-13T00:00Z,290,276,Georgia Southern Eagles,Marshall Thundering Herd,24,23,False,True,0.6264944888093715,1,0.5291110411691743,0.5631558794325482,0.6440684765575754,2024-10-08T23:00Z,34.00867295916734,29.391900170939277,4.616772788228065,1
401628514,2024,7,2024-10-13T01:00Z,26,135,UCLA Bruins,Minnesota Golden Gophers,17,21,False,True,0.5609378358122777,0,0.45841294016410494,0.5125379987263008,0.36718934281231763,2024-10-08T23:00Z,20.449706804120833,18.025784774995216,2.4239220291256167,-4
401636894,2024,7,2024-10-13T02:25Z,38,2306,Colorado Buffaloes,Kansas State Wildcats,28,31,False,True,0.3888573533694672,0,0.3371033127012902,0.3111970849731231,0.324142876206907,2024-10-08T23:00Z,26.54291798070401,31.522197679064803,-4.979279698360791,-3
401643728,2024,7,2024-10-13T03:00Z,62,68,Hawai'i Rainbow Warriors,Boise State Broncos,7,28,False,True,0.12883559704381808,0,0.11673322598949809,0.12634386433452605,0.05696024309487115,2024-10-08T23:00Z,22.800002892806898,42.0279649702758,-19.2279620774689,-21
401643809,2024,8,2024-10-15T23:30Z,6,2653,South Alabama Jaguars,Troy Trojans,25,9,False,True,0.6775527012348513,1,0.6902252643427913,0.7040371367827982,0.6193043330368065,2024-10-15T23:30Z,26.733666729793963,19.318450005660424,7.41521672413354,16
401641019,2024,8,2024-10-16T00:00Z,2393,338,Middle Tennessee Blue Raiders,Kennesaw State Owls,14,5,False,True,0.5468759746126927,1,0.649248298880534,0.4804180909074649,0.5174321521821174,2024-10-15T23:30Z,30.726186871431857,28.864802632952383,1.8613842384794737,9
401641010,2024,8,2024-10-16T01:00Z,166,2348,New Mexico State Aggies,Louisiana Tech Bulldogs,33,30,False,True,0.37396880946722,1,0.3383992766898905,0.4278606592453893,0.25289001542528655,2024-10-15T23:30Z,21.831794366984195,27.33687174935374,-5.505077382369546,3
401641038,2024,8,2024-10-16T23:00Z,2534,98,Sam Houston Bearkats,Western Kentucky Hilltoppers,14,31,False,True,0.4948016748345777,0,0.6144356978237242,0.5570522080683863,0.5797386716168983,2024-10-15T23:30Z,28.15285195293505,28.19301507497681,-0.04016312204176131,-17
401640983,2024,8,2024-10-17T01:00Z,2638,2229,UTEP Miners,Florida International Panthers,30,21,False,True,0.359843230990921,1,0.3671701051748611,0.4578482634805769,0.24437273235371895,2024-10-15T23:30Z,21.623729330713687,28.043432028103407,-6.41970269738972,9
401643810,2024,8,2024-10-17T23:00Z,276,2247,Marshall Thundering Herd,Georgia State Panthers,35,20,False,True,0.6960557365150588,1,0.6827178874815445,0.6910013533799184,0.6716178106106133,2024-10-15T23:30Z,29.555794487128136,21.12389828559351,8.431896201534627,15
401634768,2024,8,2024-10-17T23:30Z,259,103,Virginia Tech Hokies,Boston College Eagles,42,21,False,True,0.7842083755731971,1,0.780215225755314,0.7514585452027251,0.749167003191138,2024-10-15T23:30Z,29.763666005393777,17.416709760847933,12.346956244545844,21
401634769,2024,8,2024-10-18T23:00Z,150,52,Duke Blue Devils,Florida State Seminoles,23,16,False,True,0.5945821314034511,1,0.6678601957847705,0.6860619613517027,0.7127416695224558,2024-10-15T23:30Z,19.144920179537934,15.72731219965873,3.417607979879204,7
401628523,2024,8,2024-10-19T00:00Z,2509,2483,Purdue Boilermakers,Oregon Ducks,0,35,False,True,0.04122867564212655,0,0.028212864198839806,0.042217610397824824,0.01352470281497824,2024-10-15T23:30Z,17.143207779698223,48.10623970850808,-30.963031928809855,-35
401636898,2024,8,2024-10-19T02:15Z,252,197,BYU Cougars,Oklahoma State Cowboys,38,35,False,True,0.788691570874412,1,0.8442165692273578,0.7854777041245474,0.8670858296199893,2024-10-15T23:30Z,34.15503780306794,20.494249068171985,13.660788734895956,3
401643735,2024,8,2024-10-19T02:30Z,2440,278,Nevada Wolf Pack,Fresno State Bulldogs,21,24,False,True,0.4491750987173548,0,0.4226189691645272,0.3888021580463109,0.4364324707545633,2024-10-15T23:30Z,23.93872309848474,25.461199533029607,-1.522476434544867,-3
401635589,2024,8,2024-10-19T16:00Z,97,2390,Louisville Cardinals,Miami Hurricanes,45,52,False,True,0.3331260479123349,0,0.3284886161897528,0.469523719312957,0.402149850013348,2024-10-15T23:30Z,25.547410426386648,32.493085126182194,-6.945674699795546,-7
401635588,2024,8,2024-10-19T16:00Z,228,258,Clemson Tigers,Virginia Cavaliers,48,31,False,True,0.9099750090200671,1,0.907324277048178,0.8803103832454316,0.8498206957782214,2024-10-15T23:30Z,38.3268416508875,14.212678830473553,24.11416282041395,17
401628519,2024,8,2024-10-19T16:00Z,84,158,Indiana Hoosiers,Nebraska Cornhuskers,56,7,False,True,0.6983464985993904,1,0.7346346785636966,0.7386758844871067,0.8113948427267546,2024-10-15T23:30Z,27.431117285804596,18.92044446951577,8.510672816288828,49
401628395,2024,8,2024-10-19T16:00Z,142,2,Missouri Tigers,Auburn Tigers,21,17,False,True,0.6695098744744074,1,0.6794193137794456,0.7214389033056435,0.7816250987792099,2024-10-15T23:30Z,25.291413958525524,19.095834446018713,6.195579512506811,4
401645346,2024,8,2024-10-19T16:00Z,349,151,Army Black Knights,East Carolina Pirates,45,28,False,True,0.869841689588477,1,0.896154826573668,0.8918186551431274,0.9388105280447498,2024-10-15T23:30Z,31.993270008543067,12.524725549654733,19.468544458888335,17
401628522,2024,8,2024-10-19T16:00Z,77,275,Northwestern Wildcats,Wisconsin Badgers,3,23,False,True,0.27626657566581675,0,0.376316745625653,0.3561254749489222,0.39376796575813033,2024-10-15T23:30Z,17.050109736464243,27.398129138422725,-10.348019401958481,-20
401628524,2024,8,2024-10-19T16:00Z,164,26,Rutgers Scarlet Knights,UCLA Bruins,32,35,False,True,0.5880388188903437,0,0.5219666833886525,0.5349057076857986,0.6449428681300861,2024-10-15T23:30Z,22.324732855070447,18.057193165168524,4.267539689901923,-3
401629034,2024,8,2024-10-19T16:00Z,41,154,UConn Huskies,Wake Forest Demon Deacons,20,23,False,True,0.7397867213162241,0,0.5925837539552137,0.7064147748815444,0.7448505813278085,2024-10-15T23:30Z,36.55749619831461,25.367393363334156,11.190102834980454,-3
401636899,2024,8,2024-10-19T16:00Z,2132,9,Cincinnati Bearcats,Arizona State Sun Devils,24,14,False,True,0.624249794379881,1,0.5582697106853962,0.6101662575370694,0.6082819426537059,2024-10-15T23:30Z,29.283236557189653,24.47287207427461,4.810364482915045,10
401643811,2024,8,2024-10-19T16:00Z,324,309,Coastal Carolina Chanticleers,Louisiana Ragin' Cajuns,24,34,False,True,0.5412467510476985,0,0.42789126450890275,0.4640951212491396,0.5690505955720846,2024-10-15T23:30Z,33.35208996445549,31.359039598845364,1.9930503656101237,-10
401628396,2024,8,2024-10-19T16:45Z,201,2579,Oklahoma Sooners,South Carolina Gamecocks,9,35,False,True,0.6378428324132435,0,0.5395432962633138,0.6144081457898147,0.5929198059731923,2024-10-15T23:30Z,26.611843653589915,20.912821201581067,5.6990224520088475,-26
401644750,2024,8,2024-10-19T18:00Z,2199,2117,Eastern Michigan Eagles,Central Michigan Chippewas,38,34,False,True,0.7112314169573979,1,0.5346496398676627,0.5759997550739426,0.7559541313913202,2024-10-15T23:30Z,34.57740888291679,24.659932590290353,9.91747629262644,4
401645351,2024,8,2024-10-19T18:00Z,218,202,Temple Owls,Tulsa Golden Hurricane,20,10,False,True,0.6384342762799606,1,0.717810053432036,0.6306135257178809,0.6998604664014255,2024-10-15T23:30Z,30.754711297168882,24.474310696135515,6.280400601033367,10
401628397,2024,8,2024-10-19T19:30Z,2633,333,Tennessee Volunteers,Alabama Crimson Tide,24,17,False,True,0.3274055724077367,1,0.3617206652349719,0.5159704523708619,0.4409651242141147,2024-10-15T23:30Z,25.02294968918232,31.63843063327549,-6.6154809440931714,7
401628982,2024,8,2024-10-19T19:30Z,59,87,Georgia Tech Yellow Jackets,Notre Dame Fighting Irish,13,31,True,True,0.1250878787483471,0,0.1127218649078793,0.14549827728884052,0.13263965530327276,2024-10-15T23:30Z,16.368464822363876,36.413683793833464,-20.045218971469588,-18
401628518,2024,8,2024-10-19T19:30Z,356,130,Illinois Fighting Illini,Michigan Wolverines,21,7,False,True,0.2587689291582956,1,0.23065547982653464,0.3151485348312895,0.30321149224416777,2024-10-15T23:30Z,20.44020929667321,31.09991292273532,-10.659703626062111,14
401645347,2024,8,2024-10-19T19:30Z,2426,2429,Navy Midshipmen,Charlotte 49ers,51,17,False,True,0.7833634230036711,1,0.8733322614521712,0.8666119779824945,0.874935383221865,2024-10-15T23:30Z,33.20900434741292,20.328854697945815,12.880149649467107,34
401635587,2024,8,2024-10-19T19:30Z,25,152,California Golden Bears,NC State Wolfpack,23,24,False,True,0.7524209816790504,0,0.7430051822400815,0.7183471187553434,0.823024958726192,2024-10-15T23:30Z,29.119739421435167,17.561454172261566,11.5582852491736,-1
401636901,2024,8,2024-10-19T19:30Z,2305,248,Kansas Jayhawks,Houston Cougars,42,14,False,True,0.7170244493950325,1,0.6591761797434258,0.6660788003089464,0.6489194862660931,2024-10-15T23:30Z,24.517713656279795,15.444822601595558,9.072891054684238,28
401643736,2024,8,2024-10-19T19:30Z,265,62,Washington State Cougars,Hawai'i Rainbow Warriors,42,10,False,True,0.8825670768293328,1,0.8367676548286714,0.8647760995888965,0.9271910222454228,2024-10-15T23:30Z,36.24754095238664,15.7169170006283,20.530623951758344,32
401643813,2024,8,2024-10-19T19:30Z,295,326,Old Dominion Monarchs,Texas State Bobcats,24,14,False,True,0.3252874496615258,1,0.3752311528356065,0.3257656545375511,0.2269797620125052,2024-10-15T23:30Z,26.891102546844976,33.75554115274787,-6.86443860590289,10
401644686,2024,8,2024-10-19T19:30Z,193,195,Miami (OH) RedHawks,Ohio Bobcats,30,20,False,True,0.6954994282238274,1,0.6075261501298433,0.570296064371055,0.7010287112547987,2024-10-15T23:30Z,24.13497397018438,16.13785959554118,7.9971143746432,10
401644748,2024,8,2024-10-19T19:30Z,189,2309,Bowling Green Falcons,Kent State Golden Flashes,27,6,False,True,0.8681000491313877,1,0.9358772024121677,0.941952778632174,0.9729911771184122,2024-10-15T23:30Z,39.63134038737459,20.30307153850107,19.328268848873524,21
401644749,2024,8,2024-10-19T19:30Z,2084,2711,Buffalo Bulls,Western Michigan Broncos,41,48,False,True,0.6287953070743552,0,0.6645969127210953,0.6854806817147392,0.6874951410808366,2024-10-15T23:30Z,29.246603821415057,23.68877721878425,5.557826602630808,-7
401644751,2024,8,2024-10-19T19:30Z,2459,2649,Northern Illinois Huskies,Toledo Rockets,6,13,False,True,0.49840189715543576,0,0.6096927881296119,0.5535548542218106,0.5645418089735854,2024-10-15T23:30Z,22.18050852563452,22.238716090583722,-0.058207564949203316,-7
401645345,2024,8,2024-10-19T19:30Z,58,5,South Florida Bulls,UAB Blazers,35,25,False,True,0.7854198249977933,1,0.7510451607206112,0.7428308017622524,0.8169222077903117,2024-10-15T23:30Z,36.94725946517933,23.580980771210776,13.366278693968553,10
401645348,2024,8,2024-10-19T19:30Z,2636,2226,UTSA Roadrunners,Florida Atlantic Owls,38,24,False,True,0.519658432231303,1,0.6481442035763431,0.6995765166702501,0.43544820050790845,2024-10-15T23:30Z,26.053407283119245,25.609687235605954,0.44372004751329186,14
401645350,2024,8,2024-10-19T19:30Z,2655,242,Tulane Green Wave,Rice Owls,24,10,False,True,0.9266197518681443,1,0.8988687372492042,0.9111495975019017,0.9620135297061795,2024-10-15T23:30Z,40.68450775046931,14.900130839037438,25.78437691143187,14
401628521,2024,8,2024-10-19T20:00Z,120,30,Maryland Terrapins,USC Trojans,29,28,False,True,0.29767225462539626,1,0.27773173252574007,0.32716860632088784,0.31977279453488194,2024-10-15T23:30Z,26.13904698832245,34.02680851367487,-7.887761525352424,1
401636897,2024,8,2024-10-19T20:00Z,12,38,Arizona Wildcats,Colorado Buffaloes,7,34,False,True,0.5293196957874562,0,0.6411135018580414,0.6958686833459856,0.5040986451926542,2024-10-15T23:30Z,28.961423921568286,28.109191409754356,0.8522325118139307,-27
401636902,2024,8,2024-10-19T20:00Z,2641,239,Texas Tech Red Raiders,Baylor Bears,35,59,False,True,0.7532407273354047,0,0.7660488113391065,0.7973411747279688,0.8143556952379535,2024-10-15T23:30Z,36.708467105424376,25.128271266481537,11.580195838942839,-24
401643737,2024,8,2024-10-19T20:00Z,328,167,Utah State Aggies,New Mexico Lobos,45,50,False,True,0.44796500422465957,0,0.5253041819402584,0.4851032348392753,0.45490735747647726,2024-10-15T23:30Z,42.74931265261104,44.50032746070378,-1.7510148080927408,-5
401643738,2024,8,2024-10-19T20:00Z,23,2751,San José State Spartans,Wyoming Cowboys,24,14,False,True,0.7883066061540472,1,0.851367937925347,0.8128032896286388,0.8364434446207002,2024-10-15T23:30Z,33.726473282042306,20.6720040969726,13.054469185069706,10
401643812,2024,8,2024-10-19T20:00Z,290,256,Georgia Southern Eagles,James Madison Dukes,28,14,False,True,0.2253483926339083,1,0.14844979713634465,0.1549965066128609,0.11264352337474026,2024-10-15T23:30Z,26.603954768891406,39.362508455528754,-12.758553686637349,14
401628394,2024,8,2024-10-19T20:15Z,344,245,Mississippi State Bulldogs,Texas A&M Aggies,24,34,False,True,0.12309799100231739,0,0.16377591049721527,0.23436426282585093,0.14174087766540944,2024-10-15T23:30Z,15.28359207458791,35.25620525734679,-19.972613182758884,-10
401628392,2024,8,2024-10-19T23:00Z,8,99,Arkansas Razorbacks,LSU Tigers,10,34,False,True,0.2472713547656306,0,0.2412877814927252,0.27467986515257675,0.23670429372278223,2024-10-15T23:30Z,24.95903877068839,36.36725006288352,-11.40821129219513,-24
401628399,2024,8,2024-10-19T23:00Z,238,2050,Vanderbilt Commodores,Ball State Cardinals,24,14,False,True,0.9048690570432286,1,0.9500473761351287,0.8887016956978196,0.979806107930112,2024-10-15T23:30Z,44.20553670305403,22.17938146431332,22.02615523874071,10
401643814,2024,8,2024-10-19T23:00Z,2572,2032,Southern Miss Golden Eagles,Arkansas State Red Wolves,28,44,False,True,0.316905639979517,0,0.44364786598244066,0.44484299268531846,0.2895837022666866,2024-10-15T23:30Z,22.239551643054185,29.816309239352044,-7.57675759629786,-16
401636900,2024,8,2024-10-19T23:30Z,66,2116,Iowa State Cyclones,UCF Knights,38,35,False,True,0.849079619668827,1,0.8577107376161278,0.7885227479570234,0.8951714689053915,2024-10-15T23:30Z,30.394294333629,13.421531224907765,16.97276310872123,3
401636904,2024,8,2024-10-19T23:30Z,277,2306,West Virginia Mountaineers,Kansas State Wildcats,18,45,False,True,0.4416405052543968,0,0.396576658730229,0.4217431026612186,0.32882811531741485,2024-10-15T23:30Z,26.722830288123642,29.528177533706806,-2.805347245583164,-27
401628520,2024,8,2024-10-19T23:30Z,127,2294,Michigan State Spartans,Iowa Hawkeyes,32,20,False,True,0.24343393338227892,1,0.2792391259714971,0.2956080008418632,0.20704460924967405,2024-10-15T23:30Z,14.379919716521384,26.805238764762535,-12.425319048241152,12
401645349,2024,8,2024-10-19T23:30Z,235,249,Memphis Tigers,North Texas Mean Green,52,44,False,True,0.7735153721882727,1,0.6631970371841432,0.7070560447332609,0.7335226593059266,2024-10-15T23:30Z,42.49268236548074,30.4969157244751,11.995766641005638,8
401628393,2024,8,2024-10-19T23:45Z,57,96,Florida Gators,Kentucky Wildcats,48,20,False,True,0.5676849084899875,1,0.5324264308892449,0.47046411993300624,0.4780225882399652,2024-10-15T23:30Z,24.45408477410892,21.9813844869893,2.472700287119622,28
401628398,2024,8,2024-10-19T23:49Z,251,61,Texas Longhorns,Georgia Bulldogs,15,30,False,True,0.530561124337975,0,0.7366872110502852,0.7589734103634214,0.8300800176160031,2024-10-15T23:30Z,27.9041802794354,26.474306990718542,1.429873288716859,-15
401635590,2024,8,2024-10-20T00:00Z,24,2567,Stanford Cardinal,SMU Mustangs,10,40,False,True,0.1916897361946844,0,0.15478340854015638,0.11124764193971046,0.07721445146763095,2024-10-15T23:30Z,21.35666114085155,36.448228817200395,-15.091567676348845,-30
401643734,2024,8,2024-10-20T00:00Z,2005,36,Air Force Falcons,Colorado State Rams,13,21,False,True,0.39904924081292537,0,0.4225289641833992,0.5721114744582545,0.35516282338916916,2024-10-15T23:30Z,18.144447991838533,22.753289639731115,-4.608841647892582,-8
401643739,2024,8,2024-10-20T02:00Z,204,2439,Oregon State Beavers,UNLV Rebels,25,33,False,True,0.39116961749884777,0,0.2840203938991986,0.47390791387244635,0.2805363793759998,2024-10-15T23:30Z,29.39206888335028,34.043867012964505,-4.651798129614225,-8
401636903,2024,8,2024-10-20T02:30Z,254,2628,Utah Utes,TCU Horned Frogs,7,13,False,True,0.5803767610735792,0,0.6138002529506846,0.6190191914133208,0.6416750414227718,2024-10-15T23:30Z,29.979205255620236,26.869343753624005,3.1098615019962317,-6
401640984,2024,9,2024-10-22T23:30Z,2229,2534,Florida International Panthers,Sam Houston Bearkats,7,10,False,True,0.4333232947240523,0,0.44245592212905893,0.40066172562087243,0.4014217091489272,2024-10-22T23:30Z,23.469998014326947,26.44004119519705,-2.9700431808701033,-3
401641011,2024,9,2024-10-23T00:00Z,2348,2638,Louisiana Tech Bulldogs,UTEP Miners,14,10,False,True,0.6669275552747733,1,0.6617868859462848,0.671662418630075,0.6877100177082284,2024-10-22T23:30Z,30.333174146192686,23.05363508608755,7.279539060105137,4
401640993,2024,9,2024-10-23T23:00Z,338,2335,Kennesaw State Owls,Liberty Flames,27,24,False,True,0.19379544986081046,1,0.14250899370415526,0.21042217466119786,0.12233990358643806,2024-10-22T23:30Z,18.506716396399636,32.07300144470359,-13.566285048303957,3
401641003,2024,9,2024-10-23T23:30Z,55,2393,Jacksonville State Gamecocks,Middle Tennessee Blue Raiders,42,20,False,True,0.8722263446821695,1,0.8542731577076915,0.9006420376487825,0.9175093746477426,2024-10-22T23:30Z,41.99649601269233,22.393673559898193,19.60282245279414,22
401643815,2024,9,2024-10-24T23:00Z,295,290,Old Dominion Monarchs,Georgia Southern Eagles,47,19,False,True,0.522661697692829,1,0.6325693814772675,0.5658631520468159,0.46924365269620416,2024-10-22T23:30Z,26.672797913775305,25.902454582377594,0.7703433313977115,28
401634770,2024,9,2024-10-24T23:30Z,221,183,Pittsburgh Panthers,Syracuse Orange,41,13,False,True,0.6322898876796265,1,0.7981780788563078,0.7201743974774318,0.6318880288375776,2024-10-22T23:30Z,29.884500822625547,23.720356329843952,6.164144492781595,28
401634771,2024,9,2024-10-25T23:30Z,103,97,Boston College Eagles,Louisville Cardinals,27,31,False,True,0.30744289505495404,0,0.2481576389404596,0.2883536302834877,0.22286432529901212,2024-10-22T23:30Z,21.461240046367113,29.536264311426923,-8.07502426505981,-4
401643740,2024,9,2024-10-26T02:30Z,2439,68,UNLV Rebels,Boise State Broncos,24,29,False,True,0.5392781531252013,0,0.45542401044479286,0.43149443745012606,0.45507647289789377,2024-10-22T23:30Z,36.33494972947599,34.47088718230877,1.8640625471672152,-5
401628532,2024,9,2024-10-26T03:00Z,30,164,USC Trojans,Rutgers Scarlet Knights,42,20,False,True,0.8697317306752709,1,0.8769265378803526,0.8514380516281315,0.8689389815861591,2024-10-22T23:30Z,37.298355875771385,19.09807865237993,18.200277223391456,22
401628530,2024,9,2024-10-26T16:00Z,194,158,Ohio State Buckeyes,Nebraska Cornhuskers,21,17,False,True,0.9556350001435417,1,0.966354325116956,0.9605611050102496,0.9700792453940518,2024-10-22T23:30Z,36.44593711490296,4.969484156642698,31.47645295826026,4
401628983,2024,9,2024-10-26T16:00Z,2426,87,Navy Midshipmen,Notre Dame Fighting Irish,14,51,True,True,0.10476824040545869,0,0.10705908144053049,0.17466838852499078,0.16221861960970446,2024-10-22T23:30Z,14.74008423572003,37.347921104768815,-22.607836869048786,-37
401628526,2024,9,2024-10-26T16:00Z,84,264,Indiana Hoosiers,Washington Huskies,31,17,False,True,0.7731109296157236,1,0.7471606645753992,0.7299916669952695,0.8573503004336871,2024-10-22T23:30Z,36.09629934923719,23.62046008703557,12.475839262201621,14
401628402,2024,9,2024-10-26T16:00Z,145,201,Ole Miss Rebels,Oklahoma Sooners,26,14,False,True,0.8336538738242525,1,0.8480691767028867,0.8412060754506734,0.8680436857371524,2024-10-22T23:30Z,31.85473672470014,16.04035159261292,15.814385132087217,12
401635597,2024,9,2024-10-26T16:00Z,259,59,Virginia Tech Hokies,Georgia Tech Yellow Jackets,21,6,False,True,0.646879136799365,1,0.7180775490151567,0.7000036479835872,0.6903815615190333,2024-10-22T23:30Z,30.143043218517295,24.360019508182003,5.783023710335293,15
401635598,2024,9,2024-10-26T16:00Z,258,153,Virginia Cavaliers,North Carolina Tar Heels,14,41,False,True,0.5706693451692694,0,0.5000887534088247,0.523825300718539,0.6004764468617694,2024-10-22T23:30Z,32.82044621970458,30.16463686130106,2.65580935840352,-27
401644755,2024,9,2024-10-26T16:00Z,195,2084,Ohio Bobcats,Buffalo Bulls,47,16,False,True,0.6762599179371548,1,0.7203719558199686,0.745287667283955,0.624174311812433,2024-10-22T23:30Z,29.08012100674068,22.087170115826353,6.992950890914326,31
401645353,2024,9,2024-10-26T16:00Z,235,2429,Memphis Tigers,Charlotte 49ers,33,28,False,True,0.8714959880403514,1,0.8576698362378521,0.886828594893699,0.8875538020299828,2024-10-22T23:30Z,38.74421547038868,19.981452832352716,18.762762638035966,5
401645354,2024,9,2024-10-26T16:00Z,249,2655,North Texas Mean Green,Tulane Green Wave,37,45,False,True,0.3023835740576002,0,0.34291054147795924,0.3862618424590394,0.2368755381276707,2024-10-22T23:30Z,34.24282205773921,42.940417360523256,-8.697595302784045,-8
401628403,2024,9,2024-10-26T16:45Z,344,8,Mississippi State Bulldogs,Arkansas Razorbacks,25,58,False,True,0.42253214684629004,0,0.43101199607341806,0.4421709437115552,0.413947080777881,2024-10-22T23:30Z,25.090703613341756,28.245972865055865,-3.1552692517141097,-33
401643816,2024,9,2024-10-26T17:00Z,2026,2247,App State Mountaineers,Georgia State Panthers,33,26,False,True,0.5599535329433876,1,0.6087848786028693,0.672706732304884,0.41192756324604823,2024-10-22T23:30Z,31.81574880250477,29.834769786535606,1.9809790159691651,7
401644687,2024,9,2024-10-26T18:00Z,193,2117,Miami (OH) RedHawks,Central Michigan Chippewas,46,7,False,True,0.878542446752494,1,0.8373068634104585,0.7756701268317963,0.8807925768330946,2024-10-22T23:30Z,35.542860717937074,15.81469578758714,19.728164930349934,39
401645352,2024,9,2024-10-26T18:00Z,151,218,East Carolina Pirates,Temple Owls,56,34,False,True,0.6332534004911026,1,0.7765299340358246,0.7826975136006691,0.7147194690807858,2024-10-22T23:30Z,27.300158039352745,21.18136906459121,6.118788974761536,22
401628525,2024,9,2024-10-26T19:30Z,2483,356,Oregon Ducks,Illinois Fighting Illini,38,9,False,True,0.9274313900711718,1,0.9357522836186088,0.9062755541877119,0.9282388333405688,2024-10-22T23:30Z,39.777386130881524,15.029414492805376,24.747971638076148,29
401636911,2024,9,2024-10-26T19:30Z,2116,252,UCF Knights,BYU Cougars,24,37,False,True,0.4083747539296778,0,0.44570598900123576,0.4724161713788366,0.29805345209069545,2024-10-22T23:30Z,23.690011905115433,27.94720751677607,-4.257195611660638,-13
401628400,2024,9,2024-10-26T19:30Z,333,142,Alabama Crimson Tide,Missouri Tigers,34,0,False,True,0.9258612716597809,1,0.912777051571771,0.828296912043881,0.8818902695272886,2024-10-22T23:30Z,40.117052246020144,15.072604863064935,25.04444738295521,34
401628527,2024,9,2024-10-26T19:30Z,2294,77,Iowa Hawkeyes,Northwestern Wildcats,40,14,False,True,0.7625698648581991,1,0.7631610339097198,0.7682799388668291,0.7476609187139583,2024-10-22T23:30Z,27.204573828577857,14.946945275089636,12.257628553488221,26
401628528,2024,9,2024-10-26T19:30Z,135,120,Minnesota Golden Gophers,Maryland Terrapins,48,23,False,True,0.46047769698262186,1,0.5332052781844879,0.574199541752731,0.47002464402362065,2024-10-22T23:30Z,21.31180918138056,23.16260310022237,-1.8507939188418092,25
401629035,2024,9,2024-10-26T19:30Z,41,242,UConn Huskies,Rice Owls,17,10,False,True,0.8782394562993102,1,0.6403179300399284,0.6780922757455733,0.8315877292156937,2024-10-22T23:30Z,33.78794463666427,13.81276491582415,19.97517972084012,7
401635599,2024,9,2024-10-26T19:30Z,24,154,Stanford Cardinal,Wake Forest Demon Deacons,24,27,False,True,0.4656854695754429,0,0.4241670586155167,0.4013268721935983,0.4351480157890512,2024-10-22T23:30Z,26.22899133256196,27.578011377941174,-1.3490200453792127,-3
401636906,2024,9,2024-10-26T19:30Z,239,197,Baylor Bears,Oklahoma State Cowboys,38,28,False,True,0.6450913244774571,1,0.7219967791450487,0.6277180037922223,0.6304648165093333,2024-10-22T23:30Z,36.66382240932956,30.664116416324582,5.99970599300498,10
401636910,2024,9,2024-10-26T19:30Z,2628,2641,TCU Horned Frogs,Texas Tech Red Raiders,35,34,False,True,0.5763652438031185,1,0.5735042159922549,0.6187787144467267,0.4456421017373095,2024-10-22T23:30Z,36.58910673574364,33.8951899298323,2.6939168059113427,1
401643817,2024,9,2024-10-26T19:30Z,256,2572,James Madison Dukes,Southern Miss Golden Eagles,32,15,False,True,0.9628228841181449,1,0.9579859816020244,0.9633448727772548,0.988770619247426,2024-10-22T23:30Z,47.37818659088728,13.920790678795647,33.457395912091634,17
401644752,2024,9,2024-10-26T19:30Z,2006,2199,Akron Zips,Eastern Michigan Eagles,25,21,False,True,0.4304082134596875,1,0.4760196932579913,0.3994241749878485,0.31436971738894454,2024-10-22T23:30Z,25.85139614356686,29.017371716009293,-3.1659755724424343,4
401644753,2024,9,2024-10-26T19:30Z,2050,2459,Ball State Cardinals,Northern Illinois Huskies,25,23,False,True,0.27835287053343155,1,0.14369057237119634,0.20501289150375196,0.11351235400457668,2024-10-22T23:30Z,18.015275282706614,27.13905690588263,-9.123781623176015,2
401644754,2024,9,2024-10-26T19:30Z,2649,189,Toledo Rockets,Bowling Green Falcons,26,41,False,True,0.7547113035483721,0,0.7128564118915737,0.7245526572550403,0.6674754129049206,2024-10-22T23:30Z,27.835936703661325,16.749887953598055,11.08604875006327,-15
401644756,2024,9,2024-10-26T19:30Z,2711,2309,Western Michigan Broncos,Kent State Golden Flashes,52,21,False,True,0.8531212564125266,1,0.8479205171124164,0.8728991865199031,0.9231907251517435,2024-10-22T23:30Z,45.62140110366274,27.56430670491006,18.05709439875268,31
401645355,2024,9,2024-10-26T19:30Z,202,2636,Tulsa Golden Hurricane,UTSA Roadrunners,46,45,False,True,0.3662742380405538,1,0.22058718998515017,0.2444496549215216,0.27455493777539886,2024-10-22T23:30Z,22.823481158501917,28.818312857301837,-5.994831698799921,1
401635594,2024,9,2024-10-26T20:00Z,25,204,California Golden Bears,Oregon State Beavers,44,7,False,True,0.6598584858710961,1,0.7207874712352247,0.5989682231795579,0.6723031454950963,2024-10-22T23:30Z,28.345119576678723,21.401143171433514,6.943976405245209,37
401628405,2024,9,2024-10-26T20:15Z,238,251,Vanderbilt Commodores,Texas Longhorns,24,27,False,True,0.0860246511444242,0,0.06368472823218035,0.08005435028132468,0.06763546877419817,2024-10-22T23:30Z,15.029322463119223,39.01949956010003,-23.99017709698081,-3
401643741,2024,9,2024-10-26T21:00Z,36,167,Colorado State Rams,New Mexico Lobos,17,6,False,True,0.6379954585555481,1,0.7190215520655708,0.6439338161000262,0.7035692350274715,2024-10-22T23:30Z,38.62668787280923,32.135348093393645,6.491339779415583,11
401643819,2024,9,2024-10-26T21:00Z,6,2433,South Alabama Jaguars,UL Monroe Warhawks,46,17,False,True,0.7092275392978777,1,0.7285951229469164,0.8040617851293597,0.6450490458061565,2024-10-22T23:30Z,24.916558281401972,15.987738734825548,8.928819546576424,29
401635596,2024,9,2024-10-26T23:00Z,2390,52,Miami Hurricanes,Florida State Seminoles,36,14,False,True,0.8803091473405703,1,0.911794932419986,0.865883156190749,0.9369548352328916,2024-10-22T23:30Z,38.25223498763084,18.539803062984944,19.712431924645898,22
401636905,2024,9,2024-10-26T23:00Z,12,277,Arizona Wildcats,West Virginia Mountaineers,26,31,False,True,0.4834182230435029,0,0.5757362910928336,0.5496746603888996,0.49389960320183846,2024-10-22T23:30Z,25.560590881800213,27.02985809569528,-1.4692672138950655,-5
401636908,2024,9,2024-10-26T23:00Z,248,254,Houston Cougars,Utah Utes,17,14,False,True,0.3629306469988102,1,0.4312712428992199,0.4281916987063773,0.38545008939288145,2024-10-22T23:30Z,10.938029312335747,16.745995413214963,-5.8079661008792165,3
401643745,2024,9,2024-10-26T23:00Z,2751,328,Wyoming Cowboys,Utah State Aggies,25,27,False,True,0.638504997542439,0,0.5842931123735549,0.6759677154474555,0.6840888520830359,2024-10-22T23:30Z,35.526532942412885,29.530974220574016,5.995558721838869,-2
401643818,2024,9,2024-10-26T23:00Z,2032,2653,Arkansas State Red Wolves,Troy Trojans,34,31,False,True,0.5773614515260839,1,0.4675038935174627,0.4610687836062935,0.45916305648479294,2024-10-22T23:30Z,25.011949202081702,22.497072971988906,2.5148762300927956,3
401628531,2024,9,2024-10-26T23:30Z,275,213,Wisconsin Badgers,Penn State Nittany Lions,13,28,False,True,0.442996286995631,0,0.2952901059099125,0.38354224357132416,0.38582079308038175,2024-10-22T23:30Z,21.280621928490227,23.194394366164993,-1.9137724376747656,-15
401628404,2024,9,2024-10-26T23:30Z,245,99,Texas A&M Aggies,LSU Tigers,38,23,False,True,0.5251153460261765,1,0.481894000882295,0.41419249819409965,0.4119074225176743,2024-10-22T23:30Z,28.422962861525484,27.715239824766194,0.7077230367592904,15
401628529,2024,9,2024-10-26T23:30Z,130,127,Michigan Wolverines,Michigan State Spartans,24,17,False,True,0.7868364261604278,1,0.7866350837233855,0.8191883069953725,0.7245280103209796,2024-10-22T23:30Z,26.55825543825322,12.869941488890438,13.688313949362781,7
401628401,2024,9,2024-10-26T23:45Z,96,2,Kentucky Wildcats,Auburn Tigers,10,24,False,True,0.6104417930760851,0,0.6370036373257921,0.6393630258551422,0.6675293453179861,2024-10-22T23:30Z,22.44528656898737,18.247401967520734,4.197884601466637,-14
401636909,2024,9,2024-10-27T00:00Z,2306,2305,Kansas State Wildcats,Kansas Jayhawks,29,27,False,True,0.8161914166938881,1,0.7988846098265054,0.7965191602121279,0.8377053174240494,2024-10-22T23:30Z,35.88376240386167,20.346109890809633,15.537652513052034,2
401635595,2024,9,2024-10-27T00:00Z,150,2567,Duke Blue Devils,SMU Mustangs,27,28,False,True,0.35258362948462396,0,0.3370740283702814,0.3011477616443818,0.26957897885008014,2024-10-22T23:30Z,24.200974475067028,30.68111367593675,-6.480139200869722,-1
401643742,2024,9,2024-10-27T00:00Z,278,23,Fresno State Bulldogs,San José State Spartans,33,10,False,True,0.587315235384888,1,0.547339796882769,0.5442522846283708,0.573623478696783,2024-10-22T23:30Z,28.324307553623786,24.82814945072145,3.496158102902335,23
401636907,2024,9,2024-10-27T02:15Z,38,2132,Colorado Buffaloes,Cincinnati Bearcats,34,23,False,True,0.6559865580263018,1,0.654042889757485,0.586481265109291,0.6280563577527405,2024-10-22T23:30Z,28.695791990578048,22.619654961307354,6.0761370292706935,11
401643744,2024,9,2024-10-27T02:30Z,21,265,San Diego State Aztecs,Washington State Cougars,26,29,False,True,0.20269888482785586,0,0.20291352042069663,0.2632070977748673,0.09940653066525794,2024-10-22T23:30Z,17.17578874401034,31.320173040768097,-14.144384296757757,-3
401643743,2024,9,2024-10-27T03:59Z,62,2440,Hawai'i Rainbow Warriors,Nevada Wolf Pack,34,13,False,True,0.48775300226800733,1,0.5037100037643779,0.495088768535384,0.3402260359542602,2024-10-22T23:30Z,23.0176600786582,24.012661220626107,-0.9950011419679079,21
401640985,2024,10,2024-10-29T23:00Z,2229,166,Florida International Panthers,New Mexico State Aggies,34,13,False,True,0.7258497523170451,1,0.7518658319958873,0.6513095040407066,0.8303690634056115,2024-10-29T23:00Z,29.591235101150087,19.648095776544878,9.943139324605209,21
401643820,2024,10,2024-10-29T23:30Z,326,309,Texas State Bobcats,Louisiana Ragin' Cajuns,17,23,False,True,0.6217326435235151,0,0.6084661648586843,0.6309861580837559,0.7135555851545523,2024-10-29T23:00Z,33.90810183593968,29.43793587357045,4.470165962369233,-6
401641012,2024,10,2024-10-30T00:00Z,2534,2348,Sam Houston Bearkats,Louisiana Tech Bulldogs,9,3,False,True,0.7365486161077794,1,0.7284301324491004,0.7403413076586759,0.7938795279367964,2024-10-29T23:00Z,28.491257880033164,17.946169677293582,10.545088202739581,6
401640994,2024,10,2024-10-30T23:00Z,2335,55,Liberty Flames,Jacksonville State Gamecocks,21,31,False,True,0.5441412201838854,0,0.5778397372034746,0.5537416439156173,0.4785572106695383,2024-10-29T23:00Z,34.324294834068006,33.86629852822676,0.45799630584124884,-10
401641020,2024,10,2024-10-30T23:30Z,98,338,Western Kentucky Hilltoppers,Kennesaw State Owls,31,14,False,True,0.9074862048327917,1,0.8530266389058051,0.8346843805228739,0.9195523803796256,2024-10-29T23:00Z,35.82308848818802,12.526051046432787,23.297037441755233,17
401645356,2024,10,2024-10-31T23:30Z,2429,2655,Charlotte 49ers,Tulane Green Wave,3,34,False,True,0.19905701168080023,0,0.18562794522176906,0.17271292428805674,0.1219508180858818,2024-10-29T23:00Z,22.113146144059044,36.43891885003911,-14.325772705980064,-31
401629036,2024,10,2024-11-01T23:00Z,41,2247,UConn Huskies,Georgia State Panthers,34,27,False,True,0.7975490111307354,1,0.6914570336393394,0.6914447718300405,0.7317118682891567,2024-10-29T23:00Z,31.3101236392417,17.327778882075485,13.982344757166214,7
401645357,2024,10,2024-11-01T23:30Z,2226,58,Florida Atlantic Owls,South Florida Bulls,21,44,False,True,0.5050192493149496,0,0.5365338434368973,0.5393092069496611,0.5089005052711567,2024-10-29T23:00Z,26.84641453617414,26.55684341986713,0.2895711163070125,-23
401643747,2024,10,2024-11-02T00:00Z,68,21,Boise State Broncos,San Diego State Aztecs,56,24,False,True,0.9191508777315817,1,0.9414440282975299,0.9255721842426258,0.9606924273923302,2024-10-29T23:00Z,39.77694627519865,15.333411884334865,24.443534390863782,32
401628539,2024,10,2024-11-02T16:00Z,213,194,Penn State Nittany Lions,Ohio State Buckeyes,13,20,False,True,0.4545853817175689,0,0.40179896871184695,0.4627289404727658,0.3248572278876888,2024-10-29T23:00Z,23.925936854667484,26.110518579028415,-2.184581724360932,-7
401635601,2024,10,2024-11-02T16:00Z,2390,150,Miami Hurricanes,Duke Blue Devils,53,31,False,True,0.858173037970155,1,0.9025643665205434,0.855405301402284,0.8919101323580675,2024-10-29T23:00Z,38.907391392757866,20.946760431933804,17.960630960824062,22
401628406,2024,10,2024-11-02T16:00Z,8,145,Arkansas Razorbacks,Ole Miss Rebels,31,63,False,True,0.2726225655804695,0,0.22348683889631032,0.2677075977815103,0.1787811704072761,2024-10-29T23:00Z,20.46940795598858,30.024449914446325,-9.555041958457746,-32
401643746,2024,10,2024-11-02T16:00Z,349,2005,Army Black Knights,Air Force Falcons,20,3,False,True,0.9019764117223784,1,0.935724098421615,0.9022322546622185,0.9609711781717428,2024-10-29T23:00Z,32.71435535912491,9.526901223367881,23.18745413575703,17
401628533,2024,10,2024-11-02T16:00Z,356,135,Illinois Fighting Illini,Minnesota Golden Gophers,17,25,False,True,0.513238922643108,0,0.48046907148566587,0.5365777964627136,0.4364579898442918,2024-10-29T23:00Z,23.474803736846887,22.76595779859518,0.7088459382517058,-8
401628538,2024,10,2024-11-02T16:00Z,2509,77,Purdue Boilermakers,Northwestern Wildcats,20,26,False,True,0.32773338064079816,0,0.3113454715043667,0.3529231826462458,0.16810893787656295,2024-10-29T23:00Z,22.898631654356706,29.844062406318265,-6.94543075196156,-6
401635516,2024,10,2024-11-02T16:00Z,152,24,NC State Wolfpack,Stanford Cardinal,59,28,False,True,0.7017684444333367,1,0.7780577430537803,0.805674312525063,0.7296567312808045,2024-10-29T23:00Z,28.473464433501917,19.846596739597732,8.626867693904185,31
401635604,2024,10,2024-11-02T16:00Z,183,259,Syracuse Orange,Virginia Tech Hokies,38,31,False,True,0.3259128079460539,1,0.2326468802783047,0.30331773259724926,0.23257355645207617,2024-10-29T23:00Z,22.076874360766496,30.050802735227336,-7.97392837446084,7
401644757,2024,10,2024-11-02T16:00Z,2006,2084,Akron Zips,Buffalo Bulls,30,41,False,True,0.5050597994571283,0,0.5047671982778834,0.45551012254556045,0.43465262781218034,2024-10-29T23:00Z,25.859103072548955,25.722740582711285,0.1363624898376692,-11
401644758,2024,10,2024-11-02T16:00Z,2199,2649,Eastern Michigan Eagles,Toledo Rockets,28,29,False,True,0.3153618599339304,0,0.24872926315470517,0.2917111001904524,0.27889146680624494,2024-10-29T23:00Z,22.456369599968674,29.831441040957362,-7.3750714409886875,-1
401645359,2024,10,2024-11-02T16:00Z,2636,235,UTSA Roadrunners,Memphis Tigers,44,36,False,True,0.2376736549586491,1,0.3652064074668398,0.39640444345025716,0.17210087252576783,2024-10-29T23:00Z,25.96560161368954,37.42215959543881,-11.456557981749274,8
401628407,2024,10,2024-11-02T16:45Z,2,238,Auburn Tigers,Vanderbilt Commodores,7,17,False,True,0.7234431643550446,0,0.7441709833487244,0.7278667342367213,0.5506436732873375,2024-10-29T23:00Z,29.389373945615354,19.07192061148728,10.317453334128075,-10
401643821,2024,10,2024-11-02T18:30Z,2026,295,App State Mountaineers,Old Dominion Monarchs,28,20,False,True,0.36153027430210455,1,0.3298471182882756,0.4744426372345152,0.20616326687218703,2024-10-29T23:00Z,25.90877188700045,32.27167693509732,-6.3629050480968665,8
401645358,2024,10,2024-11-02T18:30Z,5,202,UAB Blazers,Tulsa Golden Hurricane,59,21,False,True,0.5683769312269185,1,0.6626522199360932,0.6198030208719743,0.5891745935134949,2024-10-29T23:00Z,30.824246170301798,27.685318863768565,3.1389273065332333,38
401628536,2024,10,2024-11-02T19:30Z,130,2483,Michigan Wolverines,Oregon Ducks,17,38,False,True,0.23729107416340373,0,0.2452143959051208,0.28491233479002176,0.16465939433533364,2024-10-29T23:00Z,19.043042235992317,29.831741314689346,-10.788699078697029,-21
401628408,2024,10,2024-11-02T19:30Z,61,57,Georgia Bulldogs,Florida Gators,34,20,True,True,0.9030668778348613,1,0.8155126063208258,0.8438086574103988,0.824536957132549,2024-10-29T23:00Z,39.55868548129132,17.574106309328524,21.984579171962796,14
401636914,2024,10,2024-11-02T19:30Z,66,2641,Iowa State Cyclones,Texas Tech Red Raiders,22,23,False,True,0.7761509348899492,0,0.8290757428844634,0.7693889983019929,0.8264210316553788,2024-10-29T23:00Z,33.78086418912581,21.739231115548634,12.041633073577174,-1
401628534,2024,10,2024-11-02T19:30Z,127,84,Michigan State Spartans,Indiana Hoosiers,10,47,False,True,0.2638334514094962,0,0.2892855999441652,0.2511382506341194,0.12469222469356321,2024-10-29T23:00Z,20.918719369619236,32.57531751510487,-11.656598145485635,-37
401636913,2024,10,2024-11-02T19:30Z,248,2306,Houston Cougars,Kansas State Wildcats,24,19,False,True,0.14847279721085532,1,0.1917013816875815,0.22579731906124237,0.1254944960225602,2024-10-29T23:00Z,14.05325613474048,32.08251621697281,-18.029260082232334,5
401628537,2024,10,2024-11-02T19:30Z,158,26,Nebraska Cornhuskers,UCLA Bruins,20,27,False,True,0.592262189454435,0,0.6429723497779999,0.6279259670310546,0.6854027189965105,2024-10-29T23:00Z,20.821752094515194,16.88083301753453,3.940919076980663,-7
401635602,2024,10,2024-11-02T19:30Z,52,153,Florida State Seminoles,North Carolina Tar Heels,11,35,False,True,0.5167911609986184,0,0.5257468416768033,0.5113203250778282,0.42206466501115963,2024-10-29T23:00Z,27.581262360857217,26.687757712462908,0.893504648394309,-24
401636915,2024,10,2024-11-02T19:30Z,197,9,Oklahoma State Cowboys,Arizona State Sun Devils,21,42,False,True,0.5366907246204318,0,0.4463541040554375,0.5340540481335808,0.47939389340609784,2024-10-29T23:00Z,29.400187189523013,28.691358512813597,0.7088286767094161,-21
401636916,2024,10,2024-11-02T19:30Z,2116,12,UCF Knights,Arizona Wildcats,56,12,False,True,0.6269745094328169,1,0.6438012059149597,0.6404154534969448,0.6617796491078662,2024-10-29T23:00Z,28.657385482604468,22.61096608700091,6.046419395603557,44
401641026,2024,10,2024-11-02T19:30Z,2638,2393,UTEP Miners,Middle Tennessee Blue Raiders,13,20,False,True,0.632780289455582,0,0.6096005736485711,0.6541260646539651,0.6497530603559,2024-10-29T23:00Z,28.00301320438905,22.605430726354363,5.3975824780346855,-7
401643822,2024,10,2024-11-02T19:30Z,276,2433,Marshall Thundering Herd,UL Monroe Warhawks,28,23,False,True,0.7097851667716004,1,0.6772804407431197,0.7751332611192496,0.7225099840429421,2024-10-29T23:00Z,28.642747643516813,18.67853984305255,9.964207800464262,5
401643750,2024,10,2024-11-02T20:00Z,167,2751,New Mexico Lobos,Wyoming Cowboys,45,49,False,True,0.6645585797087586,0,0.6652338034837796,0.6506490893638894,0.5913395057791423,2024-10-29T23:00Z,35.45283782750404,29.083868291464626,6.368969536039415,-4
401643824,2024,10,2024-11-02T20:00Z,2653,324,Troy Trojans,Coastal Carolina Chanticleers,38,24,False,True,0.47455574566632963,1,0.49309986543050816,0.5545155902690584,0.4142206204325695,2024-10-29T23:00Z,26.229936530246334,27.961598457239063,-1.7316619269927287,14
401645360,2024,10,2024-11-02T20:00Z,242,2426,Rice Owls,Navy Midshipmen,24,10,False,True,0.21931106591024072,1,0.2977358943411028,0.2925406261300406,0.13546793872007326,2024-10-29T23:00Z,18.55559580848252,31.482701646201036,-12.927105837718518,14
401628409,2024,10,2024-11-02T20:15Z,344,113,Mississippi State Bulldogs,Massachusetts Minutemen,45,20,False,True,0.8571418793760247,1,0.8847956732955518,0.8371328157455907,0.8990375391553093,2024-10-29T23:00Z,38.351614105529954,20.37629371131517,17.975320394214783,25
401643749,2024,10,2024-11-02T23:00Z,278,62,Fresno State Bulldogs,Hawai'i Rainbow Warriors,20,21,False,True,0.7295035619182612,0,0.7604891572232042,0.8138101333725892,0.8095444394522543,2024-10-29T23:00Z,28.5146467813173,18.635237114935492,9.879409666381807,-1
401628411,2024,10,2024-11-02T23:30Z,2579,245,South Carolina Gamecocks,Texas A&M Aggies,44,20,False,True,0.3973358312379303,1,0.500292762776437,0.5272354398893369,0.5402818213479188,2024-10-29T23:00Z,20.72276903615687,24.616723040838274,-3.8939540046814045,24
401635600,2024,10,2024-11-02T23:30Z,228,97,Clemson Tigers,Louisville Cardinals,21,33,False,True,0.8191103328535058,0,0.7243060087155436,0.6927302965096084,0.655400450991058,2024-10-29T23:00Z,37.946417978426894,22.249234026527652,15.697183951899241,-12
401628535,2024,10,2024-11-02T23:30Z,2294,275,Iowa Hawkeyes,Wisconsin Badgers,42,10,False,True,0.5462659989117079,1,0.6134559248965592,0.5405808667191221,0.5784798567571585,2024-10-29T23:00Z,22.691805198958477,21.08870550125988,1.603099697698596,32
401628540,2024,10,2024-11-02T23:30Z,264,30,Washington Huskies,USC Trojans,26,21,False,True,0.37496098043202286,1,0.41186543026366024,0.4713301052947029,0.3306469803801214,2024-10-29T23:00Z,25.223490013917033,29.698575278000845,-4.475085264083813,5
401643823,2024,10,2024-11-02T23:30Z,6,290,South Alabama Jaguars,Georgia Southern Eagles,30,34,False,True,0.7204957491149747,0,0.7756160930327115,0.7701896975517972,0.6630613175730835,2024-10-29T23:00Z,33.186208641907854,23.726317345139815,9.459891296768038,-4
401628412,2024,10,2024-11-02T23:45Z,2633,96,Tennessee Volunteers,Kentucky Wildcats,28,18,False,True,0.90358502150201,1,0.8936154446689697,0.8794865226894397,0.907046374620158,2024-10-29T23:00Z,32.78052656428437,10.109026773067919,22.671499791216455,10
401635627,2024,10,2024-11-03T00:00Z,2567,221,SMU Mustangs,Pittsburgh Panthers,48,25,False,True,0.6648450543143227,1,0.6884824424918301,0.7829041992501786,0.7207794729819799,2024-10-29T23:00Z,33.99143898120434,26.51403000700947,7.477408974194869,23
401636912,2024,10,2024-11-03T00:00Z,239,2628,Baylor Bears,TCU Horned Frogs,37,34,False,True,0.5730156426273879,1,0.6096150713277853,0.5296530152133634,0.6460962742715278,2024-10-29T23:00Z,36.1468765428523,33.07474035917396,3.0721361836783387,3
401643748,2024,10,2024-11-03T00:00Z,2440,36,Nevada Wolf Pack,Colorado State Rams,21,38,False,True,0.4768105358606682,0,0.4763912531059011,0.47299870467547933,0.5525977463274822,2024-10-29T23:00Z,19.439435582435287,20.632546696684848,-1.193111114249561,-17
401644760,2024,11,2024-11-06T00:30Z,2117,189,Central Michigan Chippewas,Bowling Green Falcons,13,23,False,True,0.2792164820441333,0,0.286692638517218,0.3053695452549546,0.12944535900973902,2024-11-06T00:30Z,23.70211354295373,33.88301919837363,-10.180905655419902,-10
401644688,2024,11,2024-11-06T01:00Z,2050,193,Ball State Cardinals,Miami (OH) RedHawks,21,27,False,True,0.22319272936804124,0,0.1345339512019347,0.19837783697874217,0.12524975833797242,2024-11-06T00:30Z,19.490674933787755,31.511128562892054,-12.0204536291043,-6
401644761,2024,11,2024-11-07T00:00Z,2309,195,Kent State Golden Flashes,Ohio Bobcats,0,41,False,True,0.15083335971096246,0,0.0898462590166311,0.08635705192384699,0.06474811882212887,2024-11-06T00:30Z,21.248073141982122,38.92148853571952,-17.673415393737397,-41
401644762,2024,11,2024-11-07T00:00Z,2711,2459,Western Michigan Broncos,Northern Illinois Huskies,28,42,False,True,0.518928967780462,0,0.38321964133563946,0.4008704938354125,0.39025171545787724,2024-11-06T00:30Z,24.97083567858988,24.43104527123726,0.5397904073526192,-14
401643825,2024,11,2024-11-08T01:00Z,324,2026,Coastal Carolina Chanticleers,App State Mountaineers,38,24,False,True,0.6124886195941148,1,0.6330503567961426,0.5468994078225123,0.6944935586139424,2024-11-06T00:30Z,36.268976792876046,31.281757272706507,4.987219520169539,14
401645361,2024,11,2024-11-08T01:00Z,151,2226,East Carolina Pirates,Florida Atlantic Owls,49,14,False,True,0.6642106397014227,1,0.7503716879275316,0.7659619108624203,0.6827023152358491,2024-11-06T00:30Z,31.713997831163823,24.57753065404602,7.1364671771178045,35
401634773,2024,11,2024-11-09T01:00Z,154,25,Wake Forest Demon Deacons,California Golden Bears,36,46,False,True,0.3306703295558512,0,0.2747518126270174,0.3211178270369244,0.19471211560790266,2024-11-06T00:30Z,21.93919550827219,29.628076890819457,-7.688881382547269,-10
401628542,2024,11,2024-11-09T02:00Z,26,2294,UCLA Bruins,Iowa Hawkeyes,20,17,False,True,0.28696001816358363,1,0.3153216310909143,0.38586806133289364,0.24196288714926797,2024-11-06T00:30Z,20.06071298942911,29.80941138485341,-9.748698395424299,3
401645362,2024,11,2024-11-09T02:00Z,235,242,Memphis Tigers,Rice Owls,27,20,False,True,0.8510697226139025,1,0.7554929719899448,0.7963656757878884,0.8195215436614838,2024-11-06T00:30Z,35.19038354888121,18.146480285762586,17.043903263118622,7
401643754,2024,11,2024-11-09T03:30Z,21,167,San Diego State Aztecs,New Mexico Lobos,16,21,False,True,0.6254982476182795,0,0.5967711522336897,0.570625574647015,0.6680010966243505,2024-11-06T00:30Z,36.340249330183234,30.679486185662114,5.66076314452112,-5
401628545,2024,11,2024-11-09T17:00Z,194,2509,Ohio State Buckeyes,Purdue Boilermakers,45,0,False,True,0.9847884262880812,1,0.9868525387743108,0.9876590833885781,0.9951599674379716,2024-11-06T00:30Z,48.78048697224135,6.319892601735287,42.46059437050606,45
401635609,2024,11,2024-11-09T17:00Z,59,2390,Georgia Tech Yellow Jackets,Miami Hurricanes,28,23,False,True,0.23251502829730222,1,0.17660847871502314,0.2538199439322634,0.15224108579610118,2024-11-06T00:30Z,26.377103289953887,38.422463968426555,-12.045360678472669,5
401628417,2024,11,2024-11-09T17:00Z,251,57,Texas Longhorns,Florida Gators,49,17,False,True,0.8359903067402322,1,0.8731292973289515,0.8958852289077868,0.8949895227573751,2024-11-06T00:30Z,33.8788574968875,17.866637764320558,16.01221973256694,32
401628544,2024,11,2024-11-09T17:00Z,164,135,Rutgers Scarlet Knights,Minnesota Golden Gophers,26,19,False,True,0.34712302220630303,1,0.34330258042376666,0.37037734883456697,0.31203499185031885,2024-11-06T00:30Z,19.05253505314929,25.12755872728813,-6.075023674138841,7
401635606,2024,11,2024-11-09T17:00Z,103,183,Boston College Eagles,Syracuse Orange,37,31,False,True,0.48521985182289157,1,0.5520278251913086,0.5406188922239902,0.5353484386531789,2024-11-06T00:30Z,26.42189625593824,25.807913656179416,0.613982599758824,6
401636918,2024,11,2024-11-09T17:00Z,2132,277,Cincinnati Bearcats,West Virginia Mountaineers,24,31,False,True,0.6759109740541375,0,0.6316805024104791,0.6099877005318864,0.7189962568386496,2024-11-06T00:30Z,29.926540783578005,23.06220633091353,6.864334452664476,-7
401643828,2024,11,2024-11-09T17:00Z,2433,326,UL Monroe Warhawks,Texas State Bobcats,17,38,False,True,0.32867872522605346,0,0.3860578731631109,0.25797695020718,0.23865345740495325,2024-11-06T00:30Z,21.709164761538304,28.836391910510905,-7.127227148972601,-21
401645363,2024,11,2024-11-09T17:00Z,58,2426,South Florida Bulls,Navy Midshipmen,7,28,False,True,0.45989942470674056,0,0.41775015030590895,0.42507481986237217,0.3317019767317032,2024-11-06T00:30Z,26.82843988623144,28.198425628505472,-1.3699857422740322,-21
401640995,2024,11,2024-11-09T18:00Z,2393,2335,Middle Tennessee Blue Raiders,Liberty Flames,17,37,False,True,0.2947144373089758,0,0.2930721013550357,0.23196783433344825,0.20565988780923064,2024-11-06T00:30Z,22.178304427048698,29.901746966486044,-7.723442539437347,-20
401629037,2024,11,2024-11-09T19:30Z,5,41,UAB Blazers,UConn Huskies,23,31,False,True,0.28877746727782955,0,0.4097577948279022,0.4033095326652808,0.2263145008545964,2024-11-06T00:30Z,24.65430938546662,33.95716730723756,-9.30285792177094,-8
401643829,2024,11,2024-11-09T20:00Z,2572,276,Southern Miss Golden Eagles,Marshall Thundering Herd,3,37,False,True,0.21981176796635646,0,0.26213704620345796,0.26990301263721916,0.13260359095095325,2024-11-06T00:30Z,21.104266079749603,35.006622418618406,-13.902356338868803,-34
401628414,2024,11,2024-11-09T20:30Z,145,61,Ole Miss Rebels,Georgia Bulldogs,28,10,False,True,0.3331578210171207,1,0.48092594047440373,0.5221244561759202,0.59391904652978,2024-11-06T00:30Z,23.83764601109217,30.822472914712485,-6.984826903620316,18
401628541,2024,11,2024-11-09T20:30Z,84,130,Indiana Hoosiers,Michigan Wolverines,20,15,False,True,0.7501119547156637,1,0.7448899314828984,0.7590674195338805,0.8851273957068192,2024-11-06T00:30Z,33.12644827449168,22.243870069257675,10.882578205234005,5
401636919,2024,11,2024-11-09T20:30Z,2305,66,Kansas Jayhawks,Iowa State Cyclones,45,36,False,True,0.3535871687876136,1,0.3557833787556083,0.44884842313934514,0.2825477624832421,2024-11-06T00:30Z,21.19649945654952,27.433717365411567,-6.237217908862046,9
401629045,2024,11,2024-11-09T20:30Z,249,349,North Texas Mean Green,Army Black Knights,3,14,False,True,0.41030281665981577,0,0.2963850436942028,0.34382490387386166,0.2769906483444426,2024-11-06T00:30Z,32.09220857554473,35.91272285155074,-3.8205142760060085,-11
401635608,2024,11,2024-11-09T20:30Z,152,150,NC State Wolfpack,Duke Blue Devils,19,29,False,True,0.4902916646595144,0,0.4731419130971408,0.5124963713399193,0.3720800296870346,2024-11-06T00:30Z,25.910459342088473,26.659857156734734,-0.7493978146462617,-10
401643755,2024,11,2024-11-09T20:30Z,204,23,Oregon State Beavers,San José State Spartans,13,24,False,True,0.668796077260257,0,0.4565982696293691,0.5276582025581844,0.6143503817172961,2024-11-06T00:30Z,31.944040297739207,24.731564136524142,7.212476161215065,-11
401643826,2024,11,2024-11-09T20:30Z,256,2247,James Madison Dukes,Georgia State Panthers,38,7,False,True,0.8813702493482707,1,0.8990852447750735,0.9016721606528697,0.9349769767339696,2024-11-06T00:30Z,38.98216070367113,18.429668174196795,20.552492529474332,31
401635607,2024,11,2024-11-09T20:35Z,259,228,Virginia Tech Hokies,Clemson Tigers,14,24,False,True,0.34183703360582757,0,0.41347142318738433,0.4445236980858594,0.43938825311831453,2024-11-06T00:30Z,24.19670725745152,31.103030089869684,-6.906322832418162,-10
401636921,2024,11,2024-11-09T21:00Z,2641,38,Texas Tech Red Raiders,Colorado Buffaloes,27,41,False,True,0.4610385987085397,0,0.4925811194746193,0.599416915852754,0.429126476170011,2024-11-06T00:30Z,30.518249484513582,31.47088283128621,-0.9526333467726289,-14
401641021,2024,11,2024-11-09T21:00Z,2638,338,UTEP Miners,Kennesaw State Owls,43,35,False,True,0.5704178756055521,1,0.6262305342503999,0.5201589472725652,0.5502928481303526,2024-11-06T00:30Z,22.890292299368483,20.11266312923719,2.7776291701312914,8
401645364,2024,11,2024-11-09T21:00Z,2655,218,Tulane Green Wave,Temple Owls,52,6,False,True,0.9504006741703851,1,0.9523258836885999,0.9598163321524896,0.9806088778498531,2024-11-06T00:30Z,44.14331794402224,13.869442527468797,30.273875416553444,46
401628418,2024,11,2024-11-09T21:15Z,238,2579,Vanderbilt Commodores,South Carolina Gamecocks,7,28,False,True,0.23962390680885026,0,0.2217603569734995,0.28898019071296643,0.2567291225493563,2024-11-06T00:30Z,19.779071737333602,31.965972994390405,-12.186901257056803,-21
401641004,2024,11,2024-11-09T21:30Z,2348,55,Louisiana Tech Bulldogs,Jacksonville State Gamecocks,37,44,False,True,0.28731695087158454,0,0.24929484415274358,0.22269968027558368,0.22463627762762778,2024-11-06T00:30Z,23.489596413281333,32.69519595330596,-9.205599540024629,-7
401643827,2024,11,2024-11-09T22:00Z,309,2032,Louisiana Ragin' Cajuns,Arkansas State Red Wolves,55,19,False,True,0.7949104406355715,1,0.8694437275757694,0.8448280961450253,0.8556597530556842,2024-11-06T00:30Z,36.20961414242604,22.08191773854083,14.12769640388521,36
401641036,2024,11,2024-11-09T23:00Z,166,98,New Mexico State Aggies,Western Kentucky Hilltoppers,28,41,False,True,0.137785881194684,0,0.20852115601595236,0.21002396059959444,0.08593427687932544,2024-11-06T00:30Z,19.75572148149988,38.46480035125235,-18.70907886975247,-13
401628543,2024,11,2024-11-10T00:00Z,2483,120,Oregon Ducks,Maryland Terrapins,39,18,False,True,0.9374388679103102,1,0.9345523920073243,0.9409135761121636,0.9362690638580033,2024-11-06T00:30Z,43.92257706211613,17.64185644940042,26.28072061271571,21
401628416,2024,11,2024-11-10T00:00Z,2633,344,Tennessee Volunteers,Mississippi State Bulldogs,33,14,False,True,0.9631705858424293,1,0.9466801718514278,0.9425753334286882,0.9673035792013005,2024-11-06T00:30Z,43.494338082492966,10.169727351775869,33.3246107307171,19
401636917,2024,11,2024-11-10T00:00Z,9,2116,Arizona State Sun Devils,UCF Knights,35,31,False,True,0.5599053388444094,1,0.4666232934878646,0.494656278957784,0.5374275535556106,2024-11-06T00:30Z,29.685198398615313,27.05371313305379,2.6314852655615226,4
401636920,2024,11,2024-11-10T00:00Z,2628,197,TCU Horned Frogs,Oklahoma State Cowboys,38,13,False,True,0.7343762165357338,1,0.7988049732542992,0.7641500552661566,0.672417675333011,2024-11-06T00:30Z,38.661104898671006,28.527146320198415,10.13395857847259,25
401628984,2024,11,2024-11-10T00:30Z,87,52,Notre Dame Fighting Irish,Florida State Seminoles,52,3,False,True,0.9418948219993557,1,0.9502759878170095,0.9423400996864573,0.9657777592250653,2024-11-06T00:30Z,34.1006159787265,5.697100597937119,28.403515380789383,49
401628413,2024,11,2024-11-10T00:30Z,99,333,LSU Tigers,Alabama Crimson Tide,13,42,False,True,0.3104117601655148,0,0.2829477383430207,0.43164282528770304,0.32696328942463043,2024-11-06T00:30Z,27.18381553226883,34.66285689152923,-7.4790413592604,-29
401628415,2024,11,2024-11-10T00:45Z,142,201,Missouri Tigers,Oklahoma Sooners,30,23,False,True,0.5161312201642534,1,0.4726748807015482,0.5589077321336953,0.48343991340065523,2024-11-06T00:30Z,24.211840167944395,23.69287795706727,0.5189622108771239,7
401628546,2024,11,2024-11-10T01:00Z,213,264,Penn State Nittany Lions,Washington Huskies,35,6,False,True,0.8352649480693083,1,0.8244340006053146,0.8247598653349374,0.8131257251103343,2024-11-06T00:30Z,29.533751114718218,13.25495428135326,16.278796833364957,29
401643752,2024,11,2024-11-10T01:00Z,68,2440,Boise State Broncos,Nevada Wolf Pack,28,21,False,True,0.9451879390987513,1,0.9361853855426993,0.954059027054564,0.9637509102676605,2024-11-06T00:30Z,45.03245551205937,16.93279994809975,28.099655563959622,7
401635610,2024,11,2024-11-10T01:00Z,221,258,Pittsburgh Panthers,Virginia Cavaliers,19,24,False,True,0.7859014307248912,0,0.8080982197335976,0.8001938137191438,0.7791595237775788,2024-11-06T00:30Z,31.817470593737156,18.789720826059252,13.027749767677903,-5
401643753,2024,11,2024-11-10T02:00Z,62,2439,Hawai'i Rainbow Warriors,UNLV Rebels,27,29,False,True,0.21787132438678053,0,0.2227894339192155,0.2519563179587636,0.1210525145964348,2024-11-06T00:30Z,20.020649017599155,33.174696135645235,-13.15404711804608,-2
401643751,2024,11,2024-11-10T02:45Z,2005,278,Air Force Falcons,Fresno State Bulldogs,36,28,False,True,0.27432714025473737,1,0.30847863851618934,0.4164036112902346,0.19294021248356516,2024-11-06T00:30Z,15.307785917320308,25.348051755040615,-10.040265837720307,8
401636922,2024,11,2024-11-10T03:15Z,254,252,Utah Utes,BYU Cougars,21,22,False,True,0.34763446606790377,0,0.3673091171932689,0.41996160892906986,0.2207107485146126,2024-11-06T00:30Z,14.6186351540292,21.771761016415887,-7.153125862386688,-1
401643756,2024,11,2024-11-10T03:30Z,265,328,Washington State Cougars,Utah State Aggies,49,28,False,True,0.9175156784904598,1,0.8978847944654839,0.8908436013981602,0.9595877869788368,2024-11-06T00:30Z,47.07462264181293,22.360275162153375,24.714347479659555,21
401644763,2024,12,2024-11-13T00:00Z,2084,2050,Buffalo Bulls,Ball State Cardinals,51,48,False,True,0.6447462223613086,1,0.7036911269824905,0.6886353526989055,0.7083692848066929,2024-11-13T00:00Z,33.693469297775195,27.921592111809936,5.771877185965259,3
401644764,2024,12,2024-11-13T00:00Z,189,2711,Bowling Green Falcons,Western Michigan Broncos,31,13,False,True,0.7017556935725816,1,0.7419196026469786,0.7712013501569648,0.7956489071637528,2024-11-13T00:00Z,35.40647375897637,26.553787943146833,8.852685815829535,18
401644765,2024,12,2024-11-13T00:00Z,2649,2117,Toledo Rockets,Central Michigan Chippewas,37,10,False,True,0.8516998202109186,1,0.8569583434082674,0.8442575169574396,0.8910485645346795,2024-11-13T00:00Z,36.386029842083914,18.411426591932777,17.974603250151137,27
401644689,2024,12,2024-11-14T00:00Z,193,2309,Miami (OH) RedHawks,Kent State Golden Flashes,34,7,False,True,0.9401278350377846,1,0.9697069302795372,0.9684187785311752,0.9795855007790331,2024-11-13T00:00Z,40.418057824982995,12.632183340151183,27.78587448483181,27
401644766,2024,12,2024-11-14T00:00Z,2459,2006,Northern Illinois Huskies,Akron Zips,29,16,False,True,0.8403255215308929,1,0.8514801725811268,0.879435312525135,0.8972512539441608,2024-11-13T00:00Z,29.490897186142938,12.63990396338742,16.85099322275552,13
401644767,2024,12,2024-11-14T00:00Z,195,2199,Ohio Bobcats,Eastern Michigan Eagles,35,10,False,True,0.7974397076033558,1,0.8673047266745684,0.8593203833022218,0.787914101322179,2024-11-13T00:00Z,32.9268085165768,19.779067303104068,13.147741213472731,25
401645365,2024,12,2024-11-15T00:30Z,202,151,Tulsa Golden Hurricane,East Carolina Pirates,31,38,False,True,0.24090530444114455,0,0.13608370083127977,0.194901186966629,0.12036407558981044,2024-11-13T00:00Z,23.743639464412542,36.39236610450507,-12.64872664009253,-7
401643759,2024,12,2024-11-16T01:00Z,36,2751,Colorado State Rams,Wyoming Cowboys,24,10,False,True,0.7437756346723401,1,0.8034985803302076,0.7001355402532443,0.755581572996465,2024-11-13T00:00Z,28.019647647620097,16.884953768518592,11.134693879101505,14
401645366,2024,12,2024-11-16T01:00Z,2636,249,UTSA Roadrunners,North Texas Mean Green,48,27,False,True,0.4876813664382995,1,0.47235019552643004,0.5439328386978985,0.3615270429907331,2024-11-13T00:00Z,36.57415051168557,36.994271233601815,-0.4201207219162413,21
401628553,2024,12,2024-11-16T02:00Z,264,26,Washington Huskies,UCLA Bruins,31,19,False,True,0.6355561071767241,1,0.6757667738717988,0.6532283472629759,0.6555648967780685,2024-11-13T00:00Z,25.70430361176477,19.755559228129158,5.9487443836356135,12
401636923,2024,12,2024-11-16T03:15Z,12,248,Arizona Wildcats,Houston Cougars,27,3,False,True,0.5768595240878572,1,0.5557341946363409,0.5418840108345451,0.49092223417117176,2024-11-13T00:00Z,22.920900016373047,20.342310271289623,2.5785897450834234,24
401628550,2024,12,2024-11-16T17:00Z,77,194,Northwestern Wildcats,Ohio State Buckeyes,7,31,False,True,0.07114363497089747,0,0.060612960583836285,0.0649173374726232,0.04128047199631159,2024-11-13T00:00Z,7.7415275221048425,34.09998439779089,-26.35845687568605,-24
401628419,2024,12,2024-11-16T17:00Z,8,251,Arkansas Razorbacks,Texas Longhorns,10,20,False,True,0.14092574777818925,0,0.12975441335969778,0.13564972725638094,0.0781935292808808,2024-11-13T00:00Z,20.25204442413172,38.3112406570442,-18.05919623291248,-10
401636925,2024,12,2024-11-16T17:00Z,38,254,Colorado Buffaloes,Utah Utes,49,24,False,True,0.7831278890493324,1,0.7125622392862153,0.6360198420621077,0.8152532374146709,2024-11-13T00:00Z,26.87940914373505,14.23593295469048,12.64347618904457,25
401635582,2024,12,2024-11-16T17:00Z,221,228,Pittsburgh Panthers,Clemson Tigers,20,24,False,True,0.28326440050011537,0,0.3004082875554801,0.3396597861908093,0.28884933699628534,2024-11-13T00:00Z,21.341550994959427,31.546991700441076,-10.20544070548165,-4
401645370,2024,12,2024-11-16T17:00Z,2426,2655,Navy Midshipmen,Tulane Green Wave,0,35,False,True,0.40115374310425206,0,0.3330395453949607,0.31928110971332413,0.29473426668332997,2024-11-13T00:00Z,24.149747691244315,28.563960154414016,-4.414212463169701,-35
401629046,2024,12,2024-11-16T17:00Z,113,2335,Massachusetts Minutemen,Liberty Flames,34,35,False,True,0.17523065084827302,0,0.13669569573883814,0.10878086216299052,0.1280393172450667,2024-11-13T00:00Z,19.061979094752562,33.66912332422696,-14.607144229474397,-1
401641013,2024,12,2024-11-16T17:00Z,98,2348,Western Kentucky Hilltoppers,Louisiana Tech Bulldogs,7,12,False,True,0.8445779076769709,0,0.7701077491327272,0.8167864438138221,0.8352414736574026,2024-11-13T00:00Z,34.2846592190327,17.392352739711864,16.892306479320833,-5
401628426,2024,12,2024-11-16T17:45Z,2,2433,Auburn Tigers,UL Monroe Warhawks,48,14,False,True,0.8743279032970452,1,0.8721932122750415,0.8636146230013828,0.8510337659077668,2024-11-13T00:00Z,28.199730934190928,7.969363098827857,20.23036783536307,34
401643832,2024,12,2024-11-16T18:00Z,276,324,Marshall Thundering Herd,Coastal Carolina Chanticleers,31,19,False,True,0.6058995712333082,1,0.6466474850894144,0.6698039853583657,0.6578004040692613,2024-11-13T00:00Z,32.18960220043519,27.18247523176526,5.00712696866993,12
401640986,2024,12,2024-11-16T19:00Z,55,2229,Jacksonville State Gamecocks,Florida International Panthers,34,31,False,True,0.8004945182322659,1,0.8011249121135812,0.8761369983209358,0.7928495357465954,2024-11-13T00:00Z,35.91180021464207,22.200440867407643,13.711359347234428,3
401645369,2024,12,2024-11-16T19:00Z,218,2226,Temple Owls,Florida Atlantic Owls,18,15,False,True,0.5654545020422735,1,0.5186046504006964,0.5049263414699573,0.4655313475376228,2024-11-13T00:00Z,31.063838105687424,28.651501939030496,2.412336166656928,3
401628547,2024,12,2024-11-16T19:30Z,356,127,Illinois Fighting Illini,Michigan State Spartans,38,16,False,True,0.648142502730886,1,0.5987447115227672,0.6939098877078334,0.6764013910117087,2024-11-13T00:00Z,25.442720194478266,18.646310506481367,6.796409687996899,22
401635581,2024,12,2024-11-16T20:00Z,25,183,California Golden Bears,Syracuse Orange,25,33,False,True,0.7324761914989738,0,0.7925164061447759,0.7539266501806027,0.7427266043859516,2024-11-13T00:00Z,33.444829498849515,22.24409383432222,11.200735664527294,-8
401641022,2024,12,2024-11-16T20:00Z,338,2534,Kennesaw State Owls,Sam Houston Bearkats,17,23,False,True,0.2866890694413224,0,0.2964166985748442,0.3852014741952845,0.18468041641015312,2024-11-13T00:00Z,17.805681216629946,27.457585024346596,-9.65190380771665,-6
401643760,2024,12,2024-11-16T20:00Z,328,62,Utah State Aggies,Hawai'i Rainbow Warriors,55,10,False,True,0.3716638251949424,1,0.33723841121258813,0.44562097718006843,0.2926070462148418,2024-11-13T00:00Z,28.759576627563888,34.42225410079388,-5.662677473229991,45
401628552,2024,12,2024-11-16T20:30Z,2509,213,Purdue Boilermakers,Penn State Nittany Lions,10,49,False,True,0.05006398928234336,0,0.03886992696856378,0.03882842830879317,0.018705149284154992,2024-11-13T00:00Z,11.350456763798325,41.20765839825587,-29.857201634457546,-39
401628985,2024,12,2024-11-16T20:30Z,87,258,Notre Dame Fighting Irish,Virginia Cavaliers,35,14,False,True,0.9553600606128698,1,0.9658037086466454,0.9612482586073229,0.9658546331523138,2024-11-13T00:00Z,39.69070889443094,7.991878773149821,31.69883012128112,21
401635580,2024,12,2024-11-16T20:30Z,2567,103,SMU Mustangs,Boston College Eagles,38,28,False,True,0.8542367211470354,1,0.8825798481106429,0.9028381438868042,0.8786120676643373,2024-11-13T00:00Z,39.73906888931155,21.710430033322744,18.028638855988802,10
401635517,2024,12,2024-11-16T20:30Z,24,97,Stanford Cardinal,Louisville Cardinals,38,35,False,True,0.1674146542939811,1,0.10761596883619584,0.09269851563218962,0.05394430448572221,2024-11-13T00:00Z,19.328154049202134,35.75184756325645,-16.423693514054314,3
401628420,2024,12,2024-11-16T20:30Z,57,99,Florida Gators,LSU Tigers,27,16,False,True,0.4103349498797158,1,0.38314907448047497,0.3404267426932886,0.3342451391720812,2024-11-13T00:00Z,28.597832762474326,32.255512962036384,-3.6576801995620585,11
401643757,2024,12,2024-11-16T20:30Z,2005,204,Air Force Falcons,Oregon State Beavers,28,0,False,True,0.3637521797937177,1,0.46715042766563947,0.5122418819923814,0.3119544753935457,2024-11-13T00:00Z,21.230371469173537,27.197685951804434,-5.967314482630897,28
401645368,2024,12,2024-11-16T20:30Z,2429,58,Charlotte 49ers,South Florida Bulls,24,59,False,True,0.5166945785130377,0,0.532332596461969,0.5026094130626425,0.5080482915953553,2024-11-13T00:00Z,26.722541661188828,26.05666168284652,0.665879978342307,-35
401628549,2024,12,2024-11-16T21:00Z,30,158,USC Trojans,Nebraska Cornhuskers,28,20,False,True,0.8118459342932485,1,0.8252692974708945,0.7895828895879029,0.7966491034518894,2024-11-13T00:00Z,31.244757631060835,17.230879280386944,14.013878350673892,8
401636929,2024,12,2024-11-16T21:00Z,277,239,West Virginia Mountaineers,Baylor Bears,35,49,False,True,0.5745419040128968,0,0.5277718258545759,0.5940244789564197,0.5492493154436546,2024-11-13T00:00Z,33.5073533403336,30.189132769057217,3.3182205712763846,-14
401643830,2024,12,2024-11-16T21:00Z,290,2653,Georgia Southern Eagles,Troy Trojans,20,28,False,True,0.6376253725626907,0,0.5927751952698352,0.572026019785089,0.726309449047752,2024-11-13T00:00Z,30.015479667973594,24.256037505127615,5.759442162845978,-8
401643833,2024,12,2024-11-16T21:00Z,295,256,Old Dominion Monarchs,James Madison Dukes,32,35,False,True,0.3427826302106776,0,0.33470014990602376,0.3124489537224219,0.240370817371674,2024-11-13T00:00Z,23.008310080195717,29.693523882751887,-6.68521380255617,-3
401628423,2024,12,2024-11-16T21:15Z,2579,142,South Carolina Gamecocks,Missouri Tigers,34,30,False,True,0.7933851586126196,1,0.8175378309229372,0.7521962747818938,0.8240420082065223,2024-11-13T00:00Z,29.98864035552721,16.74649005817672,13.242150297350488,4
401643831,2024,12,2024-11-16T22:00Z,2247,2032,Georgia State Panthers,Arkansas State Red Wolves,20,27,False,True,0.5848460423114502,0,0.6406317330934007,0.6195964280270896,0.6495736396142983,2024-11-13T00:00Z,31.069799491255985,27.107131157338898,3.9626683339170867,-7
401628548,2024,12,2024-11-16T23:00Z,120,164,Maryland Terrapins,Rutgers Scarlet Knights,17,31,False,True,0.6451240608023372,0,0.7024904966043086,0.6662023153158925,0.6447879130557472,2024-11-13T00:00Z,30.920038840450076,25.061677208482187,5.858361631967888,-14
401643758,2024,12,2024-11-17T00:00Z,23,68,San José State Spartans,Boise State Broncos,21,42,False,True,0.22993603819590838,0,0.32279759234361133,0.312791127067264,0.15846818678063262,2024-11-13T00:00Z,23.71964693178174,35.78795325997925,-12.068306328197508,-21
401636927,2024,12,2024-11-17T00:00Z,2306,9,Kansas State Wildcats,Arizona State Sun Devils,14,24,False,True,0.7529193646325961,0,0.7704056740476883,0.778752915017124,0.7175800185664041,2024-11-13T00:00Z,32.90661927013578,21.91774460627744,10.988874663858336,-10
401643834,2024,12,2024-11-17T00:00Z,309,6,Louisiana Ragin' Cajuns,South Alabama Jaguars,22,24,False,True,0.6735184853744428,0,0.6737402481057359,0.654702186850351,0.68281252543369,2024-11-13T00:00Z,30.96855106876592,23.799433437595813,7.169117631170106,-2
401643835,2024,12,2024-11-17T00:00Z,326,2572,Texas State Bobcats,Southern Miss Golden Eagles,58,3,False,True,0.9412417677699866,1,0.9274182647634727,0.9386418114172046,0.9735009830191109,2024-11-13T00:00Z,43.13856411411926,14.872434383703183,28.26612973041608,55
401628551,2024,12,2024-11-17T00:30Z,275,2483,Wisconsin Badgers,Oregon Ducks,13,16,False,True,0.1945583405930771,0,0.16944875093422535,0.19997164696622638,0.1504592481967765,2024-11-13T00:00Z,19.413055820949047,32.50331539009313,-13.09025956914408,-3
401628421,2024,12,2024-11-17T00:30Z,61,2633,Georgia Bulldogs,Tennessee Volunteers,31,17,False,True,0.7705407748662606,1,0.7163929300178028,0.6804416729553464,0.6109131092501829,2024-11-13T00:00Z,29.034525887698486,17.614574768681546,11.41995111901694,14
401628424,2024,12,2024-11-17T00:45Z,245,166,Texas A&M Aggies,New Mexico State Aggies,38,3,False,True,0.982002972835547,1,0.9749960040323032,0.9379766097495916,0.9891352396869157,2024-11-13T00:00Z,48.0209558895248,7.373370996005995,40.647584893518804,35
401635583,2024,12,2024-11-17T01:00Z,153,154,North Carolina Tar Heels,Wake Forest Demon Deacons,31,24,False,True,0.790525031935532,1,0.8147383214075075,0.8194027762481519,0.8350549097109933,2024-11-13T00:00Z,42.43751442944713,28.59726730667916,13.840247122767966,7
401636926,2024,12,2024-11-17T01:00Z,66,2132,Iowa State Cyclones,Cincinnati Bearcats,34,17,False,True,0.7098176674908513,1,0.7793409951013553,0.7353383039263663,0.7342310180210202,2024-11-13T00:00Z,27.878535440801627,19.295987412440535,8.582548028361092,17
401645367,2024,12,2024-11-17T01:00Z,235,5,Memphis Tigers,UAB Blazers,53,18,False,True,0.8487272340852489,1,0.8437355159650436,0.8632143538171667,0.9005365103439992,2024-11-13T00:00Z,42.53483047072217,25.451796848935302,17.083033621786868,35
401643761,2024,12,2024-11-17T02:30Z,167,265,New Mexico Lobos,Washington State Cougars,38,35,False,True,0.23126643467051303,1,0.3118610978406158,0.31949166330009354,0.10915801049837484,2024-11-13T00:00Z,29.855346706961512,42.83584182151751,-12.980495114556,3
401636924,2024,12,2024-11-17T03:15Z,252,2305,BYU Cougars,Kansas Jayhawks,13,17,False,True,0.6508577826883153,0,0.6507185403051766,0.6342710335171979,0.7017556296537616,2024-11-13T00:00Z,32.87721817604875,25.451331889507145,7.425886286541605,-4
401643762,2024,12,2024-11-17T03:30Z,2439,21,UNLV Rebels,San Diego State Aztecs,41,20,False,True,0.8914819767750921,1,0.9165855512073461,0.8783933939672609,0.9376598163395538,2024-11-13T00:00Z,34.65824152219656,13.13999229129665,21.51824923089991,21
401644769,2024,13,2024-11-20T00:00Z,2309,2006,Kent State Golden Flashes,Akron Zips,17,38,False,True,0.39769871583035094,0,0.24804758621772185,0.2800071041521476,0.21515579287097839,2024-11-20T00:00Z,27.39392034788414,32.08427808374476,-4.690357735860623,-21
401644770,2024,13,2024-11-20T00:30Z,2117,2711,Central Michigan Chippewas,Western Michigan Broncos,16,14,False,True,0.41229708175468005,1,0.45965170386487686,0.5145289341251871,0.3272209209561783,2024-11-20T00:00Z,31.615879783243653,35.56474363764487,-3.948863854401214,2
401644690,2024,13,2024-11-20T01:00Z,193,2459,Miami (OH) RedHawks,Northern Illinois Huskies,20,9,False,True,0.6706361993340084,1,0.657117706328798,0.6345388861217411,0.5999064247219065,2024-11-20T00:00Z,20.211274394629086,13.837922192557166,6.373352202071921,11
401644772,2024,13,2024-11-21T00:00Z,2199,2084,Eastern Michigan Eagles,Buffalo Bulls,20,37,False,True,0.5528262410098069,0,0.5102991367811192,0.5453818922210902,0.555884847385738,2024-11-20T00:00Z,32.55439322803508,30.188615707145274,2.3657775208898073,-17
401644773,2024,13,2024-11-21T00:00Z,2649,195,Toledo Rockets,Ohio Bobcats,7,24,False,True,0.5395376167183689,0,0.5455969987334107,0.5281102540881271,0.5498919764768525,2024-11-20T00:00Z,23.977256951702117,22.32723491296678,1.6500220387353366,-17
401634772,2024,13,2024-11-22T00:30Z,59,152,Georgia Tech Yellow Jackets,NC State Wolfpack,30,29,False,True,0.7076900490922294,1,0.7077837349127541,0.6974099130807629,0.7653762216213605,2024-11-20T00:00Z,30.400099248314376,21.372053190404458,9.028046057909918,1
401645374,2024,13,2024-11-23T00:00Z,2636,218,UTSA Roadrunners,Temple Owls,51,27,False,True,0.784164781266319,1,0.8392526785987303,0.8942083937921678,0.8335076007497054,2024-11-20T00:00Z,36.83309622806123,23.484271229658855,13.348824998402375,24
401628558,2024,13,2024-11-23T01:00Z,127,2509,Michigan State Spartans,Purdue Boilermakers,24,17,False,True,0.7454604864846118,1,0.8327689164660408,0.8032627473662817,0.8619748532113874,2024-11-20T00:00Z,31.629293021666943,21.404414853671245,10.224878167995698,7
401643767,2024,13,2024-11-23T03:00Z,23,2439,San José State Spartans,UNLV Rebels,16,27,False,True,0.30238338118749514,0,0.413415188104409,0.4570497456223982,0.23935057958453831,2024-11-20T00:00Z,23.876045887165457,32.554949088958864,-8.678903201793407,-11
401628555,2024,13,2024-11-23T17:00Z,194,84,Ohio State Buckeyes,Indiana Hoosiers,38,15,False,True,0.8196619061724646,1,0.8233559551656849,0.8300747883682207,0.7501706164770622,2024-11-20T00:00Z,35.26721391123541,19.914444554852125,15.352769356383284,23
401635618,2024,13,2024-11-23T17:00Z,2390,154,Miami Hurricanes,Wake Forest Demon Deacons,42,14,False,True,0.9094859391030041,1,0.9425661676194539,0.9178502470084731,0.9574020000645443,2024-11-20T00:00Z,47.629408064379874,24.086302560538453,23.54310550384142,28
401628429,2024,13,2024-11-23T17:00Z,57,145,Florida Gators,Ole Miss Rebels,24,17,False,True,0.27509024764996276,1,0.26815642741490764,0.22223458999186765,0.16831998946003668,2024-11-20T00:00Z,21.4760800820884,31.015026909568064,-9.538946827479663,7
401635619,2024,13,2024-11-23T17:00Z,258,2567,Virginia Cavaliers,SMU Mustangs,7,33,False,True,0.2457065166811241,0,0.23176809062187947,0.19305619607823057,0.18668665894831032,2024-11-20T00:00Z,23.561727654181283,35.51002904308599,-11.94830138890471,-26
401628554,2024,13,2024-11-23T17:00Z,164,356,Rutgers Scarlet Knights,Illinois Fighting Illini,31,38,False,True,0.5282714541157326,0,0.5014753660400166,0.5086895951011232,0.5188089780020703,2024-11-20T00:00Z,25.487087658762988,24.278058327016993,1.2090293317459953,-7
401628556,2024,13,2024-11-23T17:00Z,120,2294,Maryland Terrapins,Iowa Hawkeyes,13,29,False,True,0.24736307884745665,0,0.34632254476286667,0.34505354253025955,0.2667949376185719,2024-11-20T00:00Z,21.358998395348223,32.772252678271144,-11.41325428292292,-16
401635518,2024,13,2024-11-23T17:00Z,183,41,Syracuse Orange,UConn Huskies,31,24,False,True,0.6481654945474579,1,0.7069453275287092,0.6671442617823014,0.7464507320373606,2024-11-20T00:00Z,29.525167067967683,24.274671090696536,5.250495977271147,7
401635612,2024,13,2024-11-23T17:00Z,103,153,Boston College Eagles,North Carolina Tar Heels,41,21,False,True,0.360308321294559,1,0.39675484091074564,0.3999836491123915,0.42956332816238335,2024-11-20T00:00Z,27.62034480822231,33.4703337278845,-5.8499889196621915,20
401641005,2024,13,2024-11-23T17:00Z,55,2534,Jacksonville State Gamecocks,Sam Houston Bearkats,21,11,False,True,0.6703083003852731,1,0.7007658792492535,0.7508985991077785,0.6321790451032726,2024-11-20T00:00Z,32.61289048647669,25.420370004816235,7.192520481660452,10
401628430,2024,13,2024-11-23T17:45Z,61,113,Georgia Bulldogs,Massachusetts Minutemen,59,21,False,True,0.9958092146984939,1,0.9934579650540464,0.98982832740072,0.9959007467221777,2024-11-20T00:00Z,54.07114314016464,-1.0745505553298074,55.145693695494444,38
401628435,2024,13,2024-11-23T18:00Z,2633,2638,Tennessee Volunteers,UTEP Miners,56,0,False,True,0.9845238909669514,1,0.978212967113833,0.9661239925604397,0.990984314163485,2024-11-20T00:00Z,44.94870803999819,2.590103489127829,42.35860455087036,56
401640996,2024,13,2024-11-23T18:00Z,2335,98,Liberty Flames,Western Kentucky Hilltoppers,38,21,False,True,0.4724880178521254,1,0.593634948982323,0.642655912164601,0.4706158168015044,2024-11-20T00:00Z,26.529523531994382,28.86596338584542,-2.3364398538510365,17
401644774,2024,13,2024-11-23T19:00Z,2050,189,Ball State Cardinals,Bowling Green Falcons,13,38,False,True,0.2998550989552628,0,0.21871550759897618,0.22831366843167855,0.1343248418096368,2024-11-20T00:00Z,24.106528797202404,32.49760271522346,-8.391073918021053,-25
401645373,2024,13,2024-11-23T19:00Z,5,242,UAB Blazers,Rice Owls,40,14,False,True,0.5342288695645864,1,0.41301197991663263,0.40506829435321495,0.32173563889936885,2024-11-20T00:00Z,28.845367160508975,27.862394298541744,0.9829728619672302,26
401641027,2024,13,2024-11-23T19:30Z,2393,166,Middle Tennessee Blue Raiders,New Mexico State Aggies,21,36,False,True,0.5996362202849473,0,0.6594829233754035,0.5994309802133613,0.6218988807017335,2024-11-20T00:00Z,28.557864274396984,24.495290339643724,4.06257393475326,-15
401643836,2024,13,2024-11-23T19:30Z,2026,256,App State Mountaineers,James Madison Dukes,34,20,False,True,0.23223569618970555,1,0.23339014881899955,0.2678204356975827,0.10046418771599121,2024-11-20T00:00Z,25.50491965115658,38.163541045729964,-12.658621394573384,14
401636935,2024,13,2024-11-23T20:00Z,2628,12,TCU Horned Frogs,Arizona Wildcats,49,28,False,True,0.7497367408720772,1,0.7324583238788438,0.7443417823743432,0.7298743133485864,2024-11-20T00:00Z,34.30735061870007,22.31045784310062,11.996892775599449,21
401640987,2024,13,2024-11-23T20:00Z,338,2229,Kennesaw State Owls,Florida International Panthers,27,26,False,True,0.4227978935926495,1,0.36184239018154113,0.4998258022530292,0.3150659958885694,2024-11-20T00:00Z,21.243123193895546,24.84928370159595,-3.6061605077004053,1
401643839,2024,13,2024-11-23T20:00Z,2032,2433,Arkansas State Red Wolves,UL Monroe Warhawks,28,21,False,True,0.6274017018624068,1,0.4960836749161816,0.669032711085422,0.5083847755104434,2024-11-20T00:00Z,28.596499727602005,23.882510324619727,4.713989402982278,7
401643841,2024,13,2024-11-23T20:00Z,2572,6,Southern Miss Golden Eagles,South Alabama Jaguars,14,35,False,True,0.1213381914198119,0,0.10464729577738122,0.09173629394775923,0.060591008964382326,2024-11-20T00:00Z,16.11086534602102,36.7596881902964,-20.648822844275383,-21
401645371,2024,13,2024-11-23T20:00Z,2226,2429,Florida Atlantic Owls,Charlotte 49ers,27,39,False,True,0.5425044731684946,0,0.5069605227171473,0.553907760768562,0.4581038006695,2024-11-20T00:00Z,29.438484344810767,27.733607056201798,1.7048772886089694,-12
401628436,2024,13,2024-11-23T20:30Z,251,96,Texas Longhorns,Kentucky Wildcats,31,14,False,True,0.9170216962591665,1,0.9210612455443675,0.9143382041477437,0.9360512816526072,2024-11-20T00:00Z,34.8464587878195,10.978371615445758,23.86808717237374,17
401628559,2024,13,2024-11-23T20:30Z,135,213,Minnesota Golden Gophers,Penn State Nittany Lions,25,26,False,True,0.2035283236742325,0,0.162636738055817,0.17540643067514436,0.20383189443868593,2024-11-20T00:00Z,14.064336786756726,27.84628105137046,-13.781944264613735,-1
401636930,2024,13,2024-11-23T20:30Z,9,252,Arizona State Sun Devils,BYU Cougars,28,23,False,True,0.5297751571760843,1,0.47363413219130435,0.506085970589161,0.47289939616324317,2024-11-20T00:00Z,25.21075055080354,24.3972702402584,0.8134803105451383,5
401636932,2024,13,2024-11-23T20:30Z,2305,38,Kansas Jayhawks,Colorado Buffaloes,37,21,False,True,0.4428459531691396,1,0.4982874177124979,0.5770589126797883,0.4037027366973117,2024-11-20T00:00Z,29.131242268546384,31.679955008849674,-2.5487127403032908,16
401628557,2024,13,2024-11-23T20:30Z,130,77,Michigan Wolverines,Northwestern Wildcats,50,6,False,True,0.7853808392220749,1,0.8299185159578661,0.8345379706730685,0.7726922251016368,2024-11-20T00:00Z,25.950937340462914,12.355472072163003,13.595465268299911,44
401628560,2024,13,2024-11-23T20:30Z,158,275,Nebraska Cornhuskers,Wisconsin Badgers,44,25,False,True,0.39109600270437445,1,0.45474073028899326,0.44733606957827915,0.44228186847603684,2024-11-20T00:00Z,15.598434976688726,20.656082367954923,-5.0576473912661974,19
401635613,2024,13,2024-11-23T20:30Z,25,24,California Golden Bears,Stanford Cardinal,24,21,False,True,0.8361985267652091,1,0.8743403792885873,0.8780599148876014,0.884625755140995,2024-11-20T00:00Z,34.38612525570031,17.715090068174636,16.67103518752567,3
401636934,2024,13,2024-11-23T20:30Z,197,2641,Oklahoma State Cowboys,Texas Tech Red Raiders,48,56,False,True,0.39459682952928177,0,0.3413074904283852,0.39261925725863667,0.32788702864926655,2024-11-20T00:00Z,29.783753311262913,34.47096261128269,-4.687209300019774,-8
401636937,2024,13,2024-11-23T20:30Z,277,2116,West Virginia Mountaineers,UCF Knights,31,21,False,True,0.5155615218414938,1,0.42301295832115743,0.4552608349528872,0.4311064954555148,2024-11-20T00:00Z,31.767249564405386,31.759333819046773,0.007915745358612725,10
401643766,2024,13,2024-11-23T20:30Z,328,21,Utah State Aggies,San Diego State Aztecs,41,20,False,True,0.6415986496799359,1,0.6232663294219851,0.651327173413609,0.5796916878325569,2024-11-20T00:00Z,32.21372716462016,26.294359922768894,5.9193672418512655,21
401643837,2024,13,2024-11-23T20:30Z,324,290,Coastal Carolina Chanticleers,Georgia Southern Eagles,6,26,False,True,0.5932130567501703,0,0.6342631351545678,0.6060663575726737,0.5054282787803056,2024-11-20T00:00Z,34.12558357868293,30.4305009391444,3.6950826395385263,-20
401645372,2024,13,2024-11-23T20:30Z,249,151,North Texas Mean Green,East Carolina Pirates,28,40,False,True,0.5876873487740258,0,0.572450613395728,0.5802366373926513,0.6179214706591177,2024-11-20T00:00Z,37.23954257695728,34.21718194526001,3.0223606316972678,-12
401645375,2024,13,2024-11-23T20:30Z,58,202,South Florida Bulls,Tulsa Golden Hurricane,63,30,False,True,0.8790620459340364,1,0.8963725575276486,0.8712629510166159,0.9228023818417328,2024-11-20T00:00Z,41.30225360953457,20.553719384999873,20.748534224534694,33
401628427,2024,13,2024-11-23T21:00Z,8,2348,Arkansas Razorbacks,Louisiana Tech Bulldogs,35,14,False,True,0.8829471516421121,1,0.891667902380768,0.8072853389955887,0.8980858224547623,2024-11-20T00:00Z,36.588406119784494,16.3184740948576,20.269932024926895,21
401635617,2024,13,2024-11-23T21:00Z,97,221,Louisville Cardinals,Pittsburgh Panthers,37,9,False,True,0.6442481903516701,1,0.719470899896408,0.7428399021726879,0.7462316240970966,2024-11-20T00:00Z,31.09185469144159,24.41827517984214,6.673579511599449,28
401628432,2024,13,2024-11-23T21:15Z,344,142,Mississippi State Bulldogs,Missouri Tigers,20,39,False,True,0.20762520059845993,0,0.31469144323405696,0.2856892535467632,0.20912891980983295,2024-11-20T00:00Z,22.313571743149865,35.2434403768062,-12.929868633656334,-19
401643840,2024,13,2024-11-23T22:00Z,309,2653,Louisiana Ragin' Cajuns,Troy Trojans,51,30,False,True,0.763328627024979,1,0.8130491360705822,0.7462188322168455,0.8041743249600168,2024-11-20T00:00Z,30.784188834860455,18.990691478052614,11.79349735680784,21
401640959,2024,13,2024-11-24T00:00Z,87,349,Notre Dame Fighting Irish,Army Black Knights,49,14,True,True,0.9088622596401714,1,0.8730460833119603,0.8033589090218671,0.886133417653869,2024-11-20T00:00Z,31.27673799057248,7.974233867170756,23.302504123401725,35
401643764,2024,13,2024-11-24T00:00Z,2751,68,Wyoming Cowboys,Boise State Broncos,13,17,False,True,0.12267811055041931,0,0.08766397702187692,0.11722544632958441,0.05374798512061534,2024-11-20T00:00Z,20.455662062770582,40.304246833813295,-19.848584771042713,-4
401628572,2024,13,2024-11-24T00:00Z,204,265,Oregon State Beavers,Washington State Cougars,41,38,False,True,0.2898493991896131,1,0.3124317415499175,0.3551600947484473,0.22584925386534344,2024-11-20T00:00Z,22.948417070959238,32.32852296871939,-9.380105897760153,3
401636931,2024,13,2024-11-24T00:00Z,248,239,Houston Cougars,Baylor Bears,10,20,False,True,0.2753815717998514,0,0.3187118651986878,0.39934006584710297,0.2856221337576899,2024-11-20T00:00Z,21.07771766019561,31.47025983383113,-10.392542173635519,-10
401643842,2024,13,2024-11-24T00:00Z,326,2247,Texas State Bobcats,Georgia State Panthers,44,52,False,True,0.86612802808431,0,0.9106577029348935,0.9113276485963898,0.9336035758312126,2024-11-20T00:00Z,37.096617233534914,19.013997640041907,18.082619593493007,-8
401628433,2024,13,2024-11-24T00:30Z,201,333,Oklahoma Sooners,Alabama Crimson Tide,24,3,False,True,0.12267062104734637,1,0.15401461150775542,0.21111667642243498,0.12580315019836744,2024-11-20T00:00Z,17.62441492493265,37.39384162891766,-19.769426703985012,21
401628428,2024,13,2024-11-24T00:30Z,2,245,Auburn Tigers,Texas A&M Aggies,43,41,False,True,0.3124027316584928,1,0.4096827930445195,0.4438863631274339,0.33370243280735307,2024-11-20T00:00Z,16.6528697408137,24.38615435038529,-7.733284609571591,2
401636936,2024,13,2024-11-24T00:30Z,254,66,Utah Utes,Iowa State Cyclones,28,31,False,True,0.3067261419515533,0,0.2855922962920373,0.3750608711887832,0.21104195955032418,2024-11-20T00:00Z,15.482403670421213,23.4736045900336,-7.991200919612385,-3
401643838,2024,13,2024-11-24T00:30Z,295,276,Old Dominion Monarchs,Marshall Thundering Herd,35,42,False,True,0.613914345959255,0,0.6682533065441746,0.6139278951202836,0.5963709006910015,2024-11-20T00:00Z,26.66027087355991,22.7538666782337,3.9064041953262105,-7
401628431,2024,13,2024-11-24T00:45Z,99,238,LSU Tigers,Vanderbilt Commodores,24,17,False,True,0.8422546774811066,1,0.8440661728445528,0.844991183163958,0.7770015065675492,2024-11-20T00:00Z,36.35169928810364,19.245871260314075,17.105828027789563,7
401635615,2024,13,2024-11-24T01:00Z,150,259,Duke Blue Devils,Virginia Tech Hokies,31,28,False,True,0.5012747392755598,1,0.4807034883375649,0.499668588877171,0.4181496474527661,2024-11-20T00:00Z,23.170675279351677,22.955004120530457,0.21567115882121968,3
401636933,2024,13,2024-11-24T01:00Z,2306,2132,Kansas State Wildcats,Cincinnati Bearcats,41,15,False,True,0.73839928613898,1,0.7542464273761468,0.7682989518680985,0.6997733798925416,2024-11-20T00:00Z,30.048433152750814,19.71807924881228,10.330353903938533,26
401628561,2024,13,2024-11-24T03:30Z,26,30,UCLA Bruins,USC Trojans,13,19,False,True,0.37063008192979996,0,0.2987487950597284,0.3564163910367456,0.24632299844872343,2024-11-20T00:00Z,25.36959065923705,30.758522362459033,-5.3889317032219815,-6
401643763,2024,13,2024-11-24T03:30Z,2440,2005,Nevada Wolf Pack,Air Force Falcons,19,22,False,True,0.4682127317535528,0,0.5547125570558521,0.39225465047289587,0.5775474695157867,2024-11-20T00:00Z,22.237756208000214,22.922410893518812,-0.6846546855185984,-3
401643765,2024,13,2024-11-24T03:30Z,278,36,Fresno State Bulldogs,Colorado State Rams,28,22,False,True,0.5735536347716655,1,0.610036399181955,0.6382880568671307,0.6243821272722532,2024-11-20T00:00Z,22.83602831127896,20.140857953635,2.69517035764396,6
401644775,2024,14,2024-11-27T00:00Z,2006,2649,Akron Zips,Toledo Rockets,21,14,False,True,0.30701541810724076,1,0.2541048341313268,0.24970643606081971,0.20399253209213825,2024-11-27T00:00Z,20.057746232383625,28.097570991507077,-8.039824759123452,7
401644776,2024,14,2024-11-27T00:00Z,2084,2309,Buffalo Bulls,Kent State Golden Flashes,43,7,False,True,0.878860962477469,1,0.9046739681831225,0.9235981230978498,0.9382938187507776,2024-11-27T00:00Z,43.53511100518497,22.97821056027206,20.556900444912912,36
401645376,2024,14,2024-11-29T00:30Z,2655,235,Tulane Green Wave,Memphis Tigers,24,34,False,True,0.783423558442683,0,0.8197856419558323,0.7990999334788809,0.8723774449405512,2024-11-27T00:00Z,36.125141817291684,22.472640216403523,13.652501600888161,-10
401643769,2024,14,2024-11-29T17:00Z,68,204,Boise State Broncos,Oregon State Beavers,34,18,False,True,0.8877067802524318,1,0.9159605649520512,0.9010510071995917,0.9220305732426859,2024-11-27T00:00Z,41.13982609478536,20.560123283453798,20.579702811331565,16
401636938,2024,14,2024-11-29T17:00Z,38,197,Colorado Buffaloes,Oklahoma State Cowboys,52,0,False,True,0.8388913579143419,1,0.8429979776401655,0.7834066645027793,0.8775799008435996,2024-11-27T00:00Z,40.64451199057712,24.251832348702504,16.39267964187462,52
401628568,2024,14,2024-11-29T17:00Z,275,135,Wisconsin Badgers,Minnesota Golden Gophers,7,24,False,True,0.5811617660478501,0,0.580989256586619,0.5955621018422173,0.5110246959487428,2024-11-27T00:00Z,24.313343644197808,20.628325035985526,3.6850186082122818,-17
401644691,2024,14,2024-11-29T17:00Z,189,193,Bowling Green Falcons,Miami (OH) RedHawks,12,28,False,True,0.5292071302347395,0,0.4772472222154349,0.5707836197159468,0.6009501001920038,2024-11-27T00:00Z,20.159380060469328,18.351232138473613,1.8081479219957153,-16
401644777,2024,14,2024-11-29T17:00Z,195,2050,Ohio Bobcats,Ball State Cardinals,42,21,False,True,0.8895197021319791,1,0.9120553293694895,0.9251498819651947,0.9267063043780891,2024-11-27T00:00Z,39.122844763212015,18.531732198795666,20.59111256441635,21
401645379,2024,14,2024-11-29T17:00Z,151,2426,East Carolina Pirates,Navy Midshipmen,20,34,False,True,0.44851728486645154,0,0.5705264657444726,0.5690147851129439,0.34133806484854784,2024-11-27T00:00Z,23.879868792068773,26.071518519555088,-2.1916497274863147,-14
401628442,2024,14,2024-11-29T20:30Z,145,344,Ole Miss Rebels,Mississippi State Bulldogs,26,14,False,True,0.9665682448797519,1,0.9443867621093385,0.9492719751731482,0.9736032144190309,2024-11-27T00:00Z,45.40903187403594,11.702199548911222,33.706832325124715,12
401640997,2024,14,2024-11-29T20:30Z,2534,2335,Sam Houston Bearkats,Liberty Flames,20,18,False,True,0.4584682133413683,1,0.46262699808666913,0.40177409496747496,0.5237693154963287,2024-11-27T00:00Z,22.632753343967472,23.27892363416295,-0.646170290195478,2
401643770,2024,14,2024-11-29T20:30Z,36,328,Colorado State Rams,Utah State Aggies,42,37,False,True,0.6386321686151215,1,0.7148172545636176,0.659481880455469,0.7160923591547669,2024-11-27T00:00Z,32.606159289685436,26.897649652675607,5.708509637009829,5
401643843,2024,14,2024-11-29T20:30Z,6,326,South Alabama Jaguars,Texas State Bobcats,38,45,False,True,0.5201447696063424,0,0.5351302147284721,0.5475690276203047,0.4032292937275489,2024-11-27T00:00Z,29.150002960692923,27.78365516114961,1.3663477995433126,-7
401635625,2024,14,2024-11-29T21:00Z,23,24,San José State Spartans,Stanford Cardinal,34,31,False,True,0.5926260981927345,1,0.7507599866218363,0.809628335740751,0.6595563693830625,2024-11-27T00:00Z,26.797705037356025,23.23287691530582,3.564828122050205,3
401628439,2024,14,2024-11-30T00:30Z,61,59,Georgia Bulldogs,Georgia Tech Yellow Jackets,44,42,False,True,0.9437411939756221,1,0.931168001016158,0.9179533016435171,0.9071392840175114,2024-11-27T00:00Z,39.359848715390314,11.363435073819103,27.99641364157121,2
401628562,2024,14,2024-11-30T00:30Z,2294,158,Iowa Hawkeyes,Nebraska Cornhuskers,13,10,False,True,0.7772960231635223,1,0.7497711844871021,0.7194752974273186,0.7364462555613451,2024-11-27T00:00Z,27.501648635011886,14.759206309108833,12.742442325903053,3
401636939,2024,14,2024-11-30T01:00Z,2116,254,UCF Knights,Utah Utes,14,28,False,True,0.6480675787615983,0,0.7349447670879393,0.7111145145375806,0.682330570979178,2024-11-27T00:00Z,26.2008426180248,20.023378244620666,6.177464373404135,-14
401628566,2024,14,2024-11-30T17:00Z,194,130,Ohio State Buckeyes,Michigan Wolverines,10,13,False,True,0.8772762496317796,0,0.8836591280386709,0.873815291783152,0.9212226090930401,2024-11-27T00:00Z,31.47056562582113,11.708155925515236,19.762409700305895,-3
401628446,2024,14,2024-11-30T17:00Z,238,2633,Vanderbilt Commodores,Tennessee Volunteers,23,36,False,True,0.16817663389820164,0,0.16498944937317916,0.15276544410172782,0.18203918013241271,2024-11-27T00:00Z,14.932302450153681,31.63363422909987,-16.701331778946187,-13
401628444,2024,14,2024-11-30T17:00Z,228,2579,Clemson Tigers,South Carolina Gamecocks,14,17,False,True,0.5515938857557406,0,0.5246991556810903,0.552462815389106,0.4435379656644304,2024-11-27T00:00Z,25.957847392220337,23.778914637756944,2.1789327544633927,-3
401628563,2024,14,2024-11-30T17:00Z,77,356,Northwestern Wildcats,Illinois Fighting Illini,28,38,True,True,0.32556982788316735,0,0.2990759370799345,0.2637060397484924,0.2472857468772295,2024-11-27T00:00Z,20.549160410171563,28.291455813713945,-7.742295403542382,-10
401628440,2024,14,2024-11-30T17:00Z,96,97,Kentucky Wildcats,Louisville Cardinals,14,41,False,True,0.4597464717817955,0,0.43495528795573735,0.4113113389510592,0.3674409212188757,2024-11-27T00:00Z,24.90468317778241,26.846114025524294,-1.9414308477418842,-27
401629038,2024,14,2024-11-30T17:00Z,113,41,Massachusetts Minutemen,UConn Huskies,42,47,False,True,0.188433626752896,0,0.2878629682556888,0.2514919260387617,0.16728532722419168,2024-11-27T00:00Z,17.77077707350251,33.24950041560554,-15.478723342103027,-5
401635622,2024,14,2024-11-30T17:00Z,154,150,Wake Forest Demon Deacons,Duke Blue Devils,17,23,False,True,0.388730765122995,0,0.35063679937407743,0.3477395547215329,0.27804969994619083,2024-11-27T00:00Z,25.20415535373658,30.303152106236148,-5.098996752499566,-6
401636941,2024,14,2024-11-30T17:00Z,239,2305,Baylor Bears,Kansas Jayhawks,45,17,False,True,0.4969006354342529,1,0.5693964070675865,0.5096732066346756,0.4621299522274301,2024-11-27T00:00Z,31.709285880571052,31.211061539934825,0.4982243406362272,28
401636945,2024,14,2024-11-30T17:00Z,2641,277,Texas Tech Red Raiders,West Virginia Mountaineers,52,15,False,True,0.573142016994373,1,0.5717173115199009,0.614151160359512,0.6024972902461012,2024-11-27T00:00Z,35.79934514561784,32.02394914349109,3.7753960021267545,37
401643848,2024,14,2024-11-30T17:00Z,2433,309,UL Monroe Warhawks,Louisiana Ragin' Cajuns,23,37,False,True,0.24304751250191292,0,0.2263103542283111,0.16686543254700748,0.1723036591733833,2024-11-27T00:00Z,20.46593013602073,32.13304907485596,-11.66711893883523,-14
401645378,2024,14,2024-11-30T17:00Z,349,2636,Army Black Knights,UTSA Roadrunners,29,24,False,True,0.7469155885040887,1,0.7662201431958813,0.7226394521451751,0.8649338682068832,2024-11-27T00:00Z,30.328802177850914,18.87586225956111,11.452939918289804,5
401645381,2024,14,2024-11-30T17:00Z,218,249,Temple Owls,North Texas Mean Green,17,24,False,True,0.37245837341850574,0,0.23951775576035758,0.2391357644860378,0.20786530470827166,2024-11-27T00:00Z,31.56035696648294,37.10169480256133,-5.5413378360783945,-7
401644780,2024,14,2024-11-30T18:30Z,2711,2199,Western Michigan Broncos,Eastern Michigan Eagles,26,18,False,True,0.6632524429985827,1,0.6503976037148339,0.64315447462719,0.6460157852651444,2024-11-27T00:00Z,33.88908670813149,27.45701292924523,6.432073778886256,8
401640988,2024,14,2024-11-30T19:00Z,2229,2393,Florida International Panthers,Middle Tennessee Blue Raiders,35,24,False,True,0.7579495712083103,1,0.7578086475151062,0.7457768529896558,0.8348895321135682,2024-11-27T00:00Z,29.380877757325592,17.550073051976163,11.83080470534943,11
401643845,2024,14,2024-11-30T19:00Z,2247,324,Georgia State Panthers,Coastal Carolina Chanticleers,27,48,False,True,0.5126373552030412,0,0.4653651724243458,0.5096278069583349,0.497283924024066,2024-11-27T00:00Z,28.68654253571379,27.841539832880976,0.8450027028328151,-21
401643849,2024,14,2024-11-30T19:00Z,2653,2572,Troy Trojans,Southern Miss Golden Eagles,52,20,False,True,0.8698862342782325,1,0.88675122544119,0.9187406189479297,0.9135087040938711,2024-11-27T00:00Z,35.637164834215426,15.94522983297362,19.691935001241806,32
401645382,2024,14,2024-11-30T19:00Z,242,58,Rice Owls,South Florida Bulls,35,28,False,True,0.3173943450243473,1,0.43538507415079775,0.43811242086519875,0.34181747932967793,2024-11-27T00:00Z,22.57970775121295,30.43405260830459,-7.85434485709164,7
401635620,2024,14,2024-11-30T20:00Z,103,221,Boston College Eagles,Pittsburgh Panthers,34,23,False,True,0.5190362687058724,1,0.49277776191778166,0.5470789433338688,0.5511523929949035,2024-11-27T00:00Z,25.859217547921226,24.635593762570085,1.2236237853511405,11
401643847,2024,14,2024-11-30T20:00Z,2032,295,Arkansas State Red Wolves,Old Dominion Monarchs,32,40,False,True,0.4267338790797727,0,0.30010452564112455,0.36280930006713863,0.26011187895979804,2024-11-27T00:00Z,26.19365838016802,29.857346988297785,-3.663688608129764,-8
401628565,2024,14,2024-11-30T20:30Z,213,120,Penn State Nittany Lions,Maryland Terrapins,44,7,False,True,0.9235797352466067,1,0.9307069526493618,0.9391671617863705,0.9284026423980516,2024-11-27T00:00Z,38.44545472208784,13.47402848735149,24.97142623473635,37
401628571,2024,14,2024-11-30T20:30Z,30,87,USC Trojans,Notre Dame Fighting Irish,35,49,False,True,0.2717491594687925,0,0.21969166501298318,0.24180056775284087,0.2122452910649792,2024-11-27T00:00Z,22.307946325078884,33.041850516017995,-10.73390419093911,-14
401635623,2024,14,2024-11-30T20:30Z,183,2390,Syracuse Orange,Miami Hurricanes,42,38,False,True,0.20866230592287915,1,0.11301211372299234,0.19543855643750485,0.1386277880389979,2024-11-27T00:00Z,27.515658722148448,41.82699676345384,-14.311338041305394,4
401635621,2024,14,2024-11-30T20:30Z,2567,25,SMU Mustangs,California Golden Bears,38,6,False,True,0.7627033916391904,1,0.7942585892093251,0.8538357792966027,0.8316088242966373,2024-11-27T00:00Z,35.640235058908196,23.542383992046037,12.097851066862159,32
401628437,2024,14,2024-11-30T20:30Z,333,2,Alabama Crimson Tide,Auburn Tigers,28,14,False,True,0.9289711848967711,1,0.8893533382235917,0.8588373673633558,0.9175467846966312,2024-11-27T00:00Z,36.7200057494584,11.66641294607433,25.05359280338407,14
401636940,2024,14,2024-11-30T20:30Z,12,9,Arizona Wildcats,Arizona State Sun Devils,7,49,False,True,0.34235879841654493,0,0.4081944506037878,0.4147432813846196,0.2446529671329831,2024-11-27T00:00Z,21.429897800130963,29.1498174787939,-7.7199196786629365,-42
401628443,2024,14,2024-11-30T20:30Z,142,8,Missouri Tigers,Arkansas Razorbacks,28,21,False,True,0.707914686004753,1,0.5747653634592229,0.6724590747923803,0.6969380999378862,2024-11-27T00:00Z,31.888638388287468,23.57305657265022,8.315581815637248,7
401628567,2024,14,2024-11-30T20:30Z,127,164,Michigan State Spartans,Rutgers Scarlet Knights,14,41,False,True,0.48169123716621887,0,0.5856069885612016,0.5089372787933839,0.40271116952528363,2024-11-27T00:00Z,21.67641055017745,23.39566678129835,-1.719256231120898,-27
401628570,2024,14,2024-11-30T20:30Z,26,278,UCLA Bruins,Fresno State Bulldogs,20,13,False,True,0.7755053570061193,1,0.7268819651648768,0.6572909371756666,0.7072262215183416,2024-11-27T00:00Z,29.68562763105842,17.30732513434541,12.378302496713008,7
401635624,2024,14,2024-11-30T20:30Z,153,152,North Carolina Tar Heels,NC State Wolfpack,30,35,False,True,0.6588536122036545,0,0.6551514008403905,0.6397153256209082,0.6706313586031557,2024-11-27T00:00Z,35.73084465346124,29.012853549015674,6.7179911044455665,-5
401644779,2024,14,2024-11-30T20:30Z,2459,2117,Northern Illinois Huskies,Central Michigan Chippewas,24,16,False,True,0.8211628690888081,1,0.850619905973979,0.8209373305783547,0.8924477814320966,2024-11-27T00:00Z,28.918516823579854,13.048806362037428,15.869710461542425,8
401645377,2024,14,2024-11-30T20:30Z,2429,5,Charlotte 49ers,UAB Blazers,29,27,False,True,0.4886119114754859,1,0.5518236017429589,0.5164395625354842,0.6191853529887461,2024-11-27T00:00Z,33.05846532465198,33.62287846354552,-0.564413138893535,2
401645380,2024,14,2024-11-30T20:30Z,202,2226,Tulsa Golden Hurricane,Florida Atlantic Owls,16,63,False,True,0.4890590591135362,0,0.4264062970180798,0.4735698905908388,0.3553687782006825,2024-11-27T00:00Z,28.970557354785548,29.964341910233266,-0.9937845554477178,-47
401641006,2024,14,2024-11-30T21:00Z,98,55,Western Kentucky Hilltoppers,Jacksonville State Gamecocks,19,17,False,True,0.5508261899796575,1,0.45637792093375595,0.4372136519936716,0.4725235174526026,2024-11-27T00:00Z,33.01085020229877,31.1673932997762,1.8434569025225684,2
401641014,2024,14,2024-11-30T21:00Z,2348,338,Louisiana Tech Bulldogs,Kennesaw State Owls,33,0,False,True,0.6888365783882993,1,0.7300816000787071,0.6369237054104494,0.7224788289464409,2024-11-27T00:00Z,27.293848069562664,18.991930853804536,8.301917215758127,33
401641031,2024,14,2024-11-30T21:00Z,166,2638,New Mexico State Aggies,UTEP Miners,35,42,False,True,0.5947910115677378,0,0.5756722000011671,0.6298983955424796,0.5284160257432122,2024-11-27T00:00Z,29.81107781930981,25.966453814936045,3.844624004373763,-7
401636943,2024,14,2024-11-30T23:00Z,2132,2628,Cincinnati Bearcats,TCU Horned Frogs,13,20,False,True,0.48405254112415896,0,0.4468667291156231,0.409752659247107,0.5088331206213921,2024-11-27T00:00Z,28.648154028929316,29.42047075875205,-0.7723167298227338,-7
401643844,2024,14,2024-11-30T23:00Z,290,2026,Georgia Southern Eagles,App State Mountaineers,29,20,False,True,0.6280489928801831,1,0.5660801456586989,0.5556663218231863,0.7148922076511072,2024-11-27T00:00Z,32.44199395532134,26.690606136802018,5.751387818519319,9
401643773,2024,14,2024-11-30T23:30Z,265,2751,Washington State Cougars,Wyoming Cowboys,14,15,False,True,0.8450076107628318,0,0.8652936105370653,0.8271251667675972,0.8821762170091687,2024-11-27T00:00Z,36.96774491047819,19.731308595635035,17.236436314843154,-1
401628564,2024,14,2024-12-01T00:00Z,84,2509,Indiana Hoosiers,Purdue Boilermakers,66,0,False,True,0.9490946416133034,1,0.9576520806045419,0.961581532191204,0.9874727307789177,2024-11-27T00:00Z,45.60648093972684,15.929287769999803,29.67719316972704,66
401628438,2024,14,2024-12-01T00:00Z,52,57,Florida State Seminoles,Florida Gators,11,31,False,True,0.22975524865499974,0,0.21425835937484436,0.31861421273225377,0.16025197102995023,2024-11-27T00:00Z,14.913612320045889,27.345408447635407,-12.431796127589518,-20
401628441,2024,14,2024-12-01T00:00Z,99,201,LSU Tigers,Oklahoma Sooners,37,17,False,True,0.6669099758995057,1,0.5754377072753271,0.626356532473912,0.599310157496904,2024-11-27T00:00Z,30.08298169410824,23.17054233289333,6.912439361214911,20
401628569,2024,14,2024-12-01T00:30Z,2483,264,Oregon Ducks,Washington Huskies,49,21,False,True,0.8793940773623181,1,0.8810675513413607,0.8776614464523833,0.8986862795818018,2024-11-27T00:00Z,35.045137531344665,15.896842232052194,19.14829529929247,28
401628445,2024,14,2024-12-01T00:30Z,245,251,Texas A&M Aggies,Texas Longhorns,7,17,False,True,0.3437439915199866,0,0.2620387916195896,0.27853077337755083,0.21219667189697203,2024-11-27T00:00Z,23.383600255688272,29.61695966806935,-6.233359412381077,-10
401636944,2024,14,2024-12-01T00:30Z,66,2306,Iowa State Cyclones,Kansas State Wildcats,29,21,False,True,0.5405511000578285,1,0.566577075372082,0.5462039884440524,0.5876665491446379,2024-11-27T00:00Z,27.43919484089681,26.14164725821531,1.2975475826814993,8
401643772,2024,14,2024-12-01T01:00Z,2439,2440,UNLV Rebels,Nevada Wolf Pack,38,14,False,True,0.9134620474090697,1,0.8895600451258415,0.8923880907620338,0.9156943883002807,2024-11-27T00:00Z,39.47550662804351,16.00935017699357,23.46615645104994,24
401635640,2024,14,2024-12-01T01:00Z,259,258,Virginia Tech Hokies,Virginia Cavaliers,37,17,False,True,0.8016362164034811,1,0.8038131005813924,0.812252196514513,0.8266628763773851,2024-11-27T00:00Z,30.799475691151386,16.393230586872214,14.406245104279172,20
401643846,2024,14,2024-12-01T01:00Z,256,276,James Madison Dukes,Marshall Thundering Herd,33,35,False,True,0.7119705572667622,0,0.7474027527994426,0.764233465266994,0.7486743888598715,2024-11-27T00:00Z,33.85438289708645,25.41286631215728,8.441516584929172,-2
401636942,2024,14,2024-12-01T03:15Z,252,248,BYU Cougars,Houston Cougars,30,18,False,True,0.8565906437430871,1,0.8214079514524406,0.8141408526454863,0.8842736236008796,2024-11-27T00:00Z,28.61404031406276,9.556829343328928,19.05721097073383,12
401643768,2024,14,2024-12-01T03:30Z,21,2005,San Diego State Aztecs,Air Force Falcons,20,31,False,True,0.4832083325246657,0,0.4607427184129678,0.3607727502219755,0.4062529639979784,2024-11-27T00:00Z,18.552385549703935,19.334432551320564,-0.782047001616629,-11
401643771,2024,14,2024-12-01T04:00Z,62,167,Hawai'i Rainbow Warriors,New Mexico Lobos,38,30,False,True,0.4610351412954568,1,0.5097623304095524,0.4337383443798351,0.49147213424004366,2024-11-27T00:00Z,32.24965851819337,33.37639982982025,-1.1267413116268798,8
401673466,2024,15,2024-12-07T00:00Z,55,98,Jacksonville State Gamecocks,Western Kentucky Hilltoppers,52,12,False,True,0.5972578076731028,1,0.6910640345290074,0.7032886459304828,0.6413826158391126,2024-12-07T00:00Z,31.341878506220308,27.102296626526286,4.239581879694022,40
401673468,2024,15,2024-12-07T01:00Z,68,2439,Boise State Broncos,UNLV Rebels,21,7,False,True,0.6561653285615827,1,0.6227885606959216,0.7168646459166192,0.6404147479411995,2024-12-07T00:00Z,35.037929014353836,28.916687464154634,6.121241550199201,14
401673462,2024,15,2024-12-07T01:00Z,349,2655,Army Black Knights,Tulane Green Wave,35,14,False,True,0.32518989887476885,1,0.3710014949210822,0.3952177338291807,0.327847710288946,2024-12-07T00:00Z,17.69729712249997,24.72950859367092,-7.032211471170953,21
401673465,2024,15,2024-12-07T17:00Z,9,66,Arizona State Sun Devils,Iowa State Cyclones,45,19,True,True,0.4226530173743853,1,0.41290443568268714,0.4395779022762497,0.41858799788809453,2024-12-07T00:00Z,25.083523406676335,27.506116012314287,-2.422592605637952,26
401673467,2024,15,2024-12-07T17:00Z,193,195,Miami (OH) RedHawks,Ohio Bobcats,3,38,True,True,0.5007306771607403,0,0.5282482053814399,0.44395283078343545,0.49343479773851523,2024-12-07T00:00Z,19.626244038200714,19.995268858386762,-0.36902482018604843,-35
401673469,2024,15,2024-12-07T21:00Z,251,61,Texas Longhorns,Georgia Bulldogs,19,22,True,True,0.4308343882420255,0,0.6315376710311053,0.5857616644326993,0.6578751909181488,2024-12-07T00:00Z,23.16744571381658,25.817871765006544,-2.6504260511899638,-3
401673470,2024,15,2024-12-08T00:30Z,309,276,Louisiana Ragin' Cajuns,Marshall Thundering Herd,3,31,False,True,0.6793212859245704,0,0.7525633826844738,0.7039960537396366,0.6633629107681853,2024-12-07T00:00Z,33.470763785889005,26.68938563526626,6.781378150622746,-28
401673464,2024,15,2024-12-08T01:00Z,2483,213,Oregon Ducks,Penn State Nittany Lions,45,37,True,True,0.5815690671606828,1,0.5518475387437903,0.5420990644250862,0.5737128775117326,2024-12-07T00:00Z,27.120123521369926,24.450419406494056,2.66970411487587,8
401673463,2024,15,2024-12-08T01:00Z,2567,228,SMU Mustangs,Clemson Tigers,31,34,True,True,0.4708140341247809,0,0.5360139954704908,0.6550860380992223,0.5837203380431274,2024-12-07T00:00Z,27.598522831596085,28.93109571931812,-1.3325728877220335,-3
401645383,2024,16,2024-12-14T20:00Z,349,2426,Army Black Knights,Navy Midshipmen,13,31,True,True,0.5989837572275504,0,0.6420559390977286,0.6429862186025253,0.6458011517518214,2024-12-14T20:00Z,20.75009168723251,16.55117116590977,4.198920521322737,-18
401677077,2024,31,2024-12-15T02:00Z,2711,6,Western Michigan Broncos,South Alabama Jaguars,23,30,True,True,0.24654139097745406,0,0.17142291440958687,0.19397035090829168,0.20071824166523228,2024-12-15T02:00Z,24.397655744620117,35.59432225266681,-11.19666650804669,-7
401677080,2024,31,2024-12-18T02:00Z,277,235,West Virginia Mountaineers,Memphis Tigers,37,42,True,True,0.3937317120803921,0,0.408981411201578,0.29649605603034196,0.421144675169558,2024-12-15T02:00Z,29.11463190736459,33.44622933896173,-4.331597431597139,-5
401677079,2024,31,2024-12-18T22:30Z,256,98,James Madison Dukes,Western Kentucky Hilltoppers,27,17,True,True,0.7067490047190723,1,0.7597017616679486,0.7418247675003704,0.8241970244409964,2024-12-15T02:00Z,33.316466025568815,24.047425089836704,9.26904093573211,10
401677081,2024,31,2024-12-19T02:00Z,2439,25,UNLV Rebels,California Golden Bears,24,13,True,True,0.5359731408814139,1,0.6032617443013667,0.6537843698691177,0.6341535443793284,2024-12-15T02:00Z,26.01715755798969,24.571348627876798,1.445808930112893,11
401677082,2024,31,2024-12-20T00:00Z,2534,290,Sam Houston Bearkats,Georgia Southern Eagles,31,26,True,True,0.43236407358831325,1,0.4944737215255474,0.47856805187509854,0.39623488693457243,2024-12-15T02:00Z,20.453669489902495,23.29045769850734,-2.836788208604844,5
401677083,2024,31,2024-12-20T17:00Z,55,195,Jacksonville State Gamecocks,Ohio Bobcats,27,30,True,True,0.4346525654819618,0,0.42974409679930253,0.4496866262162902,0.45073438704115976,2024-12-15T02:00Z,26.307674998457497,28.964205069117767,-2.6565300706602706,-3
401677084,2024,31,2024-12-20T20:30Z,57,2655,Florida Gators,Tulane Green Wave,33,8,True,True,0.6561104053444488,1,0.5969032274466731,0.41324229339850105,0.5156579683883652,2024-12-15T02:00Z,30.39307432850253,23.677261711318202,6.715812617184326,25
401677179,2024,31,2024-12-21T01:00Z,87,84,Notre Dame Fighting Irish,Indiana Hoosiers,27,17,False,True,0.7723614906403088,1,0.8005536306511009,0.7966618741268644,0.7194062624543551,2024-12-15T02:00Z,37.197828612810625,24.37317075789231,12.824657854918314,10
401677178,2024,31,2024-12-21T17:00Z,213,2567,Penn State Nittany Lions,SMU Mustangs,38,10,False,True,0.7233354978373019,1,0.7675606751499927,0.6896567429765157,0.6492608234271945,2024-12-15T02:00Z,34.710967396297036,25.555727147028104,9.155240249268932,28
401677176,2024,31,2024-12-21T21:00Z,251,228,Texas Longhorns,Clemson Tigers,38,24,False,True,0.791419077590183,1,0.8512382262800392,0.8344084991220381,0.8308354320662441,2024-12-15T02:00Z,27.842538070655902,15.360964715359763,12.481573355296138,14
401677177,2024,31,2024-12-22T01:00Z,194,2633,Ohio State Buckeyes,Tennessee Volunteers,42,17,False,True,0.7166594393419603,1,0.745357157106602,0.7177519228147848,0.7204490236194427,2024-12-15T02:00Z,26.40020682516628,16.891856122956764,9.508350702209516,25
401677085,2024,31,2024-12-23T16:00Z,324,2636,Coastal Carolina Chanticleers,UTSA Roadrunners,15,44,False,True,0.5947750833945158,0,0.5211014911384144,0.4824309000136647,0.6097952608704582,2024-12-15T02:00Z,34.55852165174326,30.76146517764245,3.7970564741008133,-29
401677086,2024,31,2024-12-23T19:30Z,278,2459,Fresno State Bulldogs,Northern Illinois Huskies,20,28,True,True,0.5351410998123325,0,0.5203054624280835,0.5035935981270613,0.5312320839544479,2024-12-15T02:00Z,20.918512794309095,19.945694892859706,0.972817901449389,-8
401677087,2024,31,2024-12-25T01:00Z,23,58,San José State Spartans,South Florida Bulls,39,41,True,True,0.4684832715168592,0,0.5928771333780136,0.560307021262492,0.536557969457103,2024-12-15T02:00Z,28.227469063785872,29.64360631726411,-1.4161372534782366,-2
401677180,2024,31,2024-12-26T19:00Z,2649,221,Toledo Rockets,Pittsburgh Panthers,48,46,True,True,0.3092338992720383,1,0.3611727964171878,0.5070254713061091,0.29772149512212254,2024-12-15T02:00Z,19.52640787403371,27.242002819098158,-7.715594945064449,2
401677088,2024,31,2024-12-26T22:40Z,2306,164,Kansas State Wildcats,Rutgers Scarlet Knights,44,41,True,True,0.6775275950126953,1,0.754691657770894,0.7350155233254068,0.7144793804116912,2024-12-15T02:00Z,29.92366945172944,22.89594184912904,7.0277276026004,3
401677089,2024,31,2024-12-27T02:10Z,189,2032,Bowling Green Falcons,Arkansas State Red Wolves,31,38,True,True,0.6051231198170911,0,0.733992339367723,0.7275482709886859,0.7747764310480357,2024-12-15T02:00Z,27.943163663322455,22.66894857719817,5.274215086124286,-7
401677090,2024,31,2024-12-27T17:00Z,2426,201,Navy Midshipmen,Oklahoma Sooners,21,20,True,True,0.3099376398602873,1,0.2783684683447622,0.3723806194841255,0.2960012617310312,2024-12-15T02:00Z,18.99432610485467,27.511540163737532,-8.51721405888286,1
401677091,2024,31,2024-12-27T20:30Z,238,59,Vanderbilt Commodores,Georgia Tech Yellow Jackets,35,27,True,True,0.42254460143966815,1,0.407084798812376,0.350351115946131,0.4716671214528595,2024-12-15T02:00Z,23.25830947249809,26.81076679677402,-3.5524573242759274,8
401677092,2024,31,2024-12-28T00:00Z,8,2641,Arkansas Razorbacks,Texas Tech Red Raiders,39,26,True,True,0.491267492735194,1,0.5964090035806784,0.49112973514364977,0.43525221555243415,2024-12-15T02:00Z,33.70038058170865,34.59935275707496,-0.8989721753663105,13
401729867,2024,31,2024-12-28T01:00Z,265,183,Washington State Cougars,Syracuse Orange,35,52,True,True,0.45073640376245944,0,0.5051810801948281,0.546070623080709,0.4345947434440728,2024-12-15T02:00Z,30.5578701373764,31.795566127957976,-1.2376959905815745,-17
401677093,2024,31,2024-12-28T03:30Z,245,30,Texas A&M Aggies,USC Trojans,31,35,True,True,0.5956211976360167,0,0.524785081994692,0.5063854506583185,0.512161957905622,2024-12-15T02:00Z,31.189554186128003,26.986917858063844,4.202636328064159,-4
401677094,2024,31,2024-12-28T16:00Z,153,41,North Carolina Tar Heels,UConn Huskies,14,27,True,True,0.6380454949192723,0,0.7257247267039769,0.6435077400803996,0.7011177648907321,2024-12-15T02:00Z,33.030799320100066,27.494870391905426,5.5359289281946396,-13
401677095,2024,31,2024-12-28T17:00Z,158,103,Nebraska Cornhuskers,Boston College Eagles,20,15,True,True,0.5961314634030542,1,0.6243252980818913,0.6091506672569512,0.5933763389762062,2024-12-15T02:00Z,24.73440529752469,20.935627125385093,3.798778172139599,5
401677096,2024,31,2024-12-28T19:15Z,2628,309,TCU Horned Frogs,Louisiana Ragin' Cajuns,34,3,True,True,0.6596217469521019,1,0.6438535672717819,0.5962283947959863,0.6508639615276159,2024-12-15T02:00Z,33.6050784429913,26.755968014044356,6.849110428946943,31
401677097,2024,31,2024-12-28T20:30Z,2390,66,Miami Hurricanes,Iowa State Cyclones,41,42,True,True,0.6998288275588225,0,0.7442095893843347,0.6712777010683632,0.6835212669515834,2024-12-15T02:00Z,37.649594134047426,28.676703050470103,8.972891083577323,-1
401677188,2024,31,2024-12-28T21:30Z,36,193,Colorado State Rams,Miami (OH) RedHawks,17,43,True,True,0.4173849074424889,0,0.35729883166758286,0.3643789363511365,0.40733070410765615,2024-12-15T02:00Z,18.181916662724856,20.876888216483877,-2.6949715537590215,-26
401677098,2024,31,2024-12-28T22:45Z,152,151,NC State Wolfpack,East Carolina Pirates,21,26,True,True,0.7184433559899299,0,0.5918895950260887,0.5723815650736734,0.6928342087278829,2024-12-15T02:00Z,34.197455509581445,25.06842422240512,9.129031287176325,-5
401677099,2024,31,2024-12-29T00:30Z,38,252,Colorado Buffaloes,BYU Cougars,14,36,True,True,0.5866549118541245,0,0.5304782927554523,0.5010201018065344,0.5971064633338191,2024-12-15T02:00Z,28.447266256812362,25.880802904047023,2.5664633527653393,-22
401677100,2024,31,2024-12-29T02:15Z,349,2348,Army Black Knights,Louisiana Tech Bulldogs,27,6,True,True,0.7440227840962721,1,0.7710386834327474,0.7578716960876306,0.8641005492096202,2024-12-15T02:00Z,23.94928118415981,12.73470407458369,11.214577109576119,21
401677101,2024,31,2024-12-30T19:30Z,142,2294,Missouri Tigers,Iowa Hawkeyes,27,24,True,True,0.4525584608751282,1,0.4700188729233473,0.5299230731240336,0.47003353320063834,2024-12-15T02:00Z,21.091384303431887,23.87272130216771,-2.7813369987358243,3
401677102,2024,31,2024-12-31T17:00Z,130,333,Michigan Wolverines,Alabama Crimson Tide,19,13,True,True,0.1604965841599163,1,0.2470724558994476,0.3351225139819489,0.17995203501804183,2024-12-15T02:00Z,15.595678182720146,31.291822723961744,-15.696144541241598,6
401677190,2024,31,2024-12-31T19:00Z,264,97,Washington Huskies,Louisville Cardinals,34,35,True,True,0.37783348029474434,0,0.3269647913583473,0.321687763631803,0.23499787003347297,2024-12-15T02:00Z,23.87315138396156,29.18256896303417,-5.309417579072612,-1
401677103,2024,31,2024-12-31T20:00Z,356,2579,Illinois Fighting Illini,South Carolina Gamecocks,21,17,True,True,0.22083222469345243,1,0.21457589690832057,0.2653578457017942,0.1753320162012373,2024-12-15T02:00Z,19.603476484894102,32.28955314587874,-12.68607666098464,4
401677104,2024,31,2024-12-31T20:30Z,99,239,LSU Tigers,Baylor Bears,44,31,True,True,0.713609092915351,1,0.6668769050957508,0.6850088989304834,0.6783121174756801,2024-12-15T02:00Z,36.2368050423756,27.189918597529505,9.046886444846095,13
401677181,2024,31,2025-01-01T00:30Z,68,213,Boise State Broncos,Penn State Nittany Lions,14,31,True,True,0.2443982870560244,0,0.20001705211343335,0.3023367060037614,0.26917053660562973,2024-12-15T02:00Z,22.03516417988096,33.849467415007766,-11.814303235126804,-17
401677182,2024,31,2025-01-01T18:00Z,9,251,Arizona State Sun Devils,Texas Longhorns,31,39,True,True,0.16340054454400613,0,0.14370707612891698,0.17928689999195074,0.17255236677901564,2024-12-15T02:00Z,15.164426379771612,30.982977012050455,-15.818550632278843,-8
401677183,2024,31,2025-01-01T22:00Z,2483,194,Oregon Ducks,Ohio State Buckeyes,21,41,True,True,0.4426143128527961,0,0.427367248885661,0.4487219029370143,0.39643748498632075,2024-12-15T02:00Z,25.29776249098369,28.727079941961797,-3.4293174509781075,-20
401677184,2024,31,2025-01-02T21:00Z,61,87,Georgia Bulldogs,Notre Dame Fighting Irish,10,23,True,True,0.5820578910245233,0,0.3872427484734343,0.41213562560142775,0.3576384653563136,2024-12-15T02:00Z,30.0806482491126,27.47038873878187,2.610259510330728,-13
401677105,2024,31,2025-01-03T01:00Z,145,150,Ole Miss Rebels,Duke Blue Devils,52,20,True,True,0.8583593020409105,1,0.8640224721689269,0.8168037647941953,0.8899610089192281,2024-12-15T02:00Z,31.496759584032795,14.015184469013377,17.481575115019417,32
401677106,2024,31,2025-01-03T21:00Z,326,249,Texas State Bobcats,North Texas Mean Green,30,28,True,True,0.7804419598939055,1,0.7188049813224653,0.7376542556975766,0.8261378284750619,2024-12-15T02:00Z,41.89372927128473,29.574910245275582,12.318819026009145,2
401677107,2024,31,2025-01-04T00:30Z,259,135,Virginia Tech Hokies,Minnesota Golden Gophers,10,24,True,True,0.5006704502198123,0,0.5144219369663642,0.5079939871119084,0.5390086996130891,2024-12-15T02:00Z,22.70839308992996,22.65133593866834,0.057057151261620476,-14
401677108,2024,31,2025-01-04T16:00Z,2335,2084,Liberty Flames,Buffalo Bulls,7,26,True,True,0.6878597579972897,0,0.7300872320428763,0.7359774293410535,0.6696434721679119,2024-12-15T02:00Z,33.664617113241455,27.20502637772621,6.4595907355152455,-19
401677189,2024,31,2025-01-10T00:30Z,213,87,Penn State Nittany Lions,Notre Dame Fighting Irish,24,27,True,True,0.38186268832146786,0,0.36906641822211883,0.40754141033157365,0.30868927843069643,2024-12-15T02:00Z,24.867801276047338,30.38686190364962,-5.519060627602283,-3
401677191,2024,31,2025-01-11T00:30Z,251,194,Texas Longhorns,Ohio State Buckeyes,14,28,True,True,0.4652721179992415,0,0.5017603530257733,0.4687504221082244,0.48129007656226447,2024-12-15T02:00Z,18.831315435555883,20.95081074320131,-2.119495307645426,-14
401677192,2024,31,2025-01-21T00:30Z,87,194,Notre Dame Fighting Irish,Ohio State Buckeyes,23,34,True,True,0.4453964854729332,0,0.5187168436851157,0.5009948985890158,0.4971237204039137,2024-12-15T02:00Z,24.073138764003932,25.9455047489811,-1.8723659849771686,-11
401756846,2025,1,2025-08-23T16:00Z,2306,66,Kansas State Wildcats,Iowa State Cyclones,21,24,True,True,0.5103159585378192,0,0.549781406179571,0.5489296527878439,0.48020232798289575,2025-08-23T16:00Z,29.19150367219224,28.765915928880485,0.4255877433117554,-3
401756847,2025,1,2025-08-23T22:30Z,2305,278,Kansas Jayhawks,Fresno State Bulldogs,31,7,False,True,0.7662534918146412,1,0.7345550968262611,0.700494557976966,0.7662265985039066,2025-08-23T16:00Z,33.98633297744118,21.85355291382203,12.132780063619151,24
401757218,2025,1,2025-08-23T23:00Z,98,2534,Western Kentucky Hilltoppers,Sam Houston Bearkats,41,24,False,True,0.5761073739366975,1,0.5699238734819886,0.5849953426784182,0.5265868411332318,2025-08-23T16:00Z,25.81495349206111,22.761810433247355,3.053143058813756,17
401754516,2025,1,2025-08-23T23:30Z,62,24,Hawai'i Rainbow Warriors,Stanford Cardinal,23,20,False,True,0.4767707600012802,1,0.4987016742655546,0.5636594547613847,0.456167269055653,2025-08-23T16:00Z,26.89440006029649,27.96411395344481,-1.069713893148318,3
401762522,2025,1,2025-08-28T21:30Z,58,68,South Florida Bulls,Boise State Broncos,34,7,False,True,0.3911986814377007,1,0.34517572873920144,0.34754557554540655,0.26357427040135634,2025-08-23T16:00Z,28.57988605039637,33.25162864207857,-4.6717425916822,27
401752794,2025,1,2025-08-28T22:00Z,164,195,Rutgers Scarlet Knights,Ohio Bobcats,34,31,False,True,0.6104933137209817,1,0.6427905100144595,0.44514681812736584,0.5990279184905581,2025-08-23T16:00Z,28.913512388189154,24.390111606966077,4.523400781223078,3
401754373,2025,1,2025-08-28T23:00Z,152,151,NC State Wolfpack,East Carolina Pirates,24,17,False,True,0.7410835377852294,1,0.6641035818601,0.6054918352647429,0.6454224087966189,2025-08-23T16:00Z,34.2673662865059,23.53364220777055,10.733724078735346,7
401756848,2025,1,2025-08-28T23:00Z,2116,55,UCF Knights,Jacksonville State Gamecocks,17,10,False,True,0.6334036864054724,1,0.7517021935188808,0.5596008937658192,0.6529855299984709,2025-08-23T16:00Z,33.88376002933044,28.355313270054786,5.528446759275653,7
401762789,2025,1,2025-08-28T23:00Z,2006,2751,Akron Zips,Wyoming Cowboys,0,10,False,True,0.5384481671794058,0,0.524616364638407,0.5025899194013982,0.4752914354709707,2025-08-23T16:00Z,26.559225876254978,25.080954864680123,1.4782710115748543,-10
401752793,2025,1,2025-08-29T00:00Z,135,2084,Minnesota Golden Gophers,Buffalo Bulls,23,10,False,True,0.8188169212484773,1,0.8770611706764209,0.7567870015404458,0.8485876098930767,2025-08-23T16:00Z,34.1517556299254,18.707918321040328,15.443837308885069,13
401752796,2025,1,2025-08-29T01:00Z,2132,158,Cincinnati Bearcats,Nebraska Cornhuskers,17,20,True,True,0.3610288656203479,0,0.3028546189565405,0.41807920713342694,0.4349520389064774,2025-08-23T16:00Z,19.956170408603192,25.843508542257247,-5.887338133654055,-3
401762791,2025,1,2025-08-29T01:00Z,275,193,Wisconsin Badgers,Miami (OH) RedHawks,17,0,False,True,0.7522752510968508,1,0.7285219122494097,0.5839936845653979,0.6749429159341713,2025-08-23T16:00Z,29.449045480779724,18.10507586948582,11.343969611293904,17
401752802,2025,1,2025-08-29T23:00Z,127,2711,Michigan State Spartans,Western Michigan Broncos,23,6,False,True,0.7162215902874848,1,0.8301892962772258,0.6123434865116121,0.6809598159548098,2025-08-23T16:00Z,31.792828405439298,22.356522143224353,9.436306262214945,17
401754374,2025,1,2025-08-29T23:00Z,154,338,Wake Forest Demon Deacons,Kennesaw State Owls,10,9,False,True,0.8026299580568744,1,0.8717628646027813,0.6765632070821287,0.7901442179257329,2025-08-23T16:00Z,35.55005541993043,21.194574715142664,14.355480704787766,1
401761589,2025,1,2025-08-29T23:00Z,2429,2026,Charlotte 49ers,App State Mountaineers,11,34,True,True,0.407334502201291,0,0.4183414218090336,0.34111895688413796,0.41333267251170197,2025-08-23T16:00Z,27.87471604290713,31.7418024740228,-3.86708643111567,-23
401752667,2025,1,2025-08-30T00:00Z,239,2,Baylor Bears,Auburn Tigers,24,38,False,True,0.46132401392635386,0,0.4245307041099819,0.5647106099983107,0.6002975740530667,2025-08-23T16:00Z,27.425822356272203,29.135208680781783,-1.7093863245095804,-14
401754375,2025,1,2025-08-30T00:00Z,38,59,Colorado Buffaloes,Georgia Tech Yellow Jackets,20,27,False,True,0.6214937558378046,0,0.6306802450724484,0.6093389371776909,0.6850135392242359,2025-08-23T16:00Z,30.818273883283272,25.815276522741165,5.002997360542107,-7
401757224,2025,1,2025-08-30T01:30Z,2534,2439,Sam Houston Bearkats,UNLV Rebels,21,38,False,True,0.3916481897443413,0,0.32187913955334035,0.43044105186874826,0.31951331861424304,2025-08-23T16:00Z,22.292728357684783,26.945011362839903,-4.65228300515512,-17
401760358,2025,1,2025-08-30T02:30Z,23,2117,San José State Spartans,Central Michigan Chippewas,14,16,False,True,0.7152803725756981,0,0.7841991466859546,0.7200451878959411,0.7740491666581941,2025-08-23T16:00Z,32.38635320563331,22.997754521013483,9.38859868461983,-2
401752677,2025,1,2025-08-30T16:00Z,194,251,Ohio State Buckeyes,Texas Longhorns,14,7,False,True,0.7228565379159618,1,0.6407786484309759,0.7112849368318657,0.6582320427181703,2025-08-23T16:00Z,30.04846438620353,20.27309225107357,9.77537213512996,7
401752676,2025,1,2025-08-30T16:00Z,2633,183,Tennessee Volunteers,Syracuse Orange,45,26,True,True,0.8305509560049942,1,0.8634766395048692,0.758579504190702,0.7666807004792905,2025-08-23T16:00Z,37.44547412860961,21.053602384691487,16.391871743918124,19
401752673,2025,1,2025-08-30T16:00Z,2572,344,Southern Miss Golden Eagles,Mississippi State Bulldogs,17,34,False,True,0.25221798300178383,0,0.14398977991343037,0.3039214242001663,0.1664363169420795,2025-08-23T16:00Z,23.82913079379322,35.14761361456888,-11.318482820775664,-17
401752797,2025,1,2025-08-30T16:00Z,120,2226,Maryland Terrapins,Florida Atlantic Owls,39,7,False,True,0.7984428329533563,1,0.8473391021626362,0.6960743004566585,0.8029662700930502,2025-08-23T16:00Z,36.0520904341613,21.967031751699885,14.085058682461415,32
401752801,2025,1,2025-08-30T16:00Z,2509,2050,Purdue Boilermakers,Ball State Cardinals,31,0,False,True,0.6987817770329222,1,0.6968414903034249,0.5586935295994245,0.5976242420529511,2025-08-23T16:00Z,35.94913915479296,27.38208625077993,8.567052904013028,31
401752803,2025,1,2025-08-30T16:00Z,2655,77,Tulane Green Wave,Northwestern Wildcats,23,3,False,True,0.6779297619913597,1,0.7269191889406604,0.7904534629107001,0.7772344384124891,2025-08-23T16:00Z,29.871955596499866,22.307567610186236,7.56438798631363,20
401752670,2025,1,2025-08-30T16:45Z,96,2649,Kentucky Wildcats,Toledo Rockets,24,16,False,True,0.7873494420947666,1,0.8197280404159393,0.6291404643613039,0.7212023128732021,2025-08-23T16:00Z,32.58329266475181,19.19502338952248,13.38826927522933,8
401752806,2025,1,2025-08-30T18:30Z,84,295,Indiana Hoosiers,Old Dominion Monarchs,27,14,False,True,0.8554802445634421,1,0.8534185723089763,0.793439898116857,0.8845096530486893,2025-08-23T16:00Z,38.8004965729881,20.573413439009098,18.227083133979004,13
401752807,2025,1,2025-08-30T19:30Z,213,2440,Penn State Nittany Lions,Nevada Wolf Pack,46,11,False,True,0.9784125033928773,1,0.973833669372488,0.9287100920648528,0.9441955359969568,2025-08-23T16:00Z,45.79867339984179,6.580064703186256,39.21860869665554,35
401752669,2025,1,2025-08-30T19:30Z,61,276,Georgia Bulldogs,Marshall Thundering Herd,45,7,False,True,0.9704892621575714,1,0.9694107727890151,0.8105419911682161,0.8449403667147257,2025-08-23T16:00Z,45.13937324347512,9.228668590343972,35.91070465313115,38
401752665,2025,1,2025-08-30T19:30Z,52,333,Florida State Seminoles,Alabama Crimson Tide,31,17,False,True,0.07874375572430489,1,0.10344139375390494,0.2380628181622667,0.12617994532766508,2025-08-23T16:00Z,11.616446706753312,37.09092185597552,-25.47447514922221,14
401762456,2025,1,2025-08-30T19:30Z,113,218,Massachusetts Minutemen,Temple Owls,10,42,False,True,0.5614132009158721,0,0.5091811207875349,0.5989367716127483,0.5789844573110521,2025-08-23T16:00Z,30.028492733166644,27.593208643125365,2.4352840900412787,-32
401754616,2025,1,2025-08-30T22:00Z,258,324,Virginia Cavaliers,Coastal Carolina Chanticleers,48,7,False,True,0.6688667357305992,1,0.6444420750921627,0.5888844635671331,0.6649341902893705,2025-08-23T16:00Z,31.211444783270544,24.0720300081536,7.1394147751169434,41
401752678,2025,1,2025-08-30T23:00Z,245,2636,Texas A&M Aggies,UTSA Roadrunners,42,24,False,True,0.9331556894367972,1,0.9227756928579874,0.6861706696632365,0.8410239398570616,2025-08-23T16:00Z,43.71943036025808,16.64476775986767,27.07466260039041,18
401752671,2025,1,2025-08-30T23:30Z,228,99,Clemson Tigers,LSU Tigers,10,17,False,True,0.6446311407339831,0,0.5172444628474148,0.5336221392387172,0.5294756360089684,2025-08-23T16:00Z,31.58240832098754,25.552004396647092,6.0304039243404475,-7
401752808,2025,1,2025-08-30T23:30Z,130,167,Michigan Wolverines,New Mexico Lobos,34,17,False,True,0.9511307012088409,1,0.9569900579094025,0.8663002508721966,0.9037255633445122,2025-08-23T16:00Z,44.73634808564111,14.234928126811537,30.501419958829572,17
401752798,2025,1,2025-08-30T23:30Z,30,2623,USC Trojans,Missouri State Bears,73,13,False,True,0.9089687872666669,1,0.9367703384260608,0.7420559577134767,0.7958243480774914,2025-08-23T16:00Z,41.51248388283313,17.89346655236429,23.61901733046884,60
401757225,2025,1,2025-08-30T23:30Z,328,2638,Utah State Aggies,UTEP Miners,28,16,False,True,0.7068983694650085,1,0.6894028902629243,0.7010672538177527,0.7046790655933229,2025-08-23T16:00Z,37.692581443137385,28.72474923009457,8.967832213042815,12
401752672,2025,1,2025-08-30T23:45Z,145,2247,Ole Miss Rebels,Georgia State Panthers,63,7,False,True,0.9646110503924693,1,0.9654767886095595,0.9038462860260826,0.9487023220232165,2025-08-23T16:00Z,45.12904045747121,11.154179491832277,33.97486096563894,56
401761592,2025,1,2025-08-31T00:00Z,309,242,Louisiana Ragin' Cajuns,Rice Owls,12,14,False,True,0.738598348738962,0,0.7076015012004329,0.6877803516596308,0.7360769752991483,2025-08-23T16:00Z,31.694608945501884,21.094035295067037,10.600573650434846,-2
401761594,2025,1,2025-08-31T00:00Z,326,2199,Texas State Bobcats,Eastern Michigan Eagles,52,27,False,True,0.7987979771520007,1,0.8000563019761714,0.8097845240285282,0.8488499980984032,2025-08-23T16:00Z,36.87490437922641,22.767073399246144,14.107830979980264,25
401760361,2025,1,2025-08-31T01:30Z,278,290,Fresno State Bulldogs,Georgia Southern Eagles,42,14,False,True,0.5595618837167342,1,0.6043049289756043,0.596944534744059,0.5457334849223338,2025-08-23T16:00Z,28.812768410475357,26.4549843939035,2.3577840165718555,28
401752936,2025,1,2025-08-31T02:30Z,204,25,Oregon State Beavers,California Golden Bears,15,34,False,True,0.34525121692005284,0,0.33079199961791234,0.5227697212346853,0.3741525944322018,2025-08-23T16:00Z,22.674904774475337,29.385430089817703,-6.710525315342366,-19
401756849,2025,1,2025-08-31T02:30Z,12,62,Arizona Wildcats,Hawai'i Rainbow Warriors,40,6,False,True,0.6635992815336583,1,0.7043353054382411,0.6723054765052683,0.7090226888010953,2025-08-23T16:00Z,29.96019412155973,23.06506383825169,6.895130283308042,34
401752800,2025,1,2025-08-31T03:00Z,26,254,UCLA Bruins,Utah Utes,10,43,False,True,0.5903246782222695,0,0.5773563089467286,0.5867646061931082,0.5544955869694956,2025-08-23T16:00Z,23.708551501307515,20.052198869977047,3.656352631330467,-33
401752805,2025,1,2025-08-31T03:00Z,264,36,Washington Huskies,Colorado State Rams,38,21,False,True,0.8471977321047739,1,0.8512348801396624,0.7521865865858048,0.8029704240866878,2025-08-23T16:00Z,34.578131191632636,17.026067950430672,17.552063241201964,17
401752680,2025,1,2025-08-31T19:00Z,2579,259,South Carolina Gamecocks,Virginia Tech Hokies,24,11,True,True,0.7439089851588748,1,0.7345580864290578,0.6082072916534853,0.648521857198121,2025-08-23T16:00Z,30.248358029424416,19.25140812208449,10.996949907339925,13
401754522,2025,1,2025-08-31T23:30Z,2390,87,Miami Hurricanes,Notre Dame Fighting Irish,27,24,False,True,0.32389459468865756,1,0.3811567614203582,0.39257058142652934,0.3793959054614404,2025-08-23T16:00Z,27.91033269294428,35.61034448476901,-7.700011791824728,3
401754523,2025,1,2025-09-02T00:00Z,153,2628,North Carolina Tar Heels,TCU Horned Frogs,14,48,False,True,0.49338120432439725,0,0.3840149293022674,0.4379034905268826,0.40833598433325435,2025-08-23T16:00Z,30.757056383146942,31.140924683917504,-0.3838683007705619,-34
401754528,2025,2,2025-09-05T23:00Z,97,256,Louisville Cardinals,James Madison Dukes,28,14,False,True,0.762962354931857,1,0.7784643166535389,0.6523754903121308,0.7256631799036627,2025-09-05T23:00Z,32.71359366992367,20.446622512755372,12.266971157168296,14
401752826,2025,2,2025-09-05T23:30Z,120,2459,Maryland Terrapins,Northern Illinois Huskies,20,9,False,True,0.7645931640959749,1,0.7767607788353423,0.6245382921259112,0.7586662192050462,2025-09-05T23:00Z,27.040537311210674,15.324091942881978,11.716445368328696,11
401752811,2025,2,2025-09-06T16:00Z,213,2229,Penn State Nittany Lions,Florida International Panthers,34,0,False,True,0.9707579742885406,1,0.9764278376474631,0.9302607343526053,0.9597337701691716,2025-09-05T23:00Z,40.75974902230705,4.799831641237235,35.959917381069815,34
401752693,2025,2,2025-09-06T16:00Z,251,23,Texas Longhorns,San José State Spartans,38,7,False,True,0.9810196148471023,1,0.974391645839141,0.8976376221825262,0.9505262919197245,2025-09-05T23:00Z,38.641083565346065,-1.16694495370567,39.80802851905173,31
401752825,2025,2,2025-09-06T16:00Z,150,356,Duke Blue Devils,Illinois Fighting Illini,19,45,False,True,0.5438080142588939,0,0.5046612088363801,0.5219974801555284,0.48166815358689147,2025-09-05T23:00Z,24.17556040768736,22.943666930564632,1.2318934771227283,-26
401752822,2025,2,2025-09-06T16:00Z,66,2294,Iowa State Cyclones,Iowa Hawkeyes,16,13,False,True,0.5033064349532168,1,0.5219757870843663,0.5855727976300036,0.5847544445721153,2025-09-05T23:00Z,22.08222649682,22.209818171138426,-0.12759167431842755,3
401754525,2025,2,2025-09-06T16:00Z,2567,239,SMU Mustangs,Baylor Bears,45,48,False,True,0.6909140914072571,0,0.6806014761152893,0.7899767184182511,0.7864498284474328,2025-09-05T23:00Z,34.57614246666699,26.24925439097329,8.326888075693695,-3
401752812,2025,2,2025-09-06T16:00Z,84,338,Indiana Hoosiers,Kennesaw State Owls,56,9,False,True,0.9277829620150319,1,0.9497912451217251,0.8856724766539439,0.956466576851801,2025-09-05T23:00Z,34.77334472990555,8.514569441539049,26.258775288366504,47
401756885,2025,2,2025-09-06T16:00Z,2641,2309,Texas Tech Red Raiders,Kent State Golden Flashes,62,14,False,True,0.9382321358545733,1,0.9507112672453178,0.9242439074466826,0.9645123549026133,2025-09-05T23:00Z,43.11341346759487,15.202361921277557,27.91105154631731,48
401754524,2025,2,2025-09-06T16:00Z,152,258,NC State Wolfpack,Virginia Cavaliers,35,31,False,True,0.5284729784507747,1,0.549775971038131,0.5660165914582733,0.33456281248249037,2025-09-05T23:00Z,23.55063507420056,22.523342851426612,1.0272922227739478,4
401754529,2025,2,2025-09-06T16:00Z,221,2117,Pittsburgh Panthers,Central Michigan Chippewas,45,17,False,True,0.8146947509610001,1,0.8052320827745173,0.7049029808311802,0.7922895304139603,2025-09-05T23:00Z,29.98978255943182,15.372354397778214,14.617428161653606,28
401754618,2025,2,2025-09-06T16:00Z,183,41,Syracuse Orange,UConn Huskies,27,20,False,True,0.6461844655071864,1,0.7387327127482511,0.5947837271601135,0.6394018057095928,2025-09-05T23:00Z,29.436979357172074,23.632120961504725,5.804858395667349,7
401757227,2025,2,2025-09-06T16:00Z,55,2335,Jacksonville State Gamecocks,Liberty Flames,34,24,False,True,0.6603190176960029,1,0.6682743459101564,0.6543485815152281,0.6639065557625076,2025-09-05T23:00Z,26.222612184848156,19.084853406624347,7.137758778223809,10
401752694,2025,2,2025-09-06T16:45Z,245,328,Texas A&M Aggies,Utah State Aggies,44,22,False,True,0.9558067399664221,1,0.9341848955260587,0.8342448651542052,0.8991669033989423,2025-09-05T23:00Z,44.08289563597681,12.916561815528269,31.166333820448543,22
401752824,2025,2,2025-09-06T19:30Z,2483,197,Oregon Ducks,Oklahoma State Cowboys,69,3,False,True,0.9532415048679682,1,0.9639942003501778,0.9017269753488221,0.9202996033740265,2025-09-05T23:00Z,44.19727102596427,13.17607600811282,31.021195017851447,66
401754637,2025,2,2025-09-06T19:30Z,228,2653,Clemson Tigers,Troy Trojans,27,16,False,True,0.9451721912318297,1,0.9155182138584904,0.699778825879358,0.8368393736309254,2025-09-05T23:00Z,34.68727118769658,5.7681676755550875,28.919103512141493,11
401752686,2025,2,2025-09-06T19:30Z,96,145,Kentucky Wildcats,Ole Miss Rebels,23,30,False,True,0.18747404768903153,0,0.1639049515726269,0.1955446974675688,0.10241944059415743,2025-09-05T23:00Z,15.70654834446042,30.7329298412144,-15.026381496753979,-7
401752689,2025,2,2025-09-06T19:30Z,142,2305,Missouri Tigers,Kansas Jayhawks,42,31,False,True,0.7026422762499697,1,0.5762526095017624,0.5397853768201549,0.43920866539407105,2025-09-05T23:00Z,27.431806752502627,18.84524780312978,8.586558949372847,11
401752937,2025,2,2025-09-06T19:30Z,204,278,Oregon State Beavers,Fresno State Bulldogs,27,36,False,True,0.4003891661631368,0,0.3869953411774247,0.4044605047302512,0.3043325925936151,2025-09-05T23:00Z,21.747423540036678,26.410287356393447,-4.662863816356769,-9
401756880,2025,2,2025-09-06T19:30Z,2132,189,Cincinnati Bearcats,Bowling Green Falcons,34,20,False,True,0.7278902852731626,1,0.7869564762463239,0.6194421056443897,0.6692068886672294,2025-09-05T23:00Z,25.480499764660735,15.95168592579672,9.528813838864014,14
401756881,2025,2,2025-09-06T19:30Z,38,48,Colorado Buffaloes,Delaware Blue Hens,31,7,False,True,0.6276167143939733,1,0.842813465119801,0.5716336658428389,0.6908582258985981,2025-09-05T23:00Z,27.58649428378073,22.26171296093215,5.32478132284858,24
401761603,2025,2,2025-09-06T19:30Z,2636,326,UTSA Roadrunners,Texas State Bobcats,36,43,False,True,0.5024953260747688,0,0.4323388265823138,0.44610128374749014,0.26932979177592226,2025-09-05T23:00Z,31.25937619558375,31.21968256714426,0.039693628439490425,-7
401762458,2025,2,2025-09-06T19:30Z,2426,5,Navy Midshipmen,UAB Blazers,38,24,False,True,0.7059773113190289,1,0.751412123936459,0.7822982238770784,0.8537562385341378,2025-09-05T23:00Z,28.573695515729277,20.071637967285383,8.502057548443894,14
401762461,2025,2,2025-09-06T19:30Z,2711,249,Western Michigan Broncos,North Texas Mean Green,30,33,False,True,0.46655105610528314,0,0.343088417621686,0.4177071756940327,0.3944118789821572,2025-09-05T23:00Z,26.29737676581218,27.55125568556049,-1.2538789197483098,-3
401752820,2025,2,2025-09-06T20:00Z,275,2393,Wisconsin Badgers,Middle Tennessee Blue Raiders,42,10,False,True,0.9279142778756162,1,0.9388039189548673,0.8564775583841525,0.9385869432031374,2025-09-05T23:00Z,32.99678764329769,6.523768196324365,26.47301944697332,32
401756883,2025,2,2025-09-06T20:00Z,195,277,Ohio Bobcats,West Virginia Mountaineers,17,10,False,True,0.6559891678292553,1,0.5767250811155269,0.7266951205838403,0.6129445987759123,2025-09-05T23:00Z,29.359235396138498,22.872151734985167,6.487083661153331,7
401752684,2025,2,2025-09-06T20:15Z,57,58,Florida Gators,South Florida Bulls,16,18,False,True,0.8629440642400017,0,0.8329642079471308,0.6744841918832507,0.6455102526238782,2025-09-05T23:00Z,33.75286206645393,15.019729722567867,18.733132343886062,-2
401752818,2025,2,2025-09-06T20:30Z,164,193,Rutgers Scarlet Knights,Miami (OH) RedHawks,45,17,False,True,0.7098537026006786,1,0.7856588755212695,0.6274642864525994,0.7364155495683413,2025-09-05T23:00Z,27.216450056143657,18.080938632009154,9.135511424134503,28
401752682,2025,2,2025-09-06T21:00Z,8,2032,Arkansas Razorbacks,Arkansas State Red Wolves,56,14,False,True,0.8540239832894617,1,0.8798730834681715,0.7867841157064541,0.8363723560824533,2025-09-05T23:00Z,35.58369829183387,17.867539079648544,17.716159212185325,42
401757228,2025,2,2025-09-06T22:00Z,276,2623,Marshall Thundering Herd,Missouri State Bears,20,21,False,True,0.724482947698789,0,0.8060697383655291,0.7226223406455614,0.7677963746147447,2025-09-05T23:00Z,31.30441410111371,21.438029859145324,9.866384241968387,-1
401754527,2025,2,2025-09-06T23:00Z,2429,153,Charlotte 49ers,North Carolina Tar Heels,3,20,False,True,0.30220697905489363,0,0.35936763777574077,0.45232790268940026,0.3874479782629144,2025-09-05T23:00Z,22.996290401198422,31.90706315677096,-8.910772755572538,-17
401756882,2025,2,2025-09-06T23:00Z,2306,349,Kansas State Wildcats,Army Black Knights,21,24,False,True,0.7881916053991106,0,0.7780075777276433,0.6192983136595649,0.6412714128241046,2025-09-05T23:00Z,27.826783196306792,14.445830679394888,13.380952516911904,-3
401756884,2025,2,2025-09-06T23:00Z,242,248,Rice Owls,Houston Cougars,9,35,False,True,0.5275457154969448,0,0.46379098431766325,0.5766821724814456,0.49533954082690956,2025-09-05T23:00Z,17.551336795595724,16.927638046746182,0.6236987488495416,-26
401757232,2025,2,2025-09-06T23:00Z,2649,98,Toledo Rockets,Western Kentucky Hilltoppers,45,21,False,True,0.5721677892374714,1,0.6198583351057088,0.5646595571774472,0.5082789457908033,2025-09-05T23:00Z,26.499855893903014,23.71634943537824,2.783506458524773,24
401761598,2025,2,2025-09-06T23:00Z,2247,235,Georgia State Panthers,Memphis Tigers,16,38,False,True,0.2528308073936706,0,0.17744770539408306,0.20684729904378774,0.13041508412555608,2025-09-05T23:00Z,22.802931561692727,33.72409882812222,-10.921167266429496,-22
401761601,2025,2,2025-09-06T23:00Z,6,2655,South Alabama Jaguars,Tulane Green Wave,31,33,False,True,0.3705184691898972,0,0.3968242034832453,0.49161538086529566,0.30344810710521075,2025-09-05T23:00Z,19.44513751471699,25.127964681343876,-5.682827166626886,-2
401752687,2025,2,2025-09-06T23:30Z,99,2348,LSU Tigers,Louisiana Tech Bulldogs,23,7,False,True,0.9664816114612478,1,0.9585107672422934,0.8723755374542824,0.9275176326649598,2025-09-05T23:00Z,37.531797251811234,3.1234220807212196,34.408375171090015,16
401752688,2025,2,2025-09-06T23:30Z,344,9,Mississippi State Bulldogs,Arizona State Sun Devils,24,20,False,True,0.34498978999565844,1,0.47099771810362734,0.42696910534191057,0.2958335988662168,2025-09-05T23:00Z,22.60518100309251,29.05789970509207,-6.452718701999558,4
401752690,2025,2,2025-09-06T23:30Z,201,130,Oklahoma Sooners,Michigan Wolverines,24,13,False,True,0.5391982356877724,1,0.4246173430678848,0.46527098798274935,0.5075989335686057,2025-09-05T23:00Z,20.895573597288625,19.93032395467849,0.9652496426101358,11
401752683,2025,2,2025-09-06T23:30Z,2,2050,Auburn Tigers,Ball State Cardinals,42,3,False,True,0.9622652893511913,1,0.9816388435728627,0.9268423913603382,0.9746208688037372,2025-09-05T23:00Z,40.79169315558923,7.214683644711233,33.577009510878,39
401752695,2025,2,2025-09-06T23:30Z,259,238,Virginia Tech Hokies,Vanderbilt Commodores,20,44,False,True,0.6500123734240046,0,0.6291640741215109,0.6508631637449851,0.5542349468930704,2025-09-05T23:00Z,25.89479949167494,19.152031956022782,6.74276753565216,-24
401752810,2025,2,2025-09-06T23:30Z,158,2006,Nebraska Cornhuskers,Akron Zips,68,0,False,True,0.9039115008446958,1,0.9254075289682157,0.8298211188573028,0.908488718477828,2025-09-05T23:00Z,27.72003323085185,4.671134381278703,23.04889884957315,68
401752814,2025,2,2025-09-06T23:30Z,30,290,USC Trojans,Georgia Southern Eagles,59,20,False,True,0.9717558448505403,1,0.9869352827336595,0.9405320262999541,0.9844904590644047,2025-09-05T23:00Z,47.53690643048575,11.353269038142223,36.18363739234353,39
401752816,2025,2,2025-09-06T23:30Z,127,103,Michigan State Spartans,Boston College Eagles,42,40,False,True,0.5114606224127456,1,0.6850708808261992,0.5573703484803016,0.5176832643124396,2025-09-05T23:00Z,20.08808645488089,19.579703039005285,0.5083834158756062,2
401752681,2025,2,2025-09-06T23:45Z,333,2433,Alabama Crimson Tide,UL Monroe Warhawks,73,0,False,True,0.9842555882266426,1,0.9587198735914061,0.875729166193121,0.8815430388608751,2025-09-05T23:00Z,44.04202270089262,1.8642499065650462,42.17777279432758,73
401752823,2025,2,2025-09-07T00:00Z,2439,26,UNLV Rebels,UCLA Bruins,30,23,False,True,0.7358333932220965,1,0.7784416821265104,0.8232420072030531,0.8703647355182984,2025-09-05T23:00Z,30.571619197078896,19.40289690393407,11.168722293144825,7
401757229,2025,2,2025-09-07T01:00Z,166,202,New Mexico State Aggies,Tulsa Golden Hurricane,21,14,False,True,0.6978571943096825,1,0.6912684239107714,0.7315082593409941,0.6822300176246502,2025-09-05T23:00Z,32.42291150878946,24.366084605223094,8.056826903566368,7
401752948,2025,2,2025-09-07T02:15Z,265,21,Washington State Cougars,San Diego State Aztecs,36,13,False,True,0.7810344175251595,1,0.8030030774484989,0.7673485441243932,0.8200183131593916,2025-09-05T23:00Z,31.0514755165909,18.021707702568026,13.029767814022875,23
401754526,2025,2,2025-09-07T02:15Z,252,24,BYU Cougars,Stanford Cardinal,27,3,False,True,0.8242794661106834,1,0.8809432062185606,0.8341955234410929,0.9014818198522166,2025-09-05T23:00Z,30.863098223416063,15.06663152546848,15.796466697947583,24
401757230,2025,2,2025-09-07T03:59Z,62,2534,Hawai'i Rainbow Warriors,Sam Houston Bearkats,37,20,False,True,0.5645440306015976,1,0.5616148491783248,0.4739168562123157,0.43997865994046054,2025-09-05T23:00Z,25.158794838698974,23.07589142842713,2.082903410271843,17
401754531,2025,3,2025-09-11T23:30Z,154,152,Wake Forest Demon Deacons,NC State Wolfpack,24,34,False,True,0.3785581169509872,0,0.253923457641373,0.4095516182078638,0.27716266607648343,2025-09-11T23:30Z,22.35685941149643,27.83619562838731,-5.479336216890879,-10
401756893,2025,3,2025-09-12T23:30Z,248,38,Houston Cougars,Colorado Buffaloes,36,20,False,True,0.4440959230269248,1,0.5778276907960032,0.5758020390026237,0.46345969389585584,2025-09-11T23:30Z,20.68479651151882,22.7679723412259,-2.0831758297070806,16
401756888,2025,3,2025-09-13T01:00Z,12,2306,Arizona Wildcats,Kansas State Wildcats,23,17,False,True,0.5410165257074864,1,0.6044497386096921,0.48173339659990944,0.5765549648315311,2025-09-11T23:30Z,25.74859095914829,23.875756535522086,1.8728344236262053,6
401752837,2025,3,2025-09-13T02:00Z,26,167,UCLA Bruins,New Mexico Lobos,10,35,False,True,0.699579951941308,0,0.7927789067522735,0.6506950098662686,0.6497792146166641,2025-09-11T23:30Z,33.5732580396631,25.182683823964897,8.390574215698205,-25
401752831,2025,3,2025-09-13T16:00Z,77,2483,Northwestern Wildcats,Oregon Ducks,14,34,False,True,0.05581548277047935,0,0.023860798134271326,0.08028024928531075,0.02555584499213538,2025-09-11T23:30Z,9.262305526320219,38.73094370375304,-29.468638177432823,-20
401754623,2025,3,2025-09-13T16:00Z,59,228,Georgia Tech Yellow Jackets,Clemson Tigers,24,21,False,True,0.32840650985530034,1,0.5594838465752604,0.5817453725489035,0.6231671950798379,2025-09-11T23:30Z,18.1233985983422,25.186891632791944,-7.0634930344497455,3
401752703,2025,3,2025-09-13T16:00Z,218,201,Temple Owls,Oklahoma Sooners,3,42,False,True,0.1259407457552886,0,0.12301855769853612,0.25755597699206123,0.2030209198197394,2025-09-11T23:30Z,13.292409219387029,32.51520365048763,-19.2227944311006,-39
401752696,2025,3,2025-09-13T16:00Z,333,275,Alabama Crimson Tide,Wisconsin Badgers,38,14,False,True,0.9248212100314601,1,0.8699091769217461,0.7831679279525022,0.8359157076612559,2025-09-11T23:30Z,35.35319895968116,9.745921160245853,25.607277799435305,24
401752839,2025,3,2025-09-13T16:00Z,130,2117,Michigan Wolverines,Central Michigan Chippewas,63,3,False,True,0.9492478618270749,1,0.9655379638448112,0.8987369085982237,0.9229705532427949,2025-09-11T23:30Z,34.885289369540736,5.300597151387844,29.58469221815289,60
401761608,2025,3,2025-09-13T16:00Z,2653,235,Troy Trojans,Memphis Tigers,7,28,False,True,0.36938549811397586,0,0.37981464952520827,0.4187747285310782,0.3311747084600392,2025-09-11T23:30Z,23.540184853510787,29.114507923677106,-5.574323070166319,-21
401762817,2025,3,2025-09-13T16:00Z,2309,2084,Kent State Golden Flashes,Buffalo Bulls,28,31,False,True,0.22122008952813582,0,0.19574901475253773,0.15421437796353132,0.08564871269174627,2025-09-11T23:30Z,21.246905772926446,34.40850095252646,-13.161595179600013,-3
401752697,2025,3,2025-09-13T16:45Z,2,6,Auburn Tigers,South Alabama Jaguars,31,15,False,True,0.8524700203782889,1,0.9096956389085994,0.7673132420309109,0.8212656053832136,2025-09-11T23:30Z,35.393487173154035,16.968886465047927,18.42460070810611,16
401752702,2025,3,2025-09-13T17:00Z,142,309,Missouri Tigers,Louisiana Ragin' Cajuns,52,10,False,True,0.9039327045940292,1,0.9253515028202859,0.791976752273833,0.8936857923588185,2025-09-11T23:30Z,36.38923089440176,14.114502743334457,22.274728151067308,42
401757168,2025,3,2025-09-13T19:00Z,48,41,Delaware Blue Hens,UConn Huskies,44,41,False,True,0.5156573656871136,1,0.4182362111723965,0.5823545386862616,0.5061710359610003,2025-09-11T23:30Z,21.808675142993785,21.13680554345266,0.6718695995411252,3
401752705,2025,3,2025-09-13T19:30Z,2633,61,Tennessee Volunteers,Georgia Bulldogs,41,44,False,True,0.26017531153020235,0,0.35137830701018236,0.47916798090537227,0.4509041429898787,2025-09-11T23:30Z,20.03766372282861,30.990443897235586,-10.952780174406975,-3
401752938,2025,3,2025-09-13T19:30Z,2641,204,Texas Tech Red Raiders,Oregon State Beavers,45,14,False,True,0.8863684580312177,1,0.9072966599026899,0.8669671706956039,0.9315199164625505,2025-09-11T23:30Z,41.65345550726718,20.661857222479266,20.991598284787916,31
401752949,2025,3,2025-09-13T19:30Z,249,265,North Texas Mean Green,Washington State Cougars,59,10,False,True,0.4404716487980963,1,0.5001829461033552,0.48926553674499257,0.35083610798636844,2025-09-11T23:30Z,30.5352214760071,33.296830153378515,-2.7616086773714166,49
401754615,2025,3,2025-09-13T19:30Z,2623,2567,Missouri State Bears,SMU Mustangs,10,28,False,True,0.32655188127583495,0,0.1298533217516864,0.2672013349034653,0.15458894141054863,2025-09-11T23:30Z,27.566201692774182,34.76760698627428,-7.201405293500098,-18
401754638,2025,3,2025-09-13T19:30Z,277,221,West Virginia Mountaineers,Pittsburgh Panthers,31,24,False,True,0.5025887986430064,1,0.3452832242584226,0.4793906505965516,0.39717294979966966,2025-09-11T23:30Z,25.56406225039973,25.642866306939176,-0.07880405653944678,7
401756890,2025,3,2025-09-13T20:00Z,2032,66,Arkansas State Red Wolves,Iowa State Cyclones,16,24,False,True,0.17450789099897554,0,0.09953134828688386,0.19864569226298168,0.07463895190806064,2025-09-11T23:30Z,17.59614876350559,33.353854214829724,-15.757705451324135,-8
401752706,2025,3,2025-09-13T20:15Z,251,2638,Texas Longhorns,UTEP Miners,27,10,False,True,0.9879071305727058,1,0.9905168486444943,0.9584970943871503,0.9829442828271561,2025-09-11T23:30Z,42.228547830133714,-2.1946374009281797,44.42318523106189,17
401754535,2025,3,2025-09-13T20:30Z,2390,58,Miami Hurricanes,South Florida Bulls,49,12,False,True,0.8513860745029184,1,0.7954183908126791,0.7125323520013924,0.7285094451280164,2025-09-11T23:30Z,37.42835610783582,19.71768316606068,17.710672941775137,37
401757256,2025,3,2025-09-13T21:00Z,189,2335,Bowling Green Falcons,Liberty Flames,23,13,False,True,0.5566006833334334,1,0.5572365520908162,0.5073301513252403,0.632687171117394,2025-09-11T23:30Z,27.36532753675798,24.435302297244434,2.9300252395135473,10
401757258,2025,3,2025-09-13T21:00Z,2440,2393,Nevada Wolf Pack,Middle Tennessee Blue Raiders,13,14,False,True,0.6696543846453665,0,0.7142186056459566,0.7088402046718595,0.7694731253718645,2025-09-11T23:30Z,28.883262098414264,21.75890934887821,7.124352749536055,-1
401752832,2025,3,2025-09-13T22:45Z,2509,30,Purdue Boilermakers,USC Trojans,17,33,False,True,0.12327566102037038,0,0.050261289132853104,0.09397804850563568,0.03962822360270383,2025-09-11T23:30Z,17.529036030185896,37.902622880028936,-20.37358684984304,-16
401752827,2025,3,2025-09-13T23:00Z,194,195,Ohio State Buckeyes,Ohio Bobcats,37,9,False,True,0.9560250172205746,1,0.9442095888895776,0.8390340878005482,0.9074823423245247,2025-09-11T23:30Z,34.9649989213926,3.199889765886418,31.76510915550618,28
401752829,2025,3,2025-09-13T23:00Z,356,2711,Illinois Fighting Illini,Western Michigan Broncos,38,0,False,True,0.9198878583272189,1,0.9300216103049748,0.8742373518753004,0.9405689280115641,2025-09-11T23:30Z,39.23958949706569,14.549403603564986,24.6901858935007,38
401752700,2025,3,2025-09-13T23:00Z,145,8,Ole Miss Rebels,Arkansas Razorbacks,41,35,False,True,0.8124681259880059,1,0.7420441187458962,0.7885361665561116,0.7998641546625542,2025-09-11T23:30Z,35.80878050165072,20.862346884395294,14.94643361725543,6
401754536,2025,3,2025-09-13T23:00Z,259,295,Virginia Tech Hokies,Old Dominion Monarchs,26,45,False,True,0.6238546524288949,0,0.39308653828566703,0.4761683186047389,0.46924318521800173,2025-09-11T23:30Z,27.232441236742112,21.97164814654183,5.260793090200281,-19
401757234,2025,3,2025-09-13T23:00Z,290,55,Georgia Southern Eagles,Jacksonville State Gamecocks,41,34,False,True,0.3093135936912759,1,0.2700937428535661,0.26358171587521334,0.23508159463831516,2025-09-11T23:30Z,22.75779070008663,31.260134618385493,-8.502343918298862,7
401761607,2025,3,2025-09-13T23:00Z,2572,2026,Southern Miss Golden Eagles,App State Mountaineers,38,22,False,True,0.2462415528644914,1,0.22244950423811166,0.19478714259990926,0.1556469972945457,2025-09-11T23:30Z,20.257977290701383,32.38169838571974,-12.123721095018354,16
401752699,2025,3,2025-09-13T23:30Z,99,57,LSU Tigers,Florida Gators,20,10,False,True,0.6593202666954859,1,0.6393309677915842,0.7254892844710648,0.6925499972444548,2025-09-11T23:30Z,24.822205272411473,18.190095188755645,6.632110083655828,10
401752707,2025,3,2025-09-13T23:30Z,87,245,Notre Dame Fighting Irish,Texas A&M Aggies,40,41,False,True,0.7295104606639078,0,0.6784959418373736,0.7078180248206427,0.6899919126546696,2025-09-11T23:30Z,30.207602752308517,19.926571749894265,10.281031002414252,-1
401752698,2025,3,2025-09-13T23:30Z,96,2199,Kentucky Wildcats,Eastern Michigan Eagles,48,23,False,True,0.9083394498426492,1,0.9493687368312878,0.842604822443252,0.92492048750529,2025-09-11T23:30Z,36.89209056607077,13.35085720867687,23.5412333573939,25
401752830,2025,3,2025-09-13T23:30Z,2294,113,Iowa Hawkeyes,Massachusetts Minutemen,47,7,False,True,0.9701189574913721,1,0.968920485893055,0.929994083875142,0.9764953469277922,2025-09-11T23:30Z,40.70223363660118,4.98318987527615,35.719043761325025,40
401757257,2025,3,2025-09-13T23:30Z,2348,166,Louisiana Tech Bulldogs,New Mexico State Aggies,49,14,False,True,0.7372043459514894,1,0.7356898209611791,0.6912496658014216,0.769742018490179,2025-09-11T23:30Z,26.500772401626378,15.96639398678143,10.534378414844948,35
401761604,2025,3,2025-09-13T23:30Z,324,151,Coastal Carolina Chanticleers,East Carolina Pirates,0,38,False,True,0.30035907436852144,0,0.25806355161637207,0.37875532656444416,0.2404467112451507,2025-09-11T23:30Z,21.379679714742228,29.783830200065516,-8.404150485323289,-38
401752704,2025,3,2025-09-13T23:45Z,2579,238,South Carolina Gamecocks,Vanderbilt Commodores,7,31,False,True,0.7216290254532078,0,0.6672768894476757,0.6457629598046393,0.5656124128026173,2025-09-11T23:30Z,28.9929754981397,19.23766863287539,9.75530686526431,-24
401756895,2025,3,2025-09-14T00:00Z,2751,254,Wyoming Cowboys,Utah Utes,6,31,False,True,0.14619944734699367,0,0.13116000155771515,0.30175186122333875,0.10308074054712757,2025-09-11T23:30Z,7.658748897143466,26.317116938718282,-18.658368041574818,-25
401754534,2025,3,2025-09-14T00:00Z,2655,150,Tulane Green Wave,Duke Blue Devils,34,27,False,True,0.7794003521870696,1,0.7182522365482988,0.7901939191084426,0.8480617076166673,2025-09-11T23:30Z,31.702966507058193,18.228704489317277,13.474262017740916,7
401762465,2025,3,2025-09-14T00:00Z,202,2426,Tulsa Golden Hurricane,Navy Midshipmen,23,42,False,True,0.18986336715152263,0,0.209341157920578,0.2008847563020748,0.09144050246598978,2025-09-11T23:30Z,17.530567940121546,31.5887361962551,-14.058168256133552,-19
401757233,2025,3,2025-09-14T00:30Z,2229,2226,Florida International Panthers,Florida Atlantic Owls,38,28,False,True,0.6614175767118987,1,0.6738880858988144,0.6369728556541663,0.7224182188334648,2025-09-11T23:30Z,27.195548426597433,20.39883733292757,6.796711093669863,10
401762463,2025,3,2025-09-14T00:30Z,5,2006,UAB Blazers,Akron Zips,31,28,False,True,0.7530881691524032,1,0.8826979365790486,0.8296778867688235,0.8650610579539887,2025-09-11T23:30Z,30.426578422298256,19.124313132302994,11.302265289995262,3
401760368,2025,3,2025-09-14T01:45Z,328,2005,Utah State Aggies,Air Force Falcons,49,30,False,True,0.6734801425496281,1,0.5678513364176476,0.4450299999828184,0.5268406545614941,2025-09-11T23:30Z,30.201860164990666,22.821838537977087,7.38002162701358,19
401752840,2025,3,2025-09-14T02:30Z,25,135,California Golden Bears,Minnesota Golden Gophers,27,14,False,True,0.5506293036589384,1,0.4686594307615287,0.49669023368169873,0.50159560242461,2025-09-11T23:30Z,20.670444287879143,18.666910133159753,2.0035341547193894,13
401754533,2025,3,2025-09-14T02:30Z,24,103,Stanford Cardinal,Boston College Eagles,30,20,False,True,0.3939757787248013,1,0.4018984769910907,0.40321458679917244,0.28663632654969323,2025-09-11T23:30Z,26.338683659592697,30.795338234501052,-4.456654574908356,10
401756889,2025,3,2025-09-14T02:30Z,9,326,Arizona State Sun Devils,Texas State Bobcats,34,15,False,True,0.6412724189754223,1,0.663836694636989,0.5469079760511067,0.5496843901391503,2025-09-11T23:30Z,32.8756634856009,27.38858053063001,5.487082954970894,19
401762468,2025,4,2025-09-18T23:30Z,2429,242,Charlotte 49ers,Rice Owls,17,28,False,True,0.4531187124848648,0,0.3345322782231585,0.43474272155441984,0.3192988505140303,2025-09-18T23:30Z,17.957652929638893,20.16937898777223,-2.211726058133337,-11
401756900,2025,4,2025-09-19T23:30Z,197,202,Oklahoma State Cowboys,Tulsa Golden Hurricane,12,19,False,True,0.8457295046315774,0,0.6225413940769559,0.6694323243920373,0.682838229887853,2025-09-18T23:30Z,37.72239321002385,20.350653980869765,17.371739229154088,-7
401752844,2025,4,2025-09-20T00:00Z,164,2294,Rutgers Scarlet Knights,Iowa Hawkeyes,28,38,False,True,0.511934368103113,0,0.4317934810997461,0.47314582893407725,0.5157753978857706,2025-09-18T23:30Z,26.706169156639362,26.290551995139804,0.41561716149955785,-10
401756901,2025,4,2025-09-20T16:00Z,254,2641,Utah Utes,Texas Tech Red Raiders,10,34,False,True,0.659805713462972,0,0.5295297429832956,0.5778039511307076,0.5375368048191925,2025-09-18T23:30Z,31.42883522789575,24.439350293232927,6.989484934662823,-24
401752708,2025,4,2025-09-20T16:00Z,235,8,Memphis Tigers,Arkansas Razorbacks,32,31,False,True,0.46595457835694026,1,0.3294455212148057,0.5460001674437334,0.37036781778899147,2025-09-18T23:30Z,28.459590419141623,29.831304468607236,-1.3717140494656128,1
401752845,2025,4,2025-09-20T16:00Z,275,120,Wisconsin Badgers,Maryland Terrapins,10,27,False,True,0.6705184806621075,0,0.6565957890780237,0.6596919729042612,0.5619108000108783,2025-09-18T23:30Z,24.34401358721236,16.94718981031367,7.396823776898689,-17
401754537,2025,4,2025-09-20T16:00Z,228,183,Clemson Tigers,Syracuse Orange,21,34,False,True,0.8442281267400866,0,0.8130456679445519,0.73370663010246,0.7075596588990113,2025-09-18T23:30Z,32.53504832137571,15.384596194467193,17.15045212690852,-13
401754636,2025,4,2025-09-20T16:00Z,2628,2567,TCU Horned Frogs,SMU Mustangs,35,24,False,True,0.77398172870232,1,0.8078699914989412,0.6544596905647304,0.7488656193004514,2025-09-18T23:30Z,37.48415020581262,24.862618457349065,12.621531748463553,11
401754642,2025,4,2025-09-20T16:00Z,97,189,Louisville Cardinals,Bowling Green Falcons,40,17,False,True,0.8606144452523055,1,0.8529496530257794,0.8127387335040623,0.85855250902227,2025-09-18T23:30Z,32.84197839169792,14.779741626539693,18.06223676515823,23
401760376,2025,4,2025-09-20T16:00Z,193,2439,Miami (OH) RedHawks,UNLV Rebels,38,41,False,True,0.41526837435933667,0,0.4416642180727036,0.4111290329757968,0.27108627860138546,2025-09-18T23:30Z,21.041028318419215,25.14514133838188,-4.104113019962664,-3
401762469,2025,4,2025-09-20T16:00Z,349,249,Army Black Knights,North Texas Mean Green,38,45,False,True,0.4447106171204848,0,0.48863171292256774,0.6048510682313633,0.5347524910426426,2025-09-18T23:30Z,26.65003464428696,28.920293096647022,-2.2702584523600606,-7
401752715,2025,4,2025-09-20T16:45Z,2633,5,Tennessee Volunteers,UAB Blazers,56,24,False,True,0.9656433120287304,1,0.9755824466735534,0.9252934731947622,0.9730731446158899,2025-09-18T23:30Z,50.05719158118492,15.899568466510559,34.15762311467436,32
401752841,2025,4,2025-09-20T19:00Z,2483,204,Oregon Ducks,Oregon State Beavers,41,7,False,True,0.9828691222790132,1,0.9861571809904327,0.9727848043921278,0.9893856714331691,2025-09-18T23:30Z,51.001434905888885,9.38378688522661,41.61764802066227,34
401754541,2025,4,2025-09-20T19:30Z,52,2309,Florida State Seminoles,Kent State Golden Flashes,66,10,False,True,0.9506115327694905,1,0.9825851142458842,0.9462809261146059,0.9828412202567673,2025-09-18T23:30Z,40.24942319572226,9.930941218144255,30.318481977578003,56
401752714,2025,4,2025-09-20T19:30Z,201,2,Oklahoma Sooners,Auburn Tigers,24,17,False,True,0.711808490731823,1,0.6896836555976261,0.6723452732379135,0.7123917697030331,2025-09-18T23:30Z,25.531894982461914,17.168919222435285,8.362975760026629,7
401752711,2025,4,2025-09-20T19:30Z,145,2655,Ole Miss Rebels,Tulane Green Wave,45,10,False,True,0.862184236954922,1,0.8816936953320912,0.837404127549251,0.8713949384718778,2025-09-18T23:30Z,36.864070578714816,18.054165180709994,18.809905398004823,35
401752846,2025,4,2025-09-20T19:30Z,158,130,Nebraska Cornhuskers,Michigan Wolverines,27,30,False,True,0.38155946693172316,0,0.4251570257113816,0.4783215438353735,0.5690069235923564,2025-09-18T23:30Z,18.07172012221148,22.948546769628948,-4.876826647417467,-3
401752848,2025,4,2025-09-20T19:30Z,87,2509,Notre Dame Fighting Irish,Purdue Boilermakers,56,30,False,True,0.9504747587852085,1,0.9425234487184334,0.9223626229999959,0.9184625624809093,2025-09-18T23:30Z,40.01559728985158,9.668434853941868,30.34716243590971,26
401754640,2025,4,2025-09-20T19:30Z,2116,153,UCF Knights,North Carolina Tar Heels,34,9,False,True,0.6409359813049664,1,0.7349369457921552,0.7389972175303623,0.7748343699059145,2025-09-18T23:30Z,25.207916351941407,19.13269746504751,6.0752188868938966,25
401757169,2025,4,2025-09-20T19:30Z,41,2050,UConn Huskies,Ball State Cardinals,31,25,False,True,0.8598871106739714,1,0.8955295007099587,0.8691332088696144,0.9087421587664242,2025-09-18T23:30Z,37.31934097738246,18.92619174544031,18.39314923194215,6
401757262,2025,4,2025-09-20T19:30Z,2335,256,Liberty Flames,James Madison Dukes,13,31,False,True,0.3662192187463901,0,0.3872333450062748,0.49175422606463326,0.29669970960213937,2025-09-18T23:30Z,21.394221668028752,26.916164789524508,-5.521943121495756,-18
401761610,2025,4,2025-09-20T19:30Z,2199,309,Eastern Michigan Eagles,Louisiana Ragin' Cajuns,34,31,False,True,0.4349143473547504,1,0.4808170122259629,0.474955982130183,0.45094661332190183,2025-09-18T23:30Z,25.152653441564727,28.205626709092485,-3.052973267527758,3
401761613,2025,4,2025-09-20T19:30Z,2084,2653,Buffalo Bulls,Troy Trojans,17,21,False,True,0.5831251256794255,0,0.5207035296220449,0.5714289458105306,0.5086302730536164,2025-09-18T23:30Z,24.76614093649834,21.28352415665483,3.4826167798435073,-4
401762820,2025,4,2025-09-20T19:30Z,2711,2649,Western Michigan Broncos,Toledo Rockets,14,13,False,True,0.31695136191191836,1,0.2401211549217129,0.2569975724211342,0.21300106608936709,2025-09-18T23:30Z,20.456478911831844,28.312419262446106,-7.8559403506142615,1
401754538,2025,4,2025-09-20T20:00Z,150,152,Duke Blue Devils,NC State Wolfpack,45,33,False,True,0.40401474232398343,1,0.486104569504452,0.4934013445975448,0.40988444780043665,2025-09-18T23:30Z,26.645329314791155,31.288606799669083,-4.6432774848779275,12
401752712,2025,4,2025-09-20T20:15Z,344,2459,Mississippi State Bulldogs,Northern Illinois Huskies,38,10,False,True,0.7219630554120623,1,0.8314633687725629,0.6271714866077713,0.746177565120951,2025-09-18T23:30Z,25.84858827777748,16.693712113949683,9.154876163827797,28
401754542,2025,4,2025-09-20T21:05Z,59,218,Georgia Tech Yellow Jackets,Temple Owls,45,24,False,True,0.8748160424410185,1,0.9199551670722577,0.8832032038581159,0.9121551328543703,2025-09-18T23:30Z,33.94170861409662,14.489553889406992,19.452154724689628,21
401756899,2025,4,2025-09-20T22:00Z,2305,277,Kansas Jayhawks,West Virginia Mountaineers,41,10,False,True,0.6976337735600401,1,0.7663918378560649,0.7226091090437803,0.7955034466168593,2025-09-18T23:30Z,29.85194813406959,21.354455755946386,8.497492378123205,31
401757259,2025,4,2025-09-20T22:00Z,2229,48,Florida International Panthers,Delaware Blue Hens,16,38,False,True,0.477406409145969,0,0.6534767832477475,0.499471985303588,0.45795001416282866,2025-09-18T23:30Z,27.713316770562667,29.074925974813528,-1.3616092042508612,-22
401757261,2025,4,2025-09-20T22:00Z,338,2032,Kennesaw State Owls,Arkansas State Red Wolves,28,21,False,True,0.47535502382482453,1,0.42751405194438064,0.5703774782960473,0.45313793747583514,2025-09-18T23:30Z,23.689430256394537,25.175609004905308,-1.4861787485107705,7
401752713,2025,4,2025-09-20T23:00Z,142,2579,Missouri Tigers,South Carolina Gamecocks,29,20,False,True,0.6989253678308566,1,0.7657956056048436,0.8027350032060283,0.8349361504642575,2025-09-18T23:30Z,27.936882173999372,19.505794635620532,8.43108753837884,9
401757264,2025,4,2025-09-20T23:00Z,2393,276,Middle Tennessee Blue Raiders,Marshall Thundering Herd,28,42,False,True,0.3183630047592168,0,0.46340192255335494,0.3640901459791119,0.31913728560453225,2025-09-18T23:30Z,18.32697593257349,26.349943189148306,-8.022967256574816,-14
401757268,2025,4,2025-09-20T23:00Z,98,2440,Western Kentucky Hilltoppers,Nevada Wolf Pack,31,16,False,True,0.696918049251307,1,0.5682412658279438,0.6960712387971084,0.699818415590625,2025-09-18T23:30Z,30.07238835007889,21.583427389866607,8.488960960212282,15
401760372,2025,4,2025-09-20T23:00Z,2005,68,Air Force Falcons,Boise State Broncos,37,49,False,True,0.31274068890728296,0,0.42016230016685785,0.44908217887314567,0.3489858831917244,2025-09-18T23:30Z,21.523579419458432,29.362049984182974,-7.838470564724542,-12
401761611,2025,4,2025-09-20T23:00Z,6,324,South Alabama Jaguars,Coastal Carolina Chanticleers,20,38,False,True,0.8972457736931314,0,0.9141093543176314,0.886463967567078,0.9442303955643357,2025-09-18T23:30Z,38.72241466659902,16.53542846662674,22.18698619997228,-18
401752709,2025,4,2025-09-20T23:30Z,2390,57,Miami Hurricanes,Florida Gators,26,7,False,True,0.708171496406062,1,0.8370846929786129,0.7835940274699376,0.8827824136468386,2025-09-18T23:30Z,30.031092084777598,21.038469869969926,8.992622214807671,19
401752843,2025,4,2025-09-20T23:30Z,84,356,Indiana Hoosiers,Illinois Fighting Illini,63,10,False,True,0.608640967973207,1,0.6611506761231714,0.6797463221345776,0.6506251640539727,2025-09-18T23:30Z,30.602413175946886,26.04418241917125,4.558230756775636,53
401752716,2025,4,2025-09-20T23:30Z,238,2247,Vanderbilt Commodores,Georgia State Panthers,70,21,False,True,0.9523719754863347,1,0.9596567701379382,0.9338408255182333,0.9844815066488732,2025-09-18T23:30Z,42.74869470875114,12.828811715375569,29.91988299337557,49
401752842,2025,4,2025-09-20T23:30Z,265,264,Washington State Cougars,Washington Huskies,24,59,False,True,0.15940612143975016,0,0.15686776788326098,0.334973642526377,0.16851635123832415,2025-09-18T23:30Z,19.969189684380808,36.7377655860553,-16.768575901674495,-35
401754539,2025,4,2025-09-20T23:30Z,258,24,Virginia Cavaliers,Stanford Cardinal,48,20,False,True,0.7226868264168648,1,0.6812906064461179,0.7568768580905911,0.7993611879221532,2025-09-18T23:30Z,29.166514336927754,19.60191552870953,9.564598808218225,28
401756896,2025,4,2025-09-20T23:30Z,239,9,Baylor Bears,Arizona State Sun Devils,24,27,False,True,0.4933086024377982,0,0.4605853145222589,0.45219447688418735,0.40546845928229236,2025-09-18T23:30Z,30.447580024798096,30.737300399901095,-0.2897203751029984,-3
401756898,2025,4,2025-09-20T23:30Z,151,252,East Carolina Pirates,BYU Cougars,13,34,False,True,0.42710297421441407,0,0.3165933948270244,0.49820673428771356,0.30923787310137063,2025-09-18T23:30Z,19.520847243230325,22.727195471086993,-3.206348227856669,-21
401757263,2025,4,2025-09-20T23:30Z,2348,2572,Louisiana Tech Bulldogs,Southern Miss Golden Eagles,30,20,False,True,0.78818548810311,1,0.7228574363235181,0.8204502158867277,0.8199201835820288,2025-09-18T23:30Z,32.35346286164718,18.455589363618145,13.897873498029035,10
401752723,2025,4,2025-09-21T00:00Z,251,2534,Texas Longhorns,Sam Houston Bearkats,55,0,False,True,0.9846809045175701,1,0.9838905056530362,0.9508455597851437,0.9771246838886342,2025-09-18T23:30Z,43.53263598537664,1.4363851237386864,42.096250861637955,55
401757267,2025,4,2025-09-21T01:00Z,2638,2433,UTEP Miners,UL Monroe Warhawks,25,31,False,True,0.6352612352351773,0,0.8326976697454714,0.7772077668043488,0.8578491854476807,2025-09-18T23:30Z,26.0512288752139,20.577147363587393,5.474081511626508,-6
401760373,2025,4,2025-09-21T01:30Z,36,2636,Colorado State Rams,UTSA Roadrunners,16,17,False,True,0.5102114003035224,0,0.4242122476404123,0.4419184776738716,0.48361510947434366,2025-09-18T23:30Z,29.820808707141715,29.490438125739868,0.33037058140184783,-1
401756897,2025,4,2025-09-21T02:25Z,38,2751,Colorado Buffaloes,Wyoming Cowboys,37,20,False,True,0.8216851560805927,1,0.8743575733423303,0.7601291861249531,0.8840313058886203,2025-09-18T23:30Z,26.33364245370381,10.42392314515509,15.90971930854872,17
401754540,2025,4,2025-09-21T02:30Z,21,25,San Diego State Aztecs,California Golden Bears,34,0,False,True,0.12303860460092565,1,0.09684036725211333,0.22515044621060504,0.06462377487940546,2025-09-18T23:30Z,11.345543142239482,31.773040685029784,-20.427497542790302,34
401752847,2025,4,2025-09-21T03:00Z,30,127,USC Trojans,Michigan State Spartans,45,31,False,True,0.9205912178307466,1,0.940590787537703,0.9276220422712002,0.9553822957340755,2025-09-18T23:30Z,42.48776413637853,17.415006745439804,25.072757390938726,14
401760374,2025,4,2025-09-21T03:59Z,62,278,Hawai'i Rainbow Warriors,Fresno State Bulldogs,21,23,False,True,0.400533608466212,0,0.4012385712919165,0.36560038513167287,0.289534707844986,2025-09-18T23:30Z,22.368132028767146,26.984918254339913,-4.616786225572767,-2
401762471,2025,5,2025-09-25T23:30Z,151,349,East Carolina Pirates,Army Black Knights,28,6,False,True,0.6032075544936851,1,0.5836424811272479,0.5109879172475659,0.4864677534574398,2025-09-25T23:30Z,26.272938684172964,22.137406098445055,4.135532585727908,22
401754543,2025,5,2025-09-26T23:00Z,258,52,Virginia Cavaliers,Florida State Seminoles,46,38,False,True,0.4751606160814504,1,0.22012320873986904,0.4682767440186773,0.38544860226933064,2025-09-25T23:30Z,25.416958002669062,26.769984446476414,-1.3530264438073516,8
401756902,2025,5,2025-09-27T01:00Z,9,2628,Arizona State Sun Devils,TCU Horned Frogs,27,24,False,True,0.42686427120242715,1,0.39516985868696813,0.5105726031466886,0.4686887351678097,2025-09-25T23:30Z,23.319611137940615,26.614717563238035,-3.295106425297419,3
401752939,2025,5,2025-09-27T02:35Z,204,248,Oregon State Beavers,Houston Cougars,24,27,False,True,0.21545418062886812,0,0.15152806433686328,0.24238831551582454,0.09651348350919009,2025-09-25T23:30Z,19.00158583561845,32.69087079381325,-13.689284958194797,-3
401754546,2025,5,2025-09-27T16:00Z,154,59,Wake Forest Demon Deacons,Georgia Tech Yellow Jackets,29,30,False,True,0.24010263419642003,0,0.21363276823438174,0.2930892059160837,0.17174446353586306,2025-09-25T23:30Z,18.787698830607166,31.029089867746066,-12.2413910371389,-1
401752850,2025,5,2025-09-27T16:00Z,356,30,Illinois Fighting Illini,USC Trojans,34,32,False,True,0.22843676624926348,1,0.1515534113588912,0.24063740215796592,0.21579639318935084,2025-09-25T23:30Z,26.709465882159417,39.61201141464062,-12.902545532481202,2
401752717,2025,5,2025-09-27T16:00Z,8,87,Arkansas Razorbacks,Notre Dame Fighting Irish,13,56,False,True,0.2538558172553539,0,0.385967470398173,0.4628318507183623,0.43503079217517004,2025-09-25T23:30Z,26.99255082442535,38.43874607403397,-11.446195249608621,-43
401752849,2025,5,2025-09-27T16:00Z,135,164,Minnesota Golden Gophers,Rutgers Scarlet Knights,31,28,False,True,0.5028869208498961,1,0.5609760195925719,0.6069184411151343,0.40867558142801885,2025-09-25T23:30Z,27.52340716344009,27.657213580924363,-0.1338064174842728,3
401754545,2025,5,2025-09-27T16:00Z,183,150,Syracuse Orange,Duke Blue Devils,3,38,False,True,0.7190902196436345,0,0.6521221961233371,0.6750625346930081,0.7244335917309778,2025-09-25T23:30Z,35.16610981628573,25.037992096893994,10.128117719391739,-35
401754547,2025,5,2025-09-27T16:00Z,221,97,Pittsburgh Panthers,Louisville Cardinals,27,34,False,True,0.31381285530047087,0,0.3881957911551036,0.3382144112433595,0.2009334701456013,2025-09-25T23:30Z,24.597363659705717,32.92923172159501,-8.331868061889292,-7
401756905,2025,5,2025-09-27T16:00Z,2305,2132,Kansas Jayhawks,Cincinnati Bearcats,34,37,False,True,0.7412387547275451,0,0.6080877395063722,0.7207093047384796,0.7469983701879761,2025-09-25T23:30Z,30.559354833439883,19.866367275038844,10.69298755840104,-3
401756906,2025,5,2025-09-27T16:00Z,2306,2116,Kansas State Wildcats,UCF Knights,34,20,False,True,0.5480142107995752,1,0.6156235367721477,0.5325405573012016,0.49334279617105065,2025-09-25T23:30Z,22.41486577051249,20.66908907259825,1.7457766979142377,14
401761617,2025,5,2025-09-27T16:00Z,249,6,North Texas Mean Green,South Alabama Jaguars,36,22,False,True,0.7703315556538206,1,0.8259066966021944,0.7608482852502052,0.8989974217151009,2025-09-25T23:30Z,41.64907998387857,29.372174557741076,12.276905426137496,14
401762825,2025,5,2025-09-27T16:00Z,195,189,Ohio Bobcats,Bowling Green Falcons,35,20,False,True,0.7782435389191086,1,0.6731266247466684,0.7465717401069627,0.6982718312728206,2025-09-25T23:30Z,27.885060978991923,15.791034456291431,12.094026522700492,15
401752725,2025,5,2025-09-27T16:45Z,238,328,Vanderbilt Commodores,Utah State Aggies,55,35,False,True,0.906654109783855,1,0.9166580732687568,0.8819072549159171,0.9530588451084654,2025-09-25T23:30Z,43.76209298905058,20.90295637938877,22.85913660966181,20
401762826,2025,5,2025-09-27T17:00Z,2117,2199,Central Michigan Chippewas,Eastern Michigan Eagles,24,13,False,True,0.49427414704456346,1,0.41744937844883834,0.47810298352227987,0.35482519856516553,2025-09-25T23:30Z,28.90594478178492,28.798260309917488,0.10768447186743302,11
401761614,2025,5,2025-09-27T17:30Z,256,290,James Madison Dukes,Georgia Southern Eagles,35,10,False,True,0.8318273186729764,1,0.8637208993982968,0.8661397042215049,0.8751102398595524,2025-09-25T23:30Z,36.68437157712719,20.8969809659797,15.787390611147487,25
401761616,2025,5,2025-09-27T19:00Z,2433,2032,UL Monroe Warhawks,Arkansas State Red Wolves,28,16,False,True,0.5545949935982941,1,0.6062171056062781,0.5487502877323194,0.41673170370749546,2025-09-25T23:30Z,29.275903596494377,26.90608642218809,2.369817174306288,12
401752852,2025,5,2025-09-27T19:30Z,264,194,Washington Huskies,Ohio State Buckeyes,6,24,False,True,0.14208235057330357,0,0.24438003944728048,0.2821323103094142,0.2582239040993648,2025-09-25T23:30Z,15.579618455085491,34.67622713399709,-19.096608678911597,-18
401752719,2025,5,2025-09-27T19:30Z,145,99,Ole Miss Rebels,LSU Tigers,24,19,False,True,0.617642525364295,1,0.7525146211877002,0.799177020946499,0.8314054663610384,2025-09-25T23:30Z,26.996768812860353,22.059510747988114,4.937258064872239,5
401752724,2025,5,2025-09-27T19:30Z,245,2,Texas A&M Aggies,Auburn Tigers,16,10,False,True,0.7560082616147543,1,0.6375029241311785,0.626378273253694,0.6279839254570065,2025-09-25T23:30Z,32.59023752595848,21.693761167924595,10.896476358033883,6
401752853,2025,5,2025-09-27T19:30Z,2294,84,Iowa Hawkeyes,Indiana Hoosiers,15,20,False,True,0.2804774329315613,0,0.2316455374804147,0.3028535553809161,0.1258066283788145,2025-09-25T23:30Z,21.93896045760286,31.522103709499717,-9.583143251896857,-5
401752851,2025,5,2025-09-27T19:30Z,77,26,Northwestern Wildcats,UCLA Bruins,17,14,False,True,0.7036632708250383,1,0.6656791360456112,0.6457957672066366,0.7324613997479484,2025-09-25T23:30Z,24.241420183290536,15.361940622800912,8.879479560489624,3
401754544,2025,5,2025-09-27T19:30Z,103,25,Boston College Eagles,California Golden Bears,24,28,False,True,0.4386676442365664,0,0.5181686090679487,0.5871039718236126,0.5725909876957672,2025-09-25T23:30Z,25.665207870415898,28.382449721882917,-2.717241851467019,-4
401756907,2025,5,2025-09-27T19:30Z,197,239,Oklahoma State Cowboys,Baylor Bears,27,45,False,True,0.24970576133925268,0,0.09009151362364401,0.19366135885825303,0.06809454852234006,2025-09-25T23:30Z,27.50928243332988,38.46978946625016,-10.960507032920283,-18
401756908,2025,5,2025-09-27T19:30Z,277,254,West Virginia Mountaineers,Utah Utes,14,48,False,True,0.36690803212108825,0,0.382699612144465,0.3662279817831594,0.270111800048173,2025-09-25T23:30Z,18.79175313562473,24.87886484303934,-6.087111707414611,-34
401757170,2025,5,2025-09-27T19:30Z,2084,41,Buffalo Bulls,UConn Huskies,17,20,False,True,0.37795575706762796,0,0.42154037628875163,0.5012743731606215,0.36170292710655416,2025-09-25T23:30Z,25.079890013237247,30.036781798223156,-4.95689178498591,-3
401760380,2025,5,2025-09-27T19:30Z,2459,21,Northern Illinois Huskies,San Diego State Aztecs,3,6,False,True,0.6607431087360519,0,0.6398534573528313,0.6255384980665242,0.5515888374173731,2025-09-25T23:30Z,22.60924074117057,15.455949561586014,7.153291179584556,-3
401762473,2025,5,2025-09-27T19:30Z,2426,242,Navy Midshipmen,Rice Owls,21,13,False,True,0.7890507266235343,1,0.7893416351672863,0.8132330227870179,0.8387777189011946,2025-09-25T23:30Z,29.736527922807284,17.030595706798813,12.70593221600847,8
401762824,2025,5,2025-09-27T19:30Z,2649,2006,Toledo Rockets,Akron Zips,45,3,False,True,0.8784016447661999,1,0.925291971375395,0.9092854336076349,0.9522702141699169,2025-09-25T23:30Z,30.97879643439122,11.000104854153498,19.978691580237722,42
401757274,2025,5,2025-09-27T20:00Z,167,166,New Mexico Lobos,New Mexico State Aggies,38,20,False,True,0.8679253512220763,1,0.8785044120285518,0.860763552350386,0.9299101099979058,2025-09-25T23:30Z,39.1536820922524,19.856998560694304,19.2966835315581,18
401760378,2025,5,2025-09-27T20:00Z,2005,62,Air Force Falcons,Hawai'i Rainbow Warriors,35,44,False,True,0.416581638792788,0,0.3703981990186735,0.6578331665127255,0.4737332081131391,2025-09-25T23:30Z,27.42729103376628,30.51395031136706,-3.0866592776007806,-9
401762474,2025,5,2025-09-27T20:00Z,202,2655,Tulsa Golden Hurricane,Tulane Green Wave,14,31,False,True,0.138967083109787,0,0.18337835018042212,0.21324033443840124,0.10040536742514508,2025-09-25T23:30Z,15.243926479594567,34.13348819795616,-18.889561718361595,-17
401752720,2025,5,2025-09-27T20:15Z,344,2633,Mississippi State Bulldogs,Tennessee Volunteers,34,41,False,True,0.23793020450337357,0,0.3629683649568999,0.3113599374752115,0.31830382437387367,2025-09-25T23:30Z,24.763917196021264,37.23052845787844,-12.466611261857178,-7
401757270,2025,5,2025-09-27T22:00Z,338,2393,Kennesaw State Owls,Middle Tennessee Blue Raiders,24,16,False,True,0.6679149004996388,1,0.6177689573435043,0.6911188252513214,0.736477603731992,2025-09-25T23:30Z,26.68946895383516,19.533725092043955,7.155743861791205,8
401757271,2025,5,2025-09-27T22:00Z,295,2335,Old Dominion Monarchs,Liberty Flames,21,7,False,True,0.8480574366064483,1,0.9212660985801081,0.7730385200210897,0.9185774664009092,2025-09-25T23:30Z,34.66437072805114,17.1511809669071,17.51318976114404,14
401756904,2025,5,2025-09-27T23:00Z,66,12,Iowa State Cyclones,Arizona Wildcats,39,14,False,True,0.6549303142818435,1,0.4845302464788977,0.666815907457142,0.5642405018230255,2025-09-25T23:30Z,24.273066482416986,18.10812519710059,6.164941285316395,25
401754548,2025,5,2025-09-27T23:00Z,152,259,NC State Wolfpack,Virginia Tech Hokies,21,23,False,True,0.6969010805215807,0,0.7191639401590927,0.7248900701764691,0.6882306479901698,2025-09-25T23:30Z,34.57822384632606,26.35652045351875,8.22170339280731,-2
401757269,2025,5,2025-09-27T23:00Z,2572,55,Southern Miss Golden Eagles,Jacksonville State Gamecocks,42,25,False,True,0.3769995259917658,1,0.544350625716349,0.2853933289381282,0.36592004702685504,2025-09-25T23:30Z,25.26522379828347,31.27127850959065,-6.006054711307183,17
401757273,2025,5,2025-09-27T23:00Z,2623,98,Missouri State Bears,Western Kentucky Hilltoppers,22,27,False,True,0.5882369272974413,0,0.4845355779671138,0.5032835980931626,0.4364811669011877,2025-09-25T23:30Z,28.140958597098734,24.573560896374474,3.5673977007242605,-5
401762472,2025,5,2025-09-27T23:00Z,2226,235,Florida Atlantic Owls,Memphis Tigers,26,55,False,True,0.14724137536149903,0,0.1189126571647459,0.183007935671594,0.07123844555467318,2025-09-25T23:30Z,19.16228622873075,37.702986504858615,-18.540700276127865,-29
401752854,2025,5,2025-09-27T23:30Z,213,2483,Penn State Nittany Lions,Oregon Ducks,24,30,False,True,0.4976396917498975,0,0.4195774300606238,0.4655782728570458,0.3870223851403798,2025-09-25T23:30Z,27.205187309429924,27.962680778653603,-0.7574934692236788,-6
401752718,2025,5,2025-09-27T23:30Z,61,333,Georgia Bulldogs,Alabama Crimson Tide,21,24,False,True,0.5917555303334582,0,0.46890707030507556,0.5796658501592917,0.4876796420762748,2025-09-25T23:30Z,31.43924330190174,27.653560381194985,3.785682920706755,-3
401752721,2025,5,2025-09-27T23:30Z,142,113,Missouri Tigers,Massachusetts Minutemen,42,6,False,True,0.9829378336800954,1,0.992346066647535,0.979860417985408,0.9945284227906908,2025-09-25T23:30Z,50.77357728979057,9.197821842106492,41.57575544768408,36
401752950,2025,5,2025-09-27T23:30Z,36,265,Colorado State Rams,Washington State Cougars,3,20,False,True,0.7030623034566015,0,0.7494861920101595,0.6579695349897892,0.7029113967337535,2025-09-25T23:30Z,29.516838550295468,20.560798869625213,8.956039680670255,-17
401754549,2025,5,2025-09-27T23:30Z,24,23,Stanford Cardinal,San José State Spartans,30,29,False,True,0.659344354537927,1,0.7088186469003965,0.49691548722035866,0.6683476677999628,2025-09-25T23:30Z,26.43351351927981,19.634338325506512,6.799175193773298,1
401760379,2025,5,2025-09-27T23:30Z,68,2026,Boise State Broncos,App State Mountaineers,47,14,False,True,0.6923729068183323,1,0.7581053955300232,0.758315238975406,0.7208359094600211,2025-09-25T23:30Z,33.21659928538226,25.144990905945807,8.071608379436451,33
401752722,2025,5,2025-09-27T23:45Z,2579,96,South Carolina Gamecocks,Kentucky Wildcats,35,13,False,True,0.6496020758525932,1,0.645496830104438,0.5725850366347451,0.5353995488563088,2025-09-25T23:30Z,22.89556947554405,17.578879011752086,5.316690463791964,22
401761615,2025,5,2025-09-28T00:00Z,309,276,Louisiana Ragin' Cajuns,Marshall Thundering Herd,54,51,False,True,0.4068373513903945,1,0.6050627182854156,0.47580640654230244,0.42028485840306745,2025-09-25T23:30Z,25.01731824997902,28.544737670959076,-3.5274194209800562,3
401757272,2025,5,2025-09-28T01:00Z,2638,2348,UTEP Miners,Louisiana Tech Bulldogs,11,30,False,True,0.306305829656404,0,0.3254960743063613,0.37300073039276616,0.2317143136928163,2025-09-25T23:30Z,19.445095055733436,27.867956047342986,-8.42286099160955,-19
401756903,2025,5,2025-09-28T02:15Z,38,252,Colorado Buffaloes,BYU Cougars,21,24,False,True,0.39486917066858057,0,0.34924008315507105,0.4152021321031574,0.31120075720175,2025-09-25T23:30Z,21.72490283499727,26.187682987590673,-4.462780152593403,-3
401757275,2025,6,2025-10-03T01:00Z,166,2534,New Mexico State Aggies,Sam Houston Bearkats,37,10,False,True,0.510195660046474,1,0.6398709434729508,0.5507941374888825,0.5718154447879921,2025-10-03T01:00Z,26.99155390255452,26.90005783067715,0.09149607187737274,27
401757276,2025,6,2025-10-03T23:00Z,48,98,Delaware Blue Hens,Western Kentucky Hilltoppers,24,27,False,True,0.6936425697882587,0,0.5826913189179306,0.6604114828787673,0.6799669434356801,2025-10-03T01:00Z,35.10023007499816,26.8462859527725,8.253944122225658,-3
401762475,2025,6,2025-10-03T23:00Z,58,2429,South Florida Bulls,Charlotte 49ers,54,26,False,True,0.9392910486582762,1,0.9463051725082977,0.8651537249968588,0.9591680080578383,2025-10-03T01:00Z,37.50441294674343,9.253112213183934,28.251300733559496,28
401760384,2025,6,2025-10-04T02:00Z,23,167,San José State Spartans,New Mexico Lobos,35,28,False,True,0.4214277728656226,1,0.43671138149499644,0.4361022953929751,0.28329006915505883,2025-10-03T01:00Z,27.1209125384408,30.503685777612993,-3.382773239172195,7
401756909,2025,6,2025-10-04T02:30Z,252,277,BYU Cougars,West Virginia Mountaineers,38,24,False,True,0.8948595309225839,1,0.888282336513422,0.8861237471555881,0.944089890425405,2025-10-03T01:00Z,34.548169353792424,12.58186269879505,21.966306654997375,14
401760382,2025,6,2025-10-04T02:30Z,21,36,San Diego State Aztecs,Colorado State Rams,45,24,False,True,0.6348809287540128,1,0.6877975078353273,0.6784845758110494,0.7301500927586196,2025-10-03T01:00Z,17.04917751644746,11.7402251786496,5.3089523377978605,21
401752728,2025,6,2025-10-04T16:00Z,61,96,Georgia Bulldogs,Kentucky Wildcats,35,14,False,True,0.944409712638127,1,0.9192687538426252,0.8689417661012446,0.8867082005509448,2025-10-03T01:00Z,40.32596649437021,11.784706040013432,28.54126045435678,21
401756912,2025,6,2025-10-04T16:00Z,2132,66,Cincinnati Bearcats,Iowa State Cyclones,38,30,False,True,0.42636740375360915,1,0.5420856847607334,0.5125404786276659,0.5096810767001858,2025-10-03T01:00Z,21.979338450547804,24.925739826405287,-2.9464013758574836,8
401752856,2025,6,2025-10-04T16:00Z,130,275,Michigan Wolverines,Wisconsin Badgers,24,10,False,True,0.8325638520703623,1,0.913365054076114,0.8559977640996883,0.8859979807413451,2025-10-03T01:00Z,28.588957178122875,12.288777442072597,16.30017973605028,14
401752861,2025,6,2025-10-04T16:00Z,2509,356,Purdue Boilermakers,Illinois Fighting Illini,27,43,False,True,0.37935950320582495,0,0.32539187577322654,0.30543932184937816,0.2019900730107502,2025-10-03T01:00Z,25.567065668693424,30.57615654145738,-5.009090872763956,-16
401754550,2025,6,2025-10-04T16:00Z,221,103,Pittsburgh Panthers,Boston College Eagles,48,7,False,True,0.6158582197634808,1,0.7637866175528952,0.6769372147425579,0.6779987788166234,2025-10-03T01:00Z,33.67355643501663,28.97089327749848,4.702663157518149,41
401754552,2025,6,2025-10-04T16:00Z,153,228,North Carolina Tar Heels,Clemson Tigers,10,38,False,True,0.17119065294776953,0,0.23315030006204213,0.3717529302225595,0.2538796139697586,2025-10-03T01:00Z,14.915402291853066,30.881637804115456,-15.96623551226239,-28
401756911,2025,6,2025-10-04T16:00Z,239,2306,Baylor Bears,Kansas State Wildcats,35,34,False,True,0.5954101150370379,1,0.6226826375602854,0.5872832384415891,0.5412942758343056,2025-10-03T01:00Z,33.93099828790857,30.446789839312814,3.4842084485957585,1
401760381,2025,6,2025-10-04T16:00Z,2426,2005,Navy Midshipmen,Air Force Falcons,34,31,False,True,0.8386125941889716,1,0.8147051592056449,0.7957364723952742,0.8730235494539746,2025-10-03T01:00Z,39.44968725488571,23.279898524128665,16.169788730757045,3
401762476,2025,6,2025-10-04T16:00Z,5,349,UAB Blazers,Army Black Knights,13,31,False,True,0.42726771767312394,0,0.2902687056306416,0.3055171990972674,0.187532218351714,2025-10-03T01:00Z,27.275743032324307,30.2565853934163,-2.9808423610919945,-18
401762830,2025,6,2025-10-04T16:00Z,2050,195,Ball State Cardinals,Ohio Bobcats,20,14,False,True,0.17509699164419806,1,0.14191004009034439,0.15828202694926946,0.09385121506050267,2025-10-03T01:00Z,15.816731863323927,31.73611317414842,-15.919381310824495,6
401754556,2025,6,2025-10-04T17:00Z,259,154,Virginia Tech Hokies,Wake Forest Demon Deacons,23,30,False,True,0.646135953515111,0,0.6941910143671912,0.6843192288254751,0.6932580201652417,2025-10-03T01:00Z,29.389250081340627,22.771119752150398,6.61813032919023,-7
401762479,2025,6,2025-10-04T17:00Z,218,2636,Temple Owls,UTSA Roadrunners,27,21,False,True,0.49527349365449197,1,0.28426847194828425,0.25204183662550345,0.37229482515469897,2025-10-03T01:00Z,28.580563312035057,28.57783974266069,0.0027235693743676848,6
401762832,2025,6,2025-10-04T18:30Z,113,2711,Massachusetts Minutemen,Western Michigan Broncos,3,21,False,True,0.2476075698805081,0,0.2672859518296352,0.30906098434030627,0.17505880382783987,2025-10-03T01:00Z,17.369698363626483,29.155584164578357,-11.785885800951874,-18
401756910,2025,6,2025-10-04T19:00Z,12,197,Arizona Wildcats,Oklahoma State Cowboys,41,13,False,True,0.8077412267458413,1,0.9231800164630475,0.862759025470239,0.9419429028882008,2025-10-03T01:00Z,33.64342260960595,18.793808110214577,14.849614499391372,28
401752855,2025,6,2025-10-04T19:30Z,26,213,UCLA Bruins,Penn State Nittany Lions,42,37,False,True,0.07113474608110266,1,0.06664475000021906,0.11738560589916333,0.04861681625593383,2025-10-03T01:00Z,8.947988106528319,35.264848895209674,-26.316860788681353,5
401752727,2025,6,2025-10-04T19:30Z,57,251,Florida Gators,Texas Longhorns,29,21,False,True,0.31602073583184526,1,0.21708306732969265,0.2074544755250856,0.1952495456438165,2025-10-03T01:00Z,14.209673695763634,21.800243504236988,-7.590569808473354,8
401752726,2025,6,2025-10-04T19:30Z,333,238,Alabama Crimson Tide,Vanderbilt Commodores,30,14,False,True,0.865419234479658,1,0.7611693851111467,0.7010598771887869,0.6618549800403174,2025-10-03T01:00Z,38.144339384011126,18.633327982568037,19.51101140144309,16
401757165,2025,6,2025-10-04T19:30Z,87,68,Notre Dame Fighting Irish,Boise State Broncos,28,7,False,True,0.9521150243531612,1,0.9540871596748524,0.856553366072079,0.942864938305684,2025-10-03T01:00Z,46.8685337826899,15.922215878438962,30.94631790425094,21
401754554,2025,6,2025-10-04T19:30Z,97,258,Louisville Cardinals,Virginia Cavaliers,27,30,False,True,0.6658204806553064,0,0.6357610684402493,0.6919790021964892,0.628223565628738,2025-10-03T01:00Z,35.001755457044176,27.77891411923767,7.222841337806507,-3
401752857,2025,6,2025-10-04T19:30Z,120,264,Maryland Terrapins,Washington Huskies,20,24,False,True,0.4885410546715437,0,0.4214964551267152,0.49440534203890274,0.4936521284539943,2025-10-03T01:00Z,26.092172372876185,26.193742429061537,-0.10157005618535209,-4
401752858,2025,6,2025-10-04T19:30Z,77,2433,Northwestern Wildcats,UL Monroe Warhawks,42,7,False,True,0.7164081609258668,1,0.7082362644534091,0.7490609223300535,0.8044977214013421,2025-10-03T01:00Z,25.10558129371501,16.28000257460546,8.825578719109547,35
401752940,2025,6,2025-10-04T19:30Z,2026,204,App State Mountaineers,Oregon State Beavers,27,23,False,True,0.5387633014186669,1,0.5593796536316182,0.6940953266232084,0.48718595786054775,2025-10-03T01:00Z,29.226596899181366,27.700068914113462,1.5265279850679043,4
401754555,2025,6,2025-10-04T19:30Z,2567,183,SMU Mustangs,Syracuse Orange,31,18,False,True,0.7714926758634811,1,0.8071420198240088,0.8199653973640149,0.7842970131532989,2025-10-03T01:00Z,34.97477383562284,22.989998252191068,11.984775583431773,13
401757171,2025,6,2025-10-04T19:30Z,41,2229,UConn Huskies,Florida International Panthers,51,10,False,True,0.7755016274522829,1,0.6109385636084517,0.7252954414357738,0.7515495595830155,2025-10-03T01:00Z,32.94545845330687,20.034531547624933,12.910926905681936,41
401761618,2025,6,2025-10-04T19:30Z,2247,256,Georgia State Panthers,James Madison Dukes,7,14,False,True,0.1736882161051058,0,0.14032553817988302,0.09461105661501121,0.05656605008003862,2025-10-03T01:00Z,19.657330590820116,35.022017610548545,-15.364687019728429,-7
401762829,2025,6,2025-10-04T19:30Z,2006,2117,Akron Zips,Central Michigan Chippewas,28,22,False,True,0.4547311432071606,1,0.2860654813846982,0.40616534088804734,0.34017015109316134,2025-10-03T01:00Z,18.552477808873746,21.004978010372135,-2.4525002014983883,6
401762831,2025,6,2025-10-04T19:30Z,2084,2199,Buffalo Bulls,Eastern Michigan Eagles,31,30,False,True,0.6804510687644307,1,0.6568195112338119,0.7202354504688612,0.6966706551273956,2025-10-03T01:00Z,28.49125609367168,20.59254090942748,7.8987151842442,1
401762873,2025,6,2025-10-04T19:30Z,2459,193,Northern Illinois Huskies,Miami (OH) RedHawks,14,25,False,True,0.5067508349386212,0,0.5153541035781439,0.5139647387841799,0.6043654491460563,2025-10-03T01:00Z,18.664217458131052,18.145049696977537,0.5191677611535148,-11
401752729,2025,6,2025-10-04T20:00Z,201,2309,Oklahoma Sooners,Kent State Golden Flashes,44,0,False,True,0.9868796749319597,1,0.9932560426061141,0.9884306939307761,0.9961501359491236,2025-10-03T01:00Z,49.26695342295475,5.368024119993619,43.89892930296113,44
401752860,2025,6,2025-10-04T20:00Z,158,127,Nebraska Cornhuskers,Michigan State Spartans,38,27,False,True,0.7901691318720502,1,0.8010469332782597,0.8364689370486934,0.8776591292962598,2025-10-03T01:00Z,32.65797045135747,18.935060410529136,13.722910040828335,11
401761620,2025,6,2025-10-04T20:00Z,2032,326,Arkansas State Red Wolves,Texas State Bobcats,31,30,False,True,0.2640977629217049,1,0.19860389799453027,0.1826081926611417,0.12575689561635062,2025-10-03T01:00Z,26.129907509107213,36.453049912726826,-10.323142403619613,1
401761619,2025,6,2025-10-04T22:00Z,295,324,Old Dominion Monarchs,Coastal Carolina Chanticleers,47,7,False,True,0.9123326682442658,1,0.9255592494708033,0.8764332162479898,0.9371572812214931,2025-10-03T01:00Z,38.627334296823285,14.500583607762664,24.12675068906062,40
401756913,2025,6,2025-10-04T23:00Z,248,2641,Houston Cougars,Texas Tech Red Raiders,11,35,False,True,0.31006238623092647,0,0.2880235222331094,0.3258130909232795,0.24211994692866187,2025-10-03T01:00Z,22.94190916615293,30.803240685504107,-7.861331519351179,-24
401760385,2025,6,2025-10-04T23:00Z,2751,2439,Wyoming Cowboys,UNLV Rebels,17,31,False,True,0.33582665698267405,0,0.3018342105681445,0.3013304099638345,0.24735620523815524,2025-10-03T01:00Z,20.849480855035196,28.658139317287244,-7.808658462252048,-14
401761621,2025,6,2025-10-04T23:00Z,2653,6,Troy Trojans,South Alabama Jaguars,31,24,False,True,0.515476668048612,1,0.5193867878273173,0.5906701703603432,0.5524801939857856,2025-10-03T01:00Z,23.898261787819553,23.396865046366802,0.5013967414527514,7
401762477,2025,6,2025-10-04T23:00Z,242,2226,Rice Owls,Florida Atlantic Owls,21,27,False,True,0.6618303493533126,0,0.6446362365008469,0.7264362622587373,0.7780040412201676,2025-10-03T01:00Z,28.45284334707977,21.327883157752982,7.124960189326789,-6
401752859,2025,6,2025-10-04T23:30Z,194,135,Ohio State Buckeyes,Minnesota Golden Gophers,42,3,False,True,0.9584284264639154,1,0.9637862324817593,0.9285172406558866,0.953979884374448,2025-10-03T01:00Z,34.998045565751454,2.784207409699917,32.21383815605154,39
401754553,2025,6,2025-10-04T23:30Z,52,2390,Florida State Seminoles,Miami Hurricanes,22,28,False,True,0.1991559281202352,0,0.3431822893538454,0.37611219612490265,0.2917501435558369,2025-10-03T01:00Z,21.82795591718365,36.28228855647903,-14.45433263929538,-6
401752730,2025,6,2025-10-04T23:30Z,245,344,Texas A&M Aggies,Mississippi State Bulldogs,31,9,False,True,0.8645996524947555,1,0.8559571145122739,0.7914211768991066,0.7463884599841359,2025-10-03T01:00Z,38.29521974726072,19.2042472215469,19.090972525713816,22
401756914,2025,6,2025-10-04T23:30Z,2628,38,TCU Horned Frogs,Colorado Buffaloes,35,21,False,True,0.7823528882434324,1,0.7791035535640164,0.7635553072276668,0.7545774560481537,2025-10-03T01:00Z,34.12914873443938,21.45767042746943,12.671478306969952,14
401756915,2025,6,2025-10-04T23:30Z,2116,2305,UCF Knights,Kansas Jayhawks,20,27,False,True,0.42521506879202514,0,0.3914919670795611,0.5074391724366061,0.31291268978931336,2025-10-03T01:00Z,24.46109943391551,27.634422230203572,-3.173322796288062,-7
401762478,2025,6,2025-10-05T00:00Z,235,202,Memphis Tigers,Tulsa Golden Hurricane,45,7,False,True,0.9419229933939443,1,0.951145213114204,0.9513417771571535,0.9642141144719055,2025-10-03T01:00Z,40.509345034985955,11.950334154091623,28.559010880894334,38
401754551,2025,6,2025-10-05T02:30Z,25,150,California Golden Bears,Duke Blue Devils,21,45,False,True,0.5692966586530103,0,0.34706772826155635,0.4513152906391328,0.3688825671921449,2025-10-03T01:00Z,27.20354760588851,23.7306216017963,3.4729260040922085,-24
401760383,2025,6,2025-10-05T02:30Z,278,2440,Fresno State Bulldogs,Nevada Wolf Pack,20,17,False,True,0.822972558488859,1,0.7805207690217448,0.7979601278227222,0.8693532796030266,2025-10-03T01:00Z,29.514181255277464,13.24195452956634,16.27222672571112,3
401757278,2025,7,2025-10-08T23:30Z,2393,2623,Middle Tennessee Blue Raiders,Missouri State Bears,20,22,False,True,0.399442914174702,0,0.5719558716249876,0.43000571868885895,0.38344915200329244,2025-10-08T23:30Z,19.143443104985465,23.521280078280633,-4.377836973295167,-2
401757277,2025,7,2025-10-09T00:00Z,2638,2335,UTEP Miners,Liberty Flames,8,19,False,True,0.4425701117053202,0,0.5066934714095916,0.38220499946775455,0.43060451716993836,2025-10-08T23:30Z,20.557804845278675,23.00314737609156,-2.445342530812887,-11
401757280,2025,7,2025-10-09T23:00Z,338,2348,Kennesaw State Owls,Louisiana Tech Bulldogs,35,7,False,True,0.3127934627169397,1,0.292880140009938,0.34306446149966274,0.1990571155600408,2025-10-08T23:30Z,17.47599992563495,25.738310017713058,-8.262310092078106,28
401762480,2025,7,2025-10-09T23:30Z,2655,151,Tulane Green Wave,East Carolina Pirates,26,19,False,True,0.6390538480692513,1,0.5333988558104917,0.59349976476855,0.5445336027180078,2025-10-08T23:30Z,25.666186880175218,19.761793933512593,5.904392946662625,7
401757279,2025,7,2025-10-10T00:00Z,2534,55,Sam Houston Bearkats,Jacksonville State Gamecocks,27,29,False,True,0.3161619234436846,0,0.2992023431625414,0.25769737191814857,0.19664462007123032,2025-10-08T23:30Z,24.35252449692163,32.22007631281869,-7.867551815897059,-2
401761622,2025,7,2025-10-10T00:00Z,290,2572,Georgia Southern Eagles,Southern Miss Golden Eagles,35,38,False,True,0.493339646617699,0,0.3885270540449085,0.5714463620358261,0.4009791436121422,2025-10-08T23:30Z,30.47355379130263,30.179922495302925,0.29363129599970605,-3
401762481,2025,7,2025-10-10T23:30Z,249,58,North Texas Mean Green,South Florida Bulls,36,63,False,True,0.5963345648426334,0,0.6585628720621448,0.6865377159709978,0.6593184050241891,2025-10-08T23:30Z,36.409194482187445,32.88341526051828,3.5257792216691684,-27
401752862,2025,7,2025-10-11T01:00Z,264,164,Washington Huskies,Rutgers Scarlet Knights,38,19,False,True,0.7216007341422127,1,0.8368237092630876,0.7223163529714358,0.7268288917362278,2025-10-08T23:30Z,36.64932672196217,27.505767394426663,9.143559327535506,19
401760388,2025,7,2025-10-11T01:00Z,36,278,Colorado State Rams,Fresno State Bulldogs,49,21,False,True,0.31781863675572075,1,0.3780948369708459,0.36325742517714116,0.2879941419589264,2025-10-08T23:30Z,17.845998221077,26.067100772737284,-8.221102551660284,28
401752865,2025,7,2025-10-11T16:00Z,356,194,Illinois Fighting Illini,Ohio State Buckeyes,16,34,False,True,0.12806286895891425,0,0.12598831163052135,0.15532322902100007,0.2063633917950012,2025-10-08T23:30Z,15.903739734289903,36.01767506862518,-20.113935334335277,-18
401752734,2025,7,2025-10-11T16:00Z,142,333,Missouri Tigers,Alabama Crimson Tide,24,27,False,True,0.22432764676031075,0,0.3122508173636245,0.4939870507439489,0.3093004717355587,2025-10-08T23:30Z,20.33258545096083,33.537219427548536,-13.204633976587704,-3
401754559,2025,7,2025-10-11T16:00Z,52,221,Florida State Seminoles,Pittsburgh Panthers,31,34,False,True,0.659537060349289,0,0.801405612836183,0.6522426211384624,0.7635577171045693,2025-10-08T23:30Z,32.535336322073384,26.00274091128482,6.532595410788563,-3
401752863,2025,7,2025-10-11T16:00Z,127,26,Michigan State Spartans,UCLA Bruins,13,38,False,True,0.6493128838110546,0,0.7439342848293597,0.6138812644450189,0.7330263032723137,2025-10-08T23:30Z,29.48297572228337,22.866396097407502,6.616579624875868,-25
401754561,2025,7,2025-10-11T16:00Z,2567,24,SMU Mustangs,Stanford Cardinal,34,10,False,True,0.8452950038066146,1,0.8306789587748653,0.8847129177289903,0.8846794888341047,2025-10-08T23:30Z,36.28906405301875,19.282300694996845,17.006763358021903,24
401756917,2025,7,2025-10-11T16:00Z,2132,2116,Cincinnati Bearcats,UCF Knights,20,11,False,True,0.6930011516097405,1,0.7562154516789685,0.6428832464319436,0.7635875179521735,2025-10-08T23:30Z,28.53892977115158,20.215281256881745,8.323648514269834,9
401756920,2025,7,2025-10-11T16:00Z,197,248,Oklahoma State Cowboys,Houston Cougars,17,39,False,True,0.27294222254400974,0,0.16494073035765383,0.19849473831497405,0.076838930079619,2025-10-08T23:30Z,20.607554252043965,31.325731304396264,-10.7181770523523,-22
401761625,2025,7,2025-10-11T16:00Z,256,309,James Madison Dukes,Louisiana Ragin' Cajuns,24,14,False,True,0.8029741438745993,1,0.8259643024215297,0.8503220184918181,0.8830803904218266,2025-10-08T23:30Z,34.42594755902712,20.663029271388396,13.762918287638726,10
401762483,2025,7,2025-10-11T16:00Z,349,2429,Army Black Knights,Charlotte 49ers,24,7,False,True,0.8852382512378734,1,0.9187679529846282,0.9156791910798469,0.9542280329001346,2025-10-08T23:30Z,32.83326606307685,11.883015081779849,20.950250981297,17
401762833,2025,7,2025-10-11T16:00Z,2006,193,Akron Zips,Miami (OH) RedHawks,7,20,False,True,0.27142136787005167,0,0.11402492867900736,0.18431928114952856,0.1307767261972447,2025-10-08T23:30Z,18.312952983162187,28.41517260754697,-10.102219624384784,-13
401762835,2025,7,2025-10-11T16:00Z,189,2649,Bowling Green Falcons,Toledo Rockets,28,23,False,True,0.37319423611241687,1,0.3486939559717882,0.3545591516141886,0.30751419473061964,2025-10-08T23:30Z,21.62713407815957,26.420255676979743,-4.793121598820171,5
401752733,2025,7,2025-10-11T16:45Z,145,265,Ole Miss Rebels,Washington State Cougars,24,21,False,True,0.9632554405443127,1,0.9670998113067681,0.9454924516595156,0.9750853468396328,2025-10-08T23:30Z,44.69668774324765,11.046528725692026,33.65015901755562,3
401762836,2025,7,2025-10-11T17:00Z,2199,2459,Eastern Michigan Eagles,Northern Illinois Huskies,16,10,False,True,0.499154809679271,1,0.35596175022472853,0.4530151070084445,0.3658793993710351,2025-10-08T23:30Z,20.41994877459245,20.507525371712553,-0.0875765971201048,6
401762837,2025,7,2025-10-11T18:30Z,2309,113,Kent State Golden Flashes,Massachusetts Minutemen,42,6,False,True,0.6101013196342271,1,0.5825559828097558,0.47410273874044284,0.5048006473293821,2025-10-08T23:30Z,31.28426223336179,26.73397295530394,4.55028927805785,36
401752870,2025,7,2025-10-11T19:30Z,2483,84,Oregon Ducks,Indiana Hoosiers,20,30,False,True,0.6258988143633418,0,0.6256642176641023,0.6297896676556405,0.41433805101136834,2025-10-08T23:30Z,32.20020064913726,26.725500891951903,5.4746997571853555,-10
401752736,2025,7,2025-10-11T19:30Z,251,201,Texas Longhorns,Oklahoma Sooners,23,6,True,True,0.6096992026963968,1,0.5491253438895553,0.5788748177695717,0.4479817563449633,2025-10-08T23:30Z,22.89846233881361,19.175457234252626,3.7230051045609827,17
401754560,2025,7,2025-10-11T19:30Z,59,259,Georgia Tech Yellow Jackets,Virginia Tech Hokies,35,20,False,True,0.792134563307806,1,0.7440410957342878,0.7679310950153175,0.7869605493023595,2025-10-08T23:30Z,33.21004283147345,19.928687275952605,13.281355555520847,15
401754562,2025,7,2025-10-11T19:30Z,87,152,Notre Dame Fighting Irish,NC State Wolfpack,36,7,False,True,0.9414761066571284,1,0.9470521180252953,0.923950750045357,0.9423668869345834,2025-10-08T23:30Z,44.68736162249724,16.048584165803224,28.63877745669402,29
401756918,2025,7,2025-10-11T19:30Z,38,66,Colorado Buffaloes,Iowa State Cyclones,24,17,False,True,0.4384917095726525,1,0.5030724875151179,0.5007266828309516,0.4108254618550939,2025-10-08T23:30Z,24.017068005217098,26.4440106590573,-2.4269426538402037,7
401752866,2025,7,2025-10-11T19:30Z,213,77,Penn State Nittany Lions,Northwestern Wildcats,21,22,False,True,0.9010867325458789,0,0.9018585231850592,0.867574659104555,0.8606969341603895,2025-10-08T23:30Z,32.85395627816966,10.55328361877479,22.30067265939487,-1
401752867,2025,7,2025-10-11T19:30Z,120,158,Maryland Terrapins,Nebraska Cornhuskers,31,34,False,True,0.4997875546216928,0,0.37774451322003666,0.44734859684999007,0.3387400708986082,2025-10-08T23:30Z,22.679082159105313,23.08944954633761,-0.4103673872322986,-3
401754563,2025,7,2025-10-11T19:30Z,204,154,Oregon State Beavers,Wake Forest Demon Deacons,14,39,False,True,0.3624242269554508,0,0.332384701179814,0.4634175152843434,0.3409233909545975,2025-10-08T23:30Z,24.0636200867985,29.53851183492962,-5.4748917481311175,-25
401756919,2025,7,2025-10-11T19:30Z,2306,2628,Kansas State Wildcats,TCU Horned Frogs,41,28,False,True,0.3678155287017864,1,0.3667498630165326,0.4572392207366148,0.3298995181129695,2025-10-08T23:30Z,25.6614113228129,31.10216979704809,-5.440758474235192,13
401760386,2025,7,2025-10-11T19:30Z,2439,2005,UNLV Rebels,Air Force Falcons,51,48,False,True,0.8646036541006059,1,0.7832808389679842,0.7636284584880291,0.8655040250736444,2025-10-08T23:30Z,45.5209031194433,26.00736933361498,19.513533785828315,3
401761624,2025,7,2025-10-11T19:30Z,2247,2026,Georgia State Panthers,App State Mountaineers,20,41,False,True,0.49757419508295614,0,0.46876146379312245,0.3611200196299481,0.4052077090766293,2025-10-08T23:30Z,27.13452895211956,26.816086921187697,0.3184420309318625,-21
401761626,2025,7,2025-10-11T19:30Z,276,295,Marshall Thundering Herd,Old Dominion Monarchs,48,24,False,True,0.37437926020598344,1,0.11178536998947565,0.30123735606325475,0.13732985077811113,2025-10-08T23:30Z,30.480219029248776,35.88676459696487,-5.406545567716098,24
401762834,2025,7,2025-10-11T19:30Z,2711,2050,Western Michigan Broncos,Ball State Cardinals,42,0,False,True,0.7186833413480122,1,0.728205101780041,0.7060967735210557,0.7466129231696462,2025-10-08T23:30Z,24.57639212417126,14.964535489615944,9.611856634555316,42
401762484,2025,7,2025-10-11T20:00Z,218,2426,Temple Owls,Navy Midshipmen,31,32,False,True,0.483369894355715,0,0.30951068945985966,0.2403081876380248,0.34834118704580813,2025-10-08T23:30Z,25.495479343173905,25.360158762990892,0.13532058018301285,-1
401752735,2025,7,2025-10-11T20:15Z,2633,8,Tennessee Volunteers,Arkansas Razorbacks,34,31,False,True,0.799551301414906,1,0.7472536875421266,0.7732197288382108,0.7699099203306026,2025-10-08T23:30Z,42.68733799792935,28.29852913213765,14.388808865791699,3
401762482,2025,7,2025-10-11T22:00Z,2226,5,Florida Atlantic Owls,UAB Blazers,53,33,False,True,0.6014636201797426,1,0.5348070600610333,0.6114847803539001,0.542938500102774,2025-10-08T23:30Z,33.272062433027465,29.606699834765877,3.665362598261588,20
401752737,2025,7,2025-10-11T23:00Z,245,57,Texas A&M Aggies,Florida Gators,34,17,False,True,0.6791421629048594,1,0.7972519333447253,0.7519915974990616,0.7740058750316932,2025-10-08T23:30Z,26.844505697294014,19.37817681363302,7.466328883660996,17
401752869,2025,7,2025-10-11T23:00Z,275,2294,Wisconsin Badgers,Iowa Hawkeyes,0,37,False,True,0.3641716895611486,0,0.4095598546679908,0.4113430934657567,0.2897985304099131,2025-10-08T23:30Z,14.71486535608358,20.52611577137196,-5.811250415288379,-37
401760391,2025,7,2025-10-11T23:00Z,2751,23,Wyoming Cowboys,San José State Spartans,35,28,False,True,0.48737405893961516,1,0.442760010442285,0.4736432969707159,0.4577471993026116,2025-10-08T23:30Z,20.221759875117414,21.01452752478968,-0.7927676496722675,7
401761623,2025,7,2025-10-11T23:00Z,324,2433,Coastal Carolina Chanticleers,UL Monroe Warhawks,23,8,False,True,0.49134342353937255,1,0.5728950921905133,0.6489648539589946,0.6380627470323141,2025-10-08T23:30Z,25.341133133645656,26.27273328946093,-0.9316001558152749,15
401756921,2025,7,2025-10-11T23:30Z,2641,2305,Texas Tech Red Raiders,Kansas Jayhawks,42,17,False,True,0.7710641149123496,1,0.7609926560125683,0.756617262021694,0.7924162671654993,2025-10-08T23:30Z,35.5949095102125,23.157989212768182,12.43692029744432,25
401752731,2025,7,2025-10-11T23:30Z,2,61,Auburn Tigers,Georgia Bulldogs,10,20,False,True,0.2445515887156518,0,0.3136118102305328,0.37016840689710484,0.3333135935900061,2025-10-08T23:30Z,16.78002492184788,28.30105567801546,-11.52103075616758,-10
401752868,2025,7,2025-10-11T23:30Z,30,130,USC Trojans,Michigan Wolverines,31,13,False,True,0.5988287669911597,1,0.49147189155775,0.5786699229619374,0.629628791933389,2025-10-08T23:30Z,30.52750354006756,26.516724168370654,4.010779371696906,18
401752864,2025,7,2025-10-11T23:30Z,135,2509,Minnesota Golden Gophers,Purdue Boilermakers,27,20,False,True,0.6793934168040706,1,0.5222029952591446,0.7482864173902588,0.5774489272427578,2025-10-08T23:30Z,27.43451582641675,19.837327434360795,7.597188392055955,7
401754558,2025,7,2025-10-11T23:30Z,103,228,Boston College Eagles,Clemson Tigers,10,41,False,True,0.12816013896473324,0,0.19015903479556354,0.2552207763039368,0.18340422480132598,2025-10-08T23:30Z,15.91837895048016,35.62857489460869,-19.71019594412853,-31
401762485,2025,7,2025-10-11T23:30Z,2636,242,UTSA Roadrunners,Rice Owls,61,13,False,True,0.7200544073793397,1,0.7719267163011021,0.7552072787887399,0.7303172091359815,2025-10-08T23:30Z,27.462801247523117,17.886626211796784,9.576175035726333,48
401752732,2025,7,2025-10-11T23:45Z,99,2579,LSU Tigers,South Carolina Gamecocks,20,10,False,True,0.7519024993974457,1,0.6587623617025341,0.7185309184467474,0.6993953436686062,2025-10-08T23:30Z,24.088181685318908,12.595995263293664,11.492186422025243,10
401756916,2025,7,2025-10-12T00:00Z,12,252,Arizona Wildcats,BYU Cougars,27,33,False,True,0.34716796282066287,0,0.3923826361973859,0.3669168097192075,0.29065193475692036,2025-10-08T23:30Z,19.537448726202186,25.979256358440956,-6.4418076322387705,-6
401761627,2025,7,2025-10-12T00:00Z,326,2653,Texas State Bobcats,Troy Trojans,41,48,False,True,0.6700835985549748,0,0.6388207281899061,0.6914467637898778,0.7120437509831592,2025-10-08T23:30Z,31.75572017934894,24.575967039978146,7.179753139370796,-7
401760387,2025,7,2025-10-12T01:45Z,68,167,Boise State Broncos,New Mexico Lobos,41,25,False,True,0.7023807980596533,1,0.7245877720597549,0.7333862098019577,0.6704091411999687,2025-10-08T23:30Z,34.90999581541867,26.392491683406465,8.517504132012203,16
401756922,2025,7,2025-10-12T02:25Z,254,9,Utah Utes,Arizona State Sun Devils,42,10,False,True,0.6163548748157329,1,0.5670263795439516,0.6384851723079663,0.6404181522807547,2025-10-08T23:30Z,24.20722048844126,18.70288748464728,5.5043330037939775,32
401760390,2025,7,2025-10-12T02:30Z,2440,21,Nevada Wolf Pack,San Diego State Aztecs,10,44,False,True,0.41677243022286664,0,0.3636708362087819,0.4461192448251675,0.27083113315762514,2025-10-08T23:30Z,18.871780488914652,22.440098455909304,-3.568317966994652,-34
401760389,2025,7,2025-10-12T03:59Z,62,328,Hawai'i Rainbow Warriors,Utah State Aggies,44,26,False,True,0.5022316006385101,1,0.37576161237449474,0.5187780639814193,0.3641544798530264,2025-10-08T23:30Z,31.140667453348478,31.748256629845912,-0.6075891764974344,18
401757282,2025,8,2025-10-14T23:00Z,2335,166,Liberty Flames,New Mexico State Aggies,30,27,False,True,0.6540107622312774,1,0.7051011571730983,0.7780602926577532,0.7212391065393056,2025-10-14T23:00Z,25.481693427488675,19.106708850034245,6.3749845774544305,3
401761628,2025,8,2025-10-14T23:30Z,6,2032,South Alabama Jaguars,Arkansas State Red Wolves,14,15,False,True,0.7296947180293636,0,0.7718837914977176,0.7726166417199798,0.7063891785269992,2025-10-14T23:00Z,32.15935880853556,22.370061625583066,9.789297182952492,-1
401757281,2025,8,2025-10-15T00:00Z,98,2229,Western Kentucky Hilltoppers,Florida International Panthers,6,25,False,True,0.7836510855787054,0,0.7755535063840419,0.803500152803601,0.8619749488364249,2025-10-14T23:00Z,34.319596053372706,20.95180233683146,13.367793716541247,-19
401757283,2025,8,2025-10-15T23:00Z,55,48,Jacksonville State Gamecocks,Delaware Blue Hens,38,25,False,True,0.43136307882137676,1,0.5745741058635664,0.563819783265632,0.40776933998473824,2025-10-14T23:00Z,28.803316134837836,31.70972104869461,-2.9064049138567754,13
401757284,2025,8,2025-10-15T23:00Z,2534,2638,Sam Houston Bearkats,UTEP Miners,17,35,False,True,0.6084678546202725,0,0.47778374715560457,0.5603532956871077,0.45269936486795403,2025-10-14T23:00Z,25.219431721832198,20.73695750314497,4.482474218687226,-18
401762486,2025,8,2025-10-16T23:30Z,151,202,East Carolina Pirates,Tulsa Golden Hurricane,41,27,False,True,0.9130940212560493,1,0.9079647336244191,0.9133991315962162,0.9518715280231728,2025-10-14T23:00Z,34.68420488331911,11.144945278964629,23.539259604354484,14
401754564,2025,8,2025-10-17T23:00Z,2390,97,Miami Hurricanes,Louisville Cardinals,21,24,False,True,0.8421970921045822,0,0.8984261469561537,0.7486384925882685,0.8345649947279822,2025-10-14T23:00Z,35.65356733479281,18.655433837956153,16.998133496836658,-3
401752872,2025,8,2025-10-18T00:00Z,135,158,Minnesota Golden Gophers,Nebraska Cornhuskers,24,6,False,True,0.39626947135084517,1,0.19556757886234222,0.3343299347015394,0.1937798611047175,2025-10-14T23:00Z,21.690225849806367,26.461273739067924,-4.771047889261556,18
401760396,2025,8,2025-10-18T01:00Z,328,23,Utah State Aggies,San José State Spartans,30,25,False,True,0.5436802281331694,1,0.6589678033474529,0.5704185401711261,0.6382606914906814,2025-10-14T23:00Z,34.67497321376679,32.866730923459784,1.8082422903070068,5
401754371,2025,8,2025-10-18T02:30Z,25,153,California Golden Bears,North Carolina Tar Heels,21,18,False,True,0.7229200063601681,1,0.6668668394732528,0.6776101274363157,0.7612701459114102,2025-10-14T23:00Z,29.149237537634516,19.701965901907656,9.44727163572686,3
401752745,2025,8,2025-10-18T16:00Z,238,99,Vanderbilt Commodores,LSU Tigers,31,24,False,True,0.44333510765435913,1,0.5546378275912451,0.5819189525685782,0.6447679717985759,2025-10-14T23:00Z,22.666269400515347,25.44855582147473,-2.782286420959384,7
401754566,2025,8,2025-10-18T16:00Z,150,59,Duke Blue Devils,Georgia Tech Yellow Jackets,18,27,False,True,0.5806081173089896,0,0.5787028477561874,0.576595984312481,0.5770582208358193,2025-10-14T23:00Z,30.71503197888601,27.989693249847285,2.725338729038725,-9
401752873,2025,8,2025-10-18T16:00Z,130,264,Michigan Wolverines,Washington Huskies,24,7,False,True,0.587646796758673,1,0.6831347559329588,0.6669016829700791,0.5656592106944718,2025-10-14T23:00Z,25.111471884719705,20.990604935578723,4.120866949140982,17
401754569,2025,8,2025-10-18T16:00Z,103,41,Boston College Eagles,UConn Huskies,23,38,False,True,0.3611604572650512,0,0.41175103682897857,0.3318152744298194,0.26023078437691777,2025-10-14T23:00Z,26.570072667518595,32.45853880715211,-5.888466139633515,-15
401756925,2025,8,2025-10-18T16:00Z,248,12,Houston Cougars,Arizona Wildcats,31,28,False,True,0.5697376036871022,1,0.4969008925082955,0.6140379747569381,0.5391418955321235,2025-10-14T23:00Z,25.201330731158517,22.154478142063184,3.0468525890953337,3
401756927,2025,8,2025-10-18T16:00Z,2628,239,TCU Horned Frogs,Baylor Bears,42,36,False,True,0.70766342816033,1,0.7053452306053289,0.7032793273859279,0.7376416914263177,2025-10-14T23:00Z,40.62440353290306,31.42318929502389,9.20121423787917,6
401762488,2025,8,2025-10-18T16:00Z,2655,349,Tulane Green Wave,Army Black Knights,24,17,False,True,0.7670760568278572,1,0.7036933702873625,0.6494729310786254,0.7035700388580673,2025-10-14T23:00Z,27.975103681430667,15.806343184083246,12.16876049734742,7
401762839,2025,8,2025-10-18T16:00Z,189,2117,Bowling Green Falcons,Central Michigan Chippewas,6,27,False,True,0.7701024359753234,0,0.8066782835610661,0.8071457532368194,0.8780267421041644,2025-10-14T23:00Z,29.81734170837214,17.728843614420573,12.088498093951568,-21
401762841,2025,8,2025-10-18T16:00Z,193,2199,Miami (OH) RedHawks,Eastern Michigan Eagles,44,30,False,True,0.7468767538082841,1,0.8110806122347965,0.7973565635224794,0.7584012822170678,2025-10-14T23:00Z,30.634290603042928,19.607715416250006,11.026575186792922,14
401752744,2025,8,2025-10-18T16:45Z,2579,201,South Carolina Gamecocks,Oklahoma Sooners,7,26,False,True,0.4744634982459165,0,0.39274844343196386,0.3872670368932908,0.34742299714673947,2025-10-14T23:00Z,18.139347189663365,19.115387938523277,-0.9760407488599121,-19
401756928,2025,8,2025-10-18T17:00Z,2116,277,UCF Knights,West Virginia Mountaineers,45,13,False,True,0.6909086616050666,1,0.6950433317183465,0.7768019041616059,0.7311028789761098,2025-10-14T23:00Z,26.276600171380657,17.859061310759326,8.417538860621331,32
401762842,2025,8,2025-10-18T18:00Z,2649,2309,Toledo Rockets,Kent State Golden Flashes,45,10,False,True,0.8638076361663395,1,0.9368317233320261,0.9571280086511716,0.9539500640220093,2025-10-14T23:00Z,37.133465113452786,18.29655813631101,18.836906977141776,35
401762840,2025,8,2025-10-18T18:30Z,113,2084,Massachusetts Minutemen,Buffalo Bulls,21,28,False,True,0.17769314167782757,0,0.2468317363502328,0.1703521502273476,0.13247280914305046,2025-10-14T23:00Z,15.110413344429,31.13893978560519,-16.02852644117619,-7
401752874,2025,8,2025-10-18T19:00Z,77,2509,Northwestern Wildcats,Purdue Boilermakers,19,0,False,True,0.6928182361668896,1,0.6016624643324793,0.7454616935648428,0.6796922434173153,2025-10-14T23:00Z,26.636910467518337,18.524727389138363,8.112183078379974,19
401761633,2025,8,2025-10-18T19:00Z,2433,2653,UL Monroe Warhawks,Troy Trojans,14,37,False,True,0.2751096668977343,0,0.3294576484329057,0.21217439936549645,0.1496813915872727,2025-10-14T23:00Z,19.390765983366677,28.967231358403957,-9.57646537503728,-23
401752877,2025,8,2025-10-18T19:30Z,275,194,Wisconsin Badgers,Ohio State Buckeyes,0,34,False,True,0.04989653306314362,0,0.06029339876866258,0.07551305552858396,0.03981504049462143,2025-10-14T23:00Z,2.675598838003655,33.10562245788338,-30.430023619879723,-34
401752878,2025,8,2025-10-18T19:30Z,84,127,Indiana Hoosiers,Michigan State Spartans,38,13,False,True,0.9734615176415681,1,0.949689978133988,0.9635108744332925,0.9866158286144208,2025-10-14T23:00Z,46.98183497149938,10.361424219255827,36.62041075224356,25
401752742,2025,8,2025-10-18T19:30Z,61,145,Georgia Bulldogs,Ole Miss Rebels,43,35,False,True,0.7533046464228896,1,0.7563354259295484,0.6186117451321291,0.6380616432587777,2025-10-14T23:00Z,32.210357187536246,20.709557811840952,11.500799375695294,8
401754565,2025,8,2025-10-18T19:30Z,228,2567,Clemson Tigers,SMU Mustangs,24,35,False,True,0.7393820881492156,0,0.6920646899178717,0.6276837120232769,0.5599287311344701,2025-10-14T23:00Z,30.970557013685003,20.260159788901618,10.710397224783385,-11
401760392,2025,8,2025-10-18T19:30Z,2005,2751,Air Force Falcons,Wyoming Cowboys,24,21,False,True,0.46419670429367,1,0.5134160463820964,0.6739914766275616,0.5551872680701737,2025-10-14T23:00Z,28.350259242567553,29.772249319388244,-1.4219900768206912,3
401760393,2025,8,2025-10-18T19:30Z,68,2439,Boise State Broncos,UNLV Rebels,56,31,False,True,0.6546705439229443,1,0.6963664755264652,0.7055670362568334,0.6964506015597882,2025-10-14T23:00Z,34.217040600340546,28.44189623062725,5.775144369713296,25
401761629,2025,8,2025-10-18T19:30Z,2026,324,App State Mountaineers,Coastal Carolina Chanticleers,37,45,False,True,0.7256072630790683,0,0.6759871294509837,0.7593820676968501,0.7280561489967847,2025-10-14T23:00Z,29.699215900795267,19.769135891329334,9.930080009465932,-8
401761631,2025,8,2025-10-18T19:30Z,256,295,James Madison Dukes,Old Dominion Monarchs,63,27,False,True,0.6275060807452925,1,0.3909748875685017,0.6074557511317186,0.4673984200670537,2025-10-14T23:00Z,26.88208731485482,21.94108153241058,4.941005782444243,36
401761632,2025,8,2025-10-18T19:30Z,276,326,Marshall Thundering Herd,Texas State Bobcats,40,37,False,True,0.6593103291974516,1,0.5430761364940923,0.5550149098743313,0.5628292783006077,2025-10-14T23:00Z,43.20662957605664,36.40596572709775,6.800663848958891,3
401762489,2025,8,2025-10-18T19:30Z,2429,218,Charlotte 49ers,Temple Owls,14,49,False,True,0.27564264341936456,0,0.31454728692132206,0.42702305677858665,0.2221683679850409,2025-10-14T23:00Z,19.47655057470591,29.771115117658006,-10.294564542952095,-35
401762838,2025,8,2025-10-18T19:30Z,2050,2006,Ball State Cardinals,Akron Zips,42,28,False,True,0.5494079597064323,1,0.659232086806556,0.6403593829713128,0.6927225511013811,2025-10-14T23:00Z,22.36908733740054,20.60596303912014,1.763124298280399,14
401762843,2025,8,2025-10-18T19:30Z,195,2459,Ohio Bobcats,Northern Illinois Huskies,48,21,False,True,0.8113030663825511,1,0.7251353557062237,0.7765695232379275,0.7936070859369017,2025-10-14T23:00Z,22.295702702440426,7.595167504278603,14.700535198161823,27
401756923,2025,8,2025-10-18T20:00Z,9,2641,Arizona State Sun Devils,Texas Tech Red Raiders,26,22,False,True,0.2463689226040079,1,0.19676940764470952,0.26629544456256804,0.14563113915534387,2025-10-14T23:00Z,18.628323213980064,30.20145233403099,-11.573129120050925,4
401762487,2025,8,2025-10-18T20:00Z,5,235,UAB Blazers,Memphis Tigers,31,24,False,True,0.10201052106145318,1,0.08828186467508231,0.09142524504324154,0.03779271852799575,2025-10-14T23:00Z,20.32553947862813,42.590719647796945,-22.265180169168815,7
401762491,2025,8,2025-10-18T20:05Z,249,2636,North Texas Mean Green,UTSA Roadrunners,55,17,False,True,0.6541858792813072,1,0.680525777809422,0.5384115378981738,0.6817153205370844,2025-10-14T23:00Z,41.03576094596626,34.75646091869869,6.279300027267567,38
401752741,2025,8,2025-10-18T20:15Z,57,344,Florida Gators,Mississippi State Bulldogs,23,21,False,True,0.8135215901979488,1,0.7620926037120556,0.7115519257874541,0.6668074649039998,2025-10-14T23:00Z,32.227065139806136,16.845721056152293,15.381344083653843,2
401761668,2025,8,2025-10-18T21:00Z,309,2572,Louisiana Ragin' Cajuns,Southern Miss Golden Eagles,10,22,False,True,0.6145053276678472,0,0.555141998527868,0.6698068056062988,0.504812191961082,2025-10-14T23:00Z,34.33126743354453,29.13470290796156,5.196564525582971,-12
401752739,2025,8,2025-10-18T21:30Z,8,245,Arkansas Razorbacks,Texas A&M Aggies,42,45,False,True,0.23470251059467667,0,0.2728762758580553,0.3924553071731359,0.27291114587619153,2025-10-14T23:00Z,24.66950793783714,36.9426852213916,-12.27317728355446,-3
401752876,2025,8,2025-10-18T22:30Z,164,2483,Rutgers Scarlet Knights,Oregon Ducks,10,56,False,True,0.163620280622462,0,0.10030074163032585,0.16822483691950135,0.11811451365201514,2025-10-14T23:00Z,23.985086940307077,40.89234978151735,-16.907262841210276,-46
401752951,2025,8,2025-10-18T22:30Z,258,265,Virginia Cavaliers,Washington State Cougars,22,20,False,True,0.8431107506264774,1,0.7851605132032958,0.7371836557273377,0.854570801046825,2025-10-14T23:00Z,38.58559469738686,21.52972108288569,17.05587361450117,2
401752743,2025,8,2025-10-18T23:00Z,96,251,Kentucky Wildcats,Texas Longhorns,13,16,False,True,0.14379349952059112,0,0.14838841012107953,0.1973622830764386,0.16944466204044345,2025-10-14T23:00Z,13.563378709667768,30.720418713525774,-17.157040003858008,-3
401752875,2025,8,2025-10-18T23:00Z,2294,213,Iowa Hawkeyes,Penn State Nittany Lions,25,24,False,True,0.5526487977868736,1,0.546668897052082,0.6098611569997517,0.7379068646739245,2025-10-14T23:00Z,24.198217454151404,21.621237822454976,2.576979631696428,1
401752879,2025,8,2025-10-18T23:00Z,26,120,UCLA Bruins,Maryland Terrapins,20,17,False,True,0.43353509533450063,1,0.4554443649014634,0.5423319876589516,0.31210531509672085,2025-10-14T23:00Z,21.48703355873768,24.579887534862902,-3.092853976125223,3
401760394,2025,8,2025-10-18T23:00Z,36,62,Colorado State Rams,Hawai'i Rainbow Warriors,19,31,False,True,0.552366430597146,0,0.6563008986800271,0.5836703615311625,0.6301739627991143,2025-10-14T23:00Z,26.70495877569649,23.933913910747705,2.7710448649487844,-12
401761630,2025,8,2025-10-18T23:00Z,290,2247,Georgia Southern Eagles,Georgia State Panthers,41,24,False,True,0.6853466569709766,1,0.6551781555133986,0.740903439367933,0.7306091839331059,2025-10-14T23:00Z,34.95685054066526,27.256579503193098,7.7002710374721595,17
401752738,2025,8,2025-10-18T23:30Z,333,2633,Alabama Crimson Tide,Tennessee Volunteers,37,20,False,True,0.8233396795407045,1,0.7526646391196764,0.7020306550153963,0.7947954876208517,2025-10-14T23:00Z,38.329481428568194,22.558577098947787,15.770904329620407,17
401752871,2025,8,2025-10-18T23:30Z,87,30,Notre Dame Fighting Irish,USC Trojans,34,24,False,True,0.7750017835687105,1,0.7368167357553569,0.7228056140917374,0.71614268026372,2025-10-14T23:00Z,37.38125902910028,24.789918364803473,12.591340664296805,10
401762490,2025,8,2025-10-18T23:30Z,58,2226,South Florida Bulls,Florida Atlantic Owls,48,13,False,True,0.9192208267660056,1,0.907493424952647,0.8550786636657142,0.9568908714552816,2025-10-14T23:00Z,46.704517929181876,21.328330245028464,25.37618768415341,35
401754568,2025,8,2025-10-18T23:30Z,183,221,Syracuse Orange,Pittsburgh Panthers,13,30,False,True,0.40663136618666423,0,0.3313360655112023,0.3980008147960938,0.32916671686953447,2025-10-14T23:00Z,25.51207612502521,29.562528198073917,-4.050452073048707,-17
401752740,2025,8,2025-10-18T23:45Z,2,142,Auburn Tigers,Missouri Tigers,17,23,False,True,0.5220395304144559,0,0.4931869127569675,0.4491391692075369,0.43958412411074815,2025-10-14T23:00Z,23.822975701597155,22.42426763500942,1.3987080665877336,-6
401756924,2025,8,2025-10-19T00:00Z,252,254,BYU Cougars,Utah Utes,24,21,False,True,0.45360626927805187,1,0.5081244416661309,0.47918709570631457,0.40613561194963493,2025-10-14T23:00Z,23.955160363336653,26.196882031263765,-2.241721667927113,3
401756926,2025,8,2025-10-19T00:00Z,197,2132,Oklahoma State Cowboys,Cincinnati Bearcats,17,49,False,True,0.16450086809325604,0,0.0936788545540569,0.11792808112624684,0.03790165180485941,2025-10-14T23:00Z,19.385821400364268,36.32383400362106,-16.93801260325679,-32
401760395,2025,8,2025-10-19T01:45Z,167,2440,New Mexico Lobos,Nevada Wolf Pack,24,22,False,True,0.8510657820966375,1,0.8212647724487259,0.8407297270335854,0.8952680620959579,2025-10-14T23:00Z,36.20386687532733,18.34069634317417,17.86317053215316,2
401754567,2025,8,2025-10-19T02:30Z,24,52,Stanford Cardinal,Florida State Seminoles,20,13,False,True,0.2454859847808402,1,0.1183516943956524,0.2168623729391843,0.08927115747878736,2025-10-14T23:00Z,21.054351510578456,32.472756598099295,-11.418405087520838,7
401757285,2025,9,2025-10-21T23:00Z,2229,338,Florida International Panthers,Kennesaw State Owls,26,45,False,True,0.4080116459389872,0,0.4542408657257609,0.4899476128406145,0.2971738841077451,2025-10-21T23:00Z,20.187027622887705,24.072872624843157,-3.8858450019554525,-19
401757286,2025,9,2025-10-21T23:30Z,2348,98,Louisiana Tech Bulldogs,Western Kentucky Hilltoppers,27,28,False,True,0.6553815501738803,0,0.695964371135454,0.6482205511250988,0.7536383134963722,2025-10-21T23:00Z,28.191789207294235,21.785544856398456,6.406244350895779,-1
401757287,2025,9,2025-10-22T23:30Z,48,2393,Delaware Blue Hens,Middle Tennessee Blue Raiders,31,28,False,True,0.7948602602887462,1,0.6700140764172883,0.8224403175597517,0.8353183475118,2025-10-21T23:00Z,33.30822955880953,19.32843440638738,13.979795152422149,3
401757288,2025,9,2025-10-23T01:00Z,166,2623,New Mexico State Aggies,Missouri State Bears,17,24,False,True,0.4651393532443234,0,0.573049281925047,0.483951935049748,0.4607934842241293,2025-10-21T23:00Z,23.48813532506565,24.986192354596174,-1.4980570295305249,-7
401761634,2025,9,2025-10-23T23:30Z,2247,6,Georgia State Panthers,South Alabama Jaguars,31,38,False,True,0.2672839106752198,0,0.29841598031140587,0.2726533852880759,0.21944257128971242,2025-10-21T23:00Z,21.577152496132612,31.585762266767453,-10.008609770634841,-7
401762492,2025,9,2025-10-24T23:00Z,2429,249,Charlotte 49ers,North Texas Mean Green,20,54,False,True,0.07172268998999613,0,0.07306660111916241,0.09182457746588474,0.02549087129988072,2025-10-21T23:00Z,21.507664625966665,47.813465587427686,-26.30580096146102,-34
401754372,2025,9,2025-10-24T23:30Z,259,25,Virginia Tech Hokies,California Golden Bears,42,34,False,True,0.5355395565662103,1,0.7274233477001837,0.6421450714088687,0.6031285732045206,2025-10-21T23:00Z,25.226519962413665,23.828736088893663,1.3977838735200017,8
401760397,2025,9,2025-10-25T02:00Z,2440,68,Nevada Wolf Pack,Boise State Broncos,3,24,False,True,0.10355946665130956,0,0.12417816950212751,0.12239043225358645,0.06689221806988438,2025-10-21T23:00Z,14.927898163760355,37.070179909455554,-22.1422817456952,-21
401752885,2025,9,2025-10-25T16:00Z,84,26,Indiana Hoosiers,UCLA Bruins,56,6,False,True,0.9482702621544558,1,0.9362002356788731,0.9304096813536118,0.9766399229708833,2025-10-21T23:00Z,38.22864336882658,8.37501107154706,29.85363229727952,50
401754571,2025,9,2025-10-25T16:00Z,59,183,Georgia Tech Yellow Jackets,Syracuse Orange,41,16,False,True,0.8260063026703133,1,0.8330862597491061,0.8088261117547819,0.8422207571881442,2025-10-21T23:00Z,31.819649014368622,16.134583439308578,15.685065575060044,25
401752750,2025,9,2025-10-25T16:00Z,201,145,Oklahoma Sooners,Ole Miss Rebels,26,34,False,True,0.5635949463916984,0,0.6217725273449854,0.5405737526068255,0.554755388212693,2025-10-21T23:00Z,25.99259650406359,23.99036612217264,2.00223038189095,-8
401754573,2025,9,2025-10-25T16:00Z,153,258,North Carolina Tar Heels,Virginia Cavaliers,16,17,False,True,0.25989992708358683,0,0.2447704522081533,0.32200841163633975,0.08990603361337475,2025-10-21T23:00Z,23.005884425099946,34.00272173989339,-10.996837314793442,-1
401762494,2025,9,2025-10-25T16:00Z,235,58,Memphis Tigers,South Florida Bulls,34,31,False,True,0.457732560619048,1,0.5714565726532621,0.6046279743997429,0.43942162259420303,2025-10-21T23:00Z,28.502011774151345,30.484864113425324,-1.982852339273979,3
401752883,2025,9,2025-10-25T16:00Z,158,77,Nebraska Cornhuskers,Northwestern Wildcats,28,21,False,True,0.631738435687143,1,0.744772973703839,0.6778371617614642,0.7317728977294695,2025-10-21T23:00Z,23.00983979349121,17.108501852707256,5.901337940783954,7
401752884,2025,9,2025-10-25T16:00Z,2509,164,Purdue Boilermakers,Rutgers Scarlet Knights,24,27,False,True,0.416640260283202,0,0.6475469121901704,0.49571314150704676,0.44010744656189643,2025-10-21T23:00Z,27.993622775896885,31.904738906694277,-3.9111161307973923,-3
401752942,2025,9,2025-10-25T16:00Z,154,2567,Wake Forest Demon Deacons,SMU Mustangs,13,12,False,True,0.3671120031056784,1,0.42124626271817944,0.31389723651105916,0.30189801728079857,2025-10-21T23:00Z,25.74699605074653,31.600846273708214,-5.8538502229616824,1
401756932,2025,9,2025-10-25T16:00Z,2305,2306,Kansas Jayhawks,Kansas State Wildcats,17,42,False,True,0.5628454575157563,0,0.5954495563585085,0.5625487191910843,0.5987664326308659,2025-10-21T23:00Z,29.72611780560996,27.164224068375415,2.561893737234545,-25
401761635,2025,9,2025-10-25T16:00Z,295,2026,Old Dominion Monarchs,App State Mountaineers,24,21,False,True,0.6890352172767973,1,0.8733596920132031,0.7834704182917083,0.8440572328558665,2025-10-21T23:00Z,37.424934048283625,29.40004410481551,8.024889943468114,3
401762846,2025,9,2025-10-25T16:00Z,2309,189,Kent State Golden Flashes,Bowling Green Falcons,24,21,False,True,0.36027105378963376,1,0.2743490407899828,0.1944890370077408,0.1720088190915454,2025-10-21T23:00Z,23.994827648454528,30.260125601652383,-6.265297953197855,3
401762848,2025,9,2025-10-25T16:00Z,2199,195,Eastern Michigan Eagles,Ohio Bobcats,21,28,False,True,0.25194738415139395,0,0.2739170492287359,0.23684436736793574,0.17613141609501504,2025-10-21T23:00Z,20.97489498059718,32.08468266667032,-11.109787686073137,-7
401752746,2025,9,2025-10-25T16:45Z,8,2,Arkansas Razorbacks,Auburn Tigers,24,33,False,True,0.47394707771048594,0,0.49393953857970896,0.5564596331044128,0.47050129568511134,2025-10-21T23:00Z,25.22139862607287,26.980546920519572,-1.7591482944467032,-9
401762844,2025,9,2025-10-25T17:00Z,2084,2006,Buffalo Bulls,Akron Zips,16,24,False,True,0.7861487757151951,0,0.8426530593726903,0.8399519495373735,0.8675475624971049,2025-10-21T23:00Z,28.967067286100587,15.848829869084888,13.118237417015699,-8
401757172,2025,9,2025-10-25T19:00Z,242,41,Rice Owls,UConn Huskies,37,34,False,True,0.18980556275841085,1,0.2443614088272263,0.2541836276755531,0.1477663744829934,2025-10-21T23:00Z,17.38116009202065,32.21637312973511,-14.83521303771446,3
401760400,2025,9,2025-10-25T19:00Z,167,328,New Mexico Lobos,Utah State Aggies,33,14,False,True,0.6538195829203338,1,0.6298586708160665,0.7113468884905865,0.6399788412219731,2025-10-21T23:00Z,37.3570481168313,31.087089741029935,6.269958375801366,19
401752751,2025,9,2025-10-25T19:30Z,2579,333,South Carolina Gamecocks,Alabama Crimson Tide,22,29,False,True,0.17303035194785166,0,0.23785971038919174,0.2411913355022618,0.1550603671537572,2025-10-21T23:00Z,12.396812091402488,28.93025991510707,-16.53344782370458,-7
401752752,2025,9,2025-10-25T19:30Z,238,142,Vanderbilt Commodores,Missouri Tigers,17,10,False,True,0.5489035997411565,1,0.5105737658003481,0.5225739663540245,0.6013770496243798,2025-10-21T23:00Z,31.174646574839684,29.443691425718278,1.7309551491214066,7
401756931,2025,9,2025-10-25T19:30Z,66,252,Iowa State Cyclones,BYU Cougars,27,41,False,True,0.4946898825449489,0,0.4674611097625223,0.5069676728842994,0.43546728369553567,2025-10-21T23:00Z,23.68558892578937,24.264717173347222,-0.5791282475578505,-14
401752880,2025,9,2025-10-25T19:30Z,264,356,Washington Huskies,Illinois Fighting Illini,42,25,False,True,0.6055284491415792,1,0.6575867436590086,0.6406364144207042,0.5454950292354626,2025-10-21T23:00Z,31.234321684625574,27.152152933464155,4.082168751161419,17
401752882,2025,9,2025-10-25T19:30Z,2294,135,Iowa Hawkeyes,Minnesota Golden Gophers,41,3,False,True,0.8218280795339264,1,0.8714460835344893,0.8131323585133491,0.8581130155100334,2025-10-21T23:00Z,26.870902744244482,11.17861529706049,15.692287447183991,38
401752952,2025,9,2025-10-25T19:30Z,265,2649,Washington State Cougars,Toledo Rockets,28,7,False,True,0.4494286116405956,1,0.4499580614790098,0.43502670373411917,0.4692027701242969,2025-10-21T23:00Z,23.586268478964943,25.77904113575383,-2.192772656788886,21
401754574,2025,9,2025-10-25T19:30Z,221,152,Pittsburgh Panthers,NC State Wolfpack,53,34,False,True,0.6617072251275884,1,0.7398066409155123,0.7427164749447408,0.7300828798966188,2025-10-21T23:00Z,32.46148222453488,25.431107758781508,7.0303744657533755,19
401760399,2025,9,2025-10-25T19:30Z,278,21,Fresno State Bulldogs,San Diego State Aztecs,0,23,False,True,0.43502435760738367,0,0.40422705127274317,0.4493131076472233,0.314316750357932,2025-10-21T23:00Z,23.727765599979257,26.089265993883508,-2.361500393904251,-23
401761637,2025,9,2025-10-25T19:30Z,2572,2433,Southern Miss Golden Eagles,UL Monroe Warhawks,49,21,False,True,0.7975455166238045,1,0.7747452357230121,0.7810480046131847,0.8732936534223757,2025-10-21T23:00Z,31.901095335540457,18.69282693295055,13.208268402589908,28
401762493,2025,9,2025-10-25T19:30Z,2426,2226,Navy Midshipmen,Florida Atlantic Owls,42,32,False,True,0.7483985831680605,1,0.8119442811574041,0.8415297658661889,0.863085011890781,2025-10-21T23:00Z,35.9676625635488,25.33869460237266,10.62896796117614,10
401762495,2025,9,2025-10-25T19:30Z,202,218,Tulsa Golden Hurricane,Temple Owls,37,38,False,True,0.27943271264185854,0,0.37316527496809215,0.3609909973361277,0.20936562125265126,2025-10-21T23:00Z,22.3140057652608,32.440768669930506,-10.126762904669707,-1
401762845,2025,9,2025-10-25T19:30Z,2459,2050,Northern Illinois Huskies,Ball State Cardinals,21,7,False,True,0.679534250451857,1,0.7833282347848634,0.7442054008659637,0.7181144575555066,2025-10-21T23:00Z,24.775948275992448,16.79195390786538,7.9839943681270675,14
401762847,2025,9,2025-10-25T19:30Z,2117,113,Central Michigan Chippewas,Massachusetts Minutemen,38,13,False,True,0.8559808404749489,1,0.8120880084947231,0.8646875923722773,0.862052161084812,2025-10-21T23:00Z,31.380294760411125,12.441646917539716,18.93864784287141,25
401762874,2025,9,2025-10-25T19:30Z,193,2711,Miami (OH) RedHawks,Western Michigan Broncos,26,17,False,True,0.5631177083580311,1,0.5610176281818006,0.6370120632099532,0.4634825947356043,2025-10-21T23:00Z,20.737380021320753,18.24355652450973,2.4938234968110216,9
401756933,2025,9,2025-10-25T20:00Z,2641,197,Texas Tech Red Raiders,Oklahoma State Cowboys,42,0,False,True,0.9703985861382796,1,0.9758570862611365,0.9809815825171323,0.9941868711630241,2025-10-21T23:00Z,47.49966478208655,11.668830757990307,35.83083402409624,42
401756930,2025,9,2025-10-25T20:00Z,2132,239,Cincinnati Bearcats,Baylor Bears,41,20,False,True,0.6004192218091251,1,0.6289740002349747,0.6413847810504418,0.6896556289264775,2025-10-21T23:00Z,35.75973858937181,31.09536281261026,4.6643757767615455,21
401752749,2025,9,2025-10-25T20:15Z,344,251,Mississippi State Bulldogs,Texas Longhorns,38,45,False,True,0.1762218461863401,0,0.19376976389409664,0.21452249663941592,0.2253548322050924,2025-10-21T23:00Z,15.481246319053962,31.044764280429078,-15.563517961375116,-7
401756935,2025,9,2025-10-25T22:00Z,277,2628,West Virginia Mountaineers,TCU Horned Frogs,17,23,False,True,0.1860602934215671,0,0.18264863060683773,0.20160939788437113,0.1282812033557131,2025-10-21T23:00Z,22.971808813333226,37.92855385322315,-14.956745039889924,-6
401752886,2025,9,2025-10-25T23:00Z,2483,275,Oregon Ducks,Wisconsin Badgers,21,7,False,True,0.9524583200799592,1,0.96306141292048,0.9617115821814737,0.9740141699448229,2025-10-21T23:00Z,38.439903945747425,7.654149412980358,30.785754532767065,14
401754572,2025,9,2025-10-25T23:00Z,2390,24,Miami Hurricanes,Stanford Cardinal,42,7,False,True,0.9535040746505413,1,0.9630155956227234,0.933950070082763,0.9719275278101589,2025-10-21T23:00Z,39.47771688780545,8.91468467926019,30.56303220854526,35
401761636,2025,9,2025-10-25T23:00Z,2032,290,Arkansas State Red Wolves,Georgia Southern Eagles,34,24,False,True,0.5779928520879557,1,0.5522345201728246,0.5450317332565742,0.5345429843117252,2025-10-21T23:00Z,30.17144530186657,27.079381049465738,3.0920642524008315,10
401761638,2025,9,2025-10-25T23:00Z,2653,309,Troy Trojans,Louisiana Ragin' Cajuns,35,23,False,True,0.7216724276497453,1,0.7038630627548731,0.7587044040822372,0.771795383955469,2025-10-21T23:00Z,31.310968756259953,21.70950884890393,9.601459907356023,12
401752748,2025,9,2025-10-25T23:30Z,99,245,LSU Tigers,Texas A&M Aggies,25,49,False,True,0.4839790338800511,0,0.4236884837043947,0.5038300649127267,0.44976093256090816,2025-10-21T23:00Z,24.1720722002188,24.85632718822545,-0.68425498800665,-24
401754570,2025,9,2025-10-25T23:30Z,97,103,Louisville Cardinals,Boston College Eagles,38,24,False,True,0.9207117415058378,1,0.9305388939073785,0.9237036839519475,0.972279609489594,2025-10-21T23:00Z,41.27040064703895,15.981900926851818,25.28849972018713,14
401752881,2025,9,2025-10-25T23:30Z,127,130,Michigan State Spartans,Michigan Wolverines,20,31,False,True,0.144920928630788,0,0.12268736664651703,0.1507519944328849,0.12099226002739333,2025-10-21T23:00Z,15.479301344421657,33.74671652174953,-18.267415177327877,-11
401760398,2025,9,2025-10-25T23:30Z,2751,36,Wyoming Cowboys,Colorado State Rams,28,0,False,True,0.5810539322925047,1,0.564585165129236,0.6268859278975991,0.49454882321336974,2025-10-21T23:00Z,21.709627688455498,18.848652855896187,2.860974832559311,28
401752747,2025,9,2025-10-25T23:45Z,96,2633,Kentucky Wildcats,Tennessee Volunteers,34,56,False,True,0.2906966910516506,0,0.2653850018896197,0.3613209326325654,0.2987844109042001,2025-10-21T23:00Z,25.075819142522104,33.76296111427313,-8.687141971751029,-22
401756929,2025,9,2025-10-26T00:00Z,9,248,Arizona State Sun Devils,Houston Cougars,16,24,False,True,0.7098902627979785,0,0.6987927551352836,0.6953794916103004,0.7107241013691886,2025-10-21T23:00Z,26.111973927703588,17.913010790472136,8.198963137231452,-8
401756934,2025,9,2025-10-26T02:25Z,254,38,Utah Utes,Colorado Buffaloes,53,7,False,True,0.7925737733236782,1,0.766993344310641,0.8068803773303526,0.8357648936759654,2025-10-21T23:00Z,30.980899495267668,17.020564595561314,13.960334899706353,46
401757289,2025,10,2025-10-29T00:00Z,338,2638,Kennesaw State Owls,UTEP Miners,33,20,False,True,0.8227568211973952,1,0.7667835779387822,0.7661127787024208,0.8443317187469236,2025-10-29T00:00Z,31.336911464529315,15.886119543537802,15.450791920991513,13
401761639,2025,10,2025-10-29T00:00Z,326,256,Texas State Bobcats,James Madison Dukes,20,52,False,True,0.35660840027778723,0,0.35019757610724384,0.38302096144709935,0.3270890053964558,2025-10-29T00:00Z,30.138928804138356,36.06342901603961,-5.9245002119012575,-32
401757292,2025,10,2025-10-29T23:30Z,2393,55,Middle Tennessee Blue Raiders,Jacksonville State Gamecocks,21,24,False,True,0.3842364258723579,0,0.4679432200014284,0.31134151008067107,0.31575259015486223,2025-10-29T00:00Z,24.492687542824164,29.499735535253727,-5.0070479924295626,-3
401757291,2025,10,2025-10-30T00:00Z,2623,2229,Missouri State Bears,Florida International Panthers,28,21,False,True,0.7362607539327977,1,0.6152495558483466,0.713632580193795,0.7132821083500697,2025-10-29T00:00Z,28.537964043052803,17.732063511935788,10.805900531117015,7
401761640,2025,10,2025-10-30T23:30Z,324,276,Coastal Carolina Chanticleers,Marshall Thundering Herd,44,27,False,True,0.2792805728792141,1,0.4187275147804275,0.32495555574793833,0.21830741180321278,2025-10-29T00:00Z,27.344279754584402,37.18875986216141,-9.84448010757701,17
401762443,2025,10,2025-10-30T23:30Z,2636,2655,UTSA Roadrunners,Tulane Green Wave,48,26,False,True,0.33679353017925656,1,0.4433199234475684,0.4949926621582931,0.32571601698318225,2025-10-29T00:00Z,23.22824139330387,30.350549454221724,-7.122308060917856,22
401762497,2025,10,2025-10-31T23:00Z,242,235,Rice Owls,Memphis Tigers,14,38,False,True,0.11886205508946238,0,0.12106468563541359,0.163803033212397,0.07485678618265575,2025-10-29T00:00Z,14.084393907636423,34.79067256997372,-20.706278662337297,-24
401754575,2025,10,2025-10-31T23:30Z,183,153,Syracuse Orange,North Carolina Tar Heels,10,27,False,True,0.617422759438001,0,0.6583575487697552,0.625715648469009,0.7210231889752892,2025-10-29T00:00Z,24.57624897767209,19.454221055928933,5.1220279217431575,-17
401757290,2025,10,2025-11-01T00:00Z,2348,2534,Louisiana Tech Bulldogs,Sam Houston Bearkats,55,14,False,True,0.8392848188029124,1,0.8631966779494374,0.83592817245319,0.9201023060957962,2025-10-29T00:00Z,32.39193781314512,15.527006052628956,16.864931760516164,41
401752889,2025,10,2025-11-01T16:00Z,194,213,Ohio State Buckeyes,Penn State Nittany Lions,38,14,False,True,0.83920653753427,1,0.8693884990836852,0.8640571785093849,0.9044521885799118,2025-10-29T00:00Z,31.15993105283328,14.4795837941124,16.68034725872088,24
401752758,2025,10,2025-11-01T16:00Z,251,238,Texas Longhorns,Vanderbilt Commodores,34,31,False,True,0.7419783423273789,1,0.7345278064301359,0.7115894491347114,0.5775621984155064,2025-10-29T00:00Z,28.465269204760034,18.028891362169485,10.436377842590549,3
401754581,2025,10,2025-11-01T16:00Z,2567,2390,SMU Mustangs,Miami Hurricanes,26,20,False,True,0.2686854387515324,1,0.19811260882791978,0.4095556003309886,0.2016464533237224,2025-10-29T00:00Z,21.744827138972344,32.43623143369942,-10.691404294727075,6
401756938,2025,10,2025-11-01T16:00Z,248,277,Houston Cougars,West Virginia Mountaineers,35,45,False,True,0.7723601442655119,0,0.7537238066083867,0.8007114976739478,0.8201606385901705,2025-10-29T00:00Z,30.970574699329067,18.083792408596373,12.886782290732693,-10
401752891,2025,10,2025-11-01T16:00Z,356,164,Illinois Fighting Illini,Rutgers Scarlet Knights,35,13,False,True,0.6877941729857125,1,0.8208580117566684,0.770142982627116,0.8130661783593144,2025-10-29T00:00Z,39.39064110802833,31.697347534878872,7.693293573149461,22
401754577,2025,10,2025-11-01T16:00Z,228,150,Clemson Tigers,Duke Blue Devils,45,46,False,True,0.7062784092453328,0,0.6142779426616152,0.6787782289001969,0.5517314788252214,2025-10-29T00:00Z,30.5367078433504,20.853519095654676,9.683188747695723,-1
401756936,2025,10,2025-11-01T16:00Z,239,2116,Baylor Bears,UCF Knights,30,3,False,True,0.5697753191251508,1,0.5808805105675199,0.4924896789910399,0.4960773201000984,2025-10-29T00:00Z,31.417477295621218,29.02378307396637,2.3936942216548474,27
401757173,2025,10,2025-11-01T16:00Z,41,5,UConn Huskies,UAB Blazers,38,19,False,True,0.8351699128799454,1,0.6893328823753663,0.7908717314765646,0.8193582980170981,2025-10-29T00:00Z,40.7098552934088,24.16331700457863,16.54653828883017,19
401760401,2025,10,2025-11-01T16:00Z,2005,349,Air Force Falcons,Army Black Knights,17,20,False,True,0.357220128443962,0,0.3744814878033635,0.4453594992091474,0.30280037513522784,2025-10-29T00:00Z,24.959802715741873,31.12733342839031,-6.1675307126484356,-3
401762499,2025,10,2025-11-01T16:00Z,249,2426,North Texas Mean Green,Navy Midshipmen,31,17,False,True,0.7759865736696192,1,0.760043191391053,0.7338482646388579,0.8370614356548636,2025-10-29T00:00Z,43.16729592933193,30.050626938900514,13.116668990431414,14
401762849,2025,10,2025-11-01T16:00Z,189,2084,Bowling Green Falcons,Buffalo Bulls,3,28,False,True,0.6233557381728151,0,0.6668692000814864,0.6236914010754095,0.6762626596519963,2025-10-29T00:00Z,24.804950676477137,19.9308388402615,4.874111836215636,-25
401756939,2025,10,2025-11-01T17:00Z,66,9,Iowa State Cyclones,Arizona State Sun Devils,19,24,False,True,0.616779823846843,0,0.5966228417198404,0.6140704031304283,0.6028127633602065,2025-10-29T00:00Z,25.302612339230784,20.303464929516302,4.999147409714482,-5
401762498,2025,10,2025-11-01T18:00Z,218,151,Temple Owls,East Carolina Pirates,14,45,False,True,0.3730806568762783,0,0.3189249047234212,0.33195389720061685,0.29806683782302285,2025-10-29T00:00Z,23.28824310248234,28.326209577357943,-5.037966474875603,-31
401754580,2025,10,2025-11-01T19:00Z,259,97,Virginia Tech Hokies,Louisville Cardinals,16,28,False,True,0.2586731560070717,0,0.30931730506685196,0.2998982325935895,0.15925487456278178,2025-10-29T00:00Z,23.108244933349397,34.018005141656026,-10.90976020830663,-12
401760404,2025,10,2025-11-01T19:00Z,2439,167,UNLV Rebels,New Mexico Lobos,35,40,False,True,0.6238371105647404,0,0.5910763735469056,0.606706029794182,0.5906361000652544,2025-10-29T00:00Z,36.82088967767925,31.275013273441566,5.545876404237681,-5
401752887,2025,10,2025-11-01T19:30Z,120,84,Maryland Terrapins,Indiana Hoosiers,10,55,False,True,0.12308530880227023,0,0.1276456631704392,0.10695660137905916,0.056604726067521614,2025-10-29T00:00Z,15.32105903758088,35.54923129063111,-20.228172253050232,-45
401752755,2025,10,2025-11-01T19:30Z,57,61,Florida Gators,Georgia Bulldogs,20,24,True,True,0.21746373954030335,0,0.20701163205773962,0.20674527367288004,0.16386079018569605,2025-10-29T00:00Z,15.862798941743858,29.24926966332326,-13.386470721579403,-4
401754583,2025,10,2025-11-01T19:30Z,103,87,Boston College Eagles,Notre Dame Fighting Irish,10,25,False,True,0.029577348825880194,0,0.023308859187597022,0.04218679363088382,0.013774851906653932,2025-10-29T00:00Z,11.130567488350957,47.2659272079962,-36.135359719645244,-15
401756941,2025,10,2025-11-01T19:30Z,2306,2641,Kansas State Wildcats,Texas Tech Red Raiders,20,43,False,True,0.39116797814547544,0,0.32504626495439026,0.37915591279691774,0.26454388597609596,2025-10-29T00:00Z,25.240098453571722,30.008850583048975,-4.768752129477253,-23
401752888,2025,10,2025-11-01T19:30Z,135,127,Minnesota Golden Gophers,Michigan State Spartans,23,20,False,True,0.7430159272176444,1,0.5395891358790502,0.6993690217041177,0.6046426534850584,2025-10-29T00:00Z,29.55720589063298,18.899031938490282,10.658173952142697,3
401754582,2025,10,2025-11-01T19:30Z,24,221,Stanford Cardinal,Pittsburgh Panthers,20,35,False,True,0.253021552208036,0,0.23432380358060478,0.2135029173752499,0.15173608535190797,2025-10-29T00:00Z,21.505402282245424,32.58681357780291,-11.081411295557483,-15
401757293,2025,10,2025-11-01T19:30Z,2335,48,Liberty Flames,Delaware Blue Hens,59,30,False,True,0.4745131488334152,1,0.6114431954983449,0.5875194165363522,0.4738945744984404,2025-10-29T00:00Z,23.940756698712445,25.308174152902957,-1.3674174541905124,29
401757294,2025,10,2025-11-01T19:30Z,98,166,Western Kentucky Hilltoppers,New Mexico State Aggies,35,16,False,True,0.694696625938191,1,0.6739228131229184,0.7299659819828089,0.7262456075093515,2025-10-29T00:00Z,31.682124058420815,23.323886984289395,8.35823707413142,19
401760402,2025,10,2025-11-01T19:30Z,68,278,Boise State Broncos,Fresno State Bulldogs,7,30,False,True,0.8855319956656698,0,0.8563682855999301,0.9029520462870453,0.9188299022945245,2025-10-29T00:00Z,36.750263092014585,16.00254547812334,20.747717613891243,-23
401761641,2025,10,2025-11-01T19:30Z,2433,295,UL Monroe Warhawks,Old Dominion Monarchs,6,31,False,True,0.28670250645963,0,0.15704682724426677,0.16180484418095822,0.08627908096947395,2025-10-29T00:00Z,24.14506154872638,33.58490923377516,-9.439847685048775,-25
401761642,2025,10,2025-11-01T19:30Z,6,309,South Alabama Jaguars,Louisiana Ragin' Cajuns,22,31,False,True,0.6504288236280847,0,0.6461721209546624,0.6478028568527319,0.637434738804973,2025-10-29T00:00Z,30.59811118477635,24.48635851801193,6.111752666764421,-9
401754576,2025,10,2025-11-01T19:45Z,25,258,California Golden Bears,Virginia Cavaliers,21,31,False,True,0.35983943249475414,0,0.29737289660674787,0.3756016378763686,0.20302372323287696,2025-10-29T00:00Z,26.080485940438425,31.94477789127815,-5.864291950839725,-10
401752753,2025,10,2025-11-01T20:00Z,8,344,Arkansas Razorbacks,Mississippi State Bulldogs,35,38,False,True,0.6186139392865434,0,0.7123741531388459,0.6927202040631998,0.6026888992013729,2025-10-29T00:00Z,36.222906651671195,31.24476073427754,4.978145917393654,-3
401756940,2025,10,2025-11-01T20:00Z,2305,197,Kansas Jayhawks,Oklahoma State Cowboys,38,21,False,True,0.888860796851653,1,0.910384409366083,0.9303629642756026,0.9665348441105943,2025-10-29T00:00Z,40.884880711474736,19.615881798149186,21.26899891332555,17
401762850,2025,10,2025-11-01T20:00Z,2711,2117,Western Michigan Broncos,Central Michigan Chippewas,24,21,False,True,0.679901595471926,1,0.6802322344227022,0.6885265541609686,0.7311433243332778,2025-10-29T00:00Z,21.65453966192218,14.438682189094127,7.215857472828052,3
401752756,2025,10,2025-11-01T23:00Z,145,2579,Ole Miss Rebels,South Carolina Gamecocks,30,14,False,True,0.7967216214256526,1,0.7701870594347248,0.8499810757358774,0.8408742441025392,2025-10-29T00:00Z,31.70188607132365,17.40873870057208,14.29314737075157,16
401752890,2025,10,2025-11-01T23:00Z,130,2509,Michigan Wolverines,Purdue Boilermakers,21,16,False,True,0.9044762942623337,1,0.9401527746943124,0.9317996708469831,0.9385064985707936,2025-10-29T00:00Z,32.26267604403451,9.143495195980304,23.119180848054203,5
401756937,2025,10,2025-11-01T23:00Z,38,12,Colorado Buffaloes,Arizona Wildcats,17,52,False,True,0.5724668005311382,0,0.4661866862868349,0.5596359668079846,0.5064951076724062,2025-10-29T00:00Z,26.26259051291367,23.394161665361466,2.8684288475522024,-35
401760405,2025,10,2025-11-01T23:00Z,21,2751,San Diego State Aztecs,Wyoming Cowboys,24,7,False,True,0.7346159873300668,1,0.7619052791363663,0.7489094312350602,0.80562677257368,2025-10-29T00:00Z,22.92726198801317,12.372916226587229,10.554345761425942,17
401754579,2025,10,2025-11-01T23:30Z,152,59,NC State Wolfpack,Georgia Tech Yellow Jackets,48,36,False,True,0.37760873351373214,1,0.36864061448587915,0.35235862069888957,0.29277810422166817,2025-10-29T00:00Z,26.726213352412152,31.90219020244998,-5.175976850037827,12
401752757,2025,10,2025-11-01T23:30Z,2633,201,Tennessee Volunteers,Oklahoma Sooners,27,33,False,True,0.57888184840417,0,0.5698596171648959,0.5851522738428936,0.5088954760889844,2025-10-29T00:00Z,31.36160892619406,27.642041789131625,3.719567137062434,-6
401752892,2025,10,2025-11-01T23:30Z,158,30,Nebraska Cornhuskers,USC Trojans,17,21,False,True,0.25297607483836504,0,0.29629018911336524,0.326601397251894,0.27850188256083713,2025-10-29T00:00Z,23.75205043515107,34.73192152949311,-10.979871094342037,-4
401752754,2025,10,2025-11-01T23:30Z,2,96,Auburn Tigers,Kentucky Wildcats,3,10,False,True,0.7983683047633855,0,0.8169167276739103,0.753750577658888,0.7915012297103542,2025-10-29T00:00Z,29.18485630047614,15.25108829708524,13.933768003390902,-7
401752943,2025,10,2025-11-01T23:30Z,204,265,Oregon State Beavers,Washington State Cougars,10,7,False,True,0.2889618887062242,1,0.27487477282202916,0.2812227570038245,0.18125819769158352,2025-10-29T00:00Z,20.53220572136566,29.792512540652954,-9.260306819287294,3
401754578,2025,10,2025-11-01T23:30Z,52,154,Florida State Seminoles,Wake Forest Demon Deacons,42,7,False,True,0.6440479005979839,1,0.752088941901081,0.6739255944547182,0.7531170685530022,2025-10-29T00:00Z,27.622922037594535,21.394369053667962,6.228552983926573,35
401761643,2025,10,2025-11-02T00:00Z,2653,2032,Troy Trojans,Arkansas State Red Wolves,10,23,False,True,0.7357401767922993,0,0.7311617898567767,0.7837210557914823,0.777736967971649,2025-10-29T00:00Z,28.885615104885577,18.73359752345284,10.152017581432737,-13
401756942,2025,10,2025-11-02T02:15Z,254,2132,Utah Utes,Cincinnati Bearcats,45,14,False,True,0.7838340927265901,1,0.7793451926454618,0.8068723088480145,0.8244666026076153,2025-10-29T00:00Z,31.853058190400265,18.731954633905204,13.121103556495061,31
401760403,2025,10,2025-11-02T02:30Z,23,62,San José State Spartans,Hawai'i Rainbow Warriors,45,38,False,True,0.5351872696701534,1,0.5639872575214666,0.5897521810166031,0.5217415154005618,2025-10-29T00:00Z,29.838694562185417,28.036825917825453,1.8018686443599634,7
401762851,2025,11,2025-11-05T00:00Z,2006,113,Akron Zips,Massachusetts Minutemen,44,10,False,True,0.7805194115675828,1,0.6228256886313461,0.7690566519868287,0.7311385638390107,2025-11-05T00:00Z,30.03122785293491,16.67115065423922,13.360077198695691,34
401762852,2025,11,2025-11-05T00:00Z,195,193,Ohio Bobcats,Miami (OH) RedHawks,24,20,False,True,0.6864794422960416,1,0.6280896842168154,0.6955488868566053,0.7139654556377862,2025-11-05T00:00Z,28.260910702785072,20.49034784392571,7.7705628588593605,4
401762853,2025,11,2025-11-06T00:00Z,2050,2309,Ball State Cardinals,Kent State Golden Flashes,17,13,False,True,0.5422407812801828,1,0.5341348061555422,0.7341577122958385,0.6319163592619826,2025-11-05T00:00Z,29.7006488512217,27.991713157043705,1.7089356941779954,4
401762854,2025,11,2025-11-06T00:00Z,2649,2459,Toledo Rockets,Northern Illinois Huskies,42,3,False,True,0.7305479508098079,1,0.7989709105197497,0.7946893720854358,0.83247896684882,2025-11-05T00:00Z,22.243740803803874,12.593361941151288,9.650378862652586,39
401761644,2025,11,2025-11-07T00:30Z,2026,290,App State Mountaineers,Georgia Southern Eagles,23,25,False,True,0.6400696991338175,0,0.6805348719047554,0.6872384973621568,0.624481165677794,2025-11-05T00:00Z,34.881735750218496,29.259777170648334,5.621958579570162,-2
401762500,2025,11,2025-11-07T00:30Z,58,2636,South Florida Bulls,UTSA Roadrunners,55,23,False,True,0.8319173331683585,1,0.7784052635918134,0.7208754102538419,0.8247046344740506,2025-11-05T00:00Z,40.64295447107637,24.142850354725432,16.50010411635094,32
401756946,2025,11,2025-11-08T01:15Z,2116,248,UCF Knights,Houston Cougars,27,30,False,True,0.5511179062181871,0,0.6150583640117094,0.6506798125164686,0.5393395484361614,2025-11-05T00:00Z,22.124749265602993,20.58102072135469,1.543728544248303,-3
401752896,2025,11,2025-11-08T02:00Z,30,77,USC Trojans,Northwestern Wildcats,38,17,False,True,0.8715274602087703,1,0.9006754854395038,0.8667435598102358,0.9033124918617661,2025-11-05T00:00Z,32.89249478919368,12.97907128568994,19.913423503503736,21
401762501,2025,11,2025-11-08T02:10Z,235,2655,Memphis Tigers,Tulane Green Wave,32,38,False,True,0.7037106886720141,0,0.7168093219240557,0.7160147483994412,0.705987444807673,2025-11-05T00:00Z,31.57320798019622,22.78890103384607,8.78430694635015,-6
401752893,2025,11,2025-11-08T17:00Z,213,84,Penn State Nittany Lions,Indiana Hoosiers,24,27,False,True,0.31576656239059386,0,0.26092155312072063,0.2238300949682241,0.0827746952733095,2025-11-05T00:00Z,24.095282351894,31.776274318333506,-7.680991966439507,-3
401752762,2025,11,2025-11-08T17:00Z,344,61,Mississippi State Bulldogs,Georgia Bulldogs,21,41,False,True,0.16782403418712943,0,0.17594691207889354,0.23373211391281112,0.21136991565490804,2025-11-05T00:00Z,20.82080339002018,37.815377439131765,-16.994574049111584,-20
401756945,2025,11,2025-11-08T17:00Z,2641,252,Texas Tech Red Raiders,BYU Cougars,29,7,False,True,0.7142761701883609,1,0.7502387812415638,0.7647172873816432,0.7514606657058347,2025-11-05T00:00Z,32.3492084909429,22.989134376399775,9.360074114543124,22
401754584,2025,11,2025-11-08T17:00Z,103,2567,Boston College Eagles,SMU Mustangs,13,45,False,True,0.18149367241314382,0,0.15992357434668708,0.17181804039637194,0.11198231256277603,2025-11-05T00:00Z,19.924777773266282,35.277412468269766,-15.352634695003484,-32
401756947,2025,11,2025-11-08T17:00Z,277,38,West Virginia Mountaineers,Colorado Buffaloes,29,22,False,True,0.5061944855628832,1,0.5072216241558478,0.5516432556249702,0.47318226153243104,2025-11-05T00:00Z,26.850600470523226,26.733427283106934,0.11717318741629157,7
401761646,2025,11,2025-11-08T17:00Z,276,256,Marshall Thundering Herd,James Madison Dukes,23,35,False,True,0.2613640732615118,0,0.19555034659864814,0.2289066140467899,0.1788707118622565,2025-11-05T00:00Z,27.910337129098465,38.341023371299684,-10.430686242201219,-12
401761647,2025,11,2025-11-08T17:00Z,2032,2572,Arkansas State Red Wolves,Southern Miss Golden Eagles,21,27,False,True,0.4821911392729195,0,0.41886650736908865,0.5580411583541912,0.40432726353186466,2025-11-05T00:00Z,24.44811456166902,24.569146175510017,-0.12103161384099792,-6
401762503,2025,11,2025-11-08T17:00Z,349,218,Army Black Knights,Temple Owls,14,13,False,True,0.7094811722194111,1,0.7713535113766461,0.8478907038149988,0.7810850345175687,2025-11-05T00:00Z,28.34878062968683,19.528171807756483,8.820608821930346,1
401752897,2025,11,2025-11-08T18:00Z,2509,194,Purdue Boilermakers,Ohio State Buckeyes,10,34,False,True,0.035056139578978365,0,0.0404638938987216,0.036419687272445204,0.024358326809955335,2025-11-05T00:00Z,3.9445286601536615,38.19726723601274,-34.252738575859084,-24
401757299,2025,11,2025-11-08T18:00Z,2335,2623,Liberty Flames,Missouri State Bears,17,21,False,True,0.6232854007891271,0,0.6908848510120771,0.7187151201667952,0.6676049977608582,2025-11-05T00:00Z,25.310269500088122,20.306935198014763,5.003334302073359,-4
401762855,2025,11,2025-11-08T18:00Z,2199,189,Eastern Michigan Eagles,Bowling Green Falcons,27,21,False,True,0.584904234147059,1,0.5729516143590301,0.5767291113451286,0.5086978713844323,2025-11-05T00:00Z,26.324877938188894,23.232675581830026,3.092202356358868,6
401762502,2025,11,2025-11-08T19:00Z,242,5,Rice Owls,UAB Blazers,24,17,False,True,0.5609353392838795,1,0.4910240634365323,0.5560101714739949,0.5380415543454099,2025-11-05T00:00Z,29.166249810688925,26.758846368565145,2.4074034421237798,7
401752894,2025,11,2025-11-08T19:30Z,164,120,Rutgers Scarlet Knights,Maryland Terrapins,35,20,False,True,0.5260402593206532,1,0.43833820599391293,0.5301886408837344,0.4573331226439486,2025-11-05T00:00Z,29.088806220588143,28.065366545207386,1.0234396753807573,15
401757295,2025,11,2025-11-08T20:00Z,48,2348,Delaware Blue Hens,Louisiana Tech Bulldogs,25,24,False,True,0.45452771101368883,1,0.2987031819126512,0.43612541285778367,0.2879641936210411,2025-11-05T00:00Z,28.52802369958304,30.540781648739028,-2.0127579491559864,1
401757296,2025,11,2025-11-08T20:00Z,2393,2229,Middle Tennessee Blue Raiders,Florida International Panthers,30,56,False,True,0.603425624479148,0,0.625288809830959,0.5903408022339791,0.583871855970475,2025-11-05T00:00Z,25.70114424849745,21.332873988998166,4.368270259499283,-26
401757297,2025,11,2025-11-08T20:00Z,2638,55,UTEP Miners,Jacksonville State Gamecocks,27,30,False,True,0.3511877989661701,0,0.4936379015517514,0.33907855292990374,0.35594346099640634,2025-11-05T00:00Z,22.258145259226843,28.454610906900204,-6.19646564767336,-3
401762504,2025,11,2025-11-08T20:00Z,151,2429,East Carolina Pirates,Charlotte 49ers,48,22,False,True,0.9551814423944128,1,0.9545549121712127,0.9578663605467015,0.977912724561907,2025-11-05T00:00Z,38.547577268503446,7.168962402771758,31.378614865731688,26
401762505,2025,11,2025-11-08T20:00Z,2226,202,Florida Atlantic Owls,Tulsa Golden Hurricane,40,21,False,True,0.7092114558196401,1,0.6653080852340713,0.723527024715443,0.6330292279964299,2025-11-05T00:00Z,36.70100908682962,27.85253500123069,8.84847408559893,19
401752763,2025,11,2025-11-08T20:30Z,142,245,Missouri Tigers,Texas A&M Aggies,17,38,False,True,0.34388980841280303,0,0.3859524416122585,0.5006976248727306,0.42224306168176046,2025-11-05T00:00Z,25.781652790725985,32.40426529738863,-6.622612506662648,-21
401752898,2025,11,2025-11-08T20:30Z,2294,2483,Iowa Hawkeyes,Oregon Ducks,16,18,False,True,0.3794242292347486,0,0.3109100461377856,0.3651390001035965,0.33876104642252364,2025-11-05T00:00Z,21.656360008334737,26.861883813697595,-5.2055238053628585,-2
401754587,2025,11,2025-11-08T20:30Z,2390,183,Miami Hurricanes,Syracuse Orange,38,10,False,True,0.9487228072344562,1,0.9630076489166982,0.936362598050306,0.9684703026620848,2025-11-05T00:00Z,39.250767202814096,9.397625799424361,29.853141403389735,28
401754590,2025,11,2025-11-08T20:30Z,41,150,UConn Huskies,Duke Blue Devils,37,34,False,True,0.37948507892589256,1,0.2871059073099617,0.47732778922656466,0.2960607375901842,2025-11-05T00:00Z,28.5745265147534,33.20608020348722,-4.631553688733817,3
401756943,2025,11,2025-11-08T20:30Z,12,2305,Arizona Wildcats,Kansas Jayhawks,24,20,False,True,0.6588880017453972,1,0.6866381455866276,0.6337876363515706,0.6494532303187466,2025-11-05T00:00Z,32.59822879022529,25.66081833634108,6.937410453884212,4
401756944,2025,11,2025-11-08T20:30Z,2628,66,TCU Horned Frogs,Iowa State Cyclones,17,20,False,True,0.6741621789264435,0,0.6926367153348952,0.672080909686343,0.6344105909759588,2025-11-05T00:00Z,32.63364586993701,25.500543966357277,7.133101903579735,-3
401752764,2025,11,2025-11-08T21:00Z,238,2,Vanderbilt Commodores,Auburn Tigers,45,38,False,True,0.6785519719403547,1,0.6252327640282624,0.7012299166960854,0.747776205426157,2025-11-05T00:00Z,24.709187918104092,18.185309528212947,6.523878389891145,7
401757298,2025,11,2025-11-08T21:00Z,166,338,New Mexico State Aggies,Kennesaw State Owls,21,24,False,True,0.3199284897758552,0,0.36591573416322715,0.33021471251307905,0.20192717663712834,2025-11-05T00:00Z,21.929023522154054,29.592379245347743,-7.663355723193689,-3
401761645,2025,11,2025-11-08T21:00Z,324,2247,Coastal Carolina Chanticleers,Georgia State Panthers,40,27,False,True,0.7524488700038678,1,0.7543343974010827,0.774267146151139,0.7867078389742993,2025-11-05T00:00Z,33.722226313503015,22.637903101399033,11.084323212103982,13
401752899,2025,11,2025-11-08T21:30Z,275,264,Wisconsin Badgers,Washington Huskies,13,10,False,True,0.2863646085258776,1,0.25598920743730075,0.32682381675303596,0.21218331775499513,2025-11-05T00:00Z,16.445190334101234,25.417511904379204,-8.97232157027797,3
401754588,2025,11,2025-11-08T21:30Z,153,24,North Carolina Tar Heels,Stanford Cardinal,20,15,False,True,0.6333504817865282,1,0.6054596934389537,0.7236213332749645,0.5346277192702802,2025-11-05T00:00Z,23.439803736442283,18.45365605636931,4.986147680072971,5
401761648,2025,11,2025-11-08T22:00Z,309,326,Louisiana Ragin' Cajuns,Texas State Bobcats,42,39,False,True,0.5201349031766117,1,0.4955522964852181,0.46900463116220803,0.3990983576816358,2025-11-05T00:00Z,34.654721045259514,33.77602540249492,0.8786956427645904,3
401760406,2025,11,2025-11-08T23:00Z,23,2005,San José State Spartans,Air Force Falcons,16,26,False,True,0.693190782403962,0,0.6741224026388604,0.5829917366876736,0.63575384420203,2025-11-05T00:00Z,37.97424943350492,29.680906280309472,8.293343153195451,-10
401754589,2025,11,2025-11-09T00:00Z,258,154,Virginia Cavaliers,Wake Forest Demon Deacons,9,16,False,True,0.7611253894395307,0,0.6559353297879232,0.7349428790011248,0.8043417261617475,2025-11-05T00:00Z,31.834723956287366,19.759653292028236,12.07507066425913,-7
401754585,2025,11,2025-11-09T00:00Z,97,25,Louisville Cardinals,California Golden Bears,26,29,False,True,0.8441653202701572,0,0.8958170714151101,0.8911721772623498,0.9115133805949652,2025-11-05T00:00Z,34.829517961739704,17.488930751030097,17.340587210709607,-3
401754586,2025,11,2025-11-09T00:00Z,228,52,Clemson Tigers,Florida State Seminoles,24,10,False,True,0.6244493006825952,1,0.41216242606001224,0.5859311580870412,0.3854263012424625,2025-11-05T00:00Z,30.18992583664353,25.264995302370785,4.924930534272743,14
401752759,2025,11,2025-11-09T00:30Z,333,99,Alabama Crimson Tide,LSU Tigers,20,9,False,True,0.8306148724348364,1,0.7917060134136839,0.7999626501050812,0.8354122036790448,2025-11-05T00:00Z,31.73823654886261,15.29061219787399,16.44762435098862,11
401757166,2025,11,2025-11-09T00:30Z,87,2426,Notre Dame Fighting Irish,Navy Midshipmen,49,10,False,True,0.9663279231348901,1,0.9594240560387444,0.920637149753641,0.9687172031974318,2025-11-05T00:00Z,43.971289657393015,8.747678027325739,35.223611630067275,39
401752760,2025,11,2025-11-09T00:30Z,96,57,Kentucky Wildcats,Florida Gators,38,7,False,True,0.306424869476467,1,0.3630638945516327,0.4938801863423201,0.41957661376833627,2025-11-05T00:00Z,17.424701397028166,25.21829248961843,-7.793591092590265,31
401760409,2025,11,2025-11-09T00:30Z,328,2440,Utah State Aggies,Nevada Wolf Pack,51,14,False,True,0.7465157115696242,1,0.7399542730086943,0.6934511948434152,0.7843509243869129,2025-11-05T00:00Z,32.43755481739116,21.206543841037757,11.231010976353403,37
401752895,2025,11,2025-11-09T02:00Z,26,158,UCLA Bruins,Nebraska Cornhuskers,21,28,False,True,0.43105785427835897,0,0.38276070040589955,0.4026466019361314,0.2502826905621698,2025-11-05T00:00Z,20.979097768123253,24.428930938867047,-3.449833170743794,-7
401760407,2025,11,2025-11-09T02:30Z,36,2439,Colorado State Rams,UNLV Rebels,10,42,False,True,0.3443022365128951,0,0.4600991265148031,0.36252967104825184,0.34976324389793034,2025-11-05T00:00Z,27.521614388650733,34.69394602198473,-7.172331633333997,-32
401752944,2025,11,2025-11-09T03:00Z,204,2534,Oregon State Beavers,Sam Houston Bearkats,17,21,False,True,0.7611427389793936,0,0.8203856752530898,0.78497636962451,0.8658717984351049,2025-11-05T00:00Z,31.307769852005368,19.484562009835322,11.823207842170046,-4
401760408,2025,11,2025-11-09T04:00Z,62,21,Hawai'i Rainbow Warriors,San Diego State Aztecs,38,6,False,True,0.3930633419504061,1,0.2996666784170411,0.3637338787304113,0.2614636018910275,2025-11-05T00:00Z,23.0495017203384,28.100210370722476,-5.050708650384074,32
401762856,2025,12,2025-11-12T00:30Z,2006,2309,Akron Zips,Kent State Golden Flashes,35,42,False,True,0.6018325426807989,0,0.5449098770268087,0.7510160972313986,0.6303817510432139,2025-11-12T00:30Z,26.861692679840505,22.489063754899263,4.3726289249412424,-7
401762857,2025,12,2025-11-12T01:00Z,2711,195,Western Michigan Broncos,Ohio Bobcats,17,13,False,True,0.41342944682675453,1,0.462813750842156,0.38133858381266666,0.4100277775256644,2025-11-12T00:30Z,18.656778018119155,22.11508639857581,-3.4583083804566535,4
401762858,2025,12,2025-11-13T00:00Z,2117,2084,Central Michigan Chippewas,Buffalo Bulls,38,19,False,True,0.5081103160609006,1,0.5755062640495479,0.5328531545630371,0.5240189688815139,2025-11-12T00:30Z,21.49464814383588,20.714413653825204,0.7802344900106775,19
401762859,2025,12,2025-11-13T00:00Z,113,2459,Massachusetts Minutemen,Northern Illinois Huskies,3,45,False,True,0.23818918898499558,0,0.2389453990050487,0.20662994551392438,0.1567154177361041,2025-11-12T00:30Z,12.883592521599338,25.285460342240107,-12.401867820640769,-42
401762860,2025,12,2025-11-13T00:00Z,193,2649,Miami (OH) RedHawks,Toledo Rockets,3,24,False,True,0.5067472667414349,0,0.3674308175315902,0.4377297981939787,0.3221696852003245,2025-11-12T00:30Z,24.77743001203393,24.48458148333154,0.29284852870238964,-21
401761649,2025,12,2025-11-14T00:30Z,295,2653,Old Dominion Monarchs,Troy Trojans,33,0,False,True,0.6168600551219118,1,0.8013727677945736,0.7235591405882693,0.7422505366893446,2025-11-12T00:30Z,29.595159489157997,24.772963598410115,4.8221958907478815,33
401754591,2025,12,2025-11-15T00:30Z,97,228,Louisville Cardinals,Clemson Tigers,19,20,False,True,0.521365630954421,0,0.5954971157495683,0.6134281153656151,0.6395615542317893,2025-11-12T00:30Z,25.987098808527865,24.84586786501896,1.141230943508905,-1
401752904,2025,12,2025-11-15T02:00Z,2483,135,Oregon Ducks,Minnesota Golden Gophers,42,13,False,True,0.9277332634648927,1,0.964496547156716,0.9433988883940514,0.9632232903685873,2025-11-12T00:30Z,35.535664818994334,9.208581581230714,26.32708323776362,29
401752901,2025,12,2025-11-15T17:00Z,84,275,Indiana Hoosiers,Wisconsin Badgers,31,7,False,True,0.9504144336654217,1,0.9305813710911455,0.9578763686191509,0.9821781939935348,2025-11-12T00:30Z,36.21175370567903,6.132508921403298,30.07924478427573,24
401752772,2025,12,2025-11-15T17:00Z,245,2579,Texas A&M Aggies,South Carolina Gamecocks,31,30,False,True,0.8564717372497492,1,0.8482771738602268,0.8609860482707001,0.8664909628604895,2025-11-12T00:30Z,35.002354699492116,16.527578687426967,18.47477601206515,1
401754597,2025,12,2025-11-15T17:00Z,221,87,Pittsburgh Panthers,Notre Dame Fighting Irish,15,37,False,True,0.17758224590088909,0,0.16644384685829908,0.21849932310874431,0.17467988641140889,2025-11-12T00:30Z,21.934935978209445,37.918465728902305,-15.98352975069286,-22
401752905,2025,12,2025-11-15T17:00Z,77,130,Northwestern Wildcats,Michigan Wolverines,22,24,False,True,0.29455386901361896,0,0.17243563447082372,0.2895657994996216,0.24670475903376224,2025-11-12T00:30Z,13.243345271338365,22.46949328943716,-9.226148018098796,-2
401762510,2025,12,2025-11-15T17:00Z,2426,58,Navy Midshipmen,South Florida Bulls,41,38,False,True,0.23185389631845757,1,0.2808933499347931,0.3197059787539273,0.17310481267798805,2025-11-12T00:30Z,24.078059769181504,36.48850701556604,-12.410447246384539,3
401756951,2025,12,2025-11-15T17:00Z,2132,12,Cincinnati Bearcats,Arizona Wildcats,24,30,False,True,0.5654269529143867,0,0.5851746752728711,0.616769326151543,0.5513073150363235,2025-11-12T00:30Z,27.944014319924555,25.48902996554155,2.4549843543830043,-6
401756952,2025,12,2025-11-15T17:00Z,197,2306,Oklahoma State Cowboys,Kansas State Wildcats,6,14,False,True,0.12892805609917057,0,0.1223778609369151,0.09752015397364336,0.04356864893757391,2025-11-12T00:30Z,19.584977753659754,39.278546226843034,-19.69356847318328,-8
401757174,2025,12,2025-11-15T17:00Z,41,2005,UConn Huskies,Air Force Falcons,26,16,False,True,0.7606059012385,1,0.6948122598088645,0.6282710865797583,0.6981478213182487,2025-11-12T00:30Z,37.41700755315094,25.74274300411195,11.674264549038988,10
401762507,2025,12,2025-11-15T17:00Z,2429,2636,Charlotte 49ers,UTSA Roadrunners,7,28,False,True,0.17650492872127072,0,0.16013102454315034,0.1519482582743349,0.10023556210128082,2025-11-12T00:30Z,21.0289898735574,36.97910807385208,-15.950118200294682,-21
401762861,2025,12,2025-11-15T17:00Z,2050,2199,Ball State Cardinals,Eastern Michigan Eagles,9,24,False,True,0.4492560504296954,0,0.36524044933613625,0.430702111430993,0.40629156847235404,2025-11-12T00:30Z,25.10805845088901,27.329108655492764,-2.2210502046037526,-15
401752768,2025,12,2025-11-15T17:45Z,99,8,LSU Tigers,Arkansas Razorbacks,23,22,False,True,0.759999918489034,1,0.6522087097183812,0.6449035035654609,0.6878300326960085,2025-11-12T00:30Z,34.47042663342912,22.51327683893281,11.95714979449631,1
401752945,2025,12,2025-11-15T18:00Z,202,204,Tulsa Golden Hurricane,Oregon State Beavers,31,14,False,True,0.45906250479180916,1,0.44062676753643587,0.42011083358386414,0.3653561245828529,2025-11-12T00:30Z,24.95039866442049,26.996528754894477,-2.046130090473987,17
401756948,2025,12,2025-11-15T18:00Z,9,277,Arizona State Sun Devils,West Virginia Mountaineers,25,23,False,True,0.7961136841020818,1,0.8169993431149463,0.8164206768902826,0.8353986991646513,2025-11-12T00:30Z,30.515281993779034,16.61746328788107,13.897818705897965,2
401761651,2025,12,2025-11-15T19:00Z,2247,276,Georgia State Panthers,Marshall Thundering Herd,18,30,False,True,0.2330467018152118,0,0.3334657170036262,0.24683440443455956,0.16727564937333425,2025-11-12T00:30Z,28.553920032467968,40.46103540738329,-11.907115374915325,-12
401762506,2025,12,2025-11-15T19:00Z,5,249,UAB Blazers,North Texas Mean Green,24,53,False,True,0.14175807549584934,0,0.18527002753444613,0.17792844585184675,0.0650712414391072,2025-11-12T00:30Z,28.948210550045783,47.3414320276661,-18.39322147762032,-29
401757304,2025,12,2025-11-15T20:00Z,2623,2638,Missouri State Bears,UTEP Miners,38,24,False,True,0.7520293906878663,1,0.6136820215466317,0.7216435515295876,0.6864605347594033,2025-11-12T00:30Z,26.14657437107745,15.106946156795846,11.039628214281603,14
401760411,2025,12,2025-11-15T20:00Z,167,36,New Mexico Lobos,Colorado State Rams,20,17,False,True,0.8371725844060581,1,0.8384409457330327,0.8457222012012264,0.8416529875023387,2025-11-12T00:30Z,34.65309624064438,18.13586532594003,16.51723091470435,3
401752765,2025,12,2025-11-15T20:30Z,333,201,Alabama Crimson Tide,Oklahoma Sooners,21,23,False,True,0.7674624744855435,0,0.6406953058055449,0.6716781049433338,0.7084548262951911,2025-11-12T00:30Z,28.557399284114588,15.718786402148343,12.838612881966245,-2
401756953,2025,12,2025-11-15T20:30Z,2641,2116,Texas Tech Red Raiders,UCF Knights,48,9,False,True,0.915508284152423,1,0.9063610377032559,0.8852675809812593,0.9461491247205908,2025-11-12T00:30Z,35.12888972851667,10.643578881070146,24.48531084744652,39
401754592,2025,12,2025-11-15T20:30Z,103,59,Boston College Eagles,Georgia Tech Yellow Jackets,34,36,False,True,0.20708691032338575,0,0.15634467964242035,0.20141898400501382,0.12156406635641746,2025-11-12T00:30Z,21.686317641462193,35.35831366140732,-13.67199601994513,-2
401752907,2025,12,2025-11-15T20:30Z,30,2294,USC Trojans,Iowa Hawkeyes,26,21,False,True,0.6025727730493321,1,0.6858977797116176,0.645412986297814,0.6196915528284614,2025-11-12T00:30Z,26.84604291567068,22.62053511657036,4.2255077991003205,5
401752903,2025,12,2025-11-15T20:30Z,127,213,Michigan State Spartans,Penn State Nittany Lions,10,28,False,True,0.12485963337215734,0,0.21351608600705357,0.18842550086035761,0.17419897178967317,2025-11-12T00:30Z,18.043820742276615,38.287024994280245,-20.24320425200363,-18
401752906,2025,12,2025-11-15T20:30Z,356,120,Illinois Fighting Illini,Maryland Terrapins,24,6,False,True,0.743818853113497,1,0.7700613035791516,0.8083363587895855,0.8201351098031493,2025-11-12T00:30Z,34.14018926393275,23.604100553873494,10.536088710059254,18
401757303,2025,12,2025-11-15T20:30Z,98,2393,Western Kentucky Hilltoppers,Middle Tennessee Blue Raiders,42,26,False,True,0.7933475019192924,1,0.7303231358947567,0.8115226638526856,0.8227904533940248,2025-11-12T00:30Z,33.34989672871099,19.62946236009182,13.720434368619166,16
401760413,2025,12,2025-11-15T20:30Z,2440,23,Nevada Wolf Pack,San José State Spartans,55,10,False,True,0.2737532114168012,1,0.33539276837361,0.3338467763405984,0.2541578058418245,2025-11-12T00:30Z,20.94073176041096,31.168548627762213,-10.227816867351255,45
401761652,2025,12,2025-11-15T20:30Z,256,2026,James Madison Dukes,App State Mountaineers,58,10,False,True,0.9038210181161495,1,0.8964417129573088,0.9117375899471882,0.9301516391263206,2025-11-12T00:30Z,37.650738193850465,15.101353817674429,22.549384376176036,48
401761653,2025,12,2025-11-15T20:30Z,2433,6,UL Monroe Warhawks,South Alabama Jaguars,14,26,False,True,0.3180684237407357,0,0.374558550498995,0.2827399368491116,0.23284434060441664,2025-11-12T00:30Z,21.160690683607207,28.56604014414851,-7.405349460541302,-12
401761654,2025,12,2025-11-15T20:30Z,2572,326,Southern Miss Golden Eagles,Texas State Bobcats,14,41,False,True,0.6118814169483751,0,0.5678362851990737,0.470264732250148,0.5900842127518674,2025-11-12T00:30Z,37.27722701148352,32.94550760027064,4.33171941121288,-27
401754593,2025,12,2025-11-15T20:35Z,150,258,Duke Blue Devils,Virginia Cavaliers,17,34,False,True,0.5757558759812024,0,0.5989822174932637,0.6243780513854965,0.5320275638822473,2025-11-12T00:30Z,31.818339114425708,29.452964759424795,2.365374355000913,-17
401754595,2025,12,2025-11-15T20:40Z,2390,152,Miami Hurricanes,NC State Wolfpack,41,7,False,True,0.8659649205426705,1,0.8996745117981207,0.867797868677123,0.9117291205935321,2025-11-12T00:30Z,40.65164076473595,21.42897152329574,19.22266924144021,34
401762508,2025,12,2025-11-15T21:00Z,151,235,East Carolina Pirates,Memphis Tigers,31,27,False,True,0.5558241125136985,1,0.5061315366650166,0.5486651759052525,0.5215969105677716,2025-11-12T00:30Z,27.173557725124375,25.022593576096966,2.150964149027409,4
401762509,2025,12,2025-11-15T21:00Z,2655,2226,Tulane Green Wave,Florida Atlantic Owls,35,24,False,True,0.8217886452242161,1,0.8549969592094975,0.8506178222669976,0.901328470281297,2025-11-12T00:30Z,39.652682041546825,23.738802308324633,15.913879733222192,11
401752771,2025,12,2025-11-15T21:15Z,2633,166,Tennessee Volunteers,New Mexico State Aggies,42,9,False,True,0.9651209545599632,1,0.9735371009831315,0.9470362103556835,0.9779524887891519,2025-11-12T00:30Z,49.325004946439584,15.236571464664586,34.088433481775,33
401754596,2025,12,2025-11-15T21:30Z,154,153,Wake Forest Demon Deacons,North Carolina Tar Heels,28,12,False,True,0.6543781101698221,1,0.7230859039898593,0.632626730475077,0.7560180623124118,2025-11-12T00:30Z,22.73912883324509,16.41548937138025,6.32363946186484,16
401757301,2025,12,2025-11-15T22:00Z,2229,2335,Florida International Panthers,Liberty Flames,34,27,False,True,0.4594211088529017,1,0.4905601141533278,0.41621717064471275,0.4112056593769033,2025-11-12T00:30Z,26.89189156448864,28.54639256279849,-1.654500998309853,7
401761650,2025,12,2025-11-15T23:00Z,290,324,Georgia Southern Eagles,Coastal Carolina Chanticleers,45,40,False,True,0.5634339613555542,1,0.5206292107225663,0.5805191973479589,0.5744772122523267,2025-11-12T00:30Z,31.77410675015632,29.043277176429676,2.730829573726645,5
401752769,2025,12,2025-11-16T00:00Z,145,57,Ole Miss Rebels,Florida Gators,34,24,False,True,0.7833045853037204,1,0.7760315442382993,0.8605605840790669,0.8628833563465771,2025-11-12T00:30Z,31.42717268651404,18.315546342246044,13.111626344267997,10
401756949,2025,12,2025-11-16T00:00Z,239,254,Baylor Bears,Utah Utes,28,55,False,True,0.27711773477380797,0,0.3205004955155308,0.2674863470306475,0.14065127844361258,2025-11-12T00:30Z,25.472156529445833,36.20730557350425,-10.735149044058417,-27
401752902,2025,12,2025-11-16T00:00Z,264,2509,Washington Huskies,Purdue Boilermakers,49,13,False,True,0.8450440516452885,1,0.8572199625858593,0.865405156060595,0.8672281438230144,2025-11-12T00:30Z,32.02114286616652,15.160873329669538,16.860269536496983,36
401757300,2025,12,2025-11-16T00:00Z,2534,48,Sam Houston Bearkats,Delaware Blue Hens,26,23,False,True,0.33175431131385186,1,0.3859469378313291,0.3086482375068267,0.23923171098324653,2025-11-12T00:30Z,25.566767080818913,32.88863911097346,-7.321872030154545,3
401760414,2025,12,2025-11-16T00:00Z,2439,328,UNLV Rebels,Utah State Aggies,29,26,False,True,0.7215546634598248,1,0.6477225418344136,0.7425794577686708,0.6864783772838067,2025-11-12T00:30Z,40.90330769188044,30.886489614626427,10.016818077254015,3
401752900,2025,12,2025-11-16T00:30Z,194,26,Ohio State Buckeyes,UCLA Bruins,48,10,False,True,0.9701545750983315,1,0.9685305263984705,0.971553523897894,0.9797929865364013,2025-11-12T00:30Z,38.2556569398634,2.326304777310682,35.92935216255272,38
401752766,2025,12,2025-11-16T00:30Z,61,251,Georgia Bulldogs,Texas Longhorns,35,10,False,True,0.6616866691471415,1,0.6703938604770711,0.65536702151755,0.6567165804720838,2025-11-12T00:30Z,28.36003511710104,20.62112317439956,7.738911942701481,25
401754594,2025,12,2025-11-16T00:30Z,52,259,Florida State Seminoles,Virginia Tech Hokies,34,14,False,True,0.7867212965664073,1,0.8619179180556575,0.7864899765644422,0.8626325423524783,2025-11-12T00:30Z,33.785041298650455,20.65192492643833,13.133116372212125,20
401752770,2025,12,2025-11-16T00:45Z,142,344,Missouri Tigers,Mississippi State Bulldogs,49,27,False,True,0.7265919498721203,1,0.7863196761264722,0.7875095661177829,0.7388571420318115,2025-11-12T00:30Z,31.987914291508968,21.82538387813485,10.162530413374117,22
401757302,2025,12,2025-11-16T01:00Z,55,338,Jacksonville State Gamecocks,Kennesaw State Owls,35,26,False,True,0.5135676394164064,1,0.5166122441161695,0.6289772773535085,0.4351824346024012,2025-11-12T00:30Z,27.275913190259462,26.827319276540095,0.4485939137193675,9
401752953,2025,12,2025-11-16T03:00Z,265,2348,Washington State Cougars,Louisiana Tech Bulldogs,28,3,False,True,0.6114774167310949,1,0.6468623312170378,0.6329380053217075,0.6039148049629083,2025-11-12T00:30Z,23.685698732686642,19.19295291421441,4.492745818472233,25
401756950,2025,12,2025-11-16T03:15Z,252,2628,BYU Cougars,TCU Horned Frogs,44,13,False,True,0.6554058610521288,1,0.5989241522985451,0.6427322840908141,0.6938745762327349,2025-11-12T00:30Z,30.942780024668732,24.05237159215975,6.8904084325089805,31
401760410,2025,12,2025-11-16T03:30Z,21,68,San Diego State Aztecs,Boise State Broncos,17,7,False,True,0.3484815296670892,1,0.4795653937317042,0.4100639167729165,0.4194634424960753,2025-11-12T00:30Z,21.556947328423114,28.03899397675095,-6.482046648327838,10
401760412,2025,12,2025-11-16T03:30Z,278,2751,Fresno State Bulldogs,Wyoming Cowboys,24,3,False,True,0.5272404640273771,1,0.6274702481389108,0.6179031645919375,0.5949845750815088,2025-11-12T00:30Z,19.336867456185022,18.16966603099359,1.1672014251914327,21
401762862,2025,13,2025-11-19T00:00Z,189,2006,Bowling Green Falcons,Akron Zips,16,19,False,True,0.6936846855352543,0,0.7615780510293734,0.7289677483618731,0.7642455059673215,2025-11-19T00:00Z,27.65701414748738,19.61227766732803,8.04473648015935,-3
401762864,2025,13,2025-11-19T00:00Z,2459,2711,Northern Illinois Huskies,Western Michigan Broncos,19,35,False,True,0.4349539109767126,0,0.48319094818101815,0.519283023486603,0.38044262288038305,2025-11-19T00:00Z,14.32329003460158,17.245309739613177,-2.9220197050115964,-16
401762863,2025,13,2025-11-19T00:15Z,195,113,Ohio Bobcats,Massachusetts Minutemen,42,14,False,True,0.9649508394432775,1,0.9513520939368286,0.9771451753686955,0.9828680271721213,2025-11-19T00:00Z,40.81611192578805,7.032346764347025,33.783765161441025,28
401762865,2025,13,2025-11-20T00:00Z,2084,193,Buffalo Bulls,Miami (OH) RedHawks,20,37,False,True,0.46301601402466436,0,0.38363953361756287,0.451797160720023,0.37320265596873187,2025-11-19T00:00Z,21.56028652011074,23.122506360093336,-1.5622198399825962,-17
401762866,2025,13,2025-11-20T00:00Z,2309,2117,Kent State Golden Flashes,Central Michigan Chippewas,16,28,False,True,0.4040406824331138,0,0.4130238430541237,0.2732551188059155,0.2926784058809011,2025-11-19T00:00Z,23.932180588707304,28.69379608259694,-4.761615493889636,-12
401761655,2025,13,2025-11-21T00:30Z,2032,309,Arkansas State Red Wolves,Louisiana Ragin' Cajuns,30,34,False,True,0.5140609142882008,0,0.5276718667481318,0.5254478807093488,0.5237991915292224,2025-11-19T00:00Z,26.428963450936916,25.803411787202325,0.6255516637345906,-4
401754598,2025,13,2025-11-22T01:00Z,152,52,NC State Wolfpack,Florida State Seminoles,21,11,False,True,0.4444207472053464,1,0.28558744785093093,0.37622283641779375,0.2932032775456031,2025-11-19T00:00Z,29.212514484607638,31.639798769466942,-2.4272842848593044,10
401760418,2025,13,2025-11-22T03:30Z,2439,62,UNLV Rebels,Hawai'i Rainbow Warriors,38,10,False,True,0.6096443396309801,1,0.6545897932753996,0.6918226962545695,0.6368049330899045,2025-11-19T00:00Z,37.029287414948854,31.509062593958305,5.520224820990549,28
401752912,2025,13,2025-11-22T17:00Z,194,164,Ohio State Buckeyes,Rutgers Scarlet Knights,42,9,False,True,0.961380966840568,1,0.9783705709018664,0.9751219823359476,0.9761358688194036,2025-11-19T00:00Z,43.34278082900374,10.35877638438129,32.98400444462246,33
401752778,2025,13,2025-11-22T17:00Z,201,142,Oklahoma Sooners,Missouri Tigers,17,6,False,True,0.6977390582524253,1,0.693128539790717,0.6498888358105008,0.6845759278345214,2025-11-19T00:00Z,26.008703560882324,18.037852932763656,7.970850628118669,11
401754603,2025,13,2025-11-22T17:00Z,259,2390,Virginia Tech Hokies,Miami Hurricanes,17,34,False,True,0.12209225363673351,0,0.10948871298784531,0.14129928569454409,0.0592236948400997,2025-11-19T00:00Z,16.82508107720247,37.079209967397226,-20.254128890194757,-17
401752909,2025,13,2025-11-22T17:00Z,77,135,Northwestern Wildcats,Minnesota Golden Gophers,38,35,False,True,0.6061413157362386,1,0.6768125924396339,0.642448619659703,0.6743693519682455,2025-11-19T00:00Z,20.139920427369326,15.936476323572329,4.203444103796997,3
401754602,2025,13,2025-11-22T17:00Z,2567,97,SMU Mustangs,Louisville Cardinals,38,6,False,True,0.5928436827588994,1,0.5757063731810504,0.6463321730528879,0.5985219574607273,2025-11-19T00:00Z,27.529604912419984,24.189418740120658,3.340186172299326,32
401754606,2025,13,2025-11-22T17:00Z,154,48,Wake Forest Demon Deacons,Delaware Blue Hens,52,14,False,True,0.7991310882099066,1,0.8896088796176025,0.7189951923671029,0.8456084364223174,2025-11-19T00:00Z,32.86851890339502,19.157657427629058,13.710861475765963,38
401756958,2025,13,2025-11-22T17:00Z,66,2305,Iowa State Cyclones,Kansas Jayhawks,38,14,False,True,0.6498727199635619,1,0.6578349259941726,0.6399950686417806,0.6285857282793927,2025-11-19T00:00Z,29.787159428413343,23.64604623773863,6.141113190674712,24
401762512,2025,13,2025-11-22T17:00Z,349,202,Army Black Knights,Tulsa Golden Hurricane,25,26,False,True,0.815405503594494,0,0.7971150575510527,0.8740095704187001,0.8923516121487781,2025-11-19T00:00Z,28.962285346851225,13.816390266888405,15.14589507996282,-1
401752776,2025,13,2025-11-22T17:45Z,61,2429,Georgia Bulldogs,Charlotte 49ers,35,3,False,True,0.9952927202255054,1,0.9942322996338698,0.9912368934934237,0.9971781575899812,2025-11-19T00:00Z,52.92854558524269,-2.2749156506182384,55.20346123586093,32
401752954,2025,13,2025-11-22T18:00Z,256,265,James Madison Dukes,Washington State Cougars,24,20,False,True,0.8164027296944135,1,0.8078026576605783,0.8591490416813969,0.8094447022903396,2025-11-19T00:00Z,30.393561986532553,15.434171697183196,14.959390289349358,4
401756954,2025,13,2025-11-22T18:00Z,12,239,Arizona Wildcats,Baylor Bears,41,17,False,True,0.6494233478394347,1,0.6681845747968498,0.6315764906502437,0.7073476893125106,2025-11-19T00:00Z,35.650248493826325,28.744572283759815,6.90567621006651,24
401761657,2025,13,2025-11-22T18:00Z,290,295,Georgia Southern Eagles,Old Dominion Monarchs,10,45,False,True,0.32513684146781785,0,0.1912369353898249,0.27000022323447614,0.18891278879663687,2025-11-19T00:00Z,28.036358391431705,35.38336344935476,-7.347005057923056,-35
401757306,2025,13,2025-11-22T19:00Z,338,2623,Kennesaw State Owls,Missouri State Bears,41,34,False,True,0.5997659339197184,1,0.6429899701766658,0.6151659345669145,0.6746854454022492,2025-11-19T00:00Z,24.693333162215,20.712797714506237,3.980535447708764,7
401760419,2025,13,2025-11-22T19:00Z,2751,2440,Wyoming Cowboys,Nevada Wolf Pack,7,13,False,True,0.6827560676448055,0,0.6284907991044895,0.6551516430449555,0.6864869326903079,2025-11-19T00:00Z,22.65325938936965,15.000253238907842,7.65300615046181,-6
401762867,2025,13,2025-11-22T19:00Z,2649,2050,Toledo Rockets,Ball State Cardinals,38,9,False,True,0.9137954570458567,1,0.9543121364258221,0.9511374097244492,0.9616589038578004,2025-11-19T00:00Z,33.162371779846,9.124041446588386,24.038330333257612,29
401761656,2025,13,2025-11-22T19:30Z,2026,276,App State Mountaineers,Marshall Thundering Herd,26,24,False,True,0.3868428171922155,1,0.41204530926651833,0.3889527605680047,0.3145155215862957,2025-11-19T00:00Z,29.774414862977864,34.58558141418583,-4.811166551207968,2
401757175,2025,13,2025-11-22T20:00Z,2226,41,Florida Atlantic Owls,UConn Huskies,45,48,False,True,0.3785696187703305,0,0.42075913044140156,0.387173671590035,0.26136478741497376,2025-11-19T00:00Z,29.32109357260673,34.72225402688292,-5.401160454276191,-3
401757307,2025,13,2025-11-22T20:00Z,2348,2335,Louisiana Tech Bulldogs,Liberty Flames,34,28,False,True,0.5798479595074194,1,0.6265707430928183,0.5508162879729884,0.6854703162879604,2025-11-19T00:00Z,24.73064985909766,21.44630976092002,3.2843400981776405,6
401757308,2025,13,2025-11-22T20:00Z,2393,2534,Middle Tennessee Blue Raiders,Sam Houston Bearkats,31,17,False,True,0.606057922375218,1,0.7430901269062081,0.6537532533884405,0.6541070248081639,2025-11-19T00:00Z,27.715285005979396,23.30976143952467,4.405523566454725,14
401757309,2025,13,2025-11-22T20:00Z,2638,166,UTEP Miners,New Mexico State Aggies,31,34,False,True,0.5256228949215107,0,0.6132710074075617,0.6307432632001342,0.5710450588031656,2025-11-19T00:00Z,25.210937423545936,23.974373505115327,1.2365639184306083,-3
401762511,2025,13,2025-11-22T20:00Z,5,58,UAB Blazers,South Florida Bulls,18,48,False,True,0.10159974717052167,0,0.14432535086914758,0.1370221494177511,0.05235043631104486,2025-11-19T00:00Z,22.72964183592992,45.280226573517275,-22.550584737587354,-30
401752911,2025,13,2025-11-22T20:30Z,2483,30,Oregon Ducks,USC Trojans,42,27,False,True,0.7082010855917569,1,0.7583461404243736,0.7637999298809498,0.7105737035964976,2025-11-19T00:00Z,32.86519229894312,23.869257210184422,8.9959350887587,15
401754604,2025,13,2025-11-22T20:30Z,87,183,Notre Dame Fighting Irish,Syracuse Orange,70,7,False,True,0.9756554317395916,1,0.9784702974341156,0.9749236511720132,0.9833965880619913,2025-11-19T00:00Z,43.90216298694923,5.907683322079151,37.99447966487008,63
401752782,2025,13,2025-11-22T20:30Z,238,96,Vanderbilt Commodores,Kentucky Wildcats,45,17,False,True,0.7255868700944728,1,0.7297162608067027,0.7014026565701146,0.7877934821416938,2025-11-19T00:00Z,33.1206451859089,24.18650538471436,8.93413980119454,28
401752780,2025,13,2025-11-22T20:30Z,251,8,Texas Longhorns,Arkansas Razorbacks,52,37,False,True,0.8375714084082019,1,0.7910087117775141,0.7551050735940718,0.7826215903337662,2025-11-19T00:00Z,36.263462621859034,20.01835020355474,16.245112418304295,15
401752913,2025,13,2025-11-22T20:30Z,2294,127,Iowa Hawkeyes,Michigan State Spartans,20,17,False,True,0.9230542276907402,1,0.8899998643588749,0.9188139953548928,0.9372295416109143,2025-11-19T00:00Z,36.16345097089797,10.84355308976655,25.319897881131418,3
401754600,2025,13,2025-11-22T20:30Z,153,150,North Carolina Tar Heels,Duke Blue Devils,25,32,False,True,0.38166710582145275,0,0.3694938411652796,0.42269722738889665,0.24245637437705206,2025-11-19T00:00Z,23.67049910183278,28.322197878005635,-4.651698776172854,-7
401757305,2025,13,2025-11-22T20:30Z,2229,55,Florida International Panthers,Jacksonville State Gamecocks,27,21,False,True,0.4734894418210274,1,0.5149103963295409,0.4394176216355234,0.42245847520754776,2025-11-19T00:00Z,30.38911973415662,31.616123385965935,-1.2270036518093157,6
401761658,2025,13,2025-11-22T20:30Z,6,2572,South Alabama Jaguars,Southern Miss Golden Eagles,42,35,False,True,0.5893044438523575,1,0.5579919025287697,0.6791901552841895,0.49465957631289975,2025-11-19T00:00Z,27.468851042086804,24.115290249978102,3.353560792108702,7
401762513,2025,13,2025-11-22T20:30Z,2636,151,UTSA Roadrunners,East Carolina Pirates,58,24,False,True,0.37334172155947937,1,0.4047749744079617,0.4692713149859122,0.33310889253809495,2025-11-19T00:00Z,24.533921842154758,29.91214300279635,-5.378221160641591,34
401762515,2025,13,2025-11-22T20:45Z,218,2655,Temple Owls,Tulane Green Wave,13,37,False,True,0.31986029565567253,0,0.270156056703563,0.2558839238563152,0.25880708855633716,2025-11-19T00:00Z,24.52421221972704,32.242420875285056,-7.718208655558016,-24
401756960,2025,13,2025-11-22T21:00Z,254,2306,Utah Utes,Kansas State Wildcats,51,47,False,True,0.8146519013852305,1,0.8429267551407492,0.8613854295451879,0.9030721524146301,2025-11-19T00:00Z,35.18751423337558,19.724013394137806,15.463500839237774,4
401752914,2025,13,2025-11-22T21:00Z,120,130,Maryland Terrapins,Michigan Wolverines,20,45,False,True,0.2685284315277706,0,0.16048241231309715,0.20123569595070795,0.2137355183661389,2025-11-19T00:00Z,15.907014046485871,26.35057795516209,-10.44356390867622,-25
401756957,2025,13,2025-11-22T21:00Z,248,2628,Houston Cougars,TCU Horned Frogs,14,17,False,True,0.4654001148462388,0,0.4190578365315057,0.5231153671615936,0.45875691529291335,2025-11-19T00:00Z,28.631108338664472,29.47196406889224,-0.8408557302277693,-3
401756959,2025,13,2025-11-22T21:00Z,2116,197,UCF Knights,Oklahoma State Cowboys,17,14,False,True,0.8232696995713772,1,0.8332384440536336,0.8796249241004479,0.9110101051977283,2025-11-19T00:00Z,30.89298967678245,15.192779267905355,15.700210408877094,3
401761660,2025,13,2025-11-22T21:00Z,2653,2247,Troy Trojans,Georgia State Panthers,31,19,False,True,0.7950970159940327,1,0.7524188854775191,0.8112423848049232,0.8556990367788148,2025-11-19T00:00Z,31.720078414810143,18.41084460628894,13.309233808521203,12
401752779,2025,13,2025-11-22T21:15Z,2579,324,South Carolina Gamecocks,Coastal Carolina Chanticleers,51,7,False,True,0.9186573126935234,1,0.9263578055188877,0.8377292605989389,0.933554719878588,2025-11-19T00:00Z,37.02235065590752,12.39805068515075,24.624299970756773,44
401761659,2025,13,2025-11-22T22:00Z,326,2433,Texas State Bobcats,UL Monroe Warhawks,31,14,False,True,0.8743782138331974,1,0.8570022188944058,0.9210371695018112,0.9339320281467963,2025-11-19T00:00Z,41.276523487044166,21.94081138202958,19.335712105014586,17
401754601,2025,13,2025-11-23T00:00Z,59,221,Georgia Tech Yellow Jackets,Pittsburgh Panthers,28,42,False,True,0.5090522145128222,0,0.4972109266473869,0.5486829040022758,0.47042448218138866,2025-11-19T00:00Z,30.364221443621332,30.337272775585067,0.02694866803626539,-14
401752908,2025,13,2025-11-23T00:00Z,213,158,Penn State Nittany Lions,Nebraska Cornhuskers,37,10,False,True,0.8150343279476773,1,0.7416412770049744,0.7685679149169797,0.6935241007675536,2025-11-19T00:00Z,33.1182055575502,17.692871714620473,15.425333842929724,27
401760415,2025,13,2025-11-23T00:00Z,2005,167,Air Force Falcons,New Mexico Lobos,3,20,False,True,0.3994869846452504,0,0.32972664856515316,0.5050511157284849,0.3848536097397474,2025-11-19T00:00Z,28.228701952860323,32.54399133231233,-4.3152893794520075,-17
401760416,2025,13,2025-11-23T00:00Z,68,36,Boise State Broncos,Colorado State Rams,49,21,False,True,0.8834448032363823,1,0.866385981731079,0.8928533771030689,0.8831591327195748,2025-11-19T00:00Z,34.996839852577345,14.283557808685615,20.71328204389173,28
401752775,2025,13,2025-11-23T00:30Z,57,2633,Florida Gators,Tennessee Volunteers,11,31,False,True,0.4331583478670251,0,0.3974788276666926,0.3358966318284945,0.3177457215296136,2025-11-19T00:00Z,27.260267940704253,30.24072760141442,-2.980459660710167,-20
401752915,2025,13,2025-11-23T00:30Z,275,356,Wisconsin Badgers,Illinois Fighting Illini,27,10,False,True,0.3761976292255363,1,0.40327273121858265,0.387007629753529,0.26112969876871356,2025-11-19T00:00Z,19.92448299526169,24.970062777776754,-5.045579782515063,17
401754599,2025,13,2025-11-23T00:30Z,24,25,Stanford Cardinal,California Golden Bears,31,10,False,True,0.48073585636301575,1,0.5689221322288749,0.4867915745969399,0.47404085926719614,2025-11-19T00:00Z,24.121827144473905,24.432378499033426,-0.31055135455952154,21
401762514,2025,13,2025-11-23T00:30Z,242,249,Rice Owls,North Texas Mean Green,24,56,False,True,0.14082884337993976,0,0.13905489123089193,0.16014055907416735,0.059034264800022836,2025-11-19T00:00Z,22.369342067915053,40.96696701144817,-18.597624943533116,-32
401752777,2025,13,2025-11-23T00:45Z,99,98,LSU Tigers,Western Kentucky Hilltoppers,13,10,False,True,0.9107781036906197,1,0.9231291661794779,0.7899031495125424,0.9143184886009617,2025-11-19T00:00Z,35.84858105161529,11.992799274599607,23.855781777015686,3
401756955,2025,13,2025-11-23T01:00Z,2132,252,Cincinnati Bearcats,BYU Cougars,14,26,False,True,0.3279337521857866,0,0.43572924993625606,0.39533122259611553,0.2913167910953082,2025-11-19T00:00Z,22.10365518605265,29.549604781794166,-7.445949595741517,-12
401756956,2025,13,2025-11-23T01:00Z,38,9,Colorado Buffaloes,Arizona State Sun Devils,17,42,False,True,0.3743482670615995,0,0.36581928648558465,0.347740330645423,0.3112275995703544,2025-11-19T00:00Z,19.59484194124986,25.08822819115722,-5.49338624990736,-25
401752910,2025,13,2025-11-23T03:30Z,26,264,UCLA Bruins,Washington Huskies,14,48,False,True,0.28947877174969977,0,0.23448393297906267,0.24830903161240864,0.1712326578454261,2025-11-19T00:00Z,18.972687801803914,27.85047099000467,-8.877783188200755,-34
401760417,2025,13,2025-11-23T03:30Z,278,328,Fresno State Bulldogs,Utah State Aggies,17,28,False,True,0.5640738958356124,0,0.5525550761408554,0.6257137793510741,0.5579719817370256,2025-11-19T00:00Z,27.766180704383945,25.40978343449642,2.356397269887527,-11
401760420,2025,13,2025-11-23T03:30Z,21,23,San Diego State Aztecs,San José State Spartans,25,3,False,True,0.795233935789098,1,0.8025518536857787,0.8011567589538644,0.8787968235800868,2025-11-19T00:00Z,31.05839533867571,17.17149648225376,13.886898856421947,22
401762868,2025,14,2025-11-25T21:30Z,113,189,Massachusetts Minutemen,Bowling Green Falcons,14,45,False,True,0.19086136655225416,0,0.22925382591385263,0.17658277619309876,0.12151493489448313,2025-11-25T21:30Z,15.129680982190099,30.05533182609676,-14.925650843906663,-31
401762869,2025,14,2025-11-26T00:30Z,2199,2711,Eastern Michigan Eagles,Western Michigan Broncos,21,31,False,True,0.409230499948344,0,0.39738764156724166,0.42118440234408133,0.3210788698520243,2025-11-25T21:30Z,20.911741217017685,24.901129746693528,-3.9893885296758427,-10
401762516,2025,14,2025-11-28T00:30Z,235,2426,Memphis Tigers,Navy Midshipmen,17,28,False,True,0.7313768170696354,0,0.7230452041965274,0.7339035018972869,0.7610342765971599,2025-11-25T21:30Z,34.19922919311532,23.503893392831802,10.69533580028352,-11
401752788,2025,14,2025-11-28T17:00Z,344,145,Mississippi State Bulldogs,Ole Miss Rebels,19,38,False,True,0.22066856104951077,0,0.20673215566385034,0.1894101355480673,0.1790452318878016,2025-11-25T21:30Z,26.23033563275095,39.63177102373301,-13.401435390982058,-19
401756964,2025,14,2025-11-28T17:00Z,2305,254,Kansas Jayhawks,Utah Utes,21,31,False,True,0.19686893727632968,0,0.26229693773140317,0.20680307256194186,0.12213081967542416,2025-11-25T21:30Z,21.789886426865014,36.67282296492664,-14.882936538061625,-10
401752916,2025,14,2025-11-28T17:00Z,158,2294,Nebraska Cornhuskers,Iowa Hawkeyes,16,40,False,True,0.2924281195960062,0,0.35110239830481726,0.348700756497908,0.2973700365887146,2025-11-25T21:30Z,16.33876745069827,25.56051080387563,-9.22174335317736,-24
401762870,2025,14,2025-11-28T17:00Z,2084,195,Buffalo Bulls,Ohio Bobcats,26,31,False,True,0.30842684589691854,0,0.31848366851965765,0.3064325047512354,0.23003092184379498,2025-11-25T21:30Z,19.087745112134467,27.299692245205804,-8.211947133071337,-5
401762871,2025,14,2025-11-28T17:00Z,2459,2309,Northern Illinois Huskies,Kent State Golden Flashes,31,35,False,True,0.6726964041575183,0,0.7408241876064948,0.8331152453689437,0.7793653453003214,2025-11-25T21:30Z,26.56996588831619,19.26059361210088,7.30937227621531,-4
401760421,2025,14,2025-11-28T20:00Z,36,2005,Colorado State Rams,Air Force Falcons,21,42,False,True,0.5296715624755187,0,0.5483942333750941,0.4243288904027531,0.4875060858728567,2025-11-25T21:30Z,25.319664810502836,24.360533407809765,0.9591314026930711,-21
401752786,2025,14,2025-11-28T20:30Z,59,61,Georgia Tech Yellow Jackets,Georgia Bulldogs,9,16,True,True,0.09240162072408734,0,0.11704877813934271,0.15067682144872796,0.1205976731214205,2025-11-25T21:30Z,16.16208242641474,40.030488613601655,-23.868406187186913,-7
401760426,2025,14,2025-11-28T20:30Z,167,21,New Mexico Lobos,San Diego State Aztecs,23,17,False,True,0.5713869076677528,1,0.54446714009933,0.5777175051296296,0.487291520612382,2025-11-25T21:30Z,22.128645596884592,19.275845806267093,2.8527997906174996,6
401762442,2025,14,2025-11-28T20:30Z,249,218,North Texas Mean Green,Temple Owls,52,25,False,True,0.8839405460058886,1,0.9146691048779833,0.9354211293655359,0.9409486586298798,2025-11-25T21:30Z,45.881904725433465,25.535744963893837,20.346159761539628,27
401760422,2025,14,2025-11-28T21:00Z,328,68,Utah State Aggies,Boise State Broncos,24,25,False,True,0.35776667690397546,0,0.42545517809448524,0.3600932803108878,0.34036034670958965,2025-11-25T21:30Z,27.803713702760053,33.76699685152683,-5.963283148766774,-1
401752924,2025,14,2025-11-29T00:30Z,2509,84,Purdue Boilermakers,Indiana Hoosiers,3,56,False,True,0.055090772899641316,0,0.07884627335842893,0.045206765575336046,0.017769476845571116,2025-11-25T21:30Z,11.35259013590538,40.86654602856215,-29.513955892656767,-53
401752792,2025,14,2025-11-29T00:30Z,251,245,Texas Longhorns,Texas A&M Aggies,27,17,False,True,0.4709597576096704,1,0.49652233638986865,0.5095661906637975,0.43680118204162216,2025-11-25T21:30Z,27.910381212982475,29.87930002054626,-1.9689188075637851,10
401756961,2025,14,2025-11-29T02:00Z,9,12,Arizona State Sun Devils,Arizona Wildcats,7,23,False,True,0.5543118395349693,0,0.5593842668432711,0.6357257069689823,0.5022783892438883,2025-11-25T21:30Z,24.510125741645012,22.50885070907359,2.001275032571421,-16
401752921,2025,14,2025-11-29T17:00Z,130,194,Michigan Wolverines,Ohio State Buckeyes,9,27,False,True,0.21203935500582813,0,0.27867448020964897,0.22800050607898237,0.18164466505001628,2025-11-25T21:30Z,14.303907753611309,27.89407525468941,-13.590167501078103,-18
401756968,2025,14,2025-11-29T17:00Z,277,2641,West Virginia Mountaineers,Texas Tech Red Raiders,0,49,False,True,0.09910771498797641,0,0.10214546680230155,0.10385799554497213,0.04239748640618879,2025-11-25T21:30Z,16.013479999140735,38.866509737064234,-22.8530297379235,-49
401754611,2025,14,2025-11-29T17:00Z,221,2390,Pittsburgh Panthers,Miami Hurricanes,7,38,False,True,0.32668468425711467,0,0.2782305774665536,0.34089611117011676,0.2596746534456206,2025-11-25T21:30Z,26.10100036531665,33.539080747559616,-7.4380803822429655,-31
401752787,2025,14,2025-11-29T17:00Z,97,96,Louisville Cardinals,Kentucky Wildcats,41,0,False,True,0.5638583247613478,1,0.5873840848315521,0.6345007521358437,0.5883927987385812,2025-11-25T21:30Z,25.557840567130697,23.612254509733813,1.9455860573968842,41
401752790,2025,14,2025-11-29T17:00Z,2579,228,South Carolina Gamecocks,Clemson Tigers,14,28,False,True,0.5924500102752025,0,0.7166487812471536,0.6066837406659016,0.6651327012858913,2025-11-25T21:30Z,23.029486467781606,19.38898037486924,3.6405060929123643,-14
401756962,2025,14,2025-11-29T17:00Z,239,248,Baylor Bears,Houston Cougars,24,31,False,True,0.598826640023902,0,0.6341586406501067,0.5887225914385026,0.543177035156556,2025-11-25T21:30Z,32.57922499507984,29.46334210601331,3.1158828890665298,-7
401756965,2025,14,2025-11-29T17:00Z,2306,38,Kansas State Wildcats,Colorado Buffaloes,24,14,False,True,0.8226671965846668,1,0.8206299961006827,0.8508249103207756,0.8360551172348591,2025-11-25T21:30Z,36.548551331099304,20.95483363527647,15.593717695822836,10
401756966,2025,14,2025-11-29T17:00Z,197,66,Oklahoma State Cowboys,Iowa State Cyclones,13,20,False,True,0.15632116531162835,0,0.15683600915877138,0.14120602946778327,0.059508964903888184,2025-11-25T21:30Z,16.46051863131411,33.76800398707436,-17.30748535576025,-7
401762519,2025,14,2025-11-29T17:00Z,2226,151,Florida Atlantic Owls,East Carolina Pirates,3,42,False,True,0.33424872625848717,0,0.28794162742392965,0.33227041583604866,0.18644066502580306,2025-11-25T21:30Z,28.69152714166049,36.10308397592253,-7.41155683426204,-39
401762872,2025,14,2025-11-29T17:00Z,2117,2649,Central Michigan Chippewas,Toledo Rockets,3,21,False,True,0.32250999439295913,0,0.2036025373809606,0.236486081572779,0.15998478871792296,2025-11-25T21:30Z,18.18573303284764,25.286347845214852,-7.100614812367212,-18
401762875,2025,14,2025-11-29T17:00Z,193,2050,Miami (OH) RedHawks,Ball State Cardinals,45,24,False,True,0.8560809691437998,1,0.8988270863837321,0.8973832777603102,0.8894225921174217,2025-11-25T21:30Z,30.850243842143854,12.6636168230548,18.18662701908905,21
401756963,2025,14,2025-11-29T18:00Z,252,2116,BYU Cougars,UCF Knights,41,21,False,True,0.8756422715190352,1,0.8480666985058075,0.846403580475104,0.9203894373999224,2025-11-25T21:30Z,31.064531137032148,10.98882063031139,20.07571050672076,20
401757310,2025,14,2025-11-29T18:00Z,48,2638,Delaware Blue Hens,UTEP Miners,61,31,False,True,0.6835228498049813,1,0.4815532802571476,0.6515656731271589,0.628051034783283,2025-11-25T21:30Z,32.9892972039562,25.450631499373024,7.538665704583174,30
401757311,2025,14,2025-11-29T18:00Z,2534,2229,Sam Houston Bearkats,Florida International Panthers,16,56,False,True,0.3461099400752552,0,0.28433131399995903,0.308593070439663,0.25789802881755175,2025-11-25T21:30Z,23.359971731462313,30.031530713740846,-6.671558982278533,-40
401761663,2025,14,2025-11-29T18:30Z,276,290,Marshall Thundering Herd,Georgia Southern Eagles,19,24,False,True,0.784544087307305,0,0.7460868374139793,0.7971771765549787,0.7789382163474091,2025-11-25T21:30Z,41.120695218040694,28.025982178785203,13.094713039255492,-5
401757312,2025,14,2025-11-29T19:00Z,55,98,Jacksonville State Gamecocks,Western Kentucky Hilltoppers,37,34,False,True,0.527880976120676,1,0.518836449665417,0.5836603392328199,0.46672548117934853,2025-11-25T21:30Z,28.427690399485336,27.379571148233353,1.0481192512519826,3
401757314,2025,14,2025-11-29T19:00Z,2623,2348,Missouri State Bears,Louisiana Tech Bulldogs,30,42,False,True,0.5910721608036565,0,0.5051169365248207,0.5850621543364252,0.43813086902074855,2025-11-25T21:30Z,24.96068991464588,21.272824949939427,3.6878649647064528,-12
401761664,2025,14,2025-11-29T19:00Z,295,2247,Old Dominion Monarchs,Georgia State Panthers,27,10,False,True,0.9135570669983235,1,0.9378583611709944,0.943936156808258,0.9644146239728041,2025-11-25T21:30Z,39.91939705125564,16.04118589063412,23.87821116062152,17
401761661,2025,14,2025-11-29T19:30Z,2026,2032,App State Mountaineers,Arkansas State Red Wolves,29,30,False,True,0.5907842900684298,0,0.5664642231884468,0.5598544623243186,0.5246989833067799,2025-11-25T21:30Z,26.36226891553484,22.87738453923755,3.484884376297291,-1
401754608,2025,14,2025-11-29T20:00Z,183,103,Syracuse Orange,Boston College Eagles,12,34,False,True,0.6125315246999365,0,0.5813662496384412,0.5752832410978137,0.5923566801843753,2025-11-25T21:30Z,28.80397380259328,24.129940235088277,4.674033567505003,-22
401757315,2025,14,2025-11-29T20:00Z,166,2393,New Mexico State Aggies,Middle Tennessee Blue Raiders,24,31,False,True,0.6454008327270057,0,0.5902900457152837,0.6142706466044054,0.634411393543587,2025-11-25T21:30Z,29.279426515952032,23.290398720952524,5.989027794999508,-7
401761665,2025,14,2025-11-29T20:00Z,309,2433,Louisiana Ragin' Cajuns,UL Monroe Warhawks,30,27,False,True,0.8222183537164365,1,0.7483089350244736,0.8522600099456858,0.8623895580525743,2025-11-25T21:30Z,33.70134728620911,18.4639408566534,15.237406429555712,3
401761667,2025,14,2025-11-29T20:00Z,326,6,Texas State Bobcats,South Alabama Jaguars,49,26,False,True,0.6814796100677349,1,0.708799674790462,0.7302403066794547,0.7362605235289826,2025-11-25T21:30Z,37.945335274081835,30.197584621415132,7.747750652666703,23
401762517,2025,14,2025-11-29T20:00Z,202,5,Tulsa Golden Hurricane,UAB Blazers,24,31,False,True,0.6116815574434127,0,0.6045113914226583,0.5998530077756812,0.5908710675739416,2025-11-25T21:30Z,31.749530850243772,27.311829386019845,4.437701464223927,-7
401752917,2025,14,2025-11-29T20:30Z,264,2483,Washington Huskies,Oregon Ducks,14,26,False,True,0.29445914337745205,0,0.272321872941602,0.3105493171642123,0.24743785011681324,2025-11-25T21:30Z,22.307918256650197,31.98195027266984,-9.674032016019645,-12
401752789,2025,14,2025-11-29T20:30Z,201,99,Oklahoma Sooners,LSU Tigers,17,13,False,True,0.7160633745813977,1,0.7692230504850843,0.7590630860136993,0.7880716187216472,2025-11-25T21:30Z,22.713522270493748,13.842609381448321,8.870912889045426,4
401752791,2025,14,2025-11-29T20:30Z,2633,238,Tennessee Volunteers,Vanderbilt Commodores,24,45,False,True,0.6175745603574891,0,0.5770130226424205,0.6388793081676155,0.471085828074766,2025-11-25T21:30Z,37.30326593830401,32.08787897874898,5.215386959555026,-21
401752783,2025,14,2025-11-29T20:30Z,8,142,Arkansas Razorbacks,Missouri Tigers,17,31,False,True,0.40671300952344275,0,0.4387011094462672,0.4647145034239471,0.37357460285686306,2025-11-25T21:30Z,27.574160941113835,31.433463827132357,-3.859302886018522,-14
401752918,2025,14,2025-11-29T20:30Z,135,275,Minnesota Golden Gophers,Wisconsin Badgers,17,7,False,True,0.5150140256324152,1,0.40369055948346155,0.48305412417167715,0.4369001857168856,2025-11-25T21:30Z,18.357046591956944,17.877009796594688,0.4800367953622562,10
401752920,2025,14,2025-11-29T20:30Z,164,213,Rutgers Scarlet Knights,Penn State Nittany Lions,36,40,False,True,0.20185771651291948,0,0.14466955055439026,0.17043797743242872,0.16790413809647636,2025-11-25T21:30Z,21.828218476233058,36.240033748345844,-14.411815272112786,-4
401754610,2025,14,2025-11-29T20:30Z,150,154,Duke Blue Devils,Wake Forest Demon Deacons,49,32,False,True,0.5943981871652255,1,0.48633287917297763,0.5579572651121452,0.5673730798901311,2025-11-25T21:30Z,28.64527695991474,25.096389150661206,3.5488878092535323,17
401756967,2025,14,2025-11-29T20:30Z,2628,2132,TCU Horned Frogs,Cincinnati Bearcats,45,23,False,True,0.6450544899440648,1,0.6108963143257334,0.6385100638840981,0.5901544126882158,2025-11-25T21:30Z,29.639100069617776,24.032220507769257,5.606879561848519,22
401757313,2025,14,2025-11-29T20:30Z,2335,338,Liberty Flames,Kennesaw State Owls,42,48,False,True,0.5095231117499464,0,0.570969782266677,0.6299134422047145,0.4328084431365228,2025-11-25T21:30Z,27.06473009739117,26.915455935202978,0.1492741621881919,-6
401761666,2025,14,2025-11-29T20:30Z,2572,2653,Southern Miss Golden Eagles,Troy Trojans,18,28,False,True,0.5605467234688437,0,0.633321499515612,0.49370420660136843,0.5437107514695771,2025-11-25T21:30Z,26.09168713659192,24.137113773768025,1.9545733628238935,-10
401762441,2025,14,2025-11-29T20:30Z,2636,349,UTSA Roadrunners,Army Black Knights,24,27,False,True,0.7043851955172186,0,0.7141560065299352,0.7074647853631044,0.6705226947472313,2025-11-25T21:30Z,29.367508148217798,20.576336242957648,8.79117190526015,-3
401761662,2025,14,2025-11-29T20:45Z,324,256,Coastal Carolina Chanticleers,James Madison Dukes,10,59,False,True,0.1304301859438008,0,0.11880293828501623,0.08300435386100839,0.059716960846062914,2025-11-25T21:30Z,19.724908727852494,39.09319403007451,-19.368285302222013,-49
401752785,2025,14,2025-11-29T21:30Z,57,52,Florida Gators,Florida State Seminoles,40,21,False,True,0.6220093917239985,1,0.49233725861108557,0.47585379630644675,0.4219917545173245,2025-11-25T21:30Z,22.29243527890572,17.15593413571477,5.1365011431909515,19
401752946,2025,14,2025-11-29T23:30Z,265,204,Washington State Cougars,Oregon State Beavers,32,8,False,True,0.8637246985108469,1,0.859596217931446,0.8808564795340836,0.9050123560084539,2025-11-25T21:30Z,30.424265951344225,11.615498489799748,18.808767461544477,24
401754613,2025,14,2025-11-30T00:00Z,258,259,Virginia Cavaliers,Virginia Tech Hokies,27,7,False,True,0.7891948097683401,1,0.692938492931081,0.7541158432892268,0.833667079939695,2025-11-25T21:30Z,34.81861683047318,21.6527013176142,13.165915512858984,20
401752923,2025,14,2025-11-30T00:00Z,127,120,Michigan State Spartans,Maryland Terrapins,38,28,True,True,0.4180713516072971,1,0.5063611483973043,0.5232139772214925,0.47982069591751647,2025-11-25T21:30Z,23.669297975112,26.888517349708625,-3.2192193745966264,10
401762520,2025,14,2025-11-30T00:00Z,58,242,South Florida Bulls,Rice Owls,52,3,False,True,0.9393225572463827,1,0.9511036726673487,0.9434131767288682,0.9705743674139784,2025-11-25T21:30Z,41.858445216102844,13.60705936939496,28.251385846707883,49
401752784,2025,14,2025-11-30T00:30Z,2,333,Auburn Tigers,Alabama Crimson Tide,20,27,False,True,0.241090495546655,0,0.3438163595954642,0.32458335947483136,0.2343529000939846,2025-11-25T21:30Z,16.196889368185595,28.07606263445235,-11.879173266266754,-7
401752919,2025,14,2025-11-30T00:30Z,30,26,USC Trojans,UCLA Bruins,29,10,False,True,0.914457098282604,1,0.9077334806162932,0.92470242962533,0.951603475676468,2025-11-25T21:30Z,39.34568677987087,14.820474943881642,24.525211835989225,19
401762518,2025,14,2025-11-30T00:30Z,2655,2429,Tulane Green Wave,Charlotte 49ers,27,0,False,True,0.9441946187379082,1,0.9461162490983381,0.9560111798855351,0.9681023605652722,2025-11-25T21:30Z,39.34959466732258,10.307987008964254,29.041607658358323,27
401752922,2025,14,2025-11-30T00:30Z,356,77,Illinois Fighting Illini,Northwestern Wildcats,20,13,False,True,0.6735866420695599,1,0.7089000345534721,0.7140765977562054,0.7440193437958614,2025-11-25T21:30Z,29.21679240062834,21.987798655229327,7.228993745399013,7
401754612,2025,14,2025-11-30T00:30Z,152,153,NC State Wolfpack,North Carolina Tar Heels,42,19,False,True,0.7570760042148112,1,0.7567670241847219,0.7092102870690027,0.814620240300338,2025-11-25T21:30Z,31.83160246789951,20.106556834593345,11.725045633306166,23
401754609,2025,14,2025-11-30T01:00Z,25,2567,California Golden Bears,SMU Mustangs,38,35,False,True,0.180646542300836,1,0.1827606752075039,0.14997390116675957,0.112918113465957,2025-11-25T21:30Z,18.169947145866946,33.50826921785936,-15.338322071992412,3
401760425,2025,14,2025-11-30T02:00Z,2440,2439,Nevada Wolf Pack,UNLV Rebels,17,42,False,True,0.24913654331504775,0,0.31063676048735134,0.2822122275375698,0.19276837729126498,2025-11-25T21:30Z,22.7680662047288,34.76207820063612,-11.994011995907318,-25
401754614,2025,14,2025-11-30T03:30Z,24,87,Stanford Cardinal,Notre Dame Fighting Irish,20,49,False,True,0.04985809179940803,0,0.039073689535750286,0.03770783916104678,0.023045018921568114,2025-11-25T21:30Z,9.63547161877414,39.54800677448315,-29.91253515570901,-29
401760423,2025,14,2025-11-30T03:30Z,23,278,San José State Spartans,Fresno State Bulldogs,14,41,False,True,0.496444434349657,0,0.46033178232168054,0.45292833053475573,0.34060909335341183,2025-11-25T21:30Z,25.673459451168704,26.36742052326713,-0.6939610720984248,-27
401760424,2025,14,2025-11-30T04:00Z,62,2751,Hawai'i Rainbow Warriors,Wyoming Cowboys,27,7,False,True,0.7262594462130856,1,0.6835391010698191,0.6836714125339738,0.7239830760053075,2025-11-25T21:30Z,26.352951378310777,16.713031557118903,9.639919821191874,20
401777352,2025,15,2025-12-06T00:00Z,256,2653,James Madison Dukes,Troy Trojans,31,14,False,True,0.8993407265763061,1,0.9263272828840647,0.9373422875393078,0.938457737820424,2025-12-06T00:00Z,35.200695613682456,13.08896534680704,22.111730266875416,17
401777325,2025,15,2025-12-06T00:00Z,55,338,Jacksonville State Gamecocks,Kennesaw State Owls,15,19,False,True,0.5148715722533979,0,0.5675656659297362,0.6061110319914423,0.43858513457398646,2025-12-06T00:00Z,30.320406692036638,29.818167722449854,0.5022389695867844,-4
401777324,2025,15,2025-12-06T01:00Z,2655,249,Tulane Green Wave,North Texas Mean Green,34,21,False,True,0.46672505409185083,1,0.4342876367462342,0.45126057638212513,0.31682196579216276,2025-12-06T00:00Z,34.132879939561846,35.4021063782389,-1.2692264386770518,13
401777326,2025,15,2025-12-06T01:00Z,68,2439,Boise State Broncos,UNLV Rebels,38,21,False,True,0.6252290346030065,1,0.6019982554973511,0.6079877050255057,0.6199153491301646,2025-12-06T00:00Z,34.002871377616735,29.348535524034318,4.654335853582417,17
401777327,2025,15,2025-12-06T17:00Z,2641,252,Texas Tech Red Raiders,BYU Cougars,34,7,True,True,0.6657287512610798,1,0.7430778868648967,0.7460896294622401,0.7666974718272844,2025-12-06T00:00Z,29.270774625996115,22.196876353758725,7.07389827223739,27
401777329,2025,15,2025-12-06T17:00Z,2711,193,Western Michigan Broncos,Miami (OH) RedHawks,23,13,True,True,0.501162051450947,1,0.45231755395690576,0.43005447493206433,0.511651596658023,2025-12-06T00:00Z,21.94903626900698,21.820638921424862,0.12839734758211918,10
401777351,2025,15,2025-12-06T21:00Z,333,61,Alabama Crimson Tide,Georgia Bulldogs,7,28,True,True,0.49167879472370885,0,0.4788373561889665,0.4494190837274368,0.5409724829177426,2025-12-06T00:00Z,24.980730899167572,25.382732317252515,-0.40200141808494294,-21
401777353,2025,15,2025-12-07T01:00Z,194,84,Ohio State Buckeyes,Indiana Hoosiers,10,13,True,True,0.6012116452017054,0,0.6183513153225157,0.5728095714462238,0.41541629804666225,2025-12-06T00:00Z,26.472043281072736,22.075357233848234,4.396686047224502,-3
401777328,2025,15,2025-12-07T01:00Z,258,150,Virginia Cavaliers,Duke Blue Devils,20,27,True,True,0.5862688553859353,0,0.6113700871608325,0.577996635997642,0.6279445615540707,2025-12-06T00:00Z,32.560878187280764,28.4461673422787,4.114710845002065,-7
401762521,2025,16,2025-12-13T20:00Z,2426,349,Navy Midshipmen,Army Black Knights,17,16,True,True,0.5731898957313166,1,0.6586132285049989,0.5669644210926812,0.5532122933160255,2025-12-13T20:00Z,22.78803546392516,20.47678009797089,2.311255365954267,1
401778302,2025,31,2025-12-14T01:00Z,264,68,Washington Huskies,Boise State Broncos,38,10,True,True,0.6799163619451976,1,0.7783065537094785,0.5898878852611427,0.7359530302672892,2025-12-14T01:00Z,29.913190492003416,22.53624081864938,7.376949673354037,28
401778303,2025,31,2025-12-17T02:00Z,55,2653,Jacksonville State Gamecocks,Troy Trojans,17,13,True,True,0.48239336756881795,1,0.5236061778722103,0.5514522333189764,0.44500021295109604,2025-12-14T01:00Z,23.658043676407146,24.364709188784357,-0.7066655123772101,4
401778304,2025,31,2025-12-17T22:00Z,58,295,South Florida Bulls,Old Dominion Monarchs,10,24,True,True,0.6776591528043209,0,0.616066731199698,0.61032221099098,0.7390712274872249,2025-12-14T01:00Z,35.55757500299667,27.738005971419337,7.819569031577334,-14
401778305,2025,31,2025-12-18T01:40Z,48,309,Delaware Blue Hens,Louisiana Ragin' Cajuns,20,13,True,True,0.4503321258080019,1,0.41312041094468943,0.45879438029207775,0.45992591050834464,2025-12-14T01:00Z,32.00900488835059,34.085859617451796,-2.076854729101207,7
401838053,2025,31,2025-12-19T02:00Z,2032,2623,Arkansas State Red Wolves,Missouri State Bears,34,28,True,True,0.4505671154529938,1,0.419895211171784,0.43094070372694737,0.4569224557577745,2025-12-14T01:00Z,23.59804649420226,25.436643269127813,-1.838596774925552,6
401778306,2025,31,2025-12-19T16:00Z,2711,338,Western Michigan Broncos,Kennesaw State Owls,41,6,True,True,0.5393253637733489,1,0.5787370013729399,0.5233012777944476,0.5065585397837575,2025-12-14T01:00Z,24.947208191487398,23.19411978594078,1.7530884055466167,35
401778307,2025,31,2025-12-19T19:30Z,152,235,NC State Wolfpack,Memphis Tigers,31,7,True,True,0.541810495978582,1,0.4404389953199355,0.38278401950042673,0.4709730660552571,2025-12-14T01:00Z,31.50791321427798,29.869597861263923,1.6383153530140575,24
401779840,2025,31,2025-12-20T01:00Z,201,333,Oklahoma Sooners,Alabama Crimson Tide,24,34,False,True,0.4565875947378944,0,0.559216731461292,0.5450092147492441,0.4857978929768242,2025-12-14T01:00Z,19.38346771244972,21.926326149234008,-2.5428584367842895,-10
401779841,2025,31,2025-12-20T17:00Z,245,2390,Texas A&M Aggies,Miami Hurricanes,3,10,False,True,0.5842152814716373,0,0.5282840949995933,0.49402490020432754,0.44018497658934497,2025-12-14T01:00Z,30.07889489104048,26.801250828825406,3.2776440622150744,-7
401779842,2025,31,2025-12-20T20:30Z,145,2655,Ole Miss Rebels,Tulane Green Wave,41,10,False,True,0.8682557589987698,1,0.8536170960036605,0.8167382211750402,0.8814121916559046,2025-12-14T01:00Z,37.71573272137774,18.418903360532475,19.296829360845265,31
401779843,2025,31,2025-12-21T00:30Z,2483,256,Oregon Ducks,James Madison Dukes,51,34,False,True,0.8421304250441267,1,0.8753019741725959,0.7000891142506064,0.87236559824979,2025-12-14T01:00Z,35.81627803146216,18.296517580718273,17.519760450743888,17
401778308,2025,31,2025-12-22T19:00Z,328,265,Utah State Aggies,Washington State Cougars,21,34,True,True,0.38327755196905283,0,0.40015237030558065,0.34766440547522937,0.3448092845074026,2025-12-14T01:00Z,22.83154137345713,27.472085726611013,-4.6405443531538815,-13
401778309,2025,31,2025-12-23T19:00Z,97,2649,Louisville Cardinals,Toledo Rockets,27,22,True,True,0.6754593326883059,1,0.6492371758116118,0.5145066934665403,0.6590422798598001,2025-12-14T01:00Z,25.36848308745826,17.709454974823856,7.659028112634402,5
401778310,2025,31,2025-12-23T22:30Z,2572,98,Southern Miss Golden Eagles,Western Kentucky Hilltoppers,16,27,True,True,0.4063494660059203,0,0.4457698168408621,0.3061088488181557,0.3981690677117962,2025-12-14T01:00Z,26.25216622423109,30.615260593959032,-4.363094369727943,-11
401778311,2025,31,2025-12-24T02:00Z,195,2439,Ohio Bobcats,UNLV Rebels,17,10,True,True,0.46310870702535495,1,0.37967824177448894,0.4529449585659507,0.35821263542449217,2025-12-14T01:00Z,27.947137425784792,30.166592334015007,-2.2194549082302153,7
401778312,2025,31,2025-12-25T01:00Z,62,25,Hawai'i Rainbow Warriors,California Golden Bears,35,31,False,True,0.5550837877177576,1,0.5936258282685564,0.6370344270740423,0.5777615874146811,2025-12-14T01:00Z,28.945457549211472,27.226968067409114,1.718489481802358,4
401778313,2025,31,2025-12-26T18:00Z,77,2117,Northwestern Wildcats,Central Michigan Chippewas,34,7,True,True,0.756094839033884,1,0.7980034983552068,0.6712641897633971,0.8546589177512,2025-12-14T01:00Z,25.460525345695146,14.617017761185206,10.84350758450994,27
401778314,2025,31,2025-12-26T21:30Z,135,167,Minnesota Golden Gophers,New Mexico Lobos,20,17,True,True,0.5907019033388287,1,0.4739680547085045,0.4300300943979918,0.5180608769553078,2025-12-14T01:00Z,25.601603151781728,21.847593570597116,3.7540095811846115,3
401778315,2025,31,2025-12-27T01:00Z,2636,2229,UTSA Roadrunners,Florida International Panthers,57,20,True,True,0.6558718441630748,1,0.6779019311727335,0.6607268431118132,0.7523510886588997,2025-12-14T01:00Z,35.634108420650406,28.714715997226936,6.919392423423471,37
401778316,2025,31,2025-12-27T16:00Z,151,221,East Carolina Pirates,Pittsburgh Panthers,23,17,True,True,0.3847892492217679,1,0.3556639148570082,0.5053168825143945,0.36661858415702103,2025-12-14T01:00Z,26.16993950180459,31.12042802565556,-4.9504885238509715,6
401778317,2025,31,2025-12-27T17:00Z,228,213,Clemson Tigers,Penn State Nittany Lions,10,22,True,True,0.3887188801540534,0,0.301844164532864,0.34944884802760157,0.29525619318724916,2025-12-14T01:00Z,22.762911775700857,27.954468554769946,-5.191556779069089,-12
401778318,2025,31,2025-12-27T19:15Z,349,41,Army Black Knights,UConn Huskies,41,16,True,True,0.44310795015706406,1,0.49059315065163017,0.5299679709331242,0.5205241046046278,2025-12-14T01:00Z,22.51255808812294,24.668610884819202,-2.1560527966962617,25
401778319,2025,31,2025-12-27T20:40Z,252,59,BYU Cougars,Georgia Tech Yellow Jackets,25,21,True,True,0.7047780235345079,1,0.6678855635556407,0.6659805906319091,0.7712317667816114,2025-12-14T01:00Z,30.833964749041108,21.617642492150612,9.216322256890496,4
401778320,2025,31,2025-12-27T21:30Z,278,193,Fresno State Bulldogs,Miami (OH) RedHawks,18,3,True,True,0.4483901869716666,1,0.5409510947422931,0.4862799697738084,0.5638900735664777,2025-12-14T01:00Z,21.324126021831965,23.036967385456983,-1.7128413636250173,15
401778321,2025,31,2025-12-27T22:45Z,21,249,San Diego State Aztecs,North Texas Mean Green,47,49,True,True,0.31692216817222263,0,0.29462499881552684,0.286614836411356,0.2608768826612914,2025-12-14T01:00Z,24.99959124003645,32.69452851267885,-7.694937272642399,-2
401778322,2025,31,2025-12-28T00:30Z,142,258,Missouri Tigers,Virginia Cavaliers,7,13,True,True,0.6692072618123639,0,0.7390930354510379,0.6873277011116152,0.6496065915637033,2025-12-14T01:00Z,26.4682962112433,19.240590338954014,7.227705872289285,-6
401778323,2025,31,2025-12-28T02:20Z,248,99,Houston Cougars,LSU Tigers,38,35,True,True,0.2539375896448048,1,0.24694451303147777,0.3692499535619399,0.33656294400443126,2025-12-14T01:00Z,15.844562409896357,26.570478079485852,-10.725915669589495,3
401778324,2025,31,2025-12-29T19:00Z,2026,290,App State Mountaineers,Georgia Southern Eagles,10,29,True,True,0.5494135716572921,0,0.5100310169835696,0.49813794771703,0.4954619809576629,2025-12-14T01:00Z,31.408477183469934,29.57919713309726,1.8292800503726738,-19
401778325,2025,31,2025-12-30T19:00Z,2348,324,Louisiana Tech Bulldogs,Coastal Carolina Chanticleers,23,14,True,True,0.6507033379006075,1,0.7218659213070912,0.7613182986978232,0.805448165878042,2025-12-14T01:00Z,31.884769009549252,25.389842541178087,6.494926468371165,9
401778326,2025,31,2025-12-30T22:30Z,356,2633,Illinois Fighting Illini,Tennessee Volunteers,30,28,True,True,0.3010167119855495,1,0.32551867346972313,0.3407912358387576,0.4189944138207901,2025-12-14T01:00Z,27.675075207991785,36.646614909234295,-8.97153970124251,2
401778327,2025,31,2025-12-31T02:00Z,2628,30,TCU Horned Frogs,USC Trojans,30,27,True,True,0.278461917184152,1,0.2660447130637223,0.29982207159220353,0.21236261771638998,2025-12-14T01:00Z,24.431504182625215,34.67555665018857,-10.244052467563353,3
401778328,2025,31,2025-12-31T17:00Z,238,2294,Vanderbilt Commodores,Iowa Hawkeyes,27,34,True,True,0.5107291912348794,0,0.5684251442789422,0.507912562068805,0.5244644268204611,2025-12-14T01:00Z,26.504563067884472,26.471108373754358,0.03345469413011415,-7
401778329,2025,31,2025-12-31T19:00Z,150,9,Duke Blue Devils,Arizona State Sun Devils,42,39,True,True,0.4900187864763859,1,0.36701203094470103,0.4146728448057912,0.444344433021749,2025-12-14T01:00Z,26.256259159359388,27.39705925057582,-1.1408000912164304,3
401778330,2025,31,2025-12-31T20:00Z,251,130,Texas Longhorns,Michigan Wolverines,41,27,True,True,0.6650971873004434,1,0.5362226388869306,0.5274741274541788,0.5374007215907001,2025-12-14T01:00Z,25.22297455950431,18.870773530035024,6.352201029469285,14
401778331,2025,31,2025-12-31T20:30Z,254,158,Utah Utes,Nebraska Cornhuskers,44,22,True,True,0.7986533459286433,1,0.7543237122397568,0.8087328451473536,0.8612978327117761,2025-12-14T01:00Z,33.911143555404145,19.47343441034369,14.437709145060456,22
401769070,2025,31,2026-01-01T00:30Z,194,2390,Ohio State Buckeyes,Miami Hurricanes,14,24,True,True,0.6911653019886809,0,0.7084314998501352,0.7383185453012701,0.7128455286478228,2025-12-14T01:00Z,24.577047696468252,16.21248474860256,8.364562947865693,-10
401769071,2025,31,2026-01-01T17:00Z,2641,2483,Texas Tech Red Raiders,Oregon Ducks,0,23,True,True,0.45485953597019396,0,0.3955184082573622,0.47756704073755196,0.5285235083761026,2025-12-14T01:00Z,25.762647687217076,27.69259379901966,-1.929946111802586,-23
401769072,2025,31,2026-01-01T21:00Z,84,333,Indiana Hoosiers,Alabama Crimson Tide,38,3,True,True,0.617172081265454,1,0.7006708792418461,0.7777069597493176,0.8336219498412112,2025-12-14T01:00Z,26.95044763127803,22.308087319175407,4.642360312102625,35
401769073,2025,31,2026-01-02T01:00Z,61,145,Georgia Bulldogs,Ole Miss Rebels,34,39,True,True,0.6802773673815136,0,0.6523950096189524,0.5746324078168852,0.5676899047313426,2025-12-14T01:00Z,31.522365667740807,23.636135577839646,7.8862300899011615,-5
401778332,2025,31,2026-01-02T18:00Z,326,242,Texas State Bobcats,Rice Owls,41,10,True,True,0.8044834802280674,1,0.8283789960657235,0.8717360088479593,0.8654936345161904,2025-12-14T01:00Z,37.45040096479933,23.146910753198632,14.303490211600696,31
401778333,2025,31,2026-01-02T21:30Z,2132,2426,Cincinnati Bearcats,Navy Midshipmen,13,35,True,True,0.6011005897068308,0,0.6310876745358617,0.4606112312137436,0.6487438019232787,2025-12-14T01:00Z,28.65555703046739,24.367012754606886,4.288544275860502,-22
401831583,2025,31,2026-01-03T01:00Z,2567,12,SMU Mustangs,Arizona Wildcats,24,19,True,True,0.5924415464355497,1,0.5383009136401736,0.6711260972407576,0.5292085526327696,2025-12-14T01:00Z,27.544082627552314,24.21487862627447,3.3292040012778443,5
401778334,2025,31,2026-01-03T01:00Z,344,154,Mississippi State Bulldogs,Wake Forest Demon Deacons,29,43,True,True,0.5578805309476985,0,0.45719296356547046,0.4331275761421428,0.5397401601328997,2025-12-14T01:00Z,29.831766027270632,27.016044641190636,2.8157213860799963,-14
401769075,2025,31,2026-01-09T00:30Z,145,2390,Ole Miss Rebels,Miami Hurricanes,27,31,True,True,0.4516048482065225,0,0.37280998180465896,0.45594284337231794,0.3949894472113428,2025-12-14T01:00Z,27.2558039979488,29.138491153605706,-1.8826871556569067,-4
401769074,2025,31,2026-01-10T00:30Z,84,2483,Indiana Hoosiers,Oregon Ducks,56,22,True,True,0.5621050364916736,1,0.49082133848889,0.5798766462632287,0.6760176226875749,2025-12-14T01:00Z,27.484617592446014,25.1861913743449,2.2984262181011132,34
401769076,2025,31,2026-01-20T00:30Z,84,2390,Indiana Hoosiers,Miami Hurricanes,27,21,False,True,0.7013327695465714,1,0.6997937199985939,0.763028245017856,0.8185542438733097,2025-12-14T01:00Z,29.348477272344386,20.78788302652196,8.560594245822426,6
401856766,2026,1,2026-08-29T16:00Z,2628,153,TCU Horned Frogs,North Carolina Tar Heels,10,15,True,True,0.7280453784324756,0,0.7259121629103414,0.7157713878906949,0.7873882673074578,2026-08-29T16:00Z,31.516850149997225,21.39654383440881,10.120306315588415,-5
401864494,2026,1,2026-08-29T19:00Z,30,23,USC Trojans,San José State Spartans,42,26,False,True,0.9690957994108307,1,0.9764254291264833,0.8716212578864106,0.9428645230889469,2026-08-29T16:00Z,48.20421722831028,13.00750639065479,35.19671083765549,16
401858202,2026,1,2026-08-29T19:30Z,258,152,Virginia Cavaliers,NC State Wolfpack,34,8,False,True,0.509808956461501,1,0.4820750108956469,0.6395608269639316,0.6275515434129992,2026-08-29T16:00Z,27.14128351430941,26.951285605373222,0.1899979089361885,26
401864577,2026,1,2026-08-29T21:30Z,2449,55,North Dakota State Bison,Jacksonville State Gamecocks,33,7,False,True,0.7127249838006597,1,0.6614712273448253,0.6318823882720964,0.7193875660244368,2026-08-29T16:00Z,32.5594478254121,23.434249197382833,9.125198628029267,26
401866408,2026,1,2026-08-29T22:30Z,2199,16,Eastern Michigan Eagles,Sacramento State Hornets,28,17,False,True,0.3949690857860284,1,0.448099073862064,0.4479473430414862,0.3097598295163272,2026-08-29T16:00Z,26.643764672940662,31.240019021608916,-4.596254348668253,11
401858201,2026,1,2026-08-29T23:00Z,24,62,Stanford Cardinal,Hawai'i Rainbow Warriors,37,27,False,True,0.5816516400278502,1,0.5065537155963797,0.5272072346732826,0.5300513631091063,2026-08-29T16:00Z,29.191042047996593,26.017387630722958,3.173654417273635,10
401864570,2026,1,2026-08-29T23:00Z,52,166,Florida State Seminoles,New Mexico State Aggies,34,17,False,True,0.9453633928042362,1,0.9481547957643288,0.8208014104224259,0.9012525520562282,2026-08-29T16:00Z,41.784537419863696,12.698747239884648,29.08579017997905,17
401862693,2026,1,2026-08-30T02:00Z,2439,235,UNLV Rebels,Memphis Tigers,21,27,False,True,0.543990785402097,0,0.5462564523064609,0.6203763997091059,0.5365986960998405,2026-08-29T16:00Z,31.628062342608835,30.028246173506297,1.5998161691025388,-6
401858423,2026,1,2026-09-03T22:00Z,164,113,Rutgers Scarlet Knights,Massachusetts Minutemen,21,37,False,True,0.957758893527181,0,0.9618703630582863,0.8973152270542428,0.9533141656662596,2026-08-29T16:00Z,46.9560521292241,15.091939013059843,31.864113116164255,-16
401858204,2026,1,2026-09-03T23:00Z,154,2006,Wake Forest Demon Deacons,Akron Zips,38,16,False,True,0.8754881972873582,1,0.8870082171787842,0.8085341129207189,0.8907846399596265,2026-08-29T16:00Z,36.80528302356621,16.974001333640064,19.831281689926147,22
401856776,2026,1,2026-09-04T00:00Z,59,38,Georgia Tech Yellow Jackets,Colorado Buffaloes,13,14,False,True,0.746727213841587,0,0.7613928574167906,0.7450170941192686,0.7313733903755252,2026-08-29T16:00Z,33.90127848638921,23.00245926692802,10.898819219461188,-1
401858424,2026,1,2026-09-04T01:00Z,356,5,Illinois Fighting Illini,UAB Blazers,42,23,False,True,0.9157986846164586,1,0.9110811023057316,0.8351674342460556,0.9157287860775531,2026-08-29T16:00Z,41.649477978745054,17.3352059506059,24.314272028139154,19
401864495,2026,1,2026-09-04T22:30Z,2199,23,Eastern Michigan Eagles,San José State Spartans,21,27,False,True,0.6162336342896012,0,0.6473074352285303,0.6091410563297621,0.5790624440029669,2026-08-29T16:00Z,32.36269975681409,27.708760405399175,4.6539393514149126,-6
401856664,2026,1,2026-09-05T00:00Z,201,2638,Oklahoma Sooners,UTEP Miners,51,0,False,True,0.9708847255884129,1,0.9714754194171167,0.8909159823588828,0.9503452375950928,2026-08-29T16:00Z,43.355357958548886,7.52686846715045,35.828489491398436,51
401858429,2026,1,2026-09-05T00:00Z,127,2649,Michigan State Spartans,Toledo Rockets,30,20,False,True,0.6086343762896129,1,0.567127686833425,0.40031404709271257,0.4695435245246955,2026-08-29T16:00Z,28.48292433524829,24.158029160877664,4.324895174370624,10
401858206,2026,1,2026-09-05T01:00Z,24,2390,Stanford Cardinal,Miami Hurricanes,6,45,False,True,0.08519110591743258,0,0.0671704779563928,0.17994266066046521,0.11153539041549146,2026-08-29T16:00Z,12.559398066259064,37.16903250151536,-24.609634435256297,-39
401858436,2026,1,2026-09-05T01:00Z,30,278,USC Trojans,Fresno State Bulldogs,39,0,False,True,0.9372034926441791,1,0.9437861438515543,0.7918448010013068,0.8691505305666121,2026-08-29T16:00Z,40.655120880410884,13.088970404366567,27.566150476044317,39
401858425,2026,1,2026-09-05T16:00Z,84,249,Indiana Hoosiers,North Texas Mean Green,52,16,False,True,0.9114699755600982,1,0.9130637729131751,0.8635459042456095,0.9061917694280396,2026-08-29T16:00Z,46.83455654677329,23.08418867826186,23.750367868511432,36
401856634,2026,1,2026-09-05T16:00Z,333,151,Alabama Crimson Tide,East Carolina Pirates,48,10,False,True,0.936659485568714,1,0.946891266579269,0.727232202885256,0.7900829007769707,2026-08-29T16:00Z,40.83867476200014,13.367140150068245,27.471534611931894,38
401856778,2026,1,2026-09-05T16:00Z,248,204,Houston Cougars,Oregon State Beavers,33,20,False,True,0.8317707126950041,1,0.8246328675225312,0.7747535535406578,0.8383368763549981,2026-08-29T16:00Z,35.061782683171685,18.849660304246825,16.21212237892486,13
401856780,2026,1,2026-09-05T16:00Z,277,324,West Virginia Mountaineers,Coastal Carolina Chanticleers,31,24,False,True,0.7703635428794466,1,0.779113882555111,0.6812471897973837,0.7420471567678025,2026-08-29T16:00Z,36.36234519184466,24.136400180944026,12.225945010900634,7
401858430,2026,1,2026-09-05T16:00Z,158,195,Nebraska Cornhuskers,Ohio Bobcats,49,21,False,True,0.789933331243278,1,0.771403052927244,0.5198512134366887,0.6940162477251858,2026-08-29T16:00Z,32.886067225812056,19.486885739467684,13.399181486344371,28
401869960,2026,1,2026-09-05T16:00Z,256,2335,James Madison Dukes,Liberty Flames,20,13,False,True,0.8547914570382389,1,0.86268500443481,0.8438240710082973,0.8830756956923945,2026-08-29T16:00Z,38.096257366901625,20.091188744414815,18.00506862248681,7
401858432,2026,1,2026-09-05T16:30Z,194,2050,Ohio State Buckeyes,Ball State Cardinals,56,3,False,True,0.9921501758676872,1,0.995689075023643,0.9682272707447468,0.9853433452763173,2026-08-29T16:00Z,48.51996971243468,-1.0023357364304353,49.52230544886511,53
401858207,2026,1,2026-09-05T16:30Z,221,193,Pittsburgh Panthers,Miami (OH) RedHawks,59,14,False,True,0.815078556828677,1,0.8221729110505057,0.6778061308706729,0.7970133684240003,2026-08-29T16:00Z,35.46407647382604,20.432560066558032,15.031516407268008,45
401856665,2026,1,2026-09-05T16:45Z,2579,2309,South Carolina Gamecocks,Kent State Golden Flashes,57,0,False,True,0.9566968271116865,1,0.9640813142797564,0.878182454748172,0.9216719095014974,2026-08-29T16:00Z,43.68322864901401,12.085724058246152,31.597504590767862,57
401858433,2026,1,2026-09-05T19:30Z,2483,68,Oregon Ducks,Boise State Broncos,34,27,False,True,0.9500679048047038,1,0.9599865196337238,0.8348060887175155,0.8847538808048658,2026-08-29T16:00Z,43.59752863620551,13.53535571130848,30.06217292489703,7
401856667,2026,1,2026-09-05T19:30Z,251,326,Texas Longhorns,Texas State Bobcats,59,7,False,True,0.9498361527306208,1,0.9620346838464078,0.7570149139212387,0.8301039045213222,2026-08-29T16:00Z,46.571718056145286,16.5596423384127,30.012075717732586,52
401858434,2026,1,2026-09-05T19:30Z,213,276,Penn State Nittany Lions,Marshall Thundering Herd,45,0,False,True,0.9406414006485534,1,0.9478274250623004,0.8165874284613406,0.8802321217489952,2026-08-29T16:00Z,43.36902315797572,15.186607081379655,28.182416076596063,45
401856636,2026,1,2026-09-05T19:30Z,2,239,Auburn Tigers,Baylor Bears,17,16,True,True,0.7463262935499217,1,0.7409453732105054,0.58794278443631,0.640201842512457,2026-08-29T16:00Z,34.509011586174,23.41867677710072,11.090334809073276,1
401856777,2026,1,2026-09-05T19:30Z,2132,103,Cincinnati Bearcats,Boston College Eagles,34,15,False,True,0.6616677475531691,1,0.6990506077785182,0.6959100506914414,0.7390591435643526,2026-08-29T16:00Z,32.24335548496579,25.563327426007696,6.680028058958094,19
401858209,2026,1,2026-09-05T19:30Z,150,2655,Duke Blue Devils,Tulane Green Wave,17,3,False,True,0.6388799559724228,1,0.6079763125233144,0.5488318040373502,0.5987786934905182,2026-08-29T16:00Z,32.99253574378561,27.3425869777722,5.649948766013409,14
401856772,2026,1,2026-09-05T19:45Z,202,197,Tulsa Golden Hurricane,Oklahoma State Cowboys,24,10,False,True,0.5207433953193853,1,0.5430838062012701,0.6045906552663516,0.5402224089818858,2026-08-29T16:00Z,27.585122164662494,26.94518201962896,0.6399401450335347,14
401858426,2026,1,2026-09-05T20:15Z,2294,2459,Iowa Hawkeyes,Northern Illinois Huskies,40,0,False,True,0.9422704514599486,1,0.9438244347080248,0.8783733550039158,0.9448695663194591,2026-08-29T16:00Z,37.43317751519621,8.946984089919551,28.48619342527666,40
401860878,2026,1,2026-09-05T22:00Z,36,2751,Colorado State Rams,Wyoming Cowboys,35,13,False,True,0.5441248543550818,1,0.5494016182082836,0.544550964556138,0.5325141888930113,2026-08-29T16:00Z,23.76821491473476,22.162844172456605,1.6053707422781542,22
401856668,2026,1,2026-09-05T23:00Z,245,2623,Texas A&M Aggies,Missouri State Bears,50,0,False,True,0.9787816372271646,1,0.9827488131644603,0.8471025587501402,0.9249034635401004,2026-08-29T16:00Z,48.415150279569225,9.251723323400153,39.163426956169076,50
401862695,2026,1,2026-09-05T23:00Z,235,2032,Memphis Tigers,Arkansas State Red Wolves,42,24,False,True,0.7487304429532423,1,0.7659830515266433,0.7208113053240485,0.7854729272812725,2026-08-29T16:00Z,33.18982736237594,22.18186462544419,11.007962736931745,18
401862699,2026,1,2026-09-05T23:00Z,58,2229,South Florida Bulls,Florida International Panthers,19,9,False,True,0.8559982792172441,1,0.8365740340177,0.8130438532569642,0.8848197971469408,2026-08-29T16:00Z,40.64981514831901,22.544476205153018,18.10533894316599,10
401870763,2026,1,2026-09-05T23:00Z,2653,2534,Troy Trojans,Sam Houston Bearkats,24,21,False,True,0.8217450189908501,1,0.8379929101740978,0.7944220614771489,0.8358447567031427,2026-08-29T16:00Z,33.80866015559735,18.316087881701552,15.4925722738958,3
401858428,2026,1,2026-09-05T23:30Z,130,2711,Michigan Wolverines,Western Michigan Broncos,13,12,False,True,0.91726342743549,1,0.9294231594485935,0.7482179230779282,0.8096076920790762,2026-08-29T16:00Z,36.82960501627719,12.318554872948587,24.511050143328603,1
401856662,2026,1,2026-09-05T23:30Z,344,2433,Mississippi State Bulldogs,UL Monroe Warhawks,62,13,False,True,0.9012936077238289,1,0.8930081627946966,0.7722073716678203,0.8930356773715696,2026-08-29T16:00Z,40.558550018426715,18.041818440726644,22.51673157770007,49
401856637,2026,1,2026-09-05T23:45Z,57,2226,Florida Gators,Florida Atlantic Owls,66,21,False,True,0.9513327642381807,1,0.9484771891726937,0.7917719974229842,0.8636976507814794,2026-08-29T16:00Z,43.891553929654656,13.552014126259575,30.33953980339508,45
401856660,2026,1,2026-09-06T01:40Z,99,228,LSU Tigers,Clemson Tigers,51,10,False,True,0.6070382582251664,1,0.6537913315015316,0.5632441235062073,0.5741855315868523,2026-08-29T16:00Z,26.012846432642128,21.756767152604404,4.256079280037724,41
401864497,2026,1,2026-09-06T02:00Z,62,2439,Hawai'i Rainbow Warriors,UNLV Rebels,6,21,False,True,0.5760488842788358,0,0.6115100918665936,0.45317566655035335,0.4757471219664996,2026-08-29T16:00Z,32.673736288679635,29.73628266750831,2.9374536211713256,-15
401864498,2026,1,2026-09-06T02:00Z,167,2117,New Mexico Lobos,Central Michigan Chippewas,38,7,False,True,0.6970098121161074,1,0.6864505520778248,0.7403360605199638,0.7622200235728445,2026-08-29T16:00Z,29.576181968244835,21.227497684646686,8.34868428359815,31
401858210,2026,1,2026-09-06T02:30Z,25,26,California Golden Bears,UCLA Bruins,24,45,False,True,0.5793972842438453,0,0.5874100635718618,0.6127716242320397,0.546305382130025,2026-08-29T16:00Z,29.535227347027217,26.456715182360508,3.0785121646667086,-21
401864432,2026,1,2026-09-06T02:30Z,2440,98,Nevada Wolf Pack,Western Kentucky Hilltoppers,49,14,False,True,0.486280100706296,1,0.4774187800486632,0.44248103120463156,0.4245663409363409,2026-08-29T16:00Z,25.732026498551935,26.509470528057605,-0.7774440295056699,35
401858437,2026,1,2026-09-06T20:00Z,264,265,Washington Huskies,Washington State Cougars,24,10,False,True,0.8413458124048535,1,0.8530357710889783,0.7114058722799095,0.7643239148345671,2026-08-29T16:00Z,33.87745921007831,16.945446784939616,16.93201242513869,14
401858438,2026,1,2026-09-06T23:30Z,87,275,Notre Dame Fighting Irish,Wisconsin Badgers,41,13,True,True,0.9199922098673124,1,0.9493524087394345,0.8410805381438973,0.8769586779356586,2026-08-29T16:00Z,37.279620080400434,12.18007482629163,25.099545254108804,28
401856661,2026,1,2026-09-06T23:30Z,145,97,Ole Miss Rebels,Louisville Cardinals,41,38,True,True,0.777877080677065,1,0.7916978723371307,0.6541854585656613,0.6757041994618918,2026-08-29T16:00Z,36.46348672274047,23.582611638277413,12.880875084463057,3
401858212,2026,1,2026-09-07T23:30Z,52,2567,Florida State Seminoles,SMU Mustangs,24,27,False,True,0.6238899886621494,0,0.6382540006050395,0.4472843758818763,0.4701887600690004,2026-08-29T16:00Z,30.21660815958696,25.22865639722685,4.987951762360112,-3
401858214,2026,2,2026-09-11T23:30Z,103,164,Boston College Eagles,Rutgers Scarlet Knights,28,21,False,True,0.5973331631513679,1,0.5273646202212672,0.6321984983924809,0.6166726412237205,2026-09-11T00:00Z,30.5764315700823,26.860607567896842,3.7158240021854567,7
401856678,2026,2,2026-09-12T00:00Z,2305,142,Kansas Jayhawks,Missouri Tigers,21,38,False,True,0.29383771573247336,0,0.292503208494441,0.43462906970844717,0.40477716203051933,2026-09-11T00:00Z,20.866277976792965,30.027292197277493,-9.161014220484528,-17
401856683,2026,2,2026-09-12T16:00Z,245,9,Texas A&M Aggies,Arizona State Sun Devils,48,20,False,True,0.9307380266566301,1,0.9569166638515929,0.8552651940622766,0.8899563715439545,2026-09-11T00:00Z,37.57222238020277,11.805473321413421,25.766749058789344,28
401856679,2026,2,2026-09-12T16:00Z,130,201,Michigan Wolverines,Oklahoma Sooners,17,10,False,True,0.34154801539559665,1,0.3886523430154746,0.42097138695215375,0.24401061206426283,2026-09-11T00:00Z,17.102052431983495,24.237968319085837,-7.1359158871023425,7
401858442,2026,2,2026-09-12T16:00Z,218,213,Temple Owls,Penn State Nittany Lions,9,27,False,True,0.06450767300706071,0,0.04556039460634555,0.11094422336603582,0.0651447674804191,2026-09-11T00:00Z,11.738022512076242,39.50464032265872,-27.76661781058248,-18
401856781,2026,2,2026-09-12T16:00Z,2306,265,Kansas State Wildcats,Washington State Cougars,34,7,False,True,0.6667671292462574,1,0.7446973214705255,0.6040497177602284,0.667680668951511,2026-09-11T00:00Z,26.590506614108143,19.668722140737746,6.921784473370398,27
401858221,2026,2,2026-09-12T16:00Z,259,295,Virginia Tech Hokies,Old Dominion Monarchs,44,21,False,True,0.5598121650639252,1,0.5029330673662656,0.3832994511568639,0.3890102658664879,2026-09-11T00:00Z,25.64692737267971,23.766875591388548,1.8800517812911615,23
401858224,2026,2,2026-09-12T16:00Z,2509,154,Purdue Boilermakers,Wake Forest Demon Deacons,36,38,False,True,0.4336658760172914,0,0.36174514184063505,0.31235555256944414,0.36187396093200647,2026-09-11T00:00Z,24.534291666077817,27.150784115321233,-2.6164924492434167,-2
401862702,2026,2,2026-09-12T16:00Z,349,58,Army Black Knights,South Florida Bulls,24,28,False,True,0.40355922528982213,0,0.36492760902241717,0.5014752352184345,0.39019640358699176,2026-09-11T00:00Z,19.191580100062495,23.70270105262092,-4.511120952558425,-4
401864571,2026,2,2026-09-12T16:00Z,151,2026,East Carolina Pirates,App State Mountaineers,24,27,False,True,0.7874291322178701,0,0.7120012702238266,0.6643543101378107,0.7004370974833892,2026-09-11T00:00Z,33.84986204319716,21.095300663285993,12.75456137991117,-3
401856673,2026,2,2026-09-12T16:45Z,61,98,Georgia Bulldogs,Western Kentucky Hilltoppers,70,20,False,True,0.9910644698368328,1,0.9914980466072689,0.9239041083288937,0.9710281309013071,2026-09-11T00:00Z,50.64140582123238,3.0380246688486565,47.603381152383726,50
401856782,2026,2,2026-09-12T17:30Z,197,2483,Oklahoma State Cowboys,Oregon Ducks,39,31,False,True,0.03719434987572659,1,0.021043201276051835,0.08828984002003334,0.04073978974122605,2026-09-11T00:00Z,7.525656690748853,41.6976567550236,-34.17200006427475,8
401859184,2026,2,2026-09-12T19:30Z,87,242,Notre Dame Fighting Irish,Rice Owls,52,0,False,True,0.9925855141981955,1,0.9946091658445806,0.9726377707731111,0.9866364215342915,2026-09-11T00:00Z,51.28989071282946,2.3505048372465662,48.93938587558289,52
401856674,2026,2,2026-09-12T19:30Z,96,333,Kentucky Wildcats,Alabama Crimson Tide,17,45,False,True,0.12715731743778633,0,0.07468089099625656,0.23022811142607125,0.1397874355294858,2026-09-11T00:00Z,15.535593130119965,35.28359193207023,-19.747998801950267,-28
401856810,2026,2,2026-09-12T19:30Z,252,12,BYU Cougars,Arizona Wildcats,28,17,False,True,0.6450634896195391,1,0.662155304387751,0.6643259323606698,0.6410324895924928,2026-09-11T00:00Z,27.669160282123674,21.7929128620453,5.876247420078375,11
401858446,2026,2,2026-09-12T19:30Z,264,328,Washington Huskies,Utah State Aggies,16,14,False,True,0.8981263266823849,1,0.9334361360616219,0.832900262339468,0.866334682939798,2026-09-11T00:00Z,37.27841972085731,15.956328566779703,21.322091154077604,2
401856677,2026,2,2026-09-12T19:30Z,135,344,Minnesota Golden Gophers,Mississippi State Bulldogs,13,38,False,True,0.3840802165056334,0,0.4102821365312723,0.43226236823517317,0.30312030666131534,2026-09-11T00:00Z,27.11797203182339,31.592054585293106,-4.474082553469717,-25
401856790,2026,2,2026-09-12T19:30Z,221,2116,Pittsburgh Panthers,UCF Knights,12,7,False,True,0.8672218441964089,1,0.8747386892602467,0.8378508396560811,0.8912608173265235,2026-09-11T00:00Z,38.04415259510259,18.84463415858949,19.1995184365131,5
401858216,2026,2,2026-09-12T19:30Z,183,25,Syracuse Orange,California Golden Bears,18,21,False,True,0.627199128015583,0,0.6342048449419335,0.6062437128247729,0.6025403095734785,2026-09-11T00:00Z,31.050848111394863,26.05577376240705,4.9950743489878136,-3
401858217,2026,2,2026-09-12T19:30Z,356,150,Illinois Fighting Illini,Duke Blue Devils,27,31,False,True,0.5966193748745617,0,0.6014975848062898,0.586907936121775,0.5752942826093641,2026-09-11T00:00Z,28.120950890951185,24.66562122011612,3.4553296708350665,-4
401858440,2026,2,2026-09-12T19:30Z,127,2199,Michigan State Spartans,Eastern Michigan Eagles,35,7,False,True,0.823279298937566,1,0.8216996788875285,0.7320599265942775,0.8019380672563204,2026-09-11T00:00Z,32.94062572557782,17.78238743014754,15.158238295430277,28
401858444,2026,2,2026-09-12T19:30Z,41,120,UConn Huskies,Maryland Terrapins,14,38,False,True,0.4121903972526363,0,0.3933112191269344,0.6301237392935246,0.4923465988763764,2026-09-11T00:00Z,25.348979208945877,30.027728365614674,-4.678749156668797,-24
401860884,2026,2,2026-09-12T19:30Z,326,2636,Texas State Bobcats,UTSA Roadrunners,26,31,False,True,0.3880076240589294,0,0.3451664537061021,0.3870529272831901,0.2289109913542149,2026-09-11T00:00Z,31.458041720624575,36.83607231762635,-5.3780305970017785,-5
401862708,2026,2,2026-09-12T19:30Z,5,2433,UAB Blazers,UL Monroe Warhawks,26,20,False,True,0.7832561849718659,1,0.7378844955086225,0.7964163200837784,0.8450400800944327,2026-09-11T00:00Z,37.04618798251413,24.064271889038714,12.981916093475412,6
401862705,2026,2,2026-09-12T19:45Z,249,2439,North Texas Mean Green,UNLV Rebels,44,6,False,True,0.5694294166980144,1,0.5599526454816621,0.5924474956311502,0.5667705720157545,2026-09-11T00:00Z,31.6161741274528,28.903556512467016,2.712617614985785,38
401856684,2026,2,2026-09-12T20:15Z,238,48,Vanderbilt Commodores,Delaware Blue Hens,35,26,False,True,0.94184169469698,1,0.9413252152533665,0.8356181991185172,0.9285515752713703,2026-09-11T00:00Z,45.48509245394849,17.174659608505657,28.310432845442833,9
401860881,2026,2,2026-09-12T22:00Z,68,235,Boise State Broncos,Memphis Tigers,38,20,False,True,0.6694335446603433,1,0.5455063885937935,0.5761860998961408,0.5595334103145029,2026-09-11T00:00Z,32.14187919345869,25.10881091239848,7.033068281060213,18
401866414,2026,2,2026-09-12T22:00Z,2229,2084,Florida International Panthers,Buffalo Bulls,33,20,False,True,0.6604122347597098,1,0.6537349526060857,0.6409441393653066,0.6519410140004215,2026-09-11T00:00Z,25.80161158381279,19.386772611124947,6.414838972687843,13
401866418,2026,2,2026-09-12T22:00Z,195,55,Ohio Bobcats,Jacksonville State Gamecocks,29,27,False,True,0.7201494130438125,1,0.7281243157514423,0.6651117271453675,0.6715886812877923,2026-09-11T00:00Z,30.679987283298065,20.92934356440044,9.750643718897624,2
401856681,2026,2,2026-09-12T23:00Z,59,2633,Georgia Tech Yellow Jackets,Tennessee Volunteers,24,45,False,True,0.2688167571161714,0,0.27243830100491156,0.43438437839514776,0.38242878425014215,2026-09-11T00:00Z,21.391675314245692,32.31713980032656,-10.925464486080866,-21
401858441,2026,2,2026-09-12T23:00Z,158,189,Nebraska Cornhuskers,Bowling Green Falcons,56,7,False,True,0.9265409333374082,1,0.9283869128318554,0.8237188722620679,0.9173971429035658,2026-09-11T00:00Z,39.46466806522873,14.221178360021373,25.243489705207356,49
401862707,2026,2,2026-09-12T23:00Z,2534,202,Sam Houston Bearkats,Tulsa Golden Hurricane,17,23,False,True,0.41482874946181825,0,0.4189557150967662,0.5233783607454181,0.37251443855797384,2026-09-11T00:00Z,22.920513766807623,26.031513009291885,-3.1109992424842616,-6
401864575,2026,2,2026-09-12T23:00Z,2655,6,Tulane Green Wave,South Alabama Jaguars,28,24,False,True,0.7575174583360362,1,0.7395301344438944,0.7068479143315527,0.743492737131504,2026-09-11T00:00Z,26.601645322354624,15.244043295529906,11.357602026824718,4
401869955,2026,2,2026-09-12T23:00Z,338,2247,Kennesaw State Owls,Georgia State Panthers,17,31,False,True,0.6560854892952434,0,0.6313803530223826,0.7333813639827107,0.7843785505690224,2026-09-11T00:00Z,30.942942932284218,23.604753530935152,7.338189401349066,-14
401871045,2026,2,2026-09-12T23:00Z,276,2393,Marshall Thundering Herd,Middle Tennessee Blue Raiders,28,26,False,True,0.6252164972632267,1,0.5450386386037837,0.6182327227986577,0.5515760921420858,2026-09-11T00:00Z,29.7331142508857,24.578424185298015,5.154690065587683,2
401858443,2026,2,2026-09-12T23:15Z,26,21,UCLA Bruins,San Diego State Aztecs,28,10,False,True,0.7126789387736646,1,0.7048944841256208,0.6106152891795742,0.6392700231792661,2026-09-11T00:00Z,29.860826162761157,20.39890939365681,9.461916769104345,18
401856682,2026,2,2026-09-12T23:30Z,251,194,Texas Longhorns,Ohio State Buckeyes,24,23,False,True,0.5015684589158512,1,0.4808308234249637,0.4554978291656419,0.45459269690574017,2026-09-11T00:00Z,25.750140035278005,25.615711013489147,0.13442902178885774,1
401867796,2026,2,2026-09-12T23:30Z,99,2348,LSU Tigers,Louisiana Tech Bulldogs,45,14,False,True,0.9663211337658144,1,0.9672431356764452,0.85870964257808,0.9245995262491353,2026-09-11T00:00Z,41.527356963599914,7.251494991630661,34.27586197196925,31
401856783,2026,2,2026-09-12T23:30Z,204,2641,Oregon State Beavers,Texas Tech Red Raiders,24,35,False,True,0.07631339455914067,0,0.06083402782755702,0.1303274078877764,0.054587027708041275,2026-09-11T00:00Z,11.270318974664944,37.489685639832835,-26.21936666516789,-11
401856788,2026,2,2026-09-12T23:30Z,2294,66,Iowa Hawkeyes,Iowa State Cyclones,16,13,False,True,0.8409287385224794,1,0.8487772052235886,0.8143682691564882,0.8400090543052703,2026-09-11T00:00Z,30.76981594619923,14.13530268692278,16.634513259276453,3
401862703,2026,2,2026-09-12T23:30Z,2226,2426,Florida Atlantic Owls,Navy Midshipmen,38,30,False,True,0.30439397854944605,1,0.2961158692612104,0.21131084471003236,0.12575035954137484,2026-09-11T00:00Z,29.09196841385108,37.430593826008625,-8.338625412157544,8
401856676,2026,2,2026-09-12T23:45Z,145,2429,Ole Miss Rebels,Charlotte 49ers,41,9,False,True,0.9782363959159744,1,0.9820532508560176,0.9554441681193158,0.9714250634987784,2026-09-11T00:00Z,48.84994061830384,11.332184535748276,37.517756082555564,32
401856671,2026,2,2026-09-13T00:50Z,2,2572,Auburn Tigers,Southern Miss Golden Eagles,43,8,False,True,0.9192171420500105,1,0.9249551626049493,0.794981164439474,0.8366694304756003,2026-09-11T00:00Z,33.21696810563815,9.883894226983122,23.33307387865503,35
401858219,2026,2,2026-09-13T01:30Z,228,290,Clemson Tigers,Georgia Southern Eagles,22,7,False,True,0.8448446333336119,1,0.8376848988541575,0.6106516883262706,0.6319159953612181,2026-09-11T00:00Z,37.14046498751086,20.286412583276554,16.854052404234306,15
401864502,2026,2,2026-09-13T02:00Z,2005,2449,Air Force Falcons,North Dakota State Bison,32,38,False,True,0.37988918685418754,0,0.35449934168820085,0.4316474819381958,0.28748928083198244,2026-09-11T00:00Z,22.99317643364279,28.934276693486847,-5.941100259844056,-6
401856670,2026,2,2026-09-13T02:30Z,254,8,Utah Utes,Arkansas Razorbacks,43,10,False,True,0.7667380303387331,1,0.801920598100624,0.7670964238799708,0.8219527064866725,2026-09-11T00:00Z,37.74645826362972,25.764111640316223,11.982346623313497,33
401860883,2026,2,2026-09-13T02:30Z,278,16,Fresno State Bulldogs,Sacramento State Hornets,49,3,False,True,0.5469706438085479,1,0.5453359376109983,0.5172686038941539,0.46116986004980004,2026-09-11T00:00Z,21.82045141255008,20.081499024849606,1.7389523877004756,46
401858445,2026,2,2026-09-13T03:00Z,30,309,USC Trojans,Louisiana Ragin' Cajuns,49,30,False,True,0.9625783489697588,1,0.9799148417255739,0.9035675274053543,0.9549149937877155,2026-09-11T00:00Z,44.606579788804964,12.567422181863984,32.03915760694098,19
401864578,2026,2,2026-09-13T03:59Z,62,166,Hawai'i Rainbow Warriors,New Mexico State Aggies,29,19,False,True,0.6594718423298295,1,0.775314208793321,0.6448646092397898,0.6254984955899351,2026-09-11T00:00Z,28.02425970172407,21.647628624395548,6.376631077328522,10
401858225,2026,3,2026-09-17T23:30Z,221,183,Pittsburgh Panthers,Syracuse Orange,27,13,False,True,0.8872631399760277,1,0.8968188408493348,0.8882242240238738,0.9341954733235343,2026-09-17T23:30Z,33.90993240834268,12.884360700067953,21.025571708274725,14
401858226,2026,3,2026-09-18T23:30Z,154,2390,Wake Forest Demon Deacons,Miami Hurricanes,20,33,False,True,0.07843200885172509,0,0.07718293908409407,0.2166801405077038,0.1065415802245216,2026-09-17T23:30Z,13.72250652554493,38.715153492516556,-24.992646966971627,-13
401856811,2026,3,2026-09-19T00:00Z,2641,248,Texas Tech Red Raiders,Houston Cougars,28,26,False,True,0.8146043701214312,1,0.8695002631715755,0.8117688818238338,0.8136794196157496,2026-09-17T23:30Z,35.07570803263843,19.531232820052285,15.544475212586146,2
401869940,2026,3,2026-09-19T15:30Z,48,324,Delaware Blue Hens,Coastal Carolina Chanticleers,22,14,False,True,0.6479390407117166,1,0.6161718889871536,0.7090748429797272,0.7070333611848719,2026-09-17T23:30Z,32.73979746682937,26.618356323369454,6.1214411434599185,8
401856686,2026,3,2026-09-19T16:00Z,8,61,Arkansas Razorbacks,Georgia Bulldogs,17,45,False,True,0.07442318824614869,0,0.05000510695203753,0.1522209235131865,0.08623769770595034,2026-09-17T23:30Z,19.56965550747298,45.6263058503557,-26.05665034288272,-28
401858454,2026,3,2026-09-19T16:00Z,194,2309,Ohio State Buckeyes,Kent State Golden Flashes,59,3,False,True,0.9959050122892542,1,0.9979140830416107,0.9918345805213642,0.9972458318240374,2026-09-17T23:30Z,55.24698899400848,-0.6243395191251722,55.871328513133655,56
401858456,2026,3,2026-09-19T16:00Z,213,2084,Penn State Nittany Lions,Buffalo Bulls,55,13,False,True,0.9707013812111317,1,0.9767647366708696,0.9374315027223704,0.9754797935524278,2026-09-17T23:30Z,41.404246773783726,5.533606795761047,35.87063997802268,42
401856792,2026,3,2026-09-19T16:00Z,2306,2655,Kansas State Wildcats,Tulane Green Wave,31,20,False,True,0.8229689194064531,1,0.8049061842477535,0.7600357898365335,0.8413439726540752,2026-09-17T23:30Z,28.836932912264828,13.262038514817174,15.574894397447654,11
401856798,2026,3,2026-09-19T16:00Z,66,189,Iowa State Cyclones,Bowling Green Falcons,55,7,False,True,0.9411816658640544,1,0.943736428113524,0.9074152752729718,0.9630180453543632,2026-09-17T23:30Z,36.6064845399345,7.876667270525619,28.72981726940888,48
401856812,2026,3,2026-09-19T16:00Z,2305,9,Kansas Jayhawks,Arizona State Sun Devils,17,24,True,True,0.36631570283759474,0,0.33285602626344896,0.39912236772297793,0.42982577393180355,2026-09-17T23:30Z,26.30647981084624,32.36658818546991,-6.060108374623667,-7
401858229,2026,3,2026-09-19T16:00Z,228,153,Clemson Tigers,North Carolina Tar Heels,28,20,False,True,0.6548744757056766,1,0.7228578380089804,0.6224926518772433,0.5360867856013116,2026-09-17T23:30Z,22.28914220632033,15.871395312031627,6.417746894288705,8
401858451,2026,3,2026-09-19T16:00Z,135,2006,Minnesota Golden Gophers,Akron Zips,41,7,False,True,0.8331703722573246,1,0.8732256209236477,0.7266536774200381,0.8176761907718192,2026-09-17T23:30Z,31.047548645256406,14.342785134619147,16.704763510637257,34
401860889,2026,3,2026-09-19T16:00Z,326,249,Texas State Bobcats,North Texas Mean Green,49,35,False,True,0.24142333631689414,1,0.24331758400484196,0.2943644758152342,0.10358407493764199,2026-09-17T23:30Z,28.833221079604627,42.188304438805,-13.355083359200371,14
401858460,2026,3,2026-09-19T16:30Z,275,2199,Wisconsin Badgers,Eastern Michigan Eagles,54,10,False,True,0.8848724859232039,1,0.8500738875806493,0.8019599182058608,0.8376640341059581,2026-09-17T23:30Z,30.40010053463714,10.487586474021441,19.9125140606157,44
401856695,2026,3,2026-09-19T16:45Z,238,152,Vanderbilt Commodores,NC State Wolfpack,35,31,False,True,0.7577539043992366,1,0.7847653329793074,0.7896454412253522,0.8238776430604255,2026-09-17T23:30Z,34.847941844346686,23.289145092518645,11.55879675182804,4
401864508,2026,3,2026-09-19T17:00Z,2117,2751,Central Michigan Chippewas,Wyoming Cowboys,24,10,False,True,0.5555261484250169,1,0.5642420205348854,0.5502790533941131,0.5358811588000555,2026-09-17T23:30Z,21.144469787633486,18.99198096131528,2.152488826318205,14
401862774,2026,3,2026-09-19T19:00Z,2649,218,Toledo Rockets,Temple Owls,49,48,False,True,0.7261879679491489,1,0.7654032241239297,0.8307920788922207,0.7486481655963307,2026-09-17T23:30Z,28.72202891844849,18.74686192621511,9.97516699223338,1
401858457,2026,3,2026-09-19T19:30Z,164,30,Rutgers Scarlet Knights,USC Trojans,35,42,False,True,0.07536132871373043,0,0.06732450424359851,0.1166360456583207,0.04541492046957374,2026-09-17T23:30Z,18.617195229428443,43.54085494315687,-24.92365971372843,-7
401858230,2026,3,2026-09-19T19:30Z,97,2567,Louisville Cardinals,SMU Mustangs,41,31,False,True,0.5347608978485804,1,0.5501112219754947,0.5221125450366868,0.5436925742084142,2026-09-17T23:30Z,29.62012933798153,28.2666893022548,1.3534400357267309,10
401856801,2026,3,2026-09-19T19:30Z,254,328,Utah Utes,Utah State Aggies,33,0,False,True,0.9021938945690915,1,0.9153871859646766,0.861108682836966,0.9172721517524474,2026-09-17T23:30Z,36.913734992204084,14.719228007898195,22.19450698430589,33
401858450,2026,3,2026-09-19T19:30Z,130,2638,Michigan Wolverines,UTEP Miners,52,17,False,True,0.9743127818056946,1,0.9843852835946312,0.946294463067507,0.9792784147183687,2026-09-17T23:30Z,41.463005870913165,4.164847171667805,37.29815869924536,35
401856797,2026,3,2026-09-19T19:30Z,2132,193,Cincinnati Bearcats,Miami (OH) RedHawks,35,31,False,True,0.8775438752594688,1,0.864243868585295,0.7879034091271768,0.9214856575870495,2026-09-17T23:30Z,38.65115861092643,18.82963623929076,19.82152237163567,4
401856694,2026,3,2026-09-19T19:40Z,245,96,Texas A&M Aggies,Kentucky Wildcats,21,31,False,True,0.9398367745439877,0,0.9710279173856345,0.9279948419267163,0.9573878696910685,2026-09-17T23:30Z,42.07628667372791,14.482877385966209,27.5934092877617,-10
401858449,2026,3,2026-09-19T20:00Z,84,98,Indiana Hoosiers,Western Kentucky Hilltoppers,38,0,False,True,0.9917365830089763,1,0.9923719481656162,0.9855602164425514,0.9978561616128097,2026-09-17T23:30Z,56.77301246934183,8.2834778958323,48.48953457350953,38
401858231,2026,3,2026-09-19T20:00Z,150,24,Duke Blue Devils,Stanford Cardinal,35,7,False,True,0.809513262883255,1,0.8345711849173562,0.8532518806630431,0.8806583045799139,2026-09-17T23:30Z,34.13234080892862,19.740582372376753,14.391758436551864,28
401866422,2026,3,2026-09-19T20:00Z,2335,2050,Liberty Flames,Ball State Cardinals,51,15,False,True,0.7717683778092022,1,0.8540479805369918,0.888426347740729,0.8867032264430011,2026-09-17T23:30Z,30.947250642508656,18.603294559317806,12.34395608319085,36
401867804,2026,3,2026-09-19T20:00Z,239,2348,Baylor Bears,Louisiana Tech Bulldogs,36,19,False,True,0.7923335174177003,1,0.829363825152331,0.7422812944964601,0.7994156046364383,2026-09-17T23:30Z,33.85291923981385,20.14526613968987,13.70765310012398,17
401856685,2026,3,2026-09-19T21:15Z,333,52,Alabama Crimson Tide,Florida State Seminoles,50,36,False,True,0.9216495437448071,1,0.9170842921755747,0.8817410390375797,0.9103806734455049,2026-09-17T23:30Z,39.811218095540916,15.275552041519713,24.535666054021203,14
401856691,2026,3,2026-09-19T21:35Z,2579,344,South Carolina Gamecocks,Mississippi State Bulldogs,34,41,False,True,0.6963873831888283,0,0.7735046918027361,0.6170050170540424,0.59177094297819,2026-09-17T23:30Z,33.438194858587345,25.12595633942948,8.312238519157866,-7
401862710,2026,3,2026-09-19T22:00Z,295,151,Old Dominion Monarchs,East Carolina Pirates,17,20,False,True,0.5836029802332545,0,0.6636008334118038,0.696335900046442,0.6258800948543672,2026-09-17T23:30Z,28.664353278899565,24.53670043990052,4.127652838999044,-3
401862771,2026,3,2026-09-19T22:00Z,2226,2229,Florida Atlantic Owls,Florida International Panthers,16,10,False,True,0.42818189493119996,1,0.4059305968855556,0.35727123596092736,0.3214674061831414,2026-09-17T23:30Z,29.975544307735227,32.61236363700999,-2.636819329274765,6
401871047,2026,3,2026-09-19T22:30Z,2623,276,Missouri State Bears,Marshall Thundering Herd,24,30,False,True,0.5296692075054261,0,0.45760624983030784,0.5153762901885822,0.49436022093042586,2026-09-17T23:30Z,27.111322535708172,25.719857158300616,1.391465377407556,-6
401856689,2026,3,2026-09-19T23:00Z,142,2653,Missouri Tigers,Troy Trojans,27,17,False,True,0.9339839958123066,1,0.917507834607945,0.8411722334561458,0.9230662234424307,2026-09-17T23:30Z,36.42579959225817,9.898227359056506,26.527572233201667,10
401856687,2026,3,2026-09-19T23:00Z,2,57,Auburn Tigers,Florida Gators,39,44,False,True,0.4332872183017523,0,0.48300633865668413,0.5768302174249307,0.44968602794984547,2026-09-17T23:30Z,21.517006871469906,25.598919871556443,-4.081913000086537,-5
401856800,2026,3,2026-09-19T23:00Z,2116,2247,UCF Knights,Georgia State Panthers,44,30,False,True,0.7855224601951244,1,0.7199236713629986,0.707538497816053,0.7839161325189735,2026-09-17T23:30Z,25.72286863490166,12.783962479734697,12.938906155166961,14
401861963,2026,3,2026-09-19T23:00Z,2572,41,Southern Miss Golden Eagles,UConn Huskies,20,48,False,True,0.5380434038240162,0,0.5275037032897091,0.4768944427966464,0.4584097513189002,2026-09-17T23:30Z,30.414532282802956,28.266130859978986,2.1484014228239694,-28
401862773,2026,3,2026-09-19T23:00Z,242,2711,Rice Owls,Western Michigan Broncos,21,28,False,True,0.17373681695804896,0,0.19020808808683587,0.2164975245192342,0.1042171829465151,2026-09-17T23:30Z,11.091161325078607,27.584594588990697,-16.493433263912088,-7
401864443,2026,3,2026-09-19T23:00Z,2393,2440,Middle Tennessee Blue Raiders,Nevada Wolf Pack,27,20,False,True,0.33801900038079585,1,0.3933396247721403,0.44069417044959946,0.25177002328822407,2026-09-17T23:30Z,21.60973363401859,29.4888215814109,-7.8790879473923106,7
401866423,2026,3,2026-09-19T23:00Z,6,195,South Alabama Jaguars,Ohio Bobcats,41,36,False,True,0.5655402938006381,1,0.5285894980549645,0.570368043256096,0.5699429815467101,2026-09-17T23:30Z,30.993293057472616,28.35739262959541,2.635900427877207,5
401869948,2026,3,2026-09-19T23:00Z,55,290,Jacksonville State Gamecocks,Georgia Southern Eagles,31,27,False,True,0.5067840569382015,1,0.501672551482891,0.6762428801455481,0.579546403108681,2026-09-17T23:30Z,22.407475796721812,22.796908219726436,-0.38943242300462444,4
401858453,2026,3,2026-09-19T23:30Z,87,127,Notre Dame Fighting Irish,Michigan State Spartans,27,10,False,True,0.9436517154744982,1,0.9546179177057136,0.9151928414162335,0.922968340160877,2026-09-17T23:30Z,41.99955282335535,13.973074004284541,28.02647881907081,17
401856688,2026,3,2026-09-19T23:30Z,145,99,Ole Miss Rebels,LSU Tigers,32,24,False,True,0.40853065543695816,1,0.39758520393061547,0.5537978383514284,0.40444960168791216,2026-09-17T23:30Z,28.956799927278375,33.69812434914999,-4.741324421871617,8
401856690,2026,3,2026-09-19T23:30Z,201,167,Oklahoma Sooners,New Mexico Lobos,14,6,False,True,0.889173038808348,1,0.9241890758661516,0.7954223540339802,0.7859729339836516,2026-09-17T23:30Z,32.20830062125601,10.632791501841169,21.57550911941484,8
401856802,2026,3,2026-09-19T23:30Z,258,277,Virginia Cavaliers,West Virginia Mountaineers,27,38,True,True,0.7830647752196802,0,0.7018798998616697,0.7832768095396649,0.8644844183932271,2026-09-17T23:30Z,30.21141851906299,16.747845573727176,13.463572945335812,-11
401856796,2026,3,2026-09-19T23:30Z,77,38,Northwestern Wildcats,Colorado Buffaloes,41,7,False,True,0.6094235910525904,1,0.6230458538642454,0.6828928231541382,0.6681204267546865,2026-09-17T23:30Z,22.420464694905355,17.924987598499914,4.495477096405441,34
401858232,2026,3,2026-09-19T23:30Z,120,259,Maryland Terrapins,Virginia Tech Hokies,26,35,False,True,0.5413226703038203,0,0.5905505284699519,0.5457021883675321,0.5758741407885293,2026-09-17T23:30Z,28.21404994569537,26.13476843853168,2.0792815071636888,-9
401856692,2026,3,2026-09-19T23:45Z,2633,338,Tennessee Volunteers,Kennesaw State Owls,42,9,False,True,0.9790818005329324,1,0.9770648799351263,0.9064084816082524,0.9543286872403406,2026-09-17T23:30Z,50.27304983731667,12.104406065889783,38.168643771426886,33
401856693,2026,3,2026-09-20T00:00Z,251,2636,Texas Longhorns,UTSA Roadrunners,30,6,False,True,0.9621000366410123,1,0.972538874951506,0.8815827283237102,0.944089112670547,2026-09-17T23:30Z,44.41754852415735,11.599079098904255,32.81846942525309,24
401856799,2026,3,2026-09-20T00:00Z,2628,2032,TCU Horned Frogs,Arkansas State Red Wolves,31,7,False,True,0.8568447495192751,1,0.860704412520991,0.7568304862229179,0.8417208785997491,2026-09-17T23:30Z,33.99170661450132,15.816244422342997,18.17546219215832,24
401862776,2026,3,2026-09-20T00:00Z,309,5,Louisiana Ragin' Cajuns,UAB Blazers,21,14,False,True,0.7621937457498624,1,0.7387229720782834,0.72676964612439,0.7591948972712287,2026-09-17T23:30Z,36.87011326866889,25.202759194947568,11.66735407372132,7
401856795,2026,3,2026-09-20T00:15Z,36,252,Colorado State Rams,BYU Cougars,23,41,False,True,0.18948560292812147,0,0.19503018902274039,0.25471760403632737,0.1882938066648515,2026-09-17T23:30Z,17.830064775634487,32.67930645922488,-14.849241683590396,-18
401864574,2026,3,2026-09-20T01:30Z,2026,2429,App State Mountaineers,Charlotte 49ers,26,21,False,True,0.7635581080734744,1,0.7941179007727025,0.8071527327447918,0.8083584237150127,2026-09-17T23:30Z,29.44271701126959,17.950491626747404,11.492225384522186,5
401860887,2026,3,2026-09-20T02:00Z,21,256,San Diego State Aztecs,James Madison Dukes,13,26,False,True,0.40937141324876636,0,0.3341051419234155,0.2912342911693542,0.3174919238316253,2026-09-17T23:30Z,17.954199768833867,21.738087655226373,-3.783887886392506,-13
401856793,2026,3,2026-09-20T02:30Z,12,2459,Arizona Wildcats,Northern Illinois Huskies,42,17,False,True,0.9100566500607644,1,0.9119250104871006,0.8705720795600824,0.9327904789184134,2026-09-17T23:30Z,34.231097143989736,10.90910714306558,23.321990000924156,25
401864507,2026,3,2026-09-20T02:30Z,16,2449,Sacramento State Hornets,North Dakota State Bison,10,31,False,True,0.18136833373179984,0,0.2234335214173271,0.2395554820432478,0.09036038113860285,2026-09-17T23:30Z,19.107285055576515,34.809789023114256,-15.70250396753774,-21
401858458,2026,3,2026-09-20T03:00Z,26,2509,UCLA Bruins,Purdue Boilermakers,52,38,False,True,0.7892593459275947,1,0.8267734071844742,0.8172620719858645,0.8066347617468106,2026-09-17T23:30Z,36.41088043986597,23.2191419438848,13.19173849598117,14
401860888,2026,3,2026-09-20T03:00Z,23,278,San José State Spartans,Fresno State Bulldogs,10,26,False,True,0.43152564392459075,0,0.4479849425689356,0.44616121788686813,0.3850506816123148,2026-09-17T23:30Z,22.6776289959376,25.330213130371895,-2.6525841344342957,-16
